Date	Open	High	Low	Close	Volume	Dividends	Stock Splits	Capital Gains
2021-04-29 00:00:00+08:00	30.596320138605364	30.81331531689335	30.509523391723633	30.509523391723633	35394172	0.0	0.0	0.0
2021-05-03 00:00:00+08:00	30.466116708287778	30.466116708287778	29.96703052898291	29.99957847595215	26886696	0.0	0.0	0.0
2021-05-04 00:00:00+08:00	29.99958461761008	30.021285460754342	29.294350259510743	29.73919105529785	53149348	0.0	0.0	0.0
2021-05-05 00:00:00+08:00	29.73918279758603	29.793431579299583	29.446238051899698	29.457088470458984	35123544	0.0	0.0	0.0
2021-05-06 00:00:00+08:00	29.576434208489538	29.836827678742036	29.402837457960334	29.717479705810547	31910052	0.0	0.0	0.0
2021-05-07 00:00:00+08:00	29.9778749013326	30.259969223292163	29.934476538973318	30.24911880493164	27887364	0.0	0.0	0.0
2021-05-10 00:00:00+08:00	30.270823859731994	30.270823859731994	29.967031969802402	30.042978286743164	17145392	0.0	0.0	0.0
2021-05-11 00:00:00+08:00	29.457092070445334	29.46794249033066	28.77355866175229	28.91460418701172	101487268	0.0	0.0	0.0
2021-05-12 00:00:00+08:00	28.838657146706588	28.838657146706588	26.299814286633325	28.079174041748047	153849896	0.0	0.0	0.0
2021-05-13 00:00:00+08:00	27.395639513053144	28.209371379777494	27.124395557478362	27.66688346862793	108572604	0.0	0.0	0.0
2021-05-14 00:00:00+08:00	27.883880161349126	28.26362171996672	27.74283296561137	27.98152732849121	60858732	0.0	0.0	0.0
2021-05-17 00:00:00+08:00	27.16779385412433	27.948977768484443	27.05929627219006	27.449888229370117	126414496	0.0	0.0	0.0
2021-05-18 00:00:00+08:00	27.851329648556987	28.708459854125977	27.77538001938316	28.708459854125977	65091716	0.0	0.0	0.0
2021-05-19 00:00:00+08:00	28.686761321565303	28.78440848758385	28.31787018822658	28.513164520263672	67681988	0.0	0.0	0.0
2021-05-20 00:00:00+08:00	28.50231448231511	28.513161591026694	28.144270495585186	28.317867279052734	38038476	0.0	0.0	0.0
2021-05-21 00:00:00+08:00	28.751862529096613	29.044807358543576	28.491468964634766	28.719314575195312	40364120	0.0	0.0	0.0
2021-05-24 00:00:00+08:00	28.545712034443117	28.784404707690218	28.458911989648865	28.675907135009766	40898176	0.0	0.0	0.0
2021-05-25 00:00:00+08:00	28.83865181687933	29.218393299176523	28.83865181687933	29.16414451599121	36364972	0.0	0.0	0.0
2021-05-26 00:00:00+08:00	29.261797864477366	29.326893761862227	29.06650023907293	29.185848236083984	20554356	0.0	0.0	0.0
2021-05-27 00:00:00+08:00	28.968855389757223	29.012253761832284	28.71931226701296	28.979705810546875	22624404	0.0	0.0	0.0
2021-05-28 00:00:00+08:00	29.272641772779583	29.489636903225936	29.142446681161527	29.467939376831055	38184028	0.0	0.0	0.0
2021-05-31 00:00:00+08:00	29.467938105302167	29.8476795671976	29.467938105302167	29.750032424926758	41441512	0.0	0.0	0.0
2021-06-01 00:00:00+08:00	29.771738081822	29.967035730787334	29.771738081822	29.88023567199707	22239920	0.0	0.0	0.0
2021-06-02 00:00:00+08:00	29.901936514465557	29.945334888318847	29.65239007041269	29.88023567199707	19776268	0.0	0.0	0.0
2021-06-03 00:00:00+08:00	29.93447826263542	30.04297583032245	29.83683111393369	29.858531951904297	19899456	0.0	0.0	0.0
2021-06-04 00:00:00+08:00	29.728330123546613	29.728330123546613	29.576434208489538	29.717479705810547	12430320	0.0	0.0	0.0
2021-06-07 00:00:00+08:00	29.77173711599918	29.81513548844459	29.218398761840408	29.793437957763672	42978416	0.0	0.0	0.0
2021-06-08 00:00:00+08:00	29.79343166409637	29.836830027374155	29.619834899902344	29.619834899902344	11574400	0.0	0.0	0.0
2021-06-09 00:00:00+08:00	29.576442180007888	29.576442180007888	29.305198218912956	29.40284538269043	23961704	0.0	0.0	0.0
2021-06-10 00:00:00+08:00	29.511338410872597	29.912780735747813	29.467940046014384	29.858531951904297	27041116	0.0	0.0	0.0
2021-06-11 00:00:00+08:00	29.967031478881836	30.053828214273164	29.91278269149145	29.967031478881836	13123036	0.0	0.0	0.0
2021-06-15 00:00:00+08:00	30.075531024728132	30.162327765807873	30.032129343104828	30.129779815673828	15841824	0.0	0.0	0.0
2021-06-16 00:00:00+08:00	30.097227096557617	30.151475884875524	29.97787910004157	30.097227096557617	28848448	0.0	0.0	0.0
2021-06-17 00:00:00+08:00	29.901933709674818	30.01043128967285	29.76088486902735	30.01043128967285	12704604	0.0	0.0	0.0
2021-06-18 00:00:00+08:00	30.129780699896703	30.129780699896703	29.934483060110704	29.94533348083496	8566312	0.0	0.0	0.0
2021-06-21 00:00:00+08:00	29.706630931888714	29.72833176856166	29.207544799238956	29.2292423248291	62771964	0.0	0.0	0.0
2021-06-22 00:00:00+08:00	29.424541393886983	29.52218854163539	29.18584542287268	29.261795043945312	23116784	0.0	0.0	0.0
2021-06-23 00:00:00+08:00	29.294350259510743	29.760888587358327	29.250951884306005	29.73919105529785	25554192	0.0	0.0	0.0
2021-06-24 00:00:00+08:00	29.739186245680052	29.78258461386612	29.608987830038593	29.663236618041992	24711284	0.0	0.0	0.0
2021-06-25 00:00:00+08:00	29.82597726100597	29.934474816201398	29.663230928212833	29.717479705810547	25873856	0.0	0.0	0.0
2021-06-28 00:00:00+08:00	29.728337773989526	29.836835357106274	29.619840190872775	29.77173614501953	15924228	0.0	0.0	0.0
2021-06-29 00:00:00+08:00	29.923627843650117	30.097224614165967	29.79343274907548	29.858531951904297	35947620	0.0	0.0	0.0
2021-06-30 00:00:00+08:00	29.967028221247816	30.238272128713554	29.956177802732615	30.151472091674805	37738688	0.0	0.0	0.0
2021-07-01 00:00:00+08:00	30.162327239453425	30.205725609235962	29.956182499673837	30.01043128967285	18035100	0.0	0.0	0.0
2021-07-02 00:00:00+08:00	30.01043128967285	30.053829659455392	29.923631239024402	30.01043128967285	18841708	0.0	0.0	0.0
2021-07-05 00:00:00+08:00	30.108077135388736	30.37932107354539	30.108077135388736	30.292524337768555	30418260	0.0	0.0	0.0
2021-07-06 00:00:00+08:00	30.34677408235764	30.39017245161459	30.259974032760415	30.3250732421875	25581352	0.0	0.0	0.0
2021-07-07 00:00:00+08:00	30.29253097807883	30.30337808911627	30.075535779986815	30.16233253479004	26349512	0.0	0.0	0.0
2021-07-08 00:00:00+08:00	30.19487571594192	30.27082534769927	29.988730972564955	30.129779815673828	15770840	0.0	0.0	0.0
2021-07-09 00:00:00+08:00	29.9236288032399	29.9236288032399	29.7174840802405	29.891080856323242	26946384	0.0	0.0	0.0
2021-07-12 00:00:00+08:00	30.173182956911432	30.390178155003447	30.064685357865425	30.16233253479004	54207240	0.0	0.0	0.0
2021-07-13 00:00:00+08:00	30.379321100897457	30.596316251618152	30.368470681144775	30.411869049072266	54740836	0.0	0.0	0.0
2021-07-14 00:00:00+08:00	30.42272046207263	30.618018090747317	30.411870041965702	30.48781967163086	37822716	0.0	0.0	0.0
2021-07-15 00:00:00+08:00	30.585465519067025	30.780763139368275	30.55291757122508	30.769912719726562	48290328	0.0	0.0	0.0
2021-07-16 00:00:00+08:00	30.335922710851502	30.379321078747353	30.17317634792964	30.357620239257812	37001536	0.0	0.0	0.0
2021-07-19 00:00:00+08:00	30.162327239453425	30.205725609235962	29.8476849196758	30.01043128967285	41802040	0.0	0.0	0.0
2021-07-20 00:00:00+08:00	29.90193456919302	30.010432152309768	29.739188194517894	29.77173614501953	31443692	0.0	0.0	0.0
2021-07-21 00:00:00+08:00	30.021915310705005	30.021915310705005	29.608571427725945	29.739099502563477	50775656	0.0875	0.0	0.0
2021-07-22 00:00:00+08:00	29.97841049904004	30.14157310699612	29.8587572559619	29.945775985717773	24405396	0.0	0.0	0.0
2021-07-23 00:00:00+08:00	30.0327980350254	30.08718557101076	29.880513598176748	29.945775985717773	12374240	0.0	0.0	0.0
2021-07-26 00:00:00+08:00	29.96752918502073	30.032794885268626	29.641204003332664	29.68471336364746	46350908	0.0	0.0	0.0
2021-07-27 00:00:00+08:00	29.69559018599167	29.815243411090897	29.597693299838213	29.6738338470459	41265188	0.0	0.0	0.0
2021-07-28 00:00:00+08:00	29.608573337598035	29.608573337598035	29.097329216074456	29.206104278564453	120230996	0.0	0.0	0.0
2021-07-29 00:00:00+08:00	29.554182826393394	29.717345403676646	29.42365143674634	29.695589065551758	42856636	0.0	0.0	0.0
2021-07-30 00:00:00+08:00	29.717349541566602	29.717349541566602	29.586818133744153	29.59769630432129	15472072	0.0	0.0	0.0
2021-08-02 00:00:00+08:00	29.804370226925535	30.021920374567326	29.597698250576194	30.000164031982422	28890076	0.0	0.0	0.0
2021-08-03 00:00:00+08:00	30.011038857373713	30.119813919067386	29.956651326526877	30.119813919067383	24320952	0.0	0.0	0.0
2021-08-04 00:00:00+08:00	30.163320462754886	30.30473002148069	30.11981110605123	30.293851852416992	21724496	0.0	0.0	0.0
2021-08-05 00:00:00+08:00	30.29386088487913	30.33737025455561	30.20684214552618	30.239473342895508	22573208	0.0	0.0	0.0
2021-08-06 00:00:00+08:00	30.21770829528635	30.23946463363461	29.97840517121131	30.195955276489258	15681916	0.0	0.0	0.0
2021-08-09 00:00:00+08:00	30.065425043644453	30.14156891124532	29.739099873157244	30.10893440246582	20148264	0.0	0.0	0.0
2021-08-10 00:00:00+08:00	30.119816764781273	30.130694935888695	29.91314479194726	29.945775985717773	9903104	0.0	0.0	0.0
2021-08-11 00:00:00+08:00	29.880512014033524	29.945774398114605	29.717349414727668	29.847877502441406	14460116	0.0	0.0	0.0
2021-08-12 00:00:00+08:00	29.847871255850542	29.858749424104655	29.69558685894561	29.79348373413086	8938108	0.0	0.0	0.0
2021-08-13 00:00:00+08:00	29.71735264151652	29.771740180524016	29.48892431377465	29.510677337646484	28719444	0.0	0.0	0.0
2021-08-16 00:00:00+08:00	29.4780428740951	29.532430407073136	29.347511467127184	29.445411682128906	42835976	0.0	0.0	0.0
2021-08-17 00:00:00+08:00	29.45628638614598	29.478042727049296	29.216983233967287	29.227861404418945	52037948	0.0	0.0	0.0
2021-08-18 00:00:00+08:00	29.064698777351808	29.358389461944732	28.814514135419074	29.347511291503906	85849596	0.0	0.0	0.0
2021-08-19 00:00:00+08:00	29.260491820976668	29.260491820976668	28.629597786114484	28.673107147216797	105585004	0.0	0.0	0.0
2021-08-20 00:00:00+08:00	28.760126282212575	28.89065768694448	28.325026025841577	28.444679260253906	62649456	0.0	0.0	0.0
2021-08-23 00:00:00+08:00	28.771004801861764	29.249614425770705	28.749248460958448	29.227861404418945	23545608	0.0	0.0	0.0
2021-08-24 00:00:00+08:00	29.412775353146053	29.445409862647274	29.28224727379526	29.314878463745117	19796404	0.0	0.0	0.0
2021-08-25 00:00:00+08:00	29.401899192587614	29.608574474898425	29.401899192587614	29.59769630432129	27403636	0.0	0.0	0.0
2021-08-26 00:00:00+08:00	29.902263957573727	30.021917189994866	29.662960812282904	29.804367065429688	28349696	0.0	0.0	0.0
2021-08-27 00:00:00+08:00	29.739103135401294	30.13069404685194	29.684715601020695	30.054550170898438	66067832	0.0	0.0	0.0
2021-08-30 00:00:00+08:00	30.16332477153409	30.348243713378906	30.119815408615196	30.348243713378906	85414624	0.0	0.0	0.0
2021-08-31 00:00:00+08:00	30.326485890348458	30.533161163330078	30.043673385418455	30.533161163330078	64500216	0.0	0.0	0.0
2021-09-01 00:00:00+08:00	30.489643551324615	30.739828144632163	30.467890534222377	30.674562454223633	72891272	0.0	0.0	0.0
2021-09-02 00:00:00+08:00	30.65281281592129	30.761587883855082	30.435262680053714	30.43526268005371	27917864	0.0	0.0	0.0
2021-09-03 00:00:00+08:00	30.598421782046657	30.913872098614124	30.554912423760154	30.870359420776367	44336692	0.0	0.0	0.0
2021-09-06 00:00:00+08:00	30.87036257743165	31.21844411841933	30.805100193104103	31.01177215576172	55343340	0.0	0.0	0.0
2021-09-07 00:00:00+08:00	31.06615651239251	31.06615651239251	30.772462534743923	30.870359420776367	32844564	0.0	0.0	0.0
2021-09-08 00:00:00+08:00	30.83772946361096	30.892116993529147	30.44613858428975	30.59842300415039	27915944	0.0	0.0	0.0
2021-09-09 00:00:00+08:00	30.380873979462365	30.67456797942641	30.304733426563484	30.52228355407715	12250292	0.0	0.0	0.0
2021-09-10 00:00:00+08:00	30.60930317733807	30.913875356544143	30.565793814466232	30.881240844726562	11929744	0.0	0.0	0.0
2021-09-13 00:00:00+08:00	30.859484881849845	30.859484881849845	30.707197146985546	30.772462844848633	12939284	0.0	0.0	0.0
2021-09-14 00:00:00+08:00	30.8594851086498	30.93562565709025	30.750710051262313	30.805097579956055	9637564	0.0	0.0	0.0
2021-09-15 00:00:00+08:00	30.73983719241065	30.77246838744393	30.544040063555315	30.62018394470215	47972592	0.0	0.0	0.0
2021-09-16 00:00:00+08:00	30.631057537041457	30.674566897098696	30.40262924730172	30.47877311706543	32048512	0.0	0.0	0.0
2021-09-17 00:00:00+08:00	30.47877526484236	30.68544722934153	30.348243855920973	30.565793991088867	15056364	0.0	0.0	0.0
2021-09-22 00:00:00+08:00	29.826124480931572	29.934899547135476	29.652083711095006	29.847877502441406	95626476	0.0	0.0	0.0
2021-09-23 00:00:00+08:00	30.02191925048828	30.13069432023643	29.934900522510443	30.02191925048828	22950432	0.0	0.0	0.0
2021-09-24 00:00:00+08:00	30.195955221671934	30.380870819091797	30.174198883363168	30.380870819091797	24728896	0.0	0.0	0.0
2021-09-27 00:00:00+08:00	30.424386707203148	30.533161771126572	30.282977132371784	30.45701789855957	46916492	0.0	0.0	0.0
2021-09-28 00:00:00+08:00	30.29386088487913	30.31561722949343	30.076310716944633	30.239473342895508	70802024	0.0	0.0	0.0
2021-09-29 00:00:00+08:00	29.78261249096506	29.78261249096506	29.467165455552973	29.58681869506836	118838624	0.0	0.0	0.0
2021-09-30 00:00:00+08:00	29.652085878149656	29.826126660705594	29.412779387191268	29.815248489379883	66370156	0.0	0.0	0.0
2021-10-01 00:00:00+08:00	29.652086626997438	29.652086626997438	29.075576727693434	29.14084243774414	108369932	0.0	0.0	0.0
2021-10-04 00:00:00+08:00	29.30399829215477	29.325754630336075	28.90153259220973	28.966794967651367	93019620	0.0	0.0	0.0
2021-10-05 00:00:00+08:00	28.716618284999296	28.934168423522017	28.47731180480363	28.923290252685547	107861208	0.0	0.0	0.0
2021-10-06 00:00:00+08:00	29.151714152859565	29.151714152859565	28.716613941622857	28.93416404724121	88152372	0.0	0.0	0.0
2021-10-07 00:00:00+08:00	29.16259584673281	29.499799215106943	29.140839505720965	29.445411682128906	54266868	0.0	0.0	0.0
2021-10-08 00:00:00+08:00	29.510671764725622	29.510671764725622	29.140837233226165	29.19522476196289	30805556	0.0	0.0	0.0
2021-10-12 00:00:00+08:00	28.868900524150348	28.966797415135524	28.629597381692303	28.901535034179688	44110052	0.0	0.0	0.0
2021-10-13 00:00:00+08:00	29.02118476418441	29.064697443951477	28.749247113397256	28.803634643554688	21732664	0.0	0.0	0.0
2021-10-14 00:00:00+08:00	29.04294049537788	29.086449854681664	28.825390379307635	28.879777908325195	13018476	0.0	0.0	0.0
2021-10-15 00:00:00+08:00	29.293125187559053	29.662963083275773	29.216984629862804	29.641206741333008	53612692	0.0	0.0	0.0
2021-10-18 00:00:00+08:00	29.739103401475678	29.782612765459103	29.499800239791004	29.554187774658203	21166076	0.0	0.0	0.0
2021-10-19 00:00:00+08:00	29.63032116897182	29.858749424104655	29.597689983760365	29.79348373413086	33879576	0.0	0.0	0.0
2021-10-20 00:00:00+08:00	29.815246903724862	29.869634437909127	29.684715493861965	29.717350006103516	58064224	0.0	0.0	0.0
2021-10-21 00:00:00+08:00	29.739103915127597	29.978410400497246	29.60857582092285	29.60857582092285	52200656	0.0	0.0	0.0
2021-10-22 00:00:00+08:00	29.641201539790675	29.74997659131284	29.51067015014362	29.695589065551758	20749424	0.0	0.0	0.0
2021-10-25 00:00:00+08:00	29.586815130365327	29.739099544331957	29.412774377452926	29.6738338470459	29361584	0.0	0.0	0.0
2021-10-26 00:00:00+08:00	29.72822366030128	29.967530128897106	29.717348809543616	29.924020767211914	42011924	0.0	0.0	0.0
2021-10-27 00:00:00+08:00	29.793489362604824	29.924020767211914	29.739101830610455	29.924020767211914	29550340	0.0	0.0	0.0
2021-10-28 00:00:00+08:00	29.902265598048878	29.9457749614386	29.717349973754654	29.836999893188477	17775576	0.0	0.0	0.0
2021-10-29 00:00:00+08:00	29.815243995100477	29.815243995100477	29.445409462636984	29.543306350708008	19783344	0.0	0.0	0.0
2021-11-01 00:00:00+08:00	29.63032337072823	29.74997659131284	29.63032337072823	29.695589065551758	12073852	0.0	0.0	0.0
2021-11-02 00:00:00+08:00	29.760859982914788	29.945775611221432	29.619450399390242	29.641206741333008	15930308	0.0	0.0	0.0
2021-11-03 00:00:00+08:00	29.673837323114782	29.80436873297768	29.673837323114782	29.717350006103516	9295528	0.0	0.0	0.0
2021-11-04 00:00:00+08:00	29.858759937826175	29.913147478696533	29.61945343017578	29.61945343017578	10037280	0.0	0.0	0.0
2021-11-05 00:00:00+08:00	29.826122444094278	30.065425581669817	29.760856744918637	30.043672561645508	44980008	0.0	0.0	0.0
2021-11-08 00:00:00+08:00	30.065427923365842	30.282978057861328	30.065427923365842	30.282978057861328	29547192	0.0	0.0	0.0
2021-11-09 00:00:00+08:00	30.489653085542752	30.71808141362747	30.478778233366487	30.60930633544922	49103720	0.0	0.0	0.0
2021-11-10 00:00:00+08:00	30.5984251835434	30.5984251835434	30.457018923504922	30.565793991088867	21403752	0.0	0.0	0.0
2021-11-11 00:00:00+08:00	30.26122066477703	30.402626903951703	30.19595496994598	30.293851852416992	17749988	0.0	0.0	0.0
2021-11-12 00:00:00+08:00	30.435263514847207	30.63106063422943	30.34824478593404	30.391754150390625	22775288	0.0	0.0	0.0
2021-11-15 00:00:00+08:00	30.576664233937496	30.728948625160886	30.576664233937496	30.66368293762207	25918820	0.0	0.0	0.0
2021-11-16 00:00:00+08:00	30.663689175178643	30.772464236686588	30.631057984546835	30.718076705932617	22967136	0.0	0.0	0.0
2021-11-17 00:00:00+08:00	30.739832731315243	30.826851451810054	30.707198221466136	30.81597328186035	81202148	0.0	0.0	0.0
2021-11-18 00:00:00+08:00	30.837736298340875	31.011777096562923	30.815979953731073	30.990020751953125	23376840	0.0	0.0	0.0
2021-11-19 00:00:00+08:00	31.218442717192776	31.2293208872763	31.033523784427153	31.066158294677734	23825376	0.0	0.0	0.0
2021-11-22 00:00:00+08:00	31.044408293925507	31.087917663592986	30.979142579648222	30.990020751953125	14822488	0.0	0.0	0.0
2021-11-23 00:00:00+08:00	30.89211717581563	30.89211717581563	30.685445224817286	30.69632339477539	17951904	0.0	0.0	0.0
2021-11-24 00:00:00+08:00	30.696325400010252	30.707200251127347	30.489650115959456	30.565793991088867	12176628	0.0	0.0	0.0
2021-11-25 00:00:00+08:00	30.56579455270453	30.65281328054992	30.457019483121954	30.554916381835938	9909604	0.0	0.0	0.0
2021-11-26 00:00:00+08:00	30.35912235516079	30.42438806032784	30.01104080730429	30.054550170898438	46647920	0.0	0.0	0.0
2021-11-29 00:00:00+08:00	29.934900250902448	30.195959752018993	29.913143909329545	30.054550170898438	44655660	0.0	0.0	0.0
2021-11-30 00:00:00+08:00	30.195960025995653	30.370000801503025	29.989288057384513	30.02191925048828	41102956	0.0	0.0	0.0
2021-12-01 00:00:00+08:00	30.043673937457392	30.56579291566958	30.032795767171407	30.52228355407715	16704276	0.0	0.0	0.0
2021-12-02 00:00:00+08:00	30.478771588355162	30.881237298137552	30.39174955305402	30.84860610961914	35537196	0.0	0.0	0.0
2021-12-03 00:00:00+08:00	30.881239769071165	30.924749130427482	30.696324153418935	30.837730407714844	19330520	0.0	0.0	0.0
2021-12-06 00:00:00+08:00	30.6093056654696	30.870365183472913	30.457021223263656	30.750715255737305	15418468	0.0	0.0	0.0
2021-12-07 00:00:00+08:00	30.75070922451268	30.84860610961914	30.533159115586663	30.84860610961914	12050156	0.0	0.0	0.0
2021-12-08 00:00:00+08:00	31.131420478216235	31.24019552765857	30.957379735198288	30.968257904052734	43552320	0.0	0.0	0.0
2021-12-09 00:00:00+08:00	30.990015348550106	31.033524710631315	30.826852751081905	30.892118453979492	18162644	0.0	0.0	0.0
2021-12-10 00:00:00+08:00	30.848609652460585	30.913875356544143	30.75071275611105	30.881240844726562	13121360	0.0	0.0	0.0
2021-12-13 00:00:00+08:00	30.935630616995418	30.990018154409103	30.78334617614746	30.78334617614746	18437204	0.0	0.0	0.0
2021-12-14 00:00:00+08:00	30.533160647024825	30.609301197237144	30.44613860735896	30.47877311706543	18753476	0.0	0.0	0.0
2021-12-15 00:00:00+08:00	30.478774192484718	30.587549256241548	30.39175214974835	30.52228355407715	39734372	0.0	0.0	0.0
2021-12-16 00:00:00+08:00	30.75071163893768	30.902996063232422	30.707198958095056	30.902996063232422	22468220	0.0	0.0	0.0
2021-12-17 00:00:00+08:00	30.7942188736628	30.892115759695244	30.718075006997978	30.870359420776367	19549972	0.0	0.0	0.0
2021-12-20 00:00:00+08:00	30.848607633504873	30.85948580339879	30.522282453995764	30.59842300415039	17373652	0.0	0.0	0.0
2021-12-21 00:00:00+08:00	30.609299106417303	30.881236737639117	30.609299106417303	30.85948371887207	26402952	0.0	0.0	0.0
2021-12-22 00:00:00+08:00	30.881236737639117	30.892114906798223	30.81597104223565	30.85948371887207	16285780	0.0	0.0	0.0
2021-12-23 00:00:00+08:00	31.055283716951323	31.153180619924516	30.946508642636257	31.033527374267578	55705360	0.0	0.0	0.0
2021-12-24 00:00:00+08:00	31.10967198404254	31.24020340410404	31.09879381244543	31.12055015563965	50101524	0.0	0.0	0.0
2021-12-27 00:00:00+08:00	31.15317607532183	31.381604361970883	31.13142305536323	31.359848022460938	26048796	0.0	0.0	0.0
2021-12-28 00:00:00+08:00	31.3924848099448	31.610034942626953	31.3924848099448	31.610034942626953	89823980	0.0	0.0	0.0
2021-12-29 00:00:00+08:00	31.642664985826105	31.79494940926415	31.555646263733355	31.751440048217773	90088896	0.0	0.0	0.0
2021-12-30 00:00:00+08:00	31.751442278758145	31.762320449671797	31.620914186449415	31.653545379638672	24985712	0.0	0.0	0.0
2022-01-03 00:00:00+08:00	31.762319805054368	32.05601381600395	31.762319805054368	31.84933853149414	27136808	0.0	0.0	0.0
2022-01-04 00:00:00+08:00	32.13215822465005	32.54550552368164	32.13215822465005	32.54550552368164	38537760	0.0	0.0	0.0
2022-01-05 00:00:00+08:00	32.654276826631275	32.75217372417641	32.43672669006359	32.4802360534668	45626404	0.0	0.0	0.0
2022-01-06 00:00:00+08:00	32.26268121335872	32.36057809663157	31.979865413141788	32.1756591796875	34484932	0.0	0.0	0.0
2022-01-07 00:00:00+08:00	32.26267965022704	32.41496405233452	31.871088816557098	31.892845153808594	27956496	0.0	0.0	0.0
2022-01-10 00:00:00+08:00	31.762318278994776	32.15390916826254	31.63178687605503	32.09952163696289	62807884	0.0	0.0	0.0
2022-01-11 00:00:00+08:00	32.11039564969896	32.306189409207065	31.914598570639804	32.26268005371094	71021608	0.0	0.0	0.0
2022-01-12 00:00:00+08:00	32.49111664044125	32.54550417862776	32.34970704942519	32.53462600708008	40619208	0.0	0.0	0.0
2022-01-13 00:00:00+08:00	32.53462183021576	32.73041561473001	32.53462183021576	32.697784423828125	29812384	0.0	0.0	0.0
2022-01-14 00:00:00+08:00	32.80655948623637	32.893578208342376	32.42584676780752	32.697784423828125	40446116	0.0	0.0	0.0
2022-01-17 00:00:00+08:00	32.871821745023844	33.154634222026	32.871821745023844	33.0676155090332	27711192	0.0	0.0	0.0
2022-01-18 00:00:00+08:00	33.11112833315887	33.12200650330998	32.665149913374776	32.697784423828125	57660460	0.0	0.0	0.0
2022-01-19 00:00:00+08:00	32.41496554287997	32.55637178286402	32.251802964644	32.306190490722656	58657148	0.0	0.0	0.0
2022-01-20 00:00:00+08:00	32.30619041166799	32.45847482040535	32.110396646084396	32.43672180175781	65053388	0.0	0.0	0.0
2022-01-21 00:00:00+08:00	31.992074341201196	32.00319109878962	31.63636184487854	31.71417236328125	119510380	0.8	0.0	0.0
2022-01-24 00:00:00+08:00	31.59190303015445	32.014312744140625	31.50297234822776	32.014312744140625	52641948	0.0	0.0	0.0
2022-01-25 00:00:00+08:00	31.691947111609792	31.691947111609792	31.402928331678368	31.49185562133789	96087792	0.0	0.0	0.0
2022-01-26 00:00:00+08:00	31.380694791066684	31.614133166707457	31.358464664846725	31.46962547302246	71003288	0.0	0.0	0.0
2022-02-07 00:00:00+08:00	31.703064963574292	31.747528609936523	31.391812654321143	31.636367797851562	96090320	0.0	0.0	0.0
2022-02-08 00:00:00+08:00	31.858688908136067	31.90315255378109	31.747528097844146	31.769758224487305	44340368	0.0	0.0	0.0
2022-02-09 00:00:00+08:00	31.9031558387961	31.9031558387961	31.714181084897934	31.880922317504883	32243600	0.0	0.0	0.0
2022-02-10 00:00:00+08:00	31.99208123313091	32.24775314331055	31.90315393798252	32.24775314331055	24016868	0.0	0.0	0.0
2022-02-11 00:00:00+08:00	32.16993686944556	32.24775079129412	32.02542917727949	32.22551727294922	17259684	0.0	0.0	0.0
2022-02-14 00:00:00+08:00	32.00319613480976	32.00319613480976	31.614133304498946	31.72529411315918	47456160	0.0	0.0	0.0
2022-02-15 00:00:00+08:00	31.72529919083215	31.836460017283812	31.558557951154658	31.580791473388672	29444908	0.0	0.0	0.0
2022-02-16 00:00:00+08:00	31.99208395691506	32.11436154242388	31.969853827414735	32.10324478149414	26800172	0.0	0.0	0.0
2022-02-17 00:00:00+08:00	32.10323569219911	32.23663000087012	32.01430841465722	32.12546920776367	19763216	0.0	0.0	0.0
2022-02-18 00:00:00+08:00	31.903150479185257	32.04765816622423	31.803106434899927	32.03654479980469	15468844	0.0	0.0	0.0
2022-02-21 00:00:00+08:00	31.892034711307033	31.980965391935936	31.74752701977814	31.9698486328125	18011756	0.0	0.0	0.0
2022-02-22 00:00:00+08:00	31.7030647644434	31.71417813169508	31.29176840536894	31.53632354736328	74872596	0.0	0.0	0.0
2022-02-23 00:00:00+08:00	31.536322573251837	31.65859674811339	31.491855536183664	31.6252498626709	17635428	0.0	0.0	0.0
2022-02-24 00:00:00+08:00	31.36957856976727	31.36957856976727	30.74707742215381	30.858238220214844	117813808	0.0	0.0	0.0
2022-02-25 00:00:00+08:00	30.913817698571165	30.947164580053002	30.647032469641736	30.791540145874023	90309080	0.0	0.0	0.0
2022-03-01 00:00:00+08:00	30.913822041287514	31.302884877568907	30.86935839561281	31.22507095336914	32958060	0.0	0.0	0.0
2022-03-02 00:00:00+08:00	31.125030348219457	31.147263869697536	30.947172353472098	31.047216415405273	24524616	0.0	0.0	0.0
2022-03-03 00:00:00+08:00	31.23618441732522	31.30288157497979	31.09167673603894	31.113906860351562	17755472	0.0	0.0	0.0
2022-03-04 00:00:00+08:00	30.791540876252373	30.869354791366735	30.6692633206548	30.780424118041992	50396708	0.0	0.0	0.0
2022-03-07 00:00:00+08:00	30.435827045561574	30.435827045561574	29.735515331154442	29.791095733642578	208177676	0.0	0.0	0.0
2022-03-08 00:00:00+08:00	29.44649903557863	29.602123497158466	29.124133352514924	29.157480239868164	167283432	0.0	0.0	0.0
2022-03-09 00:00:00+08:00	29.390913927586716	29.624352278799382	29.390913927586716	29.457611083984375	83526340	0.0	0.0	0.0
2022-03-10 00:00:00+08:00	30.05788096973259	30.358016499938405	30.05788096973259	30.313552856445312	57746092	0.0	0.0	0.0
2022-03-11 00:00:00+08:00	30.20239494263766	30.20239494263766	29.83556221589812	29.88002586364746	42419380	0.0	0.0	0.0
2022-03-14 00:00:00+08:00	30.013420199254362	30.091234127084867	29.791098568148772	29.88002586364746	34346608	0.0	0.0	0.0
2022-03-15 00:00:00+08:00	29.602122955049076	29.602122955049076	29.213060112045042	29.268640518188477	94122712	0.0	0.0	0.0
2022-03-16 00:00:00+08:00	29.613238439339405	29.62435519856106	29.146365083257557	29.39091682434082	75954080	0.0	0.0	0.0
2022-03-17 00:00:00+08:00	30.11346212081702	30.34690049540726	30.057881716979274	30.32466697692871	56006192	0.0	0.0	0.0
2022-03-18 00:00:00+08:00	30.369135437520235	30.369135437520235	30.12458029222654	30.25797462463379	50581376	0.0	0.0	0.0
2022-03-21 00:00:00+08:00	30.41359566922285	30.60256699449595	30.41359566922285	30.458059310913086	30873588	0.0	0.0	0.0
2022-03-22 00:00:00+08:00	30.413599014282227	30.458062660862822	30.302438201651338	30.413599014282227	24184288	0.0	0.0	0.0
2022-03-23 00:00:00+08:00	30.591453032327365	30.758194229685927	30.58033627403179	30.702613830566406	41079752	0.0	0.0	0.0
2022-03-24 00:00:00+08:00	30.569224772245988	30.702619110013906	30.469180715099515	30.68038558959961	17108564	0.0	0.0	0.0
2022-03-25 00:00:00+08:00	30.769311439958365	30.79154495932738	30.65815062783083	30.7248477935791	19496792	0.0	0.0	0.0
2022-03-28 00:00:00+08:00	30.45805839327738	30.45805839327738	30.13569276028735	30.391361236572266	42024708	0.0	0.0	0.0
2022-03-29 00:00:00+08:00	30.45806574703616	30.50252939812205	30.369138444864376	30.424718856811523	25774216	0.0	0.0	0.0
2022-03-30 00:00:00+08:00	30.69149538159045	30.836003054397473	30.69149538159045	30.802656173706055	32665068	0.0	0.0	0.0
2022-03-31 00:00:00+08:00	30.802657870509872	30.824887994742674	30.702613830566406	30.702613830566406	14238552	0.0	0.0	0.0
2022-04-01 00:00:00+08:00	30.3691365612938	30.44694709777832	30.26908911210683	30.44694709777832	30795024	0.0	0.0	0.0
2022-04-06 00:00:00+08:00	30.069002966924547	30.31355813727757	30.013422554786054	30.291324615478516	46251656	0.0	0.0	0.0
2022-04-07 00:00:00+08:00	30.035652315059707	30.035652315059707	29.746633529663086	29.746633529663086	58991464	0.0	0.0	0.0
2022-04-08 00:00:00+08:00	29.81333370090337	29.91337776184082	29.735519768863657	29.91337776184082	35768872	0.0	0.0	0.0
2022-04-11 00:00:00+08:00	29.824444958960303	29.8911421256525	29.39091846399925	29.44649887084961	66837660	0.0	0.0	0.0
2022-04-12 00:00:00+08:00	29.37980024455592	29.535428089892324	29.25752606944681	29.468730926513672	56875520	0.0	0.0	0.0
2022-04-13 00:00:00+08:00	29.657699648080367	30.05787920068279	29.613236007204176	30.024532318115234	28186852	0.0	0.0	0.0
2022-04-14 00:00:00+08:00	30.18016305512704	30.18016305512704	29.91337776184082	29.91337776184082	19791976	0.0	0.0	0.0
2022-04-15 00:00:00+08:00	29.535427174797203	29.57989081821914	29.346452449805795	29.40203285217285	82769516	0.0	0.0	0.0
2022-04-18 00:00:00+08:00	29.346456336259855	29.402036745987623	29.15748158624186	29.24641227722168	71848084	0.0	0.0	0.0
2022-04-19 00:00:00+08:00	29.402035026839286	29.557659486505806	29.31310773341807	29.346454620361328	36238036	0.0	0.0	0.0
2022-04-20 00:00:00+08:00	29.390917025865495	29.502077834126982	29.26863945830613	29.4909610748291	27048540	0.0	0.0	0.0
2022-04-21 00:00:00+08:00	29.624357762309792	29.702171691236913	29.49096342482299	29.51319694519043	15936376	0.0	0.0	0.0
2022-04-22 00:00:00+08:00	29.213059360047975	29.29087328358922	29.090785183567	29.257526397705078	44801348	0.0	0.0	0.0
2022-04-25 00:00:00+08:00	28.9018124076799	28.912929167846944	28.601676844964274	28.735071182250977	128851880	0.0	0.0	0.0
2022-04-26 00:00:00+08:00	28.846231999203592	28.857348759370637	28.64614388563245	28.735071182250977	37409408	0.0	0.0	0.0
2022-04-27 00:00:00+08:00	28.234845915775104	28.234845915775104	28.023641053931993	28.134801864624023	114986256	0.0	0.0	0.0
2022-04-28 00:00:00+08:00	28.3126585769723	28.32377533668324	28.0014079630392	28.257078170776367	46171364	0.0	0.0	0.0
2022-04-29 00:00:00+08:00	28.657253973558998	28.79064829557845	28.512746285003367	28.6239070892334	47537724	0.0	0.0	0.0
2022-05-03 00:00:00+08:00	28.57944376865223	28.61279065335429	28.334888639641914	28.412702560424805	25125076	0.0	0.0	0.0
2022-05-04 00:00:00+08:00	28.523863365909754	28.557210250611814	28.346005398662122	28.412702560424805	39598772	0.0	0.0	0.0
2022-05-05 00:00:00+08:00	28.790651590727283	28.857348759370637	28.668374013607625	28.735071182250977	24902416	0.0	0.0	0.0
2022-05-06 00:00:00+08:00	28.11256857793608	28.201497566460713	28.001407766325137	28.157033920288086	68203532	0.0	0.0	0.0
2022-05-09 00:00:00+08:00	27.901363707531594	27.91248046716172	27.67904208436401	27.69015884399414	51720992	0.0	0.0	0.0
2022-05-10 00:00:00+08:00	27.156585976451513	27.590112453056083	27.023193344894672	27.567880630493164	55376572	0.0	0.0	0.0
2022-05-11 00:00:00+08:00	27.534528709500282	27.667921324880858	27.41225285214272	27.612340927124023	32199604	0.0	0.0	0.0
2022-05-12 00:00:00+08:00	27.345558103581062	27.345558103581062	26.945378526032556	26.95649528503418	47755260	0.0	0.0	0.0
2022-05-13 00:00:00+08:00	27.14546749636507	27.201047897338867	27.023191631930263	27.201047897338867	28106200	0.0	0.0	0.0
2022-05-16 00:00:00+08:00	27.445604127358287	27.567881700469226	27.234399260544194	27.34556007385254	22904664	0.0	0.0	0.0
2022-05-17 00:00:00+08:00	27.3789094514572	27.679043316861982	27.3789094514572	27.645694732666016	16662204	0.0	0.0	0.0
2022-05-18 00:00:00+08:00	27.86801145081925	28.012520826062545	27.845779630669316	27.945823669433594	25266444	0.0	0.0	0.0
2022-05-19 00:00:00+08:00	27.445603126677863	27.52341705010009	27.267746849576884	27.412256240844727	29033480	0.0	0.0	0.0
2022-05-20 00:00:00+08:00	27.512301097892202	27.77908636946061	27.49006927462473	27.712390899658203	14661664	0.0	0.0	0.0
2022-05-23 00:00:00+08:00	27.856898113755168	27.923593578334803	27.67904014918429	27.767969131469727	10715572	0.0	0.0	0.0
2022-05-24 00:00:00+08:00	27.790200855085242	27.834664497981677	27.434486623376003	27.45671844482422	20276748	0.0	0.0	0.0
2022-05-25 00:00:00+08:00	27.501185562134005	27.723507197062105	27.44560515340198	27.667926788330078	10270292	0.0	0.0	0.0
2022-05-26 00:00:00+08:00	27.790205030818967	27.790205030818967	27.31221316505298	27.32332992553711	23219872	0.0	0.0	0.0
2022-05-27 00:00:00+08:00	27.60122763753168	27.968058625516523	27.578995816237285	27.9013614654541	46801572	0.0	0.0	0.0
2022-05-30 00:00:00+08:00	28.290429877349254	28.590565460889547	28.245966225954916	28.579448699951172	58170520	0.0	0.0	0.0
2022-05-31 00:00:00+08:00	28.55720816388471	28.857343673706055	28.368235147604754	28.857343673706055	28102668	0.0	0.0	0.0
2022-06-01 00:00:00+08:00	28.74618749922524	28.912928722083436	28.679490331610186	28.71283721923828	25626728	0.0	0.0	0.0
2022-06-02 00:00:00+08:00	28.557210250611814	28.557210250611814	28.368237220523255	28.412702560424805	17718612	0.0	0.0	0.0
2022-06-06 00:00:00+08:00	28.512747013509898	28.679488224115218	28.334889043725834	28.612791061401367	16111300	0.0	0.0	0.0
2022-06-07 00:00:00+08:00	28.446048293796782	28.446048293796782	28.201494870863847	28.323772430419922	19365760	0.0	0.0	0.0
2022-06-08 00:00:00+08:00	28.568327860664514	28.701722188163615	28.490513937563595	28.635025024414062	15916200	0.0	0.0	0.0
2022-06-09 00:00:00+08:00	28.50162934412414	28.568326504708	28.379353477959402	28.546092987060547	7709100	0.0	0.0	0.0
2022-06-10 00:00:00+08:00	28.19038270104888	28.32377533668324	28.10145371189951	28.257078170776367	16998412	0.0	0.0	0.0
2022-06-13 00:00:00+08:00	27.590112251296425	27.6234608329866	27.44560286142522	27.467836380004883	67467100	0.0	0.0	0.0
2022-06-14 00:00:00+08:00	27.256631048928607	27.467837611650573	27.145470235763174	27.423372268676758	47559120	0.0	0.0	0.0
2022-06-15 00:00:00+08:00	27.345556519424843	27.478949138820347	27.267744299459064	27.289976119995117	35393308	0.0	0.0	0.0
2022-06-16 00:00:00+08:00	27.590110201348804	27.790199980443838	27.178815580874073	27.23439598083496	51071688	0.0	0.0	0.0
2022-06-17 00:00:00+08:00	26.90091373443179	27.012074534987292	26.767521113001028	26.867565155029297	78686220	0.0	0.0	0.0
2022-06-20 00:00:00+08:00	26.878682731013765	26.88979779369983	26.567432140756498	26.62301254272461	42257108	0.0	0.0	0.0
2022-06-21 00:00:00+08:00	26.88979780389684	27.167699813842773	26.756405178358644	27.167699813842773	25930500	0.0	0.0	0.0
2022-06-22 00:00:00+08:00	27.056541209713366	27.056541209713366	26.534085727772297	26.567434310913086	60435976	0.0	0.0	0.0
2022-06-23 00:00:00+08:00	26.63413093300685	26.63413093300685	26.067210119734902	26.211719512939453	67491772	0.0	0.0	0.0
2022-06-24 00:00:00+08:00	26.37846046171816	26.522969853458147	26.22283431054458	26.26729965209961	43073528	0.0	0.0	0.0
2022-06-27 00:00:00+08:00	26.634130613340233	27.00095992745296	26.634130613340233	26.889799118041992	66723816	0.0	0.0	0.0
2022-06-28 00:00:00+08:00	26.856452095596705	26.856452095596705	26.51185290970325	26.634130477905273	43233840	0.0	0.0	0.0
2022-06-29 00:00:00+08:00	26.389578307401866	26.57855306062175	26.345114657338083	26.41181182861328	25087984	0.0	0.0	0.0
2022-06-30 00:00:00+08:00	26.167256099006444	26.189489619737188	25.67814917416089	25.74484634399414	81720980	0.0	0.0	0.0
2022-07-01 00:00:00+08:00	25.711496590847084	25.711496590847084	24.722164329562524	24.799978256225586	138878240	0.0	0.0	0.0
2022-07-04 00:00:00+08:00	24.733277879480017	24.94448271997918	24.455375880834172	24.555419921875	105770848	0.0	0.0	0.0
2022-07-05 00:00:00+08:00	25.02230310327214	25.111230408877706	24.233060544675535	24.677703857421875	64857832	0.0	0.0	0.0
2022-07-06 00:00:00+08:00	24.677696889372797	24.688813647524352	24.110776147226357	24.199705123901367	62447924	0.0	0.0	0.0
2022-07-07 00:00:00+08:00	24.333100037160047	24.93336941422995	24.133011940982723	24.922252655029297	53732760	0.0	0.0	0.0
2022-07-08 00:00:00+08:00	25.189039961870495	25.322432593243978	24.966718344188248	25.17792320251465	40711428	0.0	0.0	0.0
2022-07-11 00:00:00+08:00	25.266853263098536	25.27796832674763	24.86667365578425	24.955602645874023	30291812	0.0	0.0	0.0
2022-07-12 00:00:00+08:00	24.66658222880875	24.66658222880875	24.26640434400975	24.35533332824707	44533776	0.0	0.0	0.0
2022-07-13 00:00:00+08:00	25.12234326250807	25.266852655908814	25.033414274555355	25.222387313842773	99299588	0.0	0.0	0.0
2022-07-14 00:00:00+08:00	25.055646733209297	25.400245934201962	24.855558625463267	25.34466552734375	59001712	0.0	0.0	0.0
2022-07-15 00:00:00+08:00	25.478054678408874	25.711493033743782	25.289081660183992	25.678144454956055	74221248	0.0	0.0	0.0
2022-07-18 00:00:00+08:00	25.892694793293042	25.937862345595747	25.734604914170237	25.791065216064453	88829376	0.45	0.0	0.0
2022-07-19 00:00:00+08:00	25.734608134952733	25.89269803386108	25.655564047014504	25.81365394592285	53005460	0.0	0.0	0.0
2022-07-20 00:00:00+08:00	26.163706083627524	26.242750169317933	25.90398832518888	25.983034133911133	67345152	0.0	0.0	0.0
2022-07-21 00:00:00+08:00	26.062078109088166	26.276626586914062	25.971741273097113	26.276626586914062	35213080	0.0	0.0	0.0
2022-07-22 00:00:00+08:00	26.333084661086314	26.468589042066732	26.26533333211195	26.378253936767578	62459656	0.0	0.0	0.0
2022-07-25 00:00:00+08:00	26.26533391430494	26.41212932518575	26.197580860797082	26.355669021606445	42173440	0.0	0.0	0.0
2022-07-26 00:00:00+08:00	26.33308637644088	26.33308637644088	26.039493819030444	26.11853790283203	50495728	0.0	0.0	0.0
2022-07-27 00:00:00+08:00	26.084660253638475	26.355669021606445	26.005616173233793	26.355669021606445	31668200	0.0	0.0	0.0
2022-07-28 00:00:00+08:00	26.61538539796772	26.63796917363511	26.400836944580078	26.400836944580078	33228832	0.0	0.0	0.0
2022-07-29 00:00:00+08:00	26.68314181860281	26.762185904939297	26.570221202970153	26.64926528930664	32121328	0.0	0.0	0.0
2022-08-01 00:00:00+08:00	26.671846896500227	26.671846896500227	26.468589460302045	26.570219039916992	38018536	0.0	0.0	0.0
2022-08-02 00:00:00+08:00	26.37335160077484	26.37335160077484	26.04523937814569	26.14706802368164	70777800	0.0575	0.0	0.0
2022-08-03 00:00:00+08:00	26.16969779548849	26.30546760559082	26.135754911361204	26.30546760559082	31360808	0.0	0.0	0.0
2022-08-04 00:00:00+08:00	26.328096202821914	26.429924857459714	26.067869720623325	26.373353958129883	27397668	0.0	0.0	0.0
2022-08-05 00:00:00+08:00	26.701464345764414	27.040889739990234	26.678836331430727	27.040889739990234	37238236	0.0	0.0	0.0
2022-08-08 00:00:00+08:00	26.92774688272856	26.984317779541016	26.769349062216392	26.984317779541016	34765628	0.0	0.0	0.0
2022-08-09 00:00:00+08:00	26.79198010046075	27.040891729256195	26.70146631006051	26.961692810058594	31536632	0.0	0.0	0.0
2022-08-10 00:00:00+08:00	26.701462928293594	26.746718954558514	26.588321136224554	26.678834915161133	28891416	0.0	0.0	0.0
2022-08-11 00:00:00+08:00	27.108777150516175	27.25586011579271	27.06351939270214	27.165348052978516	42912384	0.0	0.0	0.0
2022-08-12 00:00:00+08:00	27.27848921849259	27.380316149975197	27.22191831735628	27.335060119628906	33697348	0.0	0.0	0.0
2022-08-15 00:00:00+08:00	27.482140468004978	27.629225142253546	27.436884441962373	27.583969116210938	38189448	0.0	0.0	0.0
2022-08-16 00:00:00+08:00	27.60659867028587	27.674484439546024	27.583970656001426	27.629226684570312	39489064	0.0	0.0	0.0
2022-08-17 00:00:00+08:00	27.6292262065103	27.674483960702933	27.56134216483155	27.640541076660156	55419464	0.0	0.0	0.0
2022-08-18 00:00:00+08:00	27.47082948852519	27.48214263272359	27.369000832298372	27.459514617919922	21088012	0.0	0.0	0.0
2022-08-19 00:00:00+08:00	27.436882610642538	27.606595286584657	27.357683707150873	27.50476837158203	16104076	0.0	0.0	0.0
2022-08-22 00:00:00+08:00	27.15403318192327	27.21060408438561	27.09746227946093	27.165348052978516	20028000	0.0	0.0	0.0
2022-08-23 00:00:00+08:00	26.825919997126892	26.92774692097122	26.746719360351562	26.746719360351562	41302508	0.0	0.0	0.0
2022-08-24 00:00:00+08:00	26.882490486166756	26.916431642662076	26.622264019126614	26.678834915161133	28253912	0.0	0.0	0.0
2022-08-25 00:00:00+08:00	26.814605929270513	27.02957465333063	26.803291058990794	26.92774772644043	19574876	0.0	0.0	0.0
2022-08-26 00:00:00+08:00	27.12008942481677	27.176660325463615	27.02957563850044	27.063518524169922	39838948	0.0	0.0	0.0
2022-08-29 00:00:00+08:00	26.30546818837135	26.46386601593214	26.24889728904152	26.373353958129883	63102952	0.0	0.0	0.0
2022-08-30 00:00:00+08:00	26.37335549495098	26.52043846065385	26.294154850148587	26.418611526489258	48621412	0.0	0.0	0.0
2022-08-31 00:00:00+08:00	26.237582192332486	26.610950469970703	26.203641034152778	26.610950469970703	28183656	0.0	0.0	0.0
2022-09-01 00:00:00+08:00	26.135755615820667	26.158383630379834	25.966042917016637	26.056556701660156	84246316	0.0	0.0	0.0
2022-09-02 00:00:00+08:00	26.04523839849836	26.04523839849836	25.762383937770952	25.773698806762695	55976232	0.0	0.0	0.0
2022-09-05 00:00:00+08:00	25.818955897752204	25.966040568694993	25.728442121294584	25.830270767211914	35512716	0.0	0.0	0.0
2022-09-06 00:00:00+08:00	25.977358633263687	26.1131284514459	25.852901959525962	25.99998664855957	25904464	0.0	0.0	0.0
2022-09-07 00:00:00+08:00	25.59267459599201	25.603989466458053	25.366390997925933	25.389019012451172	61955568	0.0	0.0	0.0
2022-09-08 00:00:00+08:00	25.581360341166146	25.581360341166146	25.434275663528382	25.570045471191406	28468684	0.0	0.0	0.0
2022-09-12 00:00:00+08:00	26.0904987409351	26.169697652528246	26.02261297305138	26.113126754760742	30181272	0.0	0.0	0.0
2022-09-13 00:00:00+08:00	26.271525567167906	26.339411337607782	26.192326652592627	26.248897552490234	18161944	0.0	0.0	0.0
2022-09-14 00:00:00+08:00	25.58136085064373	25.785014702990846	25.524789952456906	25.717130661010742	43782264	0.0	0.0	0.0
2022-09-15 00:00:00+08:00	25.683187410969452	25.85290010311242	25.615301643549554	25.762386322021484	14736400	0.0	0.0	0.0
2022-09-16 00:00:00+08:00	25.49084777169788	25.536103800933482	25.41164885733215	25.468219757080078	51803628	0.0	0.0	0.0
2022-09-19 00:00:00+08:00	25.55873159977804	25.55873159977804	25.3211348586867	25.355077743530273	28709272	0.0	0.0	0.0
2022-09-20 00:00:00+08:00	25.468219970187306	25.603989785437026	25.400334199359012	25.581361770629883	23028824	0.0	0.0	0.0
2022-09-21 00:00:00+08:00	25.524789777955764	25.524789777955764	25.29850618675547	25.366390228271484	44046172	0.0	0.0	0.0
2022-09-22 00:00:00+08:00	24.98171035471634	25.060909271240234	24.778054764792827	25.060909271240234	59646724	0.0	0.0	0.0
2022-09-23 00:00:00+08:00	24.947767525735124	24.9703955410213	24.7441119353457	24.82331085205078	58395944	0.0	0.0	0.0
2022-09-26 00:00:00+08:00	24.449942185545552	24.449942185545552	24.246286612633618	24.35942840576172	79683304	0.0	0.0	0.0
2022-09-27 00:00:00+08:00	24.393370995113926	24.427312151518063	24.212343437727107	24.325485229492188	35851112	0.0	0.0	0.0
2022-09-28 00:00:00+08:00	24.348115147152008	24.359430017776294	23.816349029541016	23.816349029541016	75593876	0.0	0.0	0.0
2022-09-29 00:00:00+08:00	24.08788873947494	24.08788873947494	23.66926442110606	23.737150192260742	41608432	0.0	0.0	0.0
2022-09-30 00:00:00+08:00	23.375097383646043	23.51086720308731	23.30721161072195	23.409038543701172	50705712	0.0	0.0	0.0
2022-10-03 00:00:00+08:00	23.194068324738694	23.442979932210626	23.09224139826598	23.126182556152344	43969468	0.0	0.0	0.0
2022-10-04 00:00:00+08:00	23.657950509422854	23.714521408081055	23.556121855994	23.714521408081055	30114732	0.0	0.0	0.0
2022-10-05 00:00:00+08:00	24.0992024828504	24.404684985943202	24.065259598860802	24.2689151763916	42787184	0.0	0.0	0.0
2022-10-06 00:00:00+08:00	24.39337312030451	24.438629150390625	24.325487348768448	24.438629150390625	33828044	0.0	0.0	0.0
2022-10-07 00:00:00+08:00	24.302856174289786	24.302856174289786	24.00868683775216	24.031314849853516	34802512	0.0	0.0	0.0
2022-10-11 00:00:00+08:00	23.080927801075088	23.1148706872404	22.74150239223575	22.786758422851562	125921740	0.0	0.0	0.0
2022-10-12 00:00:00+08:00	22.7188722547483	22.78675629433095	22.52653155298735	22.673614501953125	53397184	0.0	0.0	0.0
2022-10-13 00:00:00+08:00	22.752818933994135	22.752818933994135	22.40207862854004	22.40207862854004	83371040	0.0	0.0	0.0
2022-10-14 00:00:00+08:00	23.024355704738458	23.148812372083555	22.87727102325975	23.04698371887207	45731032	0.0	0.0	0.0
2022-10-17 00:00:00+08:00	22.61704444885254	22.650987333112514	22.413390596106314	22.61704444885254	78771904	0.0	0.0	0.0
2022-10-18 00:00:00+08:00	22.96778352275639	22.979098392394324	22.617043280860965	22.877269744873047	25608136	0.0	0.0	0.0
2022-10-19 00:00:00+08:00	22.809387255118658	22.85464328393004	22.526532759030413	22.571788787841797	62496316	0.0	0.0	0.0
2022-10-20 00:00:00+08:00	22.22104689455698	22.50390136992765	22.02870619658627	22.447330474853516	75939888	0.0	0.0	0.0
2022-10-21 00:00:00+08:00	22.469961720480065	22.59441666214306	22.334190182074135	22.37944793701172	48662404	0.0	0.0	0.0
2022-10-24 00:00:00+08:00	22.798071647289216	22.809386517329493	22.311561584472656	22.311561584472656	67982140	0.0	0.0	0.0
2022-10-25 00:00:00+08:00	22.311561477826828	22.311561477826828	21.8363662873219	21.881622314453125	80259668	0.0	0.0	0.0
2022-10-26 00:00:00+08:00	21.915566761263666	22.175793251847335	21.836367844931303	22.08527946472168	43837832	0.0	0.0	0.0
2022-10-27 00:00:00+08:00	22.288936817284785	22.481277551137307	22.288936817284785	22.40207862854004	32068688	0.0	0.0	0.0
2022-10-28 00:00:00+08:00	22.311561438218984	22.311561438218984	22.0060789396086	22.119220733642578	45962880	0.0	0.0	0.0
2022-10-31 00:00:00+08:00	22.368133357754722	22.48127515696077	22.198420658945647	22.41339111328125	40352320	0.0	0.0	0.0
2022-11-01 00:00:00+08:00	22.36813102312796	22.61704261012028	22.356817880232253	22.537843704223633	32777216	0.0	0.0	0.0
2022-11-02 00:00:00+08:00	22.537846960016466	22.639675619227926	22.492590929082652	22.628360748291016	28021220	0.0	0.0	0.0
2022-11-03 00:00:00+08:00	22.28893433974352	22.368133253537383	22.25499145485848	22.334190368652344	54132456	0.0	0.0	0.0
2022-11-04 00:00:00+08:00	22.198420844692716	22.390761559671056	22.06265102979076	22.368133544921875	25730140	0.0	0.0	0.0
2022-11-07 00:00:00+08:00	22.583102557203468	22.820699286489404	22.526531660743945	22.75281524658203	48426144	0.0	0.0	0.0
2022-11-08 00:00:00+08:00	22.95647078011946	23.069612581354956	22.911214750188012	22.990413665771484	41625688	0.0	0.0	0.0
2022-11-09 00:00:00+08:00	23.205382747460618	23.646635055541992	23.205382747460618	23.646635055541992	75645316	0.0	0.0	0.0
2022-11-10 00:00:00+08:00	23.409038065066046	23.499551851645165	23.352467164254954	23.420352935791016	58931616	0.0	0.0	0.0
2022-11-11 00:00:00+08:00	24.56308244589456	24.66490936279297	24.39336976679277	24.66490936279297	137249556	0.0	0.0	0.0
2022-11-14 00:00:00+08:00	24.84594117296246	24.981710994251557	24.75542738330074	24.891197204589844	72667064	0.0	0.0	0.0
2022-11-15 00:00:00+08:00	25.16273645423969	26.011299982054517	25.16273645423969	25.954729080200195	135373028	0.0	0.0	0.0
2022-11-16 00:00:00+08:00	26.02261330883576	26.192326004328166	25.76238683046604	25.90947151184082	94684964	0.0	0.0	0.0
2022-11-17 00:00:00+08:00	25.785014368915927	25.94341391763086	25.53610276540021	25.920785903930664	53409672	0.0	0.0	0.0
2022-11-18 00:00:00+08:00	25.999986144924726	26.21495487568192	25.8076454290251	25.852901458740234	42624300	0.0	0.0	0.0
2022-11-21 00:00:00+08:00	25.875528116783464	25.943413884203363	25.728443438311533	25.762386322021484	34742276	0.0	0.0	0.0
2022-11-22 00:00:00+08:00	25.660560480393425	26.022613893632155	25.581361565998524	25.977357864379883	22178072	0.0	0.0	0.0
2022-11-23 00:00:00+08:00	26.16969728572911	26.226268182703706	26.033927478271437	26.158382415771484	31755848	0.0	0.0	0.0
2022-11-24 00:00:00+08:00	26.248897398827495	26.441238112072014	26.226269384282286	26.40729522705078	60955344	0.0	0.0	0.0
2022-11-25 00:00:00+08:00	26.395982082981604	26.463866126617223	26.328096312939138	26.40729522705078	64081944	0.0	0.0	0.0
2022-11-28 00:00:00+08:00	25.932099233430606	26.09049878328078	25.773701409987233	25.87552833557129	60178952	0.0	0.0	0.0
2022-11-29 00:00:00+08:00	25.762386498039508	26.113126754760742	25.592673804737	26.113126754760742	42685868	0.0	0.0	0.0
2022-11-30 00:00:00+08:00	26.04524189111288	26.339411260279554	25.988670991381355	26.328096389770508	37184264	0.0	0.0	0.0
2022-12-01 00:00:00+08:00	26.973003242878537	27.040889010454944	26.701463625386474	26.780662536621094	98737356	0.0	0.0	0.0
2022-12-02 00:00:00+08:00	26.543067932128906	26.69015089633174	26.475182159106886	26.543067932128906	29920608	0.0	0.0	0.0
2022-12-05 00:00:00+08:00	26.543064230981187	26.814603832392105	26.520434492191377	26.57700538635254	47951016	0.0	0.0	0.0
2022-12-06 00:00:00+08:00	26.42992141500176	26.42992141500176	26.06786632532251	26.090496063232422	39880032	0.0	0.0	0.0
2022-12-07 00:00:00+08:00	25.909472281230936	26.21495479690731	25.84158651045536	25.932100296020508	32901556	0.0	0.0	0.0
2022-12-08 00:00:00+08:00	25.807643079485437	25.818956222680832	25.445587969098547	25.626615524291992	36475576	0.0	0.0	0.0
2022-12-09 00:00:00+08:00	25.796329929517665	26.079184424358864	25.78501505916128	26.022613525390625	24947356	0.0	0.0	0.0
2022-12-12 00:00:00+08:00	25.841582841493302	25.841582841493302	25.62661414190312	25.773698806762695	33456200	0.0	0.0	0.0
2022-12-13 00:00:00+08:00	25.909472222848287	25.909472222848287	25.62661772259885	25.660560607910156	26088568	0.0	0.0	0.0
2022-12-14 00:00:00+08:00	25.818958309183227	26.022613893632155	25.79633029455709	25.977357864379883	31534172	0.0	0.0	0.0
2022-12-15 00:00:00+08:00	25.86421683037736	26.03392953470685	25.773703042786913	25.99998664855957	31236764	0.0	0.0	0.0
2022-12-16 00:00:00+08:00	25.45690367707109	25.637931238226304	25.40033278001093	25.570045471191406	47527104	0.0	0.0	0.0
2022-12-19 00:00:00+08:00	25.422962188720703	25.558732003834535	25.343763273771543	25.422962188720703	24526112	0.0	0.0	0.0
2022-12-20 00:00:00+08:00	25.377704023133592	25.456902931416654	24.902508847028493	24.95907974243164	49743932	0.0	0.0	0.0
2022-12-21 00:00:00+08:00	25.07222414206089	25.207993959874265	24.959082339481927	25.060909271240234	47612612	0.0	0.0	0.0
2022-12-22 00:00:00+08:00	25.287193425887512	25.51347703596257	25.287193425887512	25.479534149169922	20092604	0.0	0.0	0.0
2022-12-23 00:00:00+08:00	25.049592971801758	25.128793610215617	24.981708929970054	25.049592971801758	23941448	0.0	0.0	0.0
2022-12-26 00:00:00+08:00	25.07222216083289	25.1627342146182	25.0495924209798	25.140106201171875	16120680	0.0	0.0	0.0
2022-12-27 00:00:00+08:00	25.20799218743492	25.400332893013804	25.20799218743492	25.25324821472168	16508700	0.0	0.0	0.0
2022-12-28 00:00:00+08:00	25.00433901006525	25.00433901006525	24.75542738330074	24.891197204589844	48701404	0.0	0.0	0.0
2022-12-29 00:00:00+08:00	24.710165613516157	24.80067938848276	24.529139789989614	24.778051376342773	55414224	0.0	0.0	0.0
2022-12-30 00:00:00+08:00	25.026964739645162	25.060907623468463	24.936450958251953	24.936450958251953	34572648	0.0	0.0	0.0
2023-01-03 00:00:00+08:00	24.80068278002724	25.094852157295303	24.540456288814244	25.060909271240234	59242536	0.0	0.0	0.0
2023-01-04 00:00:00+08:00	24.95908318613566	25.072224992552584	24.913825427724717	25.00433921813965	55019412	0.0	0.0	0.0
2023-01-05 00:00:00+08:00	25.17405080617952	25.275877736855247	25.106165034791115	25.185365676879883	48283616	0.0	0.0	0.0
2023-01-06 00:00:00+08:00	25.162734249401876	25.38901783699149	25.151421105866458	25.298505783081055	46347120	0.0	0.0	0.0
2023-01-09 00:00:00+08:00	25.79632883822772	26.20363998413086	25.773700824879047	26.20363998413086	59992304	0.0	0.0	0.0
2023-01-10 00:00:00+08:00	26.237581837336254	26.339410489718105	26.192325809437744	26.30546760559082	47897080	0.0	0.0	0.0
2023-01-11 00:00:00+08:00	26.39598216001108	26.41861017462232	26.226269460816503	26.328096389770508	62409904	0.0	0.0	0.0
2023-01-12 00:00:00+08:00	26.36203905960286	26.384667074029306	26.169698347367813	26.214954376220703	39816908	0.0	0.0	0.0
2023-01-13 00:00:00+08:00	26.814606611287154	26.83723462601531	26.46386634057677	26.520437240600586	113933548	0.0	0.0	0.0
2023-01-16 00:00:00+08:00	26.72409439086914	26.825923052718974	26.701466374815944	26.72409439086914	110397484	0.0	0.0	0.0
2023-01-17 00:00:00+08:00	26.780665294205615	26.780665294205615	26.65621034270955	26.72409439086914	56226344	0.0	0.0	0.0
2023-01-30 00:00:00+08:00	27.950392877223727	27.996667654842895	27.76529023620783	27.92725372314453	173329284	0.65	0.0	0.0
2023-01-31 00:00:00+08:00	27.904117169156116	27.904117169156116	27.371950149536133	27.371950149536133	86450304	0.0	0.0	0.0
2023-02-01 00:00:00+08:00	27.55705004736748	27.638031790368533	27.406654373068605	27.533912658691406	26163640	0.0	0.0	0.0
2023-02-02 00:00:00+08:00	27.834702477489273	28.01980334199428	27.823132901152302	27.996665954589844	62178044	0.0	0.0	0.0
2023-02-03 00:00:00+08:00	27.98509637825287	28.04294072939872	27.81156332481533	27.996665954589844	38029112	0.0	0.0	0.0
2023-02-06 00:00:00+08:00	27.78842727095877	27.78842727095877	27.59175682067871	27.59175682067871	53519476	0.0	0.0	0.0
2023-02-07 00:00:00+08:00	27.55705004736748	27.591757013016387	27.42979352701428	27.533912658691406	33203448	0.0	0.0	0.0
2023-02-08 00:00:00+08:00	27.788428675678357	27.985099135900214	27.765291285993964	27.96196174621582	35659720	0.0	0.0	0.0
2023-02-09 00:00:00+08:00	27.88097849665591	27.996667204110913	27.834703719781743	27.973529815673828	19396980	0.0	0.0	0.0
2023-02-10 00:00:00+08:00	27.973528567185404	28.01980334199428	27.904114639702588	27.996665954589844	24871900	0.0	0.0	0.0
2023-02-13 00:00:00+08:00	27.927252216187235	27.97352875657893	27.742151350429012	27.93882179260254	15322364	0.0	0.0	0.0
2023-02-14 00:00:00+08:00	28.054510984509225	28.181769266216882	28.054510984509225	28.147062301635742	30469028	0.0	0.0	0.0
2023-02-15 00:00:00+08:00	27.753721356811116	27.82313529025433	27.487638730907985	27.49920654296875	49084992	0.0	0.0	0.0
2023-02-16 00:00:00+08:00	27.60332603280509	27.88097822185264	27.60332603280509	27.83470344543457	44040076	0.0	0.0	0.0
2023-02-17 00:00:00+08:00	27.603324867035017	27.603324867035017	27.395084851409162	27.47606658935547	31532096	0.0	0.0	0.0
2023-02-20 00:00:00+08:00	27.42979352701428	27.61489440169246	27.32567263006755	27.533912658691406	23364440	0.0	0.0	0.0
2023-02-21 00:00:00+08:00	27.533912258689522	27.557049647029466	27.429793128525	27.522342681884766	17772152	0.0	0.0	0.0
2023-02-22 00:00:00+08:00	27.186846836453604	27.24469119142478	27.094295515445797	27.221553802490234	43550488	0.0	0.0	0.0
2023-02-23 00:00:00+08:00	27.290966518997674	27.71901616662201	27.290966518997674	27.62646484375	24790780	0.0	0.0	0.0
2023-02-24 00:00:00+08:00	27.742153284969806	27.788428063318857	27.487638473510742	27.487638473510742	21990924	0.0	0.0	0.0
2023-03-01 00:00:00+08:00	27.14057033806159	27.638030347062525	27.036449446552236	27.614892959594727	29869272	0.0	0.0	0.0
2023-03-02 00:00:00+08:00	27.614894209193494	27.614894209193494	27.371948981883865	27.59175682067871	13924924	0.0	0.0	0.0
2023-03-03 00:00:00+08:00	27.719013851104084	27.788426013507475	27.580185995758278	27.614892959594727	12403748	0.0	0.0	0.0
2023-03-06 00:00:00+08:00	27.79999779277475	27.973530860438427	27.74215343688686	27.880979537963867	37364848	0.0	0.0	0.0
2023-03-07 00:00:00+08:00	27.892550829750633	28.089221298804492	27.811567314313965	28.066083908081055	29874380	0.0	0.0	0.0
2023-03-08 00:00:00+08:00	27.88097822185264	27.904115610061677	27.71901473911983	27.83470344543457	24727856	0.0	0.0	0.0
2023-03-09 00:00:00+08:00	27.938825603366432	27.950395181359784	27.811567306518555	27.811567306518555	13108684	0.0	0.0	0.0
2023-03-10 00:00:00+08:00	27.499206674430848	27.522344063932643	27.302536215761076	27.371950149536133	52548684	0.0	0.0	0.0
2023-03-13 00:00:00+08:00	27.290966252353176	27.55705064103432	27.163709729258464	27.487638473510742	74943036	0.0	0.0	0.0
2023-03-14 00:00:00+08:00	27.198419172391837	27.29096873751767	27.105867841996208	27.18684959411621	44186128	0.0	0.0	0.0
2023-03-15 00:00:00+08:00	27.395086464980125	27.464498630764126	27.175276860156796	27.209983825683594	48857440	0.0	0.0	0.0
2023-03-16 00:00:00+08:00	27.117434542463055	27.163711088397196	26.955471044867878	27.08272933959961	62425580	0.0	0.0	0.0
2023-03-17 00:00:00+08:00	27.267827879606255	27.522342681884766	27.25626006807107	27.522342681884766	43399212	0.0	0.0	0.0
2023-03-20 00:00:00+08:00	27.52234451892793	27.545483674081925	27.267829699661238	27.325674057006836	28429916	0.0	0.0	0.0
2023-03-21 00:00:00+08:00	27.418223485378732	27.476067838723413	27.348809555257287	27.452930450439453	14367480	0.0	0.0	0.0
2023-03-22 00:00:00+08:00	27.638031504892567	27.973529815673828	27.638031504892567	27.973529815673828	56968508	0.0	0.0	0.0
2023-03-23 00:00:00+08:00	27.915686195088952	28.297459292770792	27.869409651729853	28.19333839416504	62131916	0.0	0.0	0.0
2023-03-24 00:00:00+08:00	28.228045823568188	28.297459757111056	28.123926688523547	28.274320602416992	53829576	0.0	0.0	0.0
2023-03-27 00:00:00+08:00	28.17020013937701	28.204907104512294	28.042941855637498	28.100786209106445	42578380	0.0	0.0	0.0
2023-03-28 00:00:00+08:00	27.985096096428205	28.031372636040558	27.811563044738236	27.857839584350586	38965956	0.0	0.0	0.0
2023-03-29 00:00:00+08:00	27.915687161786344	28.008238486439893	27.799998447286832	27.904117584228516	12297708	0.0	0.0	0.0
2023-03-30 00:00:00+08:00	28.089216678875882	28.158628839629742	27.938821016004983	28.042940139770508	45522456	0.0	0.0	0.0
2023-03-31 00:00:00+08:00	28.15863353029855	28.30902921822238	28.089221357982	28.135496139526367	59806560	0.0	0.0	0.0
2023-04-06 00:00:00+08:00	27.961958990848434	27.996665954589844	27.81156332481533	27.996665954589844	30005676	0.0	0.0	0.0
2023-04-07 00:00:00+08:00	28.05451030573569	28.100785080544565	27.95039117978097	27.996665954589844	17655436	0.0	0.0	0.0
2023-04-10 00:00:00+08:00	28.05451030573569	28.147061620622946	27.973528567185404	27.996665954589844	15124112	0.0	0.0	0.0
2023-04-11 00:00:00+08:00	27.996668713377247	28.031375680538677	27.857842610001214	27.96196174621582	23765992	0.0	0.0	0.0
2023-04-12 00:00:00+08:00	27.961963595763596	27.961963595763596	27.80000009199007	27.89255142211914	11568680	0.0	0.0	0.0
2023-04-13 00:00:00+08:00	27.776859266518336	27.79999665487251	27.649600982666016	27.649600982666016	26200016	0.0	0.0	0.0
2023-04-14 00:00:00+08:00	27.7652899799081	27.97353000781133	27.7305830143793	27.915685653686523	12363216	0.0	0.0	0.0
2023-04-17 00:00:00+08:00	27.84627342224121	27.880980389888375	27.719016894561218	27.84627342224121	22756672	0.0	0.0	0.0
2023-04-18 00:00:00+08:00	27.846272559618093	27.857842136898643	27.707446458599705	27.753721237182617	19338552	0.0	0.0	0.0
2023-04-19 00:00:00+08:00	27.765288556446816	27.776858132786472	27.48763637699015	27.545480728149414	31139140	0.0	0.0	0.0
2023-04-20 00:00:00+08:00	27.49920884882347	27.626467149050306	27.39508970519774	27.510778427124023	25631852	0.0	0.0	0.0
2023-04-21 00:00:00+08:00	27.638030919083825	27.66117007230004	27.418223085686144	27.441360473632812	19224952	0.0	0.0	0.0
2023-04-24 00:00:00+08:00	27.25626038370248	27.418223869227205	27.233121229825006	27.337242126464844	26235392	0.0	0.0	0.0
2023-04-25 00:00:00+08:00	27.371949856127213	27.371949856127213	26.96703936574231	26.978607177734375	74111004	0.0	0.0	0.0
2023-04-26 00:00:00+08:00	26.967039754808443	26.978607566967405	26.758799717980757	26.862918853759766	51812420	0.0	0.0	0.0
2023-04-27 00:00:00+08:00	26.851350384640682	26.990176484039317	26.724092097117985	26.839780807495117	37843400	0.0	0.0	0.0
2023-04-28 00:00:00+08:00	27.036451352554383	27.198416606786132	27.036451352554383	27.16370964050293	22563740	0.0	0.0	0.0
2023-05-02 00:00:00+08:00	27.175273709835174	27.302531980257694	27.094291976506934	27.233118057250977	20658196	0.0	0.0	0.0
2023-05-03 00:00:00+08:00	27.152140514833984	27.152140514833984	27.024883990038916	27.117433547973633	16713728	0.0	0.0	0.0
2023-05-04 00:00:00+08:00	27.07116087243912	27.18684959411621	27.001746933324945	27.18684959411621	14828800	0.0	0.0	0.0
2023-05-05 00:00:00+08:00	27.233122670459988	27.314106182775983	27.163710500964452	27.256261825561523	8875004	0.0	0.0	0.0
2023-05-08 00:00:00+08:00	27.418224734219702	27.51077605684062	27.38351776757815	27.429794311523438	24044836	0.0	0.0	0.0
2023-05-09 00:00:00+08:00	27.44136448786033	27.53391581845532	27.371952313866444	27.510778427124023	18544840	0.0	0.0	0.0
2023-05-10 00:00:00+08:00	27.487639254419367	27.487639254419367	27.221554858178912	27.256261825561523	16300476	0.0	0.0	0.0
2023-05-11 00:00:00+08:00	27.360381158829384	27.40665593882523	27.19841766357422	27.19841766357422	14739856	0.0	0.0	0.0
2023-05-12 00:00:00+08:00	27.105865735866622	27.186847481694333	27.013314412662243	27.117433547973633	15253396	0.0	0.0	0.0
2023-05-15 00:00:00+08:00	27.059589191629602	27.152140514833984	26.990177023178564	27.117433547973633	16478796	0.0	0.0	0.0
2023-05-16 00:00:00+08:00	27.27939699273658	27.53391179068904	27.26782741612847	27.441360473632812	31605876	0.0	0.0	0.0
2023-05-17 00:00:00+08:00	27.45293392795841	27.92725662630647	27.45293392795841	27.89255142211914	104119624	0.0	0.0	0.0
2023-05-18 00:00:00+08:00	28.181768886192746	28.320594977375713	28.13549234561874	28.26275062561035	87894220	0.0	0.0	0.0
2023-05-19 00:00:00+08:00	28.36687213080289	28.424716487417605	28.27432080716541	28.343734741210938	136498504	0.0	0.0	0.0
2023-05-22 00:00:00+08:00	28.343733425717833	28.378440391129775	28.251182106375857	28.29745864868164	71936104	0.0	0.0	0.0
2023-05-23 00:00:00+08:00	28.297459757111056	28.378441502731295	28.181771044719383	28.274320602416992	49062812	0.0	0.0	0.0
2023-05-24 00:00:00+08:00	28.147065717547342	28.181772686340494	28.019807420395693	28.135496139526367	43519312	0.0	0.0	0.0
2023-05-25 00:00:00+08:00	28.45942155798371	28.551972875453828	28.3321632758036	28.470991134643555	45771436	0.0	0.0	0.0
2023-05-26 00:00:00+08:00	28.92217899268729	29.16512600233375	28.92217899268729	29.141986846923828	95122080	0.0	0.0	0.0
2023-05-29 00:00:00+08:00	29.489052804900357	29.51219196016124	29.269244952079575	29.327089309692383	57995472	0.0	0.0	0.0
2023-05-30 00:00:00+08:00	29.327089309692383	29.39650324493563	29.257675374449132	29.327089309692383	48495216	0.0	0.0	0.0
2023-05-31 00:00:00+08:00	29.315517550219624	29.315517550219624	28.95688361887381	29.188261032104492	35461188	0.0	0.0	0.0
2023-06-01 00:00:00+08:00	29.003161072313233	29.061005430959757	28.899041932857383	28.956886291503906	15517372	0.0	0.0	0.0
2023-06-02 00:00:00+08:00	29.1072814568716	29.384933667305187	29.1072814568716	29.327089309692383	31771276	0.0	0.0	0.0
2023-06-05 00:00:00+08:00	29.32708653375921	29.338656110294544	29.211397829484028	29.234535217285156	25440488	0.0	0.0	0.0
2023-06-06 00:00:00+08:00	29.23453568430471	29.442775708380566	29.188260907963212	29.31551742553711	26369656	0.0	0.0	0.0
2023-06-07 00:00:00+08:00	29.384933489073827	29.674155275383608	29.384933489073827	29.639450073242188	48306172	0.0	0.0	0.0
2023-06-08 00:00:00+08:00	29.593172446334265	29.662584613349065	29.2808132815936	29.3502254486084	20562940	0.0	0.0	0.0
2023-06-09 00:00:00+08:00	29.500616291491102	29.66257975325822	29.477478906277135	29.570030212402344	22207812	0.0	0.0	0.0
2023-06-12 00:00:00+08:00	29.731998059176657	29.91710069872684	29.731998059176657	29.847686767578125	54885148	0.0	0.0	0.0
2023-06-13 00:00:00+08:00	30.125339342755073	30.5302498272828	30.125339342755073	30.437700271606445	93752808	0.0	0.0	0.0
2023-06-14 00:00:00+08:00	30.40298923501699	30.449267539885355	30.3104396863582	30.426128387451172	26707972	0.0	0.0	0.0
2023-06-15 00:00:00+08:00	30.437702495360064	30.541821635737634	30.426132917420446	30.5186824798584	44164476	0.0	0.0	0.0
2023-06-16 00:00:00+08:00	30.495544626538976	30.495544626538976	30.333581138835733	30.437700271606445	28808864	0.0	0.0	0.0
2023-06-19 00:00:00+08:00	30.29887410424716	30.426132398332868	30.206324543388163	30.368288040161133	23915984	0.0	0.0	0.0
2023-06-20 00:00:00+08:00	30.333581913868134	30.36828711549869	30.160048844636716	30.206323623657227	26115876	0.0	0.0	0.0
2023-06-21 00:00:00+08:00	30.206323623657227	30.322012336478174	30.136909689856793	30.206323623657227	106262060	0.0	0.0	0.0
2023-06-26 00:00:00+08:00	30.160050945508566	30.160050945508566	29.940239551405803	30.021223068237305	29573612	0.0	0.0	0.0
2023-06-27 00:00:00+08:00	29.882393077662446	29.974946166144395	29.778273942342164	29.824548721313477	26296196	0.0	0.0	0.0
2023-06-28 00:00:00+08:00	29.928672987982956	30.009652972879337	29.80141469110063	29.87082862854004	22783412	0.0	0.0	0.0
2023-06-29 00:00:00+08:00	30.021222149902435	30.194755225913433	29.82454991820752	29.8592586517334	22786068	0.0	0.0	0.0
2023-06-30 00:00:00+08:00	29.80141469110063	29.87082862854004	29.685725972214787	29.87082862854004	28116752	0.0	0.0	0.0
2023-07-03 00:00:00+08:00	29.986514790508163	30.24102783203125	29.986514790508163	30.24102783203125	26491300	0.0	0.0	0.0
2023-07-04 00:00:00+08:00	30.252595712210386	30.34514526202066	30.206320937305247	30.310440063476562	22718680	0.0	0.0	0.0
2023-07-05 00:00:00+08:00	30.31044065410274	30.35671542990959	30.171612796143126	30.2641658782959	20003768	0.0	0.0	0.0
2023-07-06 00:00:00+08:00	30.00965036601296	30.00965036601296	29.546895530668	29.593172073364258	65609104	0.0	0.0	0.0
2023-07-07 00:00:00+08:00	29.512190779871013	29.685723845769267	29.40806988117028	29.54689598083496	32081608	0.0	0.0	0.0
2023-07-10 00:00:00+08:00	29.639447344859292	29.731996895743258	29.384930784119796	29.489049911499023	31486556	0.0	0.0	0.0
2023-07-11 00:00:00+08:00	29.616310653835583	29.893962860107422	29.616310653835583	29.893962860107422	18161736	0.0	0.0	0.0
2023-07-12 00:00:00+08:00	29.917099915350086	29.951805114746094	29.81298078662296	29.951805114746094	13757804	0.0	0.0	0.0
2023-07-13 00:00:00+08:00	30.37985510094236	30.51867943072931	30.27573597096736	30.287302017211914	62665236	0.0	0.0	0.0
2023-07-14 00:00:00+08:00	30.414562040599925	30.65750904479865	30.414562040599925	30.59966468811035	58928984	0.0	0.0	0.0
2023-07-17 00:00:00+08:00	30.541818618774414	30.588093395422305	30.483974265329767	30.541818618774414	61113608	0.0	0.0	0.0
2023-07-18 00:00:00+08:00	30.75310186137241	30.75310186137241	30.447917691366282	30.48313331604004	43350244	0.475	0.0	0.0
2023-07-19 00:00:00+08:00	30.553555030160975	30.635721232590168	30.224897384643555	30.224897384643555	57198712	0.0	0.0	0.0
2023-07-20 00:00:00+08:00	30.29532741389089	30.447917707926972	30.283588872326586	30.365755081176758	14887776	0.0	0.0	0.0
2023-07-21 00:00:00+08:00	29.907977229268045	29.907977229268045	29.696696029739762	29.861024856567383	51028788	0.0	0.0	0.0
2023-07-24 00:00:00+08:00	29.814073558874824	29.9666656321499	29.720170606778638	29.87276268005371	38900724	0.0	0.0	0.0
2023-07-25 00:00:00+08:00	29.978400937935916	30.33053564804973	29.978400937935916	30.24837303161621	27691160	0.0	0.0	0.0
2023-07-26 00:00:00+08:00	30.30706550704826	30.33053900772961	30.13099813248857	30.166210174560547	17586968	0.0	0.0	0.0
2023-07-27 00:00:00+08:00	30.318796632345766	30.400962829589844	30.283584594726562	30.400962829589844	16027612	0.0	0.0	0.0
2023-07-28 00:00:00+08:00	30.377485749777406	30.494863984640688	30.283584594726562	30.400962829589844	10722548	0.0	0.0	0.0
2023-07-31 00:00:00+08:00	30.588769926589237	30.670932544969997	30.107518428274865	30.236635208129883	28994208	0.0	0.0	0.0
2023-08-01 00:00:00+08:00	30.28358530865602	30.412702086469423	30.2483732702067	30.389225006103516	17791060	0.0	0.0	0.0
2023-08-02 00:00:00+08:00	30.37748804280259	30.389226583594887	29.919713608700874	30.01361656188965	48022884	0.0	0.0	0.0
2023-08-04 00:00:00+08:00	29.87276268005371	29.9314518012326	29.790598268613238	29.87276268005371	26939664	0.0	0.0	0.0
2023-08-07 00:00:00+08:00	29.966667508269552	30.21316075802315	29.94319221653825	30.166210174560547	18407492	0.0	0.0	0.0
2023-08-08 00:00:00+08:00	30.072307128681505	30.0957806278962	29.673220029985004	29.81407356262207	42070044	0.0	0.0	0.0
2023-08-09 00:00:00+08:00	29.76712369326582	29.966666351856464	29.731909861502793	29.861024856567383	14657596	0.0	0.0	0.0
2023-08-10 00:00:00+08:00	29.790597921777337	29.814073211765614	29.649744390797856	29.673219680786133	43583592	0.0	0.0	0.0
2023-08-11 00:00:00+08:00	29.814072852802706	29.89623726229732	29.614530203730126	29.649744033813477	30991408	0.0	0.0	0.0
2023-08-14 00:00:00+08:00	29.497154629285994	29.508891379674353	29.133281337297625	29.227184295654297	90266740	0.0	0.0	0.0
2023-08-15 00:00:00+08:00	29.403250468592898	29.450201050326385	29.250658391384235	29.274133682250977	29644352	0.0	0.0	0.0
2023-08-16 00:00:00+08:00	29.14501917553762	29.20370829921327	29.015902387031225	29.121543884277344	72292252	0.0	0.0	0.0
2023-08-17 00:00:00+08:00	29.015901547369104	29.262396576093725	28.851572722252598	29.25065803527832	38535436	0.0	0.0	0.0
2023-08-18 00:00:00+08:00	29.156755095580188	29.297610421231674	29.039376851570527	29.0745906829834	30402880	0.0	0.0	0.0
2023-08-21 00:00:00+08:00	29.156754749576038	29.215443870884403	28.87504768371582	28.87504768371582	40236924	0.0	0.0	0.0
2023-08-22 00:00:00+08:00	29.109804153442383	29.191968565020357	29.039376491489925	29.109804153442383	14564580	0.0	0.0	0.0
2023-08-23 00:00:00+08:00	29.109804496228048	29.37977481549175	29.109804496228048	29.30934715270996	27136280	0.0	0.0	0.0
2023-08-24 00:00:00+08:00	29.673220029985004	29.83754885288661	29.638006199063277	29.81407356262207	26694756	0.0	0.0	0.0
2023-08-25 00:00:00+08:00	29.461938150696067	29.461938150696067	29.22718167140765	29.238920211791992	28754872	0.0	0.0	0.0
2023-08-28 00:00:00+08:00	29.309345243932487	29.508887887419142	29.285869954884014	29.42672348022461	17258996	0.0	0.0	0.0
2023-08-29 00:00:00+08:00	29.579316376003185	29.591054916381836	29.274132236656246	29.591054916381836	25960364	0.0	0.0	0.0
2023-08-30 00:00:00+08:00	29.755384806084713	29.82581246879125	29.60279273092046	29.720170974731445	22997780	0.0	0.0	0.0
2023-08-31 00:00:00+08:00	29.708434601827296	29.708434601827296	29.46193957027753	29.50889015197754	17424156	0.0	0.0	0.0
2023-09-01 00:00:00+08:00	29.461938494900455	29.649744396945245	29.368035543878058	29.55584144592285	12327708	0.0	0.0	0.0
2023-09-04 00:00:00+08:00	29.555839896784164	29.767121077748016	29.485412239446305	29.755382537841797	13690652	0.0	0.0	0.0
2023-09-05 00:00:00+08:00	29.708432677302866	29.720169426442613	29.591054439606765	29.684955596923828	14489636	0.0	0.0	0.0
2023-09-06 00:00:00+08:00	29.72017062560409	29.74364591588055	29.544103261955904	29.579317092895508	29338084	0.0	0.0	0.0
2023-09-07 00:00:00+08:00	29.414988646882644	29.46193922803726	29.274133321319066	29.30934715270996	22600776	0.0	0.0	0.0
2023-09-08 00:00:00+08:00	29.13327872386894	29.227181673801958	29.07458960404203	29.18023109436035	22110532	0.0	0.0	0.0
2023-09-11 00:00:00+08:00	29.215443138232352	29.22718167861959	28.968949909548574	29.06285285949707	33026528	0.0	0.0	0.0
2023-09-12 00:00:00+08:00	29.13327871673772	29.356298446655273	29.074589596925176	29.356298446655273	10398692	0.0	0.0	0.0
2023-09-13 00:00:00+08:00	29.391511917114258	29.485414871597506	29.274133671772667	29.391511917114258	12823132	0.0	0.0	0.0
2023-09-14 00:00:00+08:00	29.555842498851664	29.802335739135742	29.47367808542364	29.802335739135742	28711600	0.0	0.0	0.0
2023-09-15 00:00:00+08:00	29.81407391460554	29.896238327026367	29.755384792726392	29.896238327026367	22933528	0.0	0.0	0.0
2023-09-18 00:00:00+08:00	29.72017062560409	29.72017062560409	29.544103261955904	29.579317092895508	28383636	0.0	0.0	0.0
2023-09-19 00:00:00+08:00	29.544102075582167	29.5910544452995	29.426723837863484	29.450199127197266	16069368	0.0	0.0	0.0
2023-09-20 00:00:00+08:00	29.356299167662023	29.391511207574535	29.22718238448332	29.285871505737305	23793164	0.0	0.0	0.0
2023-09-21 00:00:00+08:00	29.0628555158965	29.0745922663067	28.792885181762454	28.816360473632812	84682840	0.0	0.0	0.0
2023-09-22 00:00:00+08:00	28.74593245244854	28.82809865955639	28.65203128612518	28.792884826660156	38237532	0.0	0.0	0.0
2023-09-25 00:00:00+08:00	28.816359737151153	29.05111623195483	28.816359737151153	29.004165649414062	15972528	0.0	0.0	0.0
2023-09-26 00:00:00+08:00	28.79288364593669	28.875048058625243	28.640291570343738	28.663766860961914	40307016	0.0	0.0	0.0
2023-09-27 00:00:00+08:00	28.605078925969806	28.710720424710406	28.53465305119268	28.675506591796875	26110120	0.0	0.0	0.0
2023-09-28 00:00:00+08:00	28.816360118240997	28.910263075614296	28.65203128612518	28.792884826660156	22157308	0.0	0.0	0.0
2023-10-02 00:00:00+08:00	29.015901197363707	29.227182392143387	29.015901197363707	29.168493270874023	25845048	0.0	0.0	0.0
2023-10-03 00:00:00+08:00	29.098065620485972	29.145017992150013	28.98068737790063	28.9924259185791	20273816	0.0	0.0	0.0
2023-10-04 00:00:00+08:00	28.66376423660569	28.68723952507455	28.487696886514684	28.61681365966797	44900108	0.0	0.0	0.0
2023-10-05 00:00:00+08:00	28.734193786219365	29.027639389038086	28.734193786219365	29.027639389038086	16421960	0.0	0.0	0.0
2023-10-06 00:00:00+08:00	29.06285202591235	29.18023026221886	29.06285202591235	29.133277893066406	19539980	0.0	0.0	0.0
2023-10-11 00:00:00+08:00	29.55584179884512	29.673220041262258	29.54410325818347	29.63800621032715	53988076	0.0	0.0	0.0
2023-10-12 00:00:00+08:00	29.696696499216745	29.896239160961972	29.64974591682372	29.884502410888672	57188056	0.0	0.0	0.0
2023-10-13 00:00:00+08:00	29.814074280075413	29.907977234443106	29.696696034878265	29.802335739135742	25451284	0.0	0.0	0.0
2023-10-16 00:00:00+08:00	29.6497447509888	29.6497447509888	29.50888942724836	29.63800621032715	30968164	0.0	0.0	0.0
2023-10-17 00:00:00+08:00	29.743645190275874	29.814072850436983	29.673219321164563	29.708433151245117	27344148	0.0	0.0	0.0
2023-10-18 00:00:00+08:00	29.638007437253428	29.638007437253428	29.297611236572266	29.297611236572266	38264128	0.0	0.0	0.0
2023-10-19 00:00:00+08:00	29.203707449587142	29.39151156525547	29.203707449587142	29.30934715270996	31304980	0.0	0.0	0.0
2023-10-20 00:00:00+08:00	29.28587303695955	29.450201868642754	29.08633037247282	29.438465118408203	17549164	0.0	0.0	0.0
2023-10-23 00:00:00+08:00	29.30934717100272	29.30934717100272	29.00416481120752	29.0745906829834	32149280	0.0	0.0	0.0
2023-10-24 00:00:00+08:00	29.062854289161784	29.098066329956055	28.8046207163379	29.098066329956055	28788744	0.0	0.0	0.0
2023-10-25 00:00:00+08:00	29.156753540039062	29.321084147515315	29.156753540039062	29.156753540039062	15920360	0.0	0.0	0.0
2023-10-26 00:00:00+08:00	28.605077386886915	28.734194170272822	28.546388265538745	28.581602096557617	87896488	0.0	0.0	0.0
2023-10-27 00:00:00+08:00	28.675506229786876	28.816359768612884	28.66376768861391	28.71072006225586	16275748	0.0	0.0	0.0
2023-10-30 00:00:00+08:00	28.734194166343453	28.83983386833577	28.581602092649113	28.640291213989258	36553408	0.0	0.0	0.0
2023-10-31 00:00:00+08:00	28.734191890835316	28.745928639543983	28.429007767614674	28.440746307373047	43123508	0.0	0.0	0.0
2023-11-01 00:00:00+08:00	28.640291217905784	28.675505048924652	28.46422385386128	28.581602096557617	17689308	0.0	0.0	0.0
2023-11-02 00:00:00+08:00	28.91026337836924	29.227184295654297	28.91026337836924	29.227184295654297	39232848	0.0	0.0	0.0
2023-11-03 00:00:00+08:00	29.344559429670362	29.485412956722826	29.274131770619245	29.450199127197266	34794272	0.0	0.0	0.0
2023-11-06 00:00:00+08:00	29.708433151245117	29.861023429844522	29.66148078078778	29.708433151245117	63692796	0.0	0.0	0.0
2023-11-07 00:00:00+08:00	29.69669532775879	29.76712298962005	29.602792375627054	29.69669532775879	26172452	0.0	0.0	0.0
2023-11-08 00:00:00+08:00	29.731909861502793	29.9197139791558	29.696696029739762	29.861024856567383	44402716	0.0	0.0	0.0
2023-11-09 00:00:00+08:00	29.790598268613238	29.907976510971015	29.73190914743435	29.87276268005371	24907492	0.0	0.0	0.0
2023-11-10 00:00:00+08:00	29.74364399793558	29.778857826604508	29.673218131647445	29.755382537841797	17006284	0.0	0.0	0.0
2023-11-13 00:00:00+08:00	30.342276347139475	30.424442551519025	30.166208979554526	30.213159561157227	101550224	0.0	0.0	0.0
2023-11-14 00:00:00+08:00	30.330535172251984	30.42443990940228	30.271846054820344	30.283584594726562	80377828	0.0	0.0	0.0
2023-11-15 00:00:00+08:00	30.72962356095078	30.753100643136612	30.53008269077047	30.6474609375	91164196	0.0	0.0	0.0
2023-11-16 00:00:00+08:00	30.706151252428743	30.80005242061631	30.588773001144308	30.65920066833496	73317344	0.0	0.0	0.0
2023-11-17 00:00:00+08:00	30.659196379128844	30.87047576904297	30.647457839222625	30.753097534179688	108590352	0.0	0.0	0.0
2023-11-20 00:00:00+08:00	30.764838699858192	30.764838699858192	30.623983373160502	30.741361618041992	34641500	0.0	0.0	0.0
2023-11-21 00:00:00+08:00	30.85874408474199	31.152189737092332	30.85874408474199	31.11697769165039	113513384	0.0	0.0	0.0
2023-11-22 00:00:00+08:00	30.811790937551766	30.9409077302815	30.788313854473653	30.835268020629883	24548288	0.0	0.0	0.0
2023-11-23 00:00:00+08:00	30.83526492280605	30.85873842142598	30.694409602688104	30.82352638244629	24937264	0.0	0.0	0.0
2023-11-24 00:00:00+08:00	30.823525908483525	30.90568852553928	30.764836789686754	30.800048828125	53237608	0.0	0.0	0.0
2023-11-27 00:00:00+08:00	30.800046669522015	30.95264051695889	30.54181671417384	30.600505828857422	37727104	0.0	0.0	0.0
2023-11-28 00:00:00+08:00	30.61224600949635	30.94090725706358	30.588772508877195	30.811790466308594	38275884	0.0	0.0	0.0
2023-11-29 00:00:00+08:00	30.82353044505672	31.03480987098115	30.76484131762215	30.788314819335938	26470308	0.0	0.0	0.0
2023-11-30 00:00:00+08:00	30.823529479090823	30.870480063147102	30.670935603282977	30.835268020629883	43669324	0.0	0.0	0.0
2023-12-01 00:00:00+08:00	30.753100613651057	30.940906524658203	30.706150031424226	30.940906524658203	21198560	0.0	0.0	0.0
2023-12-04 00:00:00+08:00	30.940904621844716	30.987855201184168	30.729621641667794	30.82352638244629	17596136	0.0	0.0	0.0
2023-12-05 00:00:00+08:00	30.659194943541	30.659194943541	30.494862556747552	30.600505828857422	19111864	0.0	0.0	0.0
2023-12-06 00:00:00+08:00	30.61224530830627	30.84700180171997	30.61224530830627	30.70615005493164	28548196	0.0	0.0	0.0
2023-12-07 00:00:00+08:00	30.659196379128844	30.67093133693561	30.518341064453125	30.518341064453125	10954636	0.0	0.0	0.0
2023-12-08 00:00:00+08:00	30.78831267244024	30.893955960135923	30.729623549098115	30.76483917236328	52095808	0.0	0.0	0.0
2023-12-11 00:00:00+08:00	30.764836789686754	30.835264448662784	30.6709320503522	30.800048828125	12519352	0.0	0.0	0.0
2023-12-12 00:00:00+08:00	30.964378837244176	30.99959445913865	30.8352656365968	30.8704776763916	21902040	0.0	0.0	0.0
2023-12-13 00:00:00+08:00	30.893954040236828	30.94090461957283	30.84699987880123	30.88221549987793	11761744	0.0	0.0	0.0
2023-12-14 00:00:00+08:00	31.140445703847966	31.328251604658018	31.105233664614666	31.257823944091797	128026068	0.0	0.0	0.0
2023-12-15 00:00:00+08:00	31.37520146226725	31.504318239983892	31.37520146226725	31.386940002441406	73515340	0.0	0.0	0.0
2023-12-18 00:00:00+08:00	31.375202176279874	31.43389129638672	31.128710737510815	31.43389129638672	26607988	0.0	0.0	0.0
2023-12-19 00:00:00+08:00	31.410419716038152	31.410419716038152	31.163924680114455	31.31651496887207	22424988	0.0	0.0	0.0
2023-12-20 00:00:00+08:00	31.351727248402312	31.42215490574017	31.316511628683656	31.398677825927734	26463340	0.0	0.0	0.0
2023-12-21 00:00:00+08:00	31.034808857698714	31.152187108735472	30.999596815227665	31.128713607788086	21419804	0.0	0.0	0.0
2023-12-22 00:00:00+08:00	31.128710033115883	31.246088270673486	31.128710033115883	31.210872650146484	24816776	0.0	0.0	0.0
2023-12-25 00:00:00+08:00	31.222614274042822	31.410420189103657	31.21087573270779	31.33999252319336	32321648	0.0	0.0	0.0
2023-12-26 00:00:00+08:00	31.339990605189147	31.551270007889883	31.339990605189147	31.51605796813965	67267856	0.0	0.0	0.0
2023-12-27 00:00:00+08:00	31.55126809841022	31.903402803000063	31.539533140603453	31.86819076538086	119800140	0.0	0.0	0.0
2023-12-28 00:00:00+08:00	31.86819076538086	31.9268798828125	31.797763108043	31.86819076538086	59393184	0.0	0.0	0.0
2023-12-29 00:00:00+08:00	31.856454854085854	31.926882517235	31.774292232161642	31.797765731811523	52446432	0.0	0.0	0.0
2024-01-02 00:00:00+08:00	31.832980168036613	31.915142786898667	31.609958646026268	31.66864776611328	23688304	0.0	0.0	0.0
2024-01-03 00:00:00+08:00	31.386946258972603	31.43389684692861	31.05828856118032	31.11697769165039	54189900	0.0	0.0	0.0
2024-01-04 00:00:00+08:00	31.11697077867575	31.163921356201172	31.05828166124411	31.10523223876953	18270372	0.0	0.0	0.0
2024-01-05 00:00:00+08:00	31.11697412897469	31.210875294135676	31.01133442264362	31.023069381713867	15998684	0.0	0.0	0.0
2024-01-08 00:00:00+08:00	31.222610473632812	31.36346578830853	31.163921356201172	31.163921356201172	37578880	0.0	0.0	0.0
2024-01-09 00:00:00+08:00	31.422156825278716	31.445630324425665	31.163923259964562	31.222612380981445	22804060	0.0	0.0	0.0
2024-01-10 00:00:00+08:00	31.081756350785927	31.140445470468	30.987855192134447	31.05828285217285	27125880	0.0	0.0	0.0
2024-01-11 00:00:00+08:00	31.093494171943423	31.281300067001986	31.070020673873294	31.18739891052246	22504312	0.0	0.0	0.0
2024-01-12 00:00:00+08:00	31.034807910288954	31.23435236379986	30.976118786562196	31.14044761657715	25937588	0.0	0.0	0.0
2024-01-15 00:00:00+08:00	31.14044761657715	31.14044761657715	31.14044761657715	31.14044761657715	0	0.0	0.0	0.0
2024-01-16 00:00:00+08:00	30.99959398100583	31.0582831011584	30.776576040846	30.905689239501953	87905184	0.0	0.0	0.0
2024-01-17 00:00:00+08:00	31.23000179705319	31.23000179705319	30.581379415932872	30.617412567138672	145373216	0.75	0.0	0.0
2024-01-18 00:00:00+08:00	30.72551872087598	30.881669102531365	30.72551872087598	30.821611404418945	28368372	0.0	0.0	0.0
2024-01-19 00:00:00+08:00	31.638393863654848	31.974719164289983	31.494257591066276	31.92667007446289	104149832	0.0	0.0	0.0
2024-01-22 00:00:00+08:00	32.142879486083984	32.27500714980901	32.034776366902	32.142879486083984	51769732	0.0	0.0	0.0
2024-01-23 00:00:00+08:00	32.16690126201449	32.25098350462903	32.0708104124244	32.202938079833984	27609740	0.0	0.0	0.0
2024-01-24 00:00:00+08:00	32.226962569066316	32.287020273194756	32.17891713888984	32.1909294128418	56681432	0.0	0.0	0.0
2024-01-25 00:00:00+08:00	32.443166896003405	32.59931543349691	32.40713008037594	32.587303161621094	104278032	0.0	0.0	0.0
2024-01-26 00:00:00+08:00	32.587303161621094	32.659373127245296	32.50322458975179	32.587303161621094	63300248	0.0	0.0	0.0
2024-01-29 00:00:00+08:00	32.58730626182678	32.82753705967477	32.57529765443924	32.79150390625	106544936	0.0	0.0	0.0
2024-01-30 00:00:00+08:00	32.75547325956996	32.827539571934665	32.68340328157391	32.70742416381836	38244096	0.0	0.0	0.0
2024-01-31 00:00:00+08:00	32.49121540707176	32.50322768008969	32.27500915527344	32.27500915527344	27139568	0.0	0.0	0.0
2024-02-01 00:00:00+08:00	32.27500915527344	32.31104230869614	32.094836056897805	32.27500915527344	33583900	0.0	0.0	0.0
2024-02-02 00:00:00+08:00	32.43115657662815	32.479202001393254	32.347074334065994	32.45518112182617	35616952	0.0	0.0	0.0
2024-02-05 00:00:00+08:00	32.455180270755655	32.71943193284979	32.43115572618762	32.65937423706055	68850940	0.0	0.0	0.0
2024-02-15 00:00:00+08:00	34.16082063132136	34.28093603696288	33.96863524916868	34.19685745239258	166902248	0.0	0.0	0.0
2024-02-16 00:00:00+08:00	34.19685749569322	34.19685749569322	33.920589862989154	33.94461441040039	70613876	0.0	0.0	0.0
2024-02-19 00:00:00+08:00	33.8725437514126	33.9326014530995	33.77645289496604	33.896568298339844	35994992	0.0	0.0	0.0
2024-02-20 00:00:00+08:00	33.76443866540022	34.11277258187771	33.72840184709711	34.028690338134766	53273328	0.0	0.0	0.0
2024-02-21 00:00:00+08:00	33.96863487562349	33.99265942274011	33.88455629197779	33.920589447021484	41419940	0.0	0.0	0.0
2024-02-22 00:00:00+08:00	34.340987677887945	34.365012221027925	34.07673603150126	34.304954528808594	49482432	0.0	0.0	0.0
2024-02-23 00:00:00+08:00	34.461106451242436	34.61725866574713	34.42507329861957	34.53317642211914	76632740	0.0	0.0	0.0
2024-02-26 00:00:00+08:00	34.521164834861686	34.5932348071695	34.35300400989749	34.58122253417969	39179224	0.0	0.0	0.0
2024-02-27 00:00:00+08:00	34.581216637708565	34.64127432678608	34.26891592137938	34.43708038330078	23922688	0.0	0.0	0.0
2024-02-29 00:00:00+08:00	34.353001748744504	34.581220258005104	34.28093178118041	34.425071716308594	27390448	0.0	0.0	0.0
2024-03-01 00:00:00+08:00	34.485127605466595	34.58121844676527	34.304954528808594	34.304954528808594	34647028	0.0	0.0	0.0
2024-03-04 00:00:00+08:00	34.833461138890286	35.361968092009405	34.79742799017126	35.301910400390625	97571592	0.0	0.0	0.0
2024-03-05 00:00:00+08:00	35.4940962311047	35.686281580033764	35.398005389455484	35.590187072753906	65483708	0.0	0.0	0.0
2024-03-06 00:00:00+08:00	35.31392576386715	35.8063996113874	35.1697858251092	35.75835418701172	66132768	0.0	0.0	0.0
2024-03-07 00:00:00+08:00	36.274846026999136	36.75530756378058	36.214788334901456	36.5871467590332	118461268	0.0	0.0	0.0
2024-03-08 00:00:00+08:00	37.379912936623725	37.5841069117298	36.75531140724173	37.10364532470703	115837004	0.0	0.0	0.0
2024-03-11 00:00:00+08:00	36.95951110897925	37.043589692018166	36.64721032687319	36.73128890991211	52057640	0.0	0.0	0.0
2024-03-12 00:00:00+08:00	36.56312624508444	37.13968235213524	36.53910536497672	37.115657806396484	58684560	0.0	0.0	0.0
2024-03-13 00:00:00+08:00	37.36789974235163	37.512036015525545	37.223759803546805	37.29582977294922	51296604	0.0	0.0	0.0
2024-03-14 00:00:00+08:00	37.21174705317294	37.427956958603644	37.067610781850014	37.259796142578125	33274472	0.0	0.0	0.0
2024-03-15 00:00:00+08:00	37.067610811825624	37.17571393181296	36.75531005859375	36.75531005859375	34403816	0.0	0.0	0.0
2024-03-18 00:00:00+08:00	36.755311200248094	37.11565738848582	36.755311200248094	37.09163284301758	71751072	0.0	0.0	0.0
2024-03-19 00:00:00+08:00	36.851397092616864	37.12766466580676	36.755306254934595	37.00754928588867	34279156	0.0	0.0	0.0
2024-03-20 00:00:00+08:00	37.043586959843466	37.30784229420392	36.75531074594265	36.8033561706543	40321616	0.0	0.0	0.0
2024-03-21 00:00:00+08:00	37.36789599612502	37.88439067140573	37.36789599612502	37.812320709228516	79843224	0.0	0.0	0.0
2024-03-22 00:00:00+08:00	37.83634838000093	38.01652146752475	37.59611759663584	37.764278411865234	27109996	0.0	0.0	0.0
2024-03-25 00:00:00+08:00	37.76427570962872	37.956461055695065	37.704218018084894	37.83634567260742	34332452	0.0	0.0	0.0
2024-03-26 00:00:00+08:00	38.02853527269129	38.24474152018247	37.57209456652069	37.860374450683594	26127772	0.0	0.0	0.0
2024-03-27 00:00:00+08:00	37.812325419318775	37.92043220886619	37.69221002260476	37.87238311767578	17547948	0.0	0.0	0.0
2024-03-28 00:00:00+08:00	37.78830567074996	37.78830567074996	37.451980350502424	37.69221115112305	12641392	0.0	0.0	0.0
2024-03-29 00:00:00+08:00	37.69221064570608	37.94445371610162	37.69221064570608	37.90842056274414	20572000	0.0	0.0	0.0
2024-04-01 00:00:00+08:00	38.00450605315758	38.136633706210716	37.77628756095518	37.812320709228516	21344696	0.0	0.0	0.0
2024-04-02 00:00:00+08:00	38.064568022798355	38.35284423828125	38.05255575014679	38.35284423828125	29364088	0.0	0.0	0.0
2024-04-03 00:00:00+08:00	38.11261340894458	38.17267110651029	37.90841943659976	38.088592529296875	18550252	0.0	0.0	0.0
2024-04-08 00:00:00+08:00	38.11261276413575	38.40089264007863	38.088591884894434	38.3047981262207	22629184	0.0	0.0	0.0
2024-04-09 00:00:00+08:00	38.43692797066424	39.24170261630247	38.41290342443014	39.21767807006836	32581692	0.0	0.0	0.0
2024-04-10 00:00:00+08:00	39.097557968888545	39.22968562602628	39.02548800448336	39.157615661621094	21203720	0.0	0.0	0.0
2024-04-11 00:00:00+08:00	38.92940297358598	39.037506103515625	38.83330845149091	39.037506103515625	17270700	0.0	0.0	0.0
2024-04-12 00:00:00+08:00	39.061525452107645	39.10957087394566	38.905373249095724	38.941410064697266	23321576	0.0	0.0	0.0
2024-04-15 00:00:00+08:00	38.496985495090485	38.569055467833095	38.340836942174064	38.436927795410156	31563124	0.0	0.0	0.0
2024-04-16 00:00:00+08:00	38.0285358069713	38.0285358069713	37.175715746541556	37.39192199707031	66621548	0.0	0.0	0.0
2024-04-17 00:00:00+08:00	37.46398683527428	37.88439067140573	37.45197456397298	37.812320709228516	30823556	0.0	0.0	0.0
2024-04-18 00:00:00+08:00	37.560083123334735	38.1846809387207	37.42795546400843	38.1846809387207	26278092	0.0	0.0	0.0
2024-04-19 00:00:00+08:00	37.01956931437486	37.03157792237865	35.91450612131273	36.25082778930664	121590104	0.0	0.0	0.0
2024-04-22 00:00:00+08:00	36.13070699695486	36.45502000858833	35.9625461880315	36.14271926879883	37041220	0.0	0.0	0.0
2024-04-23 00:00:00+08:00	36.55111223076656	36.62318219891807	36.34691826423994	36.49105453491211	21648704	0.0	0.0	0.0
2024-04-24 00:00:00+08:00	36.99554147667596	37.596118448699926	36.99554147667596	37.56008529663086	30701016	0.0	0.0	0.0
2024-04-25 00:00:00+08:00	37.019567190181064	37.103645769539455	36.815369546995875	36.87542724609375	18805640	0.0	0.0	0.0
2024-04-26 00:00:00+08:00	37.47600173950195	37.66818709693325	37.35588634931124	37.47600173950195	23018032	0.0	0.0	0.0
2024-04-29 00:00:00+08:00	37.78830492918742	38.22072109494497	37.78830492918742	38.148651123046875	30810776	0.0	0.0	0.0
2024-04-30 00:00:00+08:00	38.100603694257316	38.280776781716355	38.01652145385742	38.01652145385742	17931740	0.0	0.0	0.0
2024-05-02 00:00:00+08:00	37.80031524252086	37.80031524252086	37.4760022186075	37.51203536987305	24868108	0.0	0.0	0.0
2024-05-03 00:00:00+08:00	38.08859438218379	38.11261526300004	37.58410823183786	37.7042236328125	22758784	0.0	0.0	0.0
2024-05-06 00:00:00+08:00	38.19669791938931	38.47296187833997	38.19669791938931	38.24474334716797	34385032	0.0	0.0	0.0
2024-05-07 00:00:00+08:00	38.49698209446458	38.569052060840896	38.31680901133916	38.4609489440918	24914944	0.0	0.0	0.0
2024-05-08 00:00:00+08:00	38.43692646013653	38.629111825563406	38.3528442172526	38.60508728027344	23909068	0.0	0.0	0.0
2024-05-09 00:00:00+08:00	38.61709886473659	38.73721425778398	38.53301662335106	38.55704116821289	20302276	0.0	0.0	0.0
2024-05-10 00:00:00+08:00	38.73721451007533	38.94141214583817	38.56905369183995	38.83330535888672	38735812	0.0	0.0	0.0
2024-05-13 00:00:00+08:00	39.241702824938734	39.37382683303547	39.14560830512251	39.22969055175781	36463372	0.0	0.0	0.0
2024-05-14 00:00:00+08:00	39.205666032357506	39.505954533931366	39.085550631727955	39.49394226074219	30997876	0.0	0.0	0.0
2024-05-15 00:00:00+08:00	39.78222256368769	40.322741872076755	39.75819801706238	40.034461975097656	58324000	0.0	0.0	0.0
2024-05-16 00:00:00+08:00	40.58699262062082	40.77917799229689	40.14256784335293	40.226646423339844	48239680	0.0	0.0	0.0
2024-05-17 00:00:00+08:00	40.250666461092166	40.286699610531905	40.04646883925189	40.17859649658203	18716540	0.0	0.0	0.0
2024-05-20 00:00:00+08:00	40.17859628651991	40.21462943577126	39.71014701809917	40.16658401489258	27022924	0.0	0.0	0.0
2024-05-21 00:00:00+08:00	39.97440177804029	40.15457486958608	39.84227777674479	40.1185417175293	17396092	0.0	0.0	0.0
2024-05-22 00:00:00+08:00	40.1665827162937	40.839229583740234	40.1665827162937	40.839229583740234	25594296	0.0	0.0	0.0
2024-05-23 00:00:00+08:00	40.911304244331156	41.18756818640459	40.83923427425041	41.15153503417969	24008260	0.0	0.0	0.0
2024-05-24 00:00:00+08:00	40.67107099358633	41.03141715655556	40.67107099358633	40.98337173461914	14620304	0.0	0.0	0.0
2024-05-27 00:00:00+08:00	41.25964018349896	41.65601953997008	41.25964018349896	41.547916412353516	22741680	0.0	0.0	0.0
2024-05-28 00:00:00+08:00	41.547917304401395	41.65602043433898	41.43981417446382	41.607975006103516	22098816	0.0	0.0	0.0
2024-05-29 00:00:00+08:00	41.42779737791888	41.43980965007405	40.97136036106894	41.04343032836914	27187816	0.0	0.0	0.0
2024-05-30 00:00:00+08:00	40.35877185919309	40.59900264406924	40.28670189060407	40.334747314453125	37110048	0.0	0.0	0.0
2024-05-31 00:00:00+08:00	40.41883430136255	40.57498286361455	39.87831497192383	39.87831497192383	33146844	0.0	0.0	0.0
2024-06-03 00:00:00+08:00	40.51492258988731	40.779177933766505	40.19061321217856	40.73113250732422	35980328	0.0	0.0	0.0
2024-06-04 00:00:00+08:00	40.538948972178616	40.538948972178616	39.99842965254957	40.08251190185547	31950448	0.0	0.0	0.0
2024-06-05 00:00:00+08:00	40.214630122983465	40.55095540614283	39.914341655321905	40.46687316894531	18128396	0.0	0.0	0.0
2024-06-06 00:00:00+08:00	41.49986784876735	41.94429626448551	41.47584330416551	41.848201751708984	68229592	0.0	0.0	0.0
2024-06-07 00:00:00+08:00	41.631998390591	41.65601927122242	41.415788471121644	41.523895263671875	27000588	0.0	0.0	0.0
2024-06-11 00:00:00+08:00	41.5959593373267	41.86021466949842	41.535901640526845	41.631996154785156	43428272	0.0	0.0	0.0
2024-06-12 00:00:00+08:00	41.631999498323395	42.388725072523144	41.631999498323395	42.376712799072266	30368844	0.0	0.0	0.0
2024-06-13 00:00:00+08:00	42.97728368773445	43.36165438957296	42.71303203764732	42.989295959472656	64426456	0.0	0.0	0.0
2024-06-14 00:00:00+08:00	42.98929974994163	43.24154281616211	42.71303580375744	43.24154281616211	25992432	0.0	0.0	0.0
2024-06-17 00:00:00+08:00	43.049357448297414	43.349645940076314	42.953266597180566	43.24154281616211	32511172	0.0	0.0	0.0
2024-06-18 00:00:00+08:00	43.84211529799498	43.97424295393698	43.721999913616905	43.96223068237305	26253244	0.0	0.0	0.0
2024-06-19 00:00:00+08:00	44.3826407961248	45.37959716101668	44.3826407961248	45.1513786315918	101354688	0.0	0.0	0.0
2024-06-20 00:00:00+08:00	45.15137747327008	45.58379364013672	45.11534432004413	45.58379364013672	45286572	0.0	0.0	0.0
2024-06-21 00:00:00+08:00	44.947183256595366	45.45166572723129	44.91114643792999	45.30752944946289	40956144	0.0	0.0	0.0
2024-06-24 00:00:00+08:00	44.80304202826127	44.80304202826127	44.09436193573935	44.20246505737305	52787124	0.0	0.0	0.0
2024-06-25 00:00:00+08:00	43.70999079426289	44.17844009399414	43.43372685652241	44.17844009399414	52138524	0.0	0.0	0.0
2024-06-26 00:00:00+08:00	44.43068465773835	44.70695227046918	44.26252383491102	44.52677917480469	35664104	0.0	0.0	0.0
2024-06-27 00:00:00+08:00	44.10637507798466	44.514766693115234	44.05832598686141	44.514766693115234	24876244	0.0	0.0	0.0
2024-06-28 00:00:00+08:00	44.514766936475084	45.019249405348134	44.35861472073286	44.79103088378906	16587884	0.0	0.0	0.0
2024-07-01 00:00:00+08:00	44.81505224216801	45.17539840814797	44.74298227584586	44.827064514160156	29279212	0.0	0.0	0.0
2024-07-02 00:00:00+08:00	44.670915451957676	44.86310082045934	44.32258153346585	44.52677917480469	21777344	0.0	0.0	0.0
2024-07-03 00:00:00+08:00	45.067298889160156	45.067298889160156	44.77901900085847	45.067298889160156	25915028	0.0	0.0	0.0
2024-07-04 00:00:00+08:00	45.787989695979185	46.28045987927162	45.787989695979185	46.24442672729492	50576828	0.0	0.0	0.0
2024-07-05 00:00:00+08:00	46.26845261167591	46.3285103104628	46.01620954364475	46.07626724243164	38933332	0.0	0.0	0.0
2024-07-08 00:00:00+08:00	46.100286958400524	47.68581163258781	46.08827835145122	47.5296630859375	69409868	0.0	0.0	0.0
2024-07-09 00:00:00+08:00	47.433571546173305	48.058173103214216	46.9531099378745	47.48161697387695	61955156	0.0	0.0	0.0
2024-07-10 00:00:00+08:00	47.31345116891819	47.66178506518003	46.84500188321223	47.649776458740234	28674444	0.0	0.0	0.0
2024-07-11 00:00:00+08:00	48.20230481692942	48.71880319626725	48.04615627528707	48.706790924072266	39186920	0.0	0.0	0.0
2024-07-12 00:00:00+08:00	47.61374008381858	47.64977690036428	47.085233098492274	47.169315338134766	56633068	0.0	0.0	0.0
2024-07-15 00:00:00+08:00	47.48161742826336	47.58972422367008	47.109262610773385	47.25339889526367	39160740	0.0	0.0	0.0
2024-07-16 00:00:00+08:00	47.458636286849945	48.05020846830598	47.32583346627121	47.53107452392578	53022152	0.25	0.0	0.0
2024-07-17 00:00:00+08:00	47.42241280621742	47.446560112080164	46.7463324543997	46.867061614990234	57959112	0.0	0.0	0.0
2024-07-18 00:00:00+08:00	45.53904075607881	46.09439194617899	45.44245521718544	46.02195739746094	71520052	0.0	0.0	0.0
2024-07-19 00:00:00+08:00	45.57526067439341	45.63562525806811	44.95954118403918	44.971614837646484	65815640	0.0	0.0	0.0
2024-07-22 00:00:00+08:00	44.766372727163834	44.766372727163834	43.47457287750653	43.63151931762695	84847384	0.0	0.0	0.0
2024-07-23 00:00:00+08:00	44.35589521243931	44.98368835449219	44.35589521243931	44.98368835449219	50108316	0.0	0.0	0.0
2024-07-26 00:00:00+08:00	42.99165794813346	43.32969814861374	42.762273263210275	43.22104263305664	103626472	0.0	0.0	0.0
2024-07-29 00:00:00+08:00	43.89712919931205	43.945420132915366	43.45042977366671	43.60737991333008	39785056	0.0	0.0	0.0
2024-07-30 00:00:00+08:00	43.281409663874065	43.776400023122726	42.858857547211414	43.60737991333008	52429524	0.0	0.0	0.0
2024-07-31 00:00:00+08:00	43.18482321464546	43.74017441870251	43.12445863295564	43.66773986816406	36314216	0.0	0.0	0.0
2024-08-01 00:00:00+08:00	44.6697877800983	44.69393508507536	44.114432924878834	44.42832946777344	56246796	0.0	0.0	0.0
2024-08-02 00:00:00+08:00	43.01579639214736	43.196890124392205	42.18276596069336	42.18276596069336	118827260	0.0	0.0	0.0
2024-08-05 00:00:00+08:00	40.23902790747422	40.23902790747422	38.246996749988135	38.33150863647461	222308816	0.0	0.0	0.0
2024-08-06 00:00:00+08:00	40.39598015754852	41.14449878497147	38.826500981012984	40.444271087646484	252563844	0.0	0.0	0.0
2024-08-07 00:00:00+08:00	41.01170079800337	42.19484519819954	40.8064597338811	42.04996871948242	127298960	0.0	0.0	0.0
2024-08-08 00:00:00+08:00	41.30144662901044	41.62741315241504	40.80645633306836	41.18071746826172	103364420	0.0	0.0	0.0
2024-08-09 00:00:00+08:00	42.25520816250172	42.7139775202356	42.13447899632314	42.46044921875	93415024	0.0	0.0	0.0
2024-08-12 00:00:00+08:00	42.79848985232697	43.4142093430692	42.79848985232697	42.99165725708008	70286956	0.0	0.0	0.0
2024-08-13 00:00:00+08:00	43.29348250915895	43.34177344185966	42.97958592006138	43.10031509399414	43433840	0.0	0.0	0.0
2024-08-14 00:00:00+08:00	43.54701478316553	43.90920230722503	43.45042923279912	43.64359664916992	74857276	0.0	0.0	0.0
2024-08-15 00:00:00+08:00	43.60737635210404	43.703958211423256	43.233115199609	43.3055534362793	45926588	0.0	0.0	0.0
2024-08-16 00:00:00+08:00	44.18687303971562	44.343819475674884	44.02992660375636	44.28345489501953	52823660	0.0	0.0	0.0
2024-08-19 00:00:00+08:00	44.30760520214635	44.59735447204551	44.22309330975991	44.34382247924805	37122372	0.0	0.0	0.0
2024-08-20 00:00:00+08:00	44.57320674120315	44.718079520621316	44.35589204553363	44.36796569824219	43139504	0.0	0.0	0.0
2024-08-21 00:00:00+08:00	44.186874504015925	44.19894815741942	43.81261335467787	43.897125244140625	46736568	0.0	0.0	0.0
2024-08-22 00:00:00+08:00	43.96956277661319	44.09029193999284	43.54701070478441	43.66773986816406	20872828	0.0	0.0	0.0
2024-08-23 00:00:00+08:00	43.22104386478191	43.78847245071797	43.1968965564758	43.69188690185547	31773940	0.0	0.0	0.0
2024-08-26 00:00:00+08:00	44.04199980588887	44.283458146237734	43.65566867194781	43.76432418823242	45593952	0.0	0.0	0.0
2024-08-27 00:00:00+08:00	43.55907808090679	43.679807237100384	43.40213165159968	43.57115173339844	21167864	0.0	0.0	0.0
2024-08-28 00:00:00+08:00	43.58322856465324	44.18687438964844	43.42628212389918	44.18687438964844	21989684	0.0	0.0	0.0
2024-08-29 00:00:00+08:00	43.34176693860844	43.74017167906277	43.25725505579137	43.58322525024414	43063780	0.0	0.0	0.0
2024-08-30 00:00:00+08:00	43.691885675771715	43.9574913222377	43.6194474372481	43.78847122192383	32202952	0.0	0.0	0.0
2024-09-02 00:00:00+08:00	43.921268163771984	44.054070980361935	43.583227980053636	43.66773986816406	32057896	0.0	0.0	0.0
2024-09-03 00:00:00+08:00	43.70395972984867	43.82468890037312	43.39006314961274	43.47457504272461	38411312	0.0	0.0	0.0
2024-09-04 00:00:00+08:00	41.28937449211622	41.96545855400567	41.047916161752966	41.34973907470703	119635984	0.0	0.0	0.0
2024-09-05 00:00:00+08:00	41.73607430430671	42.17069635592063	41.470468664443295	41.603271484375	35275304	0.0	0.0	0.0
2024-09-06 00:00:00+08:00	41.77229121348718	42.231060568098705	41.494615606911005	42.19484329223633	34331020	0.0	0.0	0.0
2024-09-09 00:00:00+08:00	41.14449924724523	41.55498136859435	41.12035562410588	41.54290771484375	60735940	0.0	0.0	0.0
2024-09-10 00:00:00+08:00	41.868873302375626	41.868873302375626	41.32559205528064	41.6153450012207	37207812	0.0	0.0	0.0
2024-09-11 00:00:00+08:00	41.615346632912974	41.65156391039464	41.41010556888511	41.4946174621582	20056236	0.0	0.0	0.0
2024-09-12 00:00:00+08:00	42.520813436857615	43.13652923159389	42.520813436857615	43.05202102661133	62978008	0.0	0.0	0.0
2024-09-13 00:00:00+08:00	43.22103688863701	43.30554876970571	42.943361309745065	43.0761604309082	18047504	0.0	0.0	0.0
2024-09-16 00:00:00+08:00	43.12445777428004	43.26933055683397	43.05201954082227	43.160675048828125	23507632	0.0	0.0	0.0
2024-09-18 00:00:00+08:00	43.10031345077867	43.24518992771931	42.62947042726439	42.94336700439453	36769256	0.0	0.0	0.0
2024-09-19 00:00:00+08:00	42.979584307035815	43.5107919155313	42.73812596823224	43.49871826171875	32440304	0.0	0.0	0.0
2024-09-20 00:00:00+08:00	44.211019636847325	44.4524779555972	44.05406951904297	44.05406951904297	54531520	0.0	0.0	0.0
2024-09-23 00:00:00+08:00	44.078214268033335	44.3438161926358	44.078214268033335	44.24723434448242	31601992	0.0	0.0	0.0
2024-09-24 00:00:00+08:00	44.23516643347181	44.66979217529297	43.96956447439797	44.66979217529297	39809384	0.0	0.0	0.0
2024-09-25 00:00:00+08:00	45.32173142989027	45.39416967155771	45.237223218246605	45.333805084228516	46692004	0.0	0.0	0.0
2024-09-26 00:00:00+08:00	45.780503272677784	45.87708513606157	45.57526220753484	45.708065032958984	66903724	0.0	0.0	0.0
2024-09-27 00:00:00+08:00	45.92537730387963	46.17890930753852	45.5390461555841	45.611480712890625	45613256	0.0	0.0	0.0
2024-09-30 00:00:00+08:00	45.04404903863416	45.20099546838003	44.416255950927734	44.416255950927734	52747800	0.0	0.0	0.0
2024-10-01 00:00:00+08:00	44.40418351080959	44.57320728205734	44.27138438248859	44.331748962402344	37640876	0.0	0.0	0.0
2024-10-04 00:00:00+08:00	44.42833081651971	44.742227368943524	44.186872496864716	44.331748962402344	35462652	0.0	0.0	0.0
2024-10-07 00:00:00+08:00	44.86295692926461	45.44245542786519	44.86295692926461	45.430381774902344	53806008	0.0	0.0	0.0
2024-10-08 00:00:00+08:00	45.14063168370702	45.237217221246816	44.7905178604839	45.213069915771484	37917328	0.0	0.0	0.0
2024-10-09 00:00:00+08:00	45.635623931884766	45.92537318823074	45.635623931884766	45.635623931884766	45188240	0.0	0.0	0.0
2024-10-11 00:00:00+08:00	45.64769496919279	46.553163646110015	45.64769496919279	46.39621353149414	49226984	0.0	0.0	0.0
2024-10-14 00:00:00+08:00	46.384143156558075	46.577306858450754	46.10646388745482	46.43243408203125	40439036	0.0	0.0	0.0
2024-10-15 00:00:00+08:00	46.60145605289921	47.47070748410725	46.60145605289921	47.42241287231445	59070828	0.0	0.0	0.0
2024-10-16 00:00:00+08:00	46.468652875808075	47.156810560496524	46.27548548323223	46.60145568847656	71201552	0.0	0.0	0.0
2024-10-17 00:00:00+08:00	46.84291688680607	46.8670641939976	46.335852910678405	46.67389678955078	38164820	0.0	0.0	0.0
2024-10-18 00:00:00+08:00	48.1226464486752	48.339957474381684	47.627656129719576	47.8328971862793	129283608	0.0	0.0	0.0
2024-10-21 00:00:00+08:00	48.06228200284718	48.279593029174706	47.80875001589056	47.820823669433594	52918584	0.0	0.0	0.0
2024-10-22 00:00:00+08:00	47.61558505251626	47.639732360839844	47.16888932342569	47.639732360839844	33857660	0.0	0.0	0.0
2024-10-23 00:00:00+08:00	47.49485245995296	47.54314338876117	47.241320478257705	47.32583236694336	37794896	0.0	0.0	0.0
2024-10-24 00:00:00+08:00	47.32583247933464	47.494852572745636	46.963644985870346	47.03608322143555	32493848	0.0	0.0	0.0
2024-10-25 00:00:00+08:00	47.084372695934434	47.458633831159055	47.084372695934434	47.42241287231445	50566572	0.0	0.0	0.0
2024-10-28 00:00:00+08:00	47.78460157942962	47.84496616135632	47.072300249566915	47.33790588378906	45978476	0.0	0.0	0.0
2024-10-29 00:00:00+08:00	46.661821325516264	46.661821325516264	45.92537269708986	46.2392692565918	96980096	0.0	0.0	0.0
2024-10-30 00:00:00+08:00	46.589385974973986	46.85499162276917	46.23927211877989	46.311710357666016	56626752	0.0	0.0	0.0
2024-11-01 00:00:00+08:00	44.94746891639484	46.00988783244639	44.89917798483838	45.9978141784668	78483628	0.0	0.0	0.0
2024-11-04 00:00:00+08:00	46.13061283674032	46.64974675171444	46.07024825665675	46.58938217163086	29118288	0.0	0.0	0.0
2024-11-05 00:00:00+08:00	46.25134349951775	47.011935759536236	46.21512253967392	46.75840377807617	40432828	0.0	0.0	0.0
2024-11-06 00:00:00+08:00	46.85499192242012	47.82082528878029	46.722189097673215	47.132667541503906	66825504	0.0	0.0	0.0
2024-11-07 00:00:00+08:00	47.060229585051374	47.820825576249376	46.96364772157953	47.67594909667969	53994208	0.0	0.0	0.0
2024-11-08 00:00:00+08:00	48.14679090643006	48.29166738232176	47.9777708074643	48.050209045410156	51800604	0.0	0.0	0.0
2024-11-11 00:00:00+08:00	48.01398768531005	48.0743522644043	47.51899739986491	48.0743522644043	49456052	0.0	0.0	0.0
2024-11-12 00:00:00+08:00	47.13266766982059	47.289617802898555	46.842918395996094	46.842918395996094	105088348	0.0	0.0	0.0
2024-11-13 00:00:00+08:00	46.80669754890703	46.84291482373743	46.480727337986885	46.54109191894531	36778360	0.0	0.0	0.0
2024-11-14 00:00:00+08:00	46.43243828808117	46.48072921792874	45.90123069103434	46.1185417175293	48586460	0.0	0.0	0.0
2024-11-15 00:00:00+08:00	46.37207317744558	46.56524057900138	46.08232391729273	46.44451141357422	29542324	0.0	0.0	0.0
2024-11-18 00:00:00+08:00	46.227197763847975	46.287562347943975	45.78050205215463	45.792572021484375	53578064	0.0	0.0	0.0
2024-11-19 00:00:00+08:00	46.0461032279841	46.58938447560301	45.92537406184656	46.42036437988281	30473284	0.0	0.0	0.0
2024-11-20 00:00:00+08:00	46.227195739746094	46.227195739746094	46.227195739746094	46.227195739746094	312000	0.0	0.0	0.0
2024-11-21 00:00:00+08:00	45.877081170630724	45.91329844517869	45.539040993644406	45.72013473510742	63506468	0.0	0.0	0.0
2024-11-22 00:00:00+08:00	46.14268999645607	46.649750297077546	46.14268999645607	46.61353302001953	31862348	0.0	0.0	0.0
2024-11-25 00:00:00+08:00	47.011936280464845	47.02400993387991	46.420364106744096	46.44451141357422	31306652	0.0	0.0	0.0
2024-11-26 00:00:00+08:00	45.90122685252181	45.94951777833103	45.58733030821969	45.84086227416992	45563288	0.0	0.0	0.0
2024-11-27 00:00:00+08:00	45.67183978881696	45.744278021744094	45.15270587416874	45.17685317993164	56290744	0.0	0.0	0.0
2024-11-28 00:00:00+08:00	45.152710640513796	45.176857948825706	44.778449467851054	45.10441970825195	52436456	0.0	0.0	0.0
2024-11-29 00:00:00+08:00	44.65771504909264	45.394163653751875	44.54905954317671	45.213069915771484	32512880	0.0	0.0	0.0
2024-12-02 00:00:00+08:00	45.514897368125496	46.28756332397461	45.514897368125496	46.28756332397461	42176312	0.0	0.0	0.0
2024-12-03 00:00:00+08:00	46.91535186767578	47.04815467928788	46.78254905606368	46.91535186767578	39812424	0.0	0.0	0.0
2024-12-04 00:00:00+08:00	47.011933757914214	47.19302749633789	46.85498732502497	47.19302749633789	25820996	0.0	0.0	0.0
2024-12-05 00:00:00+08:00	47.2654661659066	47.470707211763724	47.24131886014874	47.44655990600586	29784812	0.0	0.0	0.0
2024-12-06 00:00:00+08:00	47.446562346827484	47.494853276465896	47.084374847996735	47.26546859741211	27238024	0.0	0.0	0.0
2024-12-09 00:00:00+08:00	47.36204964245909	47.38619694904405	47.25339413155019	47.32583236694336	18559456	0.0	0.0	0.0
2024-12-10 00:00:00+08:00	47.265468577324185	47.43448867316768	46.975719315255084	46.98779296875	17909228	0.0	0.0	0.0
2024-12-11 00:00:00+08:00	46.60145596063374	46.90327886193319	46.50487410596256	46.577308654785156	26858756	0.0	0.0	0.0
2024-12-12 00:00:00+08:00	47.06022943908505	47.26547050377854	46.95157392192576	47.1205940246582	20108964	0.0	0.0	0.0
2024-12-13 00:00:00+08:00	46.99986444345729	47.229252814123484	46.867065303844505	47.15681457519531	18081708	0.0	0.0	0.0
2024-12-16 00:00:00+08:00	47.567294253404825	47.72424070486163	47.26547132032485	47.34998321533203	29374368	0.0	0.0	0.0
2024-12-17 00:00:00+08:00	47.59143829345703	47.82082296997244	47.5069264042537	47.59143829345703	37176916	0.0	0.0	0.0
2024-12-18 00:00:00+08:00	47.51900005762013	47.77253204086842	47.22925079863426	47.59143829345703	26215508	0.0	0.0	0.0
2024-12-19 00:00:00+08:00	46.92742511837712	47.03608062354282	46.73425772899283	46.93949508666992	52180188	0.0	0.0	0.0
2024-12-20 00:00:00+08:00	46.782554622462236	46.782554622462236	46.36000251619484	46.504878997802734	44493576	0.0	0.0	0.0
2024-12-23 00:00:00+08:00	47.01193932358722	47.63973249819074	46.96364839116279	47.62765884399414	44704264	0.0	0.0	0.0
2024-12-24 00:00:00+08:00	47.9294761711024	48.074352635792415	47.68801785286007	47.76045608520508	32783608	0.0	0.0	0.0
2024-12-25 00:00:00+08:00	47.92947796443133	47.92947796443133	47.675945983918425	47.905330657958984	23624492	0.0	0.0	0.0
2024-12-26 00:00:00+08:00	47.90533119787416	47.92947850461866	47.808749339619624	47.86911392211914	19214244	0.0	0.0	0.0
2024-12-27 00:00:00+08:00	47.71216911943396	48.06228297307905	47.639730881075224	48.02606201171875	27949668	0.0	0.0	0.0
2024-12-30 00:00:00+08:00	47.844964285972964	47.96569344509413	47.7242351268518	47.76045608520508	34709064	0.0	0.0	0.0
2024-12-31 00:00:00+08:00	47.494853276465896	47.54314420610431	47.22925132127374	47.26546859741211	31346136	0.0	0.0	0.0
2025-01-02 00:00:00+08:00	47.241319202539344	47.241319202539344	46.661820703766324	46.85498809814453	51190808	0.0	0.0	0.0
2025-01-03 00:00:00+08:00	47.32583236694336	47.55521704205365	47.1326649673488	47.32583236694336	28453484	0.0	0.0	0.0
2025-01-06 00:00:00+08:00	47.965698261017245	48.84702342170679	47.95362829138249	48.8108024597168	98511172	0.0	0.0	0.0
2025-01-07 00:00:00+08:00	49.486883015935874	49.740414994283924	49.317862925157726	49.35408020019531	63775376	0.0	0.0	0.0
2025-01-08 00:00:00+08:00	48.9315266855976	49.100550455744326	48.54519558728313	48.61763381958008	47422868	0.0	0.0	0.0
2025-01-09 00:00:00+08:00	48.33995817516871	48.56934285770913	48.050208908572294	48.06228256225586	33722620	0.0	0.0	0.0
2025-01-10 00:00:00+08:00	48.050209045410156	48.18301186758391	47.80875070849854	48.050209045410156	33285296	0.0	0.0	0.0
2025-01-13 00:00:00+08:00	48.05020481235849	48.05020481235849	46.867060539467126	46.93949508666992	83504716	0.0	0.0	0.0
2025-01-14 00:00:00+08:00	47.0119333520259	47.30168259412986	46.8549869204917	47.229248046875	43511100	0.0	0.0	0.0
2025-01-15 00:00:00+08:00	47.325830951489635	47.325830951489635	46.78254972883222	46.867061614990234	69536468	0.0	0.0	0.0
2025-01-16 00:00:00+08:00	47.78460270880449	48.170937516010945	47.6638735420977	47.820823669433594	62348392	0.0	0.0	0.0
2025-01-17 00:00:00+08:00	48.22473141072594	48.31041136166074	47.58826138022701	48.053375244140625	60550264	0.675	0.0	0.0
2025-01-20 00:00:00+08:00	48.26145156579662	48.628644969752315	48.26145156579662	48.54296875	29670284	0.0	0.0	0.0
2025-01-21 00:00:00+08:00	48.298175845388585	48.763286022267266	48.15129698148759	48.64088821411133	42450952	0.0	0.0	0.0
2025-01-22 00:00:00+08:00	49.032559593262015	49.375271940309936	49.032559593262015	49.2773551940918	51457596	0.0	0.0	0.0
2025-02-03 00:00:00+08:00	47.07419476505719	47.245550938502646	46.670279782702444	47.17211151123047	223159112	0.0	0.0	0.0
2025-02-04 00:00:00+08:00	47.40467024258735	47.62498854140358	47.25779511199458	47.45363235473633	77136476	0.0	0.0	0.0
2025-02-05 00:00:00+08:00	47.91874129432986	48.420573048556015	47.91874129432986	48.175777435302734	60958500	0.0	0.0	0.0
2025-02-06 00:00:00+08:00	48.4695300539867	48.567446802406195	48.24921550240057	48.38385009765625	44838828	0.0	0.0	0.0
2025-02-07 00:00:00+08:00	48.38384965338478	48.61640846549359	48.24921505936535	48.60416793823242	22434376	0.0	0.0	0.0
2025-02-10 00:00:00+08:00	48.51848537276995	48.51848537276995	48.004416873014	48.053375244140625	65528040	0.0	0.0	0.0
2025-02-11 00:00:00+08:00	48.34713363647461	48.59192924982385	48.22473582979999	48.34713363647461	19842444	0.0	0.0	0.0
2025-02-12 00:00:00+08:00	48.46952648773389	48.62864212602942	48.224730899412	48.27368927001953	27301116	0.0	0.0	0.0
2025-02-13 00:00:00+08:00	48.29817167602995	48.32264899437732	47.86977938446531	48.065616607666016	56673980	0.0	0.0	0.0
2025-02-14 00:00:00+08:00	47.77186227612528	47.77186227612528	47.367951009691375	47.49034881591797	92217264	0.0	0.0	0.0
2025-02-17 00:00:00+08:00	47.673944309873896	48.212493896484375	47.673944309873896	48.212493896484375	46591960	0.0	0.0	0.0
2025-02-18 00:00:00+08:00	48.44504899923957	48.44504899923957	48.12681769923394	48.38385009765625	32278676	0.0	0.0	0.0
2025-02-19 00:00:00+08:00	48.38385203624629	48.445050940281654	48.224736379868204	48.29817581176758	47313232	0.0	0.0	0.0
2025-02-20 00:00:00+08:00	48.21249499767794	48.21249499767794	47.7596253570119	48.11457824707031	55359052	0.0	0.0	0.0
2025-02-21 00:00:00+08:00	48.10233775906313	48.45729064941406	47.95545889774605	48.45729064941406	33879192	0.0	0.0	0.0
2025-02-24 00:00:00+08:00	48.01665580463877	48.077854705096016	47.857540157563726	48.02889633178711	49672024	0.0	0.0	0.0
2025-02-25 00:00:00+08:00	47.49034685557045	47.50258738274476	47.147634506396614	47.404666900634766	106710684	0.0	0.0	0.0
2025-02-26 00:00:00+08:00	47.2210721674368	47.661705017089844	46.976276554883405	47.661705017089844	73176320	0.0	0.0	0.0
2025-02-27 00:00:00+08:00	47.722902168204115	47.722902168204115	47.086435840102276	47.12315368652344	74694820	0.0	0.0	0.0
2025-03-03 00:00:00+08:00	46.217410177158776	46.26636855026089	45.72781897556871	46.0338134765625	221959024	0.0	0.0	0.0
2025-03-04 00:00:00+08:00	45.287188498728774	45.83797862911872	45.2015085398876	45.727821350097656	114655652	0.0	0.0	0.0
2025-03-05 00:00:00+08:00	46.02157354921771	46.388766955195514	46.02157354921771	46.32756805419922	51369564	0.0	0.0	0.0
2025-03-06 00:00:00+08:00	46.35204934664009	46.35204934664009	45.862458136156576	46.04605484008789	56890884	0.0	0.0	0.0
2025-03-07 00:00:00+08:00	45.7278216168218	45.77677999275177	45.483026001887296	45.6176643371582	68483412	0.0	0.0	0.0
2025-03-10 00:00:00+08:00	45.61766151103723	45.61766151103723	45.12807031149954	45.348384857177734	79006576	0.0	0.0	0.0
2025-03-11 00:00:00+08:00	44.24680851318024	44.577284095774324	43.84289723248502	44.55280303955078	134191768	0.0	0.0	0.0
2025-03-12 00:00:00+08:00	44.577281973523604	45.14030888701282	44.45488416880254	44.74863815307617	51035508	0.0	0.0	0.0
2025-03-13 00:00:00+08:00	45.33614493013926	45.495264313265544	44.320244671767284	44.33248519897461	52268912	0.0	0.0	0.0
2025-03-14 00:00:00+08:00	44.33248294390663	44.344719735207036	43.95304903148711	44.185604095458984	49198232	0.0	0.0	0.0
2025-03-17 00:00:00+08:00	44.687438390744525	44.919993468182305	44.454883313306745	44.565040588378906	43897376	0.0	0.0	0.0
2025-03-18 00:00:00+08:00	44.82207758296572	45.00567429004731	44.638480875884134	44.74863815307617	30603120	0.0	0.0	0.0
2025-03-19 00:00:00+08:00	44.69968103419513	44.711917826783406	44.08769199339446	44.19784927368164	46763368	0.0	0.0	0.0
2025-03-20 00:00:00+08:00	44.66295474786522	45.15254592895508	44.66295474786522	45.15254592895508	30658212	0.0	0.0	0.0
2025-03-21 00:00:00+08:00	45.0423907432736	45.0423907432736	44.67519734047517	44.78535461425781	28538176	0.0	0.0	0.0
2025-03-24 00:00:00+08:00	45.140308043468494	45.140308043468494	44.626239514417264	44.73639678955078	29239460	0.0	0.0	0.0
2025-03-25 00:00:00+08:00	45.20150375366211	45.409581497223996	45.04238811584483	45.20150375366211	31256652	0.0	0.0	0.0
2025-03-26 00:00:00+08:00	45.336143461980434	45.38510183393981	45.00567164979143	45.16478729248047	26915048	0.0	0.0	0.0
2025-03-27 00:00:00+08:00	44.430400268807595	44.45488132229808	44.173364148294816	44.30800247192383	69966552	0.0	0.0	0.0
2025-03-28 00:00:00+08:00	43.85513389209143	43.89185547631519	43.57362042279959	43.867374420166016	78993236	0.0	0.0	0.0
2025-03-31 00:00:00+08:00	42.49651846241721	42.65563411132989	42.15380237472793	42.2884407043457	146065632	0.0	0.0	0.0
2025-04-01 00:00:00+08:00	42.49651573070213	43.21866197096058	42.49651573070213	43.15746307373047	47284600	0.0	0.0	0.0
2025-04-02 00:00:00+08:00	43.2921040943415	43.41450189643431	43.08402633666992	43.08402633666992	41725300	0.0	0.0	0.0
2025-04-07 00:00:00+08:00	38.7756233215332	38.7756233215332	38.7756233215332	38.7756233215332	92658524	0.0	0.0	0.0
2025-04-08 00:00:00+08:00	37.01309516715215	38.54306771651596	36.853979516132135	37.51492691040039	321307308	0.0	0.0	0.0
2025-04-09 00:00:00+08:00	37.33132892992364	37.73524017505167	35.49536193337002	35.78911590576172	300494796	0.0	0.0	0.0
2025-04-10 00:00:00+08:00	39.36313247680664	39.36313247680664	39.36313247680664	39.36313247680664	22371068	0.0	0.0	0.0
2025-04-11 00:00:00+08:00	38.494111514715065	40.28112030029297	38.029001327570086	40.28112030029297	189919436	0.0	0.0	0.0
2025-04-14 00:00:00+08:00	41.24805966596767	41.29701804017601	40.02408163433658	40.07304000854492	175434800	0.0	0.0	0.0
2025-04-15 00:00:00+08:00	40.15872037528509	40.51367326102873	39.97512366866411	40.47695541381836	73965868	0.0	0.0	0.0
2025-04-16 00:00:00+08:00	40.09751801011799	40.09751801011799	39.510006358499666	39.7425651550293	98068248	0.0	0.0	0.0
2025-04-17 00:00:00+08:00	39.48553381624041	39.48553381624041	39.032660430136524	39.301937103271484	72955972	0.0	0.0	0.0
2025-04-18 00:00:00+08:00	39.51000919178065	39.60792967504774	39.314175695815464	39.387611389160156	44335540	0.0	0.0	0.0
2025-04-21 00:00:00+08:00	39.35089402453913	39.35089402453913	38.800103905999705	38.8245849609375	62867512	0.0	0.0	0.0
2025-04-22 00:00:00+08:00	38.567547254075876	38.653223472298805	38.175872802734375	38.175872802734375	75640860	0.0	0.0	0.0
2025-04-23 00:00:00+08:00	39.24073402671349	39.9261624293102	39.24073402671349	39.86496353149414	63235952	0.0	0.0	0.0
2025-04-24 00:00:00+08:00	40.121999366749556	40.1587209497698	39.48553301586269	39.632408142089844	53776468	0.0	0.0	0.0
2025-04-25 00:00:00+08:00	40.68502833716168	40.86862503880527	40.513672162684564	40.57487106323242	70563724	0.0	0.0	0.0
2025-04-28 00:00:00+08:00	40.831907245868045	41.00326342056876	40.831907245868045	40.91758346557617	48371852	0.0	0.0	0.0
2025-04-29 00:00:00+08:00	40.91758273794677	41.12566049049458	40.75846709325803	41.07670211791992	43388416	0.0	0.0	0.0
2025-04-30 00:00:00+08:00	41.08894054222231	41.3704539715839	41.00326059313789	41.27253723144531	37552524	0.0	0.0	0.0
2025-05-02 00:00:00+08:00	42.10484107289603	42.4720344543457	41.982443279079476	42.4720344543457	57160960	0.0	0.0	0.0
2025-05-05 00:00:00+08:00	42.74131234347235	42.74131234347235	41.590770059758135	42.09260177612305	127935288	0.0	0.0	0.0
2025-05-06 00:00:00+08:00	41.603014058385476	42.12932687226413	41.456138930428494	41.860050201416016	116316784	0.0	0.0	0.0
2025-05-07 00:00:00+08:00	42.05588441856772	42.22724058984645	41.603011068852716	41.700931549072266	53137384	0.0	0.0	0.0
2025-05-08 00:00:00+08:00	42.11708210659016	42.39859554164508	42.00692483788537	42.2517204284668	39311228	0.0	0.0	0.0
2025-05-09 00:00:00+08:00	42.27619867671537	42.82698876764466	42.190522459296986	42.77803039550781	51888384	0.0	0.0	0.0
2025-05-12 00:00:00+08:00	42.96162855970413	43.32882196619733	42.96162855970413	43.2553825378418	53767756	0.0	0.0	0.0
2025-05-13 00:00:00+08:00	44.2712875393225	44.33248644179031	43.78169631958008	43.78169631958008	79922716	0.0	0.0	0.0
2025-05-14 00:00:00+08:00	44.51608086180253	44.77311325073242	44.393683063156146	44.77311325073242	90203212	0.0	0.0	0.0
2025-05-15 00:00:00+08:00	44.773114348522526	44.773114348522526	44.55279979967091	44.67519760131836	45677800	0.0	0.0	0.0
2025-05-16 00:00:00+08:00	44.61399927295622	44.84655435201349	44.479360942359534	44.7975959777832	37815732	0.0	0.0	0.0
2025-05-19 00:00:00+08:00	44.71191227389742	44.71191227389742	44.14888541451227	44.173362731933594	37940744	0.0	0.0	0.0
2025-05-20 00:00:00+08:00	44.516080770906235	44.650715360914845	44.185605221122046	44.2590446472168	21364336	0.0	0.0	0.0
2025-05-21 00:00:00+08:00	44.28352216407276	45.00567216607391	44.28352216407276	44.94447326660156	54450212	0.0	0.0	0.0
2025-05-22 00:00:00+08:00	44.565040851161164	44.565040851161164	44.210087969264755	44.45488357543945	33358772	0.0	0.0	0.0
2025-05-23 00:00:00+08:00	44.736396159324535	44.74863668645237	44.11216662864916	44.27128601074219	26094416	0.0	0.0	0.0
2025-05-26 00:00:00+08:00	44.22232437133789	44.4304021288651	44.13664815110305	44.22232437133789	55195720	0.0	0.0	0.0
2025-05-27 00:00:00+08:00	44.222321025208224	44.222321025208224	43.57361421776529	43.830650329589844	48275072	0.0	0.0	0.0
2025-05-28 00:00:00+08:00	44.28352490805694	44.393685922160685	43.64705855527722	43.90409469604492	32309448	0.0	0.0	0.0
2025-05-29 00:00:00+08:00	44.430398805748275	44.47935717583275	43.89184926425059	44.00200653076172	36265824	0.0	0.0	0.0
2025-06-02 00:00:00+08:00	43.5736197127947	43.58586024066984	42.90043176779366	43.059547424316406	70595756	0.0	0.0	0.0
2025-06-03 00:00:00+08:00	43.451219505892574	43.76945453665459	43.32882170446752	43.36553955078125	28229464	0.0	0.0	0.0
2025-06-04 00:00:00+08:00	43.89185559633454	44.381446838378906	43.85513401201037	44.381446838378906	45804932	0.0	0.0	0.0
2025-06-05 00:00:00+08:00	44.55280108200064	44.711916734608245	44.43040327683031	44.46712112426758	40696376	0.0	0.0	0.0
2025-06-06 00:00:00+08:00	44.528321148143206	44.6507189563957	44.43040439565508	44.54056167602539	32768028	0.0	0.0	0.0
2025-06-09 00:00:00+08:00	44.89551274992864	45.05463213536668	44.80983652880156	44.96895217895508	52629020	0.0	0.0	0.0
2025-06-10 00:00:00+08:00	45.26270348040536	46.24188584870214	45.26270348040536	46.180686950683594	116037804	0.0	0.0	0.0
2025-06-11 00:00:00+08:00	46.180686950683594	46.180686950683594	46.180686950683594	46.180686950683594	0	0.0	0.0	0.0
2025-06-12 00:00:00+08:00	46.180686950683594	46.180686950683594	46.180686950683594	46.180686950683594	0	0.0	0.0	0.0
2025-06-13 00:00:00+08:00	46.180686950683594	46.180686950683594	46.180686950683594	46.180686950683594	0	0.0	0.0	0.0
2025-06-16 00:00:00+08:00	46.180686950683594	46.180686950683594	46.180686950683594	46.180686950683594	0	0.0	0.0	0.0
2025-06-17 00:00:00+08:00	46.180686950683594	46.180686950683594	46.180686950683594	46.180686950683594	0	0.0	0.0	0.0
2025-06-18 00:00:00+08:00	46.511165627789154	46.72658695861944	46.1586593538067	46.579708099365234	244697327	0.0	0.0	0.0
2025-06-19 00:00:00+08:00	46.511166048512905	46.56012442361232	46.04115892404629	46.11949157714844	166284920	0.0	0.0	0.0
2025-06-20 00:00:00+08:00	46.11948774848839	46.17824003490105	45.7180231295459	46.05094528198242	80561608	0.0	0.0	0.0
2025-06-23 00:00:00+08:00	45.57115063511571	45.688651479408755	45.31656111464886	45.6690673828125	101938627	0.0	0.0	0.0
2025-06-24 00:00:00+08:00	46.3153262465481	46.501373291015625	46.3153262465481	46.501373291015625	54574616	0.0	0.0	0.0
2025-06-25 00:00:00+08:00	46.9028396985363	47.17700958251953	46.89304578251716	47.17700958251953	77814637	0.0	0.0	0.0
2025-06-26 00:00:00+08:00	47.29451210686713	47.44139097009256	47.16721734109074	47.23576354980469	77281242	0.0	0.0	0.0
2025-06-27 00:00:00+08:00	47.31409183563344	47.363050207093195	47.00075377594985	47.28471755981445	94190611	0.0	0.0	0.0
2025-06-30 00:00:00+08:00	47.363054035950135	47.41201241136771	47.23576300692136	47.35326385498047	59086358	0.0	0.0	0.0
2025-07-01 00:00:00+08:00	47.37284418903961	48.126815063487726	47.37284418903961	47.6274299621582	74674904	0.0	0.0	0.0
2025-07-02 00:00:00+08:00	47.55888971840101	47.735142852370984	47.37284640378137	47.63722610473633	75071035	0.0	0.0	0.0
2025-07-03 00:00:00+08:00	48.322652018447364	48.56744762894666	48.23452544925623	48.293277740478516	61179330	0.0	0.0	0.0
2025-07-04 00:00:00+08:00	48.37161294838631	48.459739515426925	47.81347926889054	47.84285354614258	73712387	0.0	0.0	0.0
2025-07-07 00:00:00+08:00	47.80368307454776	47.80368307454776	47.43159272752352	47.55888748168945	78503277	0.0	0.0	0.0
2025-07-08 00:00:00+08:00	47.4413881939174	47.500136747542	47.20638277356569	47.343467712402344	50214875	0.0	0.0	0.0
2025-07-09 00:00:00+08:00	47.34346999295593	47.97014989898642	47.265137339255006	47.83306121826172	38540142	0.0	0.0	0.0
2025-07-10 00:00:00+08:00	47.979940220196276	48.440157168619855	47.97015003918678	48.381404876708984	53089295	0.0	0.0	0.0
2025-07-11 00:00:00+08:00	48.33244652361873	48.596826234413925	48.25411013436773	48.587032318115234	44752569	0.0	0.0	0.0
2025-07-14 00:00:00+08:00	48.55765585138216	48.55765585138216	48.18556548977859	48.303070068359375	62300823	0.0	0.0	0.0
2025-07-15 00:00:00+08:00	48.32265162783442	49.05703845339594	48.30307126620318	48.95912170410156	68008041	0.0	0.0	0.0
2025-07-16 00:00:00+08:00	49.10600013944219	49.64454972648161	49.10600013944219	49.35079574584961	90231230	0.0	0.0	0.0
2025-07-17 00:00:00+08:00	49.54662983857509	49.74246707311299	49.25287585441053	49.64455032348633	88235423	0.0	0.0	0.0
2025-07-18 00:00:00+08:00	50.32997839313793	50.525811890898716	50.232057908973	50.378936767578125	105861549	0.0	0.0	0.0
2025-07-21 00:00:00+08:00	50.38879514202195	50.38879514202195	50.04366790250863	50.19158172607422	75792981	0.36	0.0	0.0
2025-07-22 00:00:00+08:00	50.19158180734098	50.58601240147986	49.74784409753054	49.84645080566406	88841474	0.0	0.0	0.0
2025-07-23 00:00:00+08:00	49.89575522030431	50.1422757574829	49.846451865189565	49.99436569213867	63766890	0.0	0.0	0.0
2025-07-24 00:00:00+08:00	50.29018783569336	50.388794542494	50.09297066048734	50.29018783569336	79659820	0.0	0.0	0.0
2025-07-25 00:00:00+08:00	50.29018843404808	50.38879514202195	50.09297125649557	50.19158172607422	38620389	0.0	0.0	0.0
2025-07-28 00:00:00+08:00	50.48740662438432	50.68462380589304	50.19158273292367	50.33949279785156	52312766	0.0	0.0	0.0
2025-07-29 00:00:00+08:00	50.339492475173735	50.339492475173735	49.55062751580037	49.74784469604492	102624231	0.0	0.0	0.0
2025-07-30 00:00:00+08:00	50.09297066048734	50.388794542494	49.94506060028638	50.29018783569336	82807206	0.0	0.0	0.0
2025-07-31 00:00:00+08:00	50.38879706402143	50.88183814590659	50.38879706402143	50.83253479003906	81565859	0.0	0.0	0.0
2025-08-01 00:00:00+08:00	50.09297006681179	50.4874044125492	49.94506000836378	50.3887939453125	98235777	0.0	0.0	0.0
2025-08-04 00:00:00+08:00	49.945061738187015	50.09297180175781	49.69854120396418	50.09297180175781	85556033	0.0	0.0	0.0
2025-08-05 00:00:00+08:00	50.536707693135824	50.733924865722656	50.33949052054899	50.733924865722656	46655329	0.0	0.0	0.0
2025-08-06 00:00:00+08:00	50.388794542494	50.388794542494	50.14227401388766	50.29018783569336	48326240	0.0	0.0	0.0
2025-08-07 00:00:00+08:00	50.931143892633656	51.867918913719436	50.931143892633656	51.720008850097656	125733157	0.0	0.0	0.0
2025-08-08 00:00:00+08:00	51.818615559178845	51.867918913719436	51.57209502487104	51.720008850097656	59604000	0.0	0.0	0.0
2025-08-11 00:00:00+08:00	51.62139983544642	52.36096145922992	51.325575938254005	52.11444091796875	71600855	0.0	0.0	0.0
2025-08-12 00:00:00+08:00	52.11443876462811	52.26235258791507	51.81861487965898	52.16374588012695	57519835	0.0	0.0	0.0
2025-08-13 00:00:00+08:00	52.4102656826243	52.65678621027239	52.21304850818489	52.607479095458984	75956144	0.0	0.0	0.0
2025-08-14 00:00:00+08:00	52.45957023055221	52.55817693921523	52.21304969728985	52.4102668762207	57038858	0.0	0.0	0.0
2025-08-15 00:00:00+08:00	52.4102668762207	52.55817693921523	52.065135872690504	52.4102668762207	52736409	0.0	0.0	0.0
2025-08-18 00:00:00+08:00	52.21305069944842	52.60748130327587	52.065136872010065	52.55817794799805	46297216	0.0	0.0	0.0
2025-08-19 00:00:00+08:00	52.55817855006411	52.55817855006411	52.31165800924617	52.459571838378906	29425841	0.0	0.0	0.0
2025-08-20 00:00:00+08:00	51.818614151044365	51.86791750424517	50.78322868740844	50.980445861816406	223798736	0.0	0.0	0.0
2025-08-21 00:00:00+08:00	51.02975128247188	51.374878530465	51.02975128247188	51.27627182006836	73508730	0.0	0.0	0.0
2025-08-22 00:00:00+08:00	51.32557471411146	51.3748780688668	50.93114411446394	51.02975082397461	44549133	0.0	0.0	0.0
2025-08-25 00:00:00+08:00	51.72000930969297	52.21305038268984	51.62139883813067	51.966529846191406	62750061	0.0	0.0	0.0
2025-08-26 00:00:00+08:00	51.81861382050239	52.11443769942497	51.57209329446612	52.015830993652344	40863870	0.0	0.0	0.0
2025-08-27 00:00:00+08:00	52.262351989746094	52.4102658113401	52.163745283086584	52.262351989746094	90133682	0.0	0.0	0.0
2025-08-28 00:00:00+08:00	52.06513771029062	52.16374818403884	51.76931381225586	51.76931381225586	59176066	0.0	0.0	0.0
2025-08-29 00:00:00+08:00	52.06513771029062	52.21305154011047	51.76931381225586	51.76931381225586	36369305	0.0	0.0	0.0
2025-09-01 00:00:00+08:00	51.4241856472682	51.720009540063	51.02975128247188	51.27627182006836	76529981	0.0	0.0	0.0
2025-09-02 00:00:00+08:00	51.57209571286316	51.76931289526132	51.22696846487004	51.27627182006836	33217612	0.0	0.0	0.0
2025-09-03 00:00:00+08:00	51.177663504258454	51.47348738777343	51.029749681698576	51.226966857910156	39472404	0.0	0.0	0.0
2025-09-04 00:00:00+08:00	51.81861449285796	51.96652831504081	51.52279061009701	51.57209396362305	37461241	0.0	0.0	0.0
2025-09-05 00:00:00+08:00	51.96653085017501	52.16374803550493	51.91722749424377	52.11444091796875	37395300	0.0	0.0	0.0
2025-09-08 00:00:00+08:00	52.65678621027239	52.80469626989839	52.50887238904164	52.607479095458984	59980892	0.0	0.0	0.0
2025-09-09 00:00:00+08:00	52.80469885195549	53.19913322012147	52.75539549633598	53.14982986450195	56315324	0.0	0.0	0.0
2025-09-10 00:00:00+08:00	53.64287056514277	54.23451835160928	53.64287056514277	54.18521499633789	73272121	0.0	0.0	0.0
2025-09-11 00:00:00+08:00	54.77686370072057	55.12199471661359	54.481039802530084	54.67825698852539	84750243	0.0	0.0	0.0
2025-09-12 00:00:00+08:00	54.97407959188734	55.22060012817383	54.92477623695102	55.22060012817383	57457218	0.0	0.0	0.0
2025-09-15 00:00:00+08:00	55.22060012817383	55.269903483110156	55.023382946823666	55.22060012817383	52544684	0.0	0.0	0.0
2025-09-16 00:00:00+08:00	55.368515319425285	56.05876982875839	55.368515319425285	55.96016311645508	63314427	0.0	0.0	0.0
2025-09-17 00:00:00+08:00	55.81224776955011	55.81224776955011	55.46712052426331	55.56572723388672	66204045	0.0	0.0	0.0
2025-09-18 00:00:00+08:00	55.713641430920724	56.157379150390625	55.467120893615764	56.157379150390625	44089588	0.0	0.0	0.0
2025-09-19 00:00:00+08:00	56.20668029785156	56.30528700425853	55.81224594901422	56.20668029785156	71674519	0.0	0.0	0.0
2025-09-22 00:00:00+08:00	56.20668182089452	56.60111618041992	55.96016128659235	56.60111618041992	56355369	0.0	0.0	0.0
2025-09-23 00:00:00+08:00	57.04484977666233	57.784411374950636	57.04484977666233	57.63650131225586	89181458	0.0	0.0	0.0
2025-09-24 00:00:00+08:00	57.883024063125404	58.129544605334964	57.29137250485949	57.58720016479492	90579906	0.0	0.0	0.0
2025-09-25 00:00:00+08:00	57.53789037766275	57.58719749310107	57.19276313922314	57.38998031616211	56318217	0.0	0.0	0.0
2025-09-26 00:00:00+08:00	57.09415617572371	57.09415617572371	56.0587669418348	56.45320129394531	158564436	0.0	0.0	0.0
2025-09-30 00:00:00+08:00	56.74902770763093	57.09415872151801	56.74902770763093	56.995548248291016	62389962	0.0	0.0	0.0
2025-10-01 00:00:00+08:00	57.094156974635624	57.93232528259291	57.094156974635624	57.2913703918457	74531798	0.0	0.0	0.0
2025-10-02 00:00:00+08:00	58.17884711730999	58.42536765594266	58.03093328948843	58.37606430053711	72057003	0.0	0.0	0.0
2025-10-03 00:00:00+08:00	58.376065060812294	59.26353675448517	58.22815123106434	59.2142333984375	73601535	0.0	0.0	0.0
2025-10-07 00:00:00+08:00	60.15101217766349	60.841270446777344	60.05240546562078	60.841270446777344	132381054	0.0	0.0	0.0
2025-10-08 00:00:00+08:00	60.15100966893169	60.29892349243164	59.7565753140017	60.29892349243164	112448112	0.0	0.0	0.0
2025-10-09 00:00:00+08:00	60.989177236223114	61.087787704569735	60.644050001021796	60.74265670776367	72911291	0.0	0.0	0.0
2025-10-13 00:00:00+08:00	59.06631979147511	60.15100860595703	58.77049214970302	60.15100860595703	261787970	0.0	0.0	0.0
2025-10-14 00:00:00+08:00	60.989178662879205	61.28500631323431	59.8058831078781	59.855186462402344	157148588	0.0	0.0	0.0
2025-10-15 00:00:00+08:00	60.151011583038276	60.939876556396484	59.75657721555672	60.939876556396484	97216134	0.0	0.0	0.0
2025-10-16 00:00:00+08:00	61.23569735879631	62.123172760009766	61.23569735879631	62.123172760009766	112923095	0.0	0.0	0.0
2025-10-17 00:00:00+08:00	61.186397552490234	61.43291809360551	61.03848748478403	61.186397552490234	157583768	0.0	0.0	0.0
2025-10-20 00:00:00+08:00	61.482221065598345	62.3203931571195	61.28500764322152	62.22178268432617	102880277	0.0	0.0	0.0
2025-10-21 00:00:00+08:00	62.51760979088862	62.76413032829496	62.172478781556826	62.32039260864258	124931191	0.0	0.0	0.0
2025-10-22 00:00:00+08:00	61.72874014599277	61.97526067974131	61.38361290338674	61.82735061645508	116660310	0.0	0.0	0.0
2025-10-23 00:00:00+08:00	61.23569916196037	61.53152681214569	60.89057191888393	61.48221969604492	161355781	0.0	0.0	0.0
2025-10-27 00:00:00+08:00	62.86273735504076	63.010651182871044	62.56691346098507	62.91204071044922	102297434	0.0	0.0	0.0
2025-10-28 00:00:00+08:00	62.66552086584292	62.81343469531141	62.32039361255638	62.46830368041992	93730892	0.0	0.0	0.0
2025-10-29 00:00:00+08:00	62.81343436243311	63.552992221041436	62.81343436243311	63.503692626953125	65206490	0.0	0.0	0.0
2025-10-30 00:00:00+08:00	63.70090604972605	63.89812699570883	63.10925825819742	63.503692626953125	91073965	0.0	0.0	0.0
2025-10-31 00:00:00+08:00	63.700905904319036	63.89812684985162	63.503692481996275	63.848819732666016	53629924	0.0	0.0	0.0
2025-11-03 00:00:00+08:00	63.552991762886194	63.8981265350655	63.01065109256547	63.257171630859375	130638786	0.0	0.0	0.0
2025-11-04 00:00:00+08:00	63.60229619122615	63.94742342560642	62.961341314114534	63.05995178222656	83118781	0.0	0.0	0.0
2025-11-05 00:00:00+08:00	62.07387046932781	62.271087646484375	61.43291558397018	62.271087646484375	210997899	0.0	0.0	0.0
2025-11-06 00:00:00+08:00	62.46830207294753	62.6162158986098	62.271088654204284	62.41899871826172	65559913	0.0	0.0	0.0
2025-11-07 00:00:00+08:00	61.778046198745564	61.8766529059059	61.53152566923996	61.67943572998047	102458588	0.0	0.0	0.0
2025-11-10 00:00:00+08:00	61.92595924171038	62.46830368041992	61.72874205628738	62.46830368041992	80256746	0.0	0.0	0.0
2025-11-11 00:00:00+08:00	62.764128237979044	62.81343159149732	61.97525953526759	62.024566650390625	75382949	0.0	0.0	0.0
2025-11-12 00:00:00+08:00	62.073872071236245	62.41899931896316	61.876654888990196	62.32039260864258	59822193	0.0	0.0	0.0
2025-11-13 00:00:00+08:00	61.925956181749314	62.0738700039089	61.72873900607145	62.024566650390625	74963633	0.0	0.0	0.0
2025-11-14 00:00:00+08:00	60.79196709075598	61.03848763246772	60.54544654904425	60.841270446777344	204108022	0.0	0.0	0.0
2025-11-17 00:00:00+08:00	61.13709319089496	61.33431037286398	60.939876008925935	61.03848648071289	86927813	0.0	0.0	0.0
2025-11-18 00:00:00+08:00	60.446833771540774	60.446833771540774	59.460751642277124	59.608665466308594	240526230	0.0	0.0	0.0
2025-11-19 00:00:00+08:00	59.31284387213779	59.65797112607642	59.066323330294495	59.2142333984375	138705085	0.0	0.0	0.0
2025-11-20 00:00:00+08:00	60.69335547186588	61.087789835803925	60.496138289896855	61.03848648071289	81330710	0.0	0.0	0.0
2025-11-21 00:00:00+08:00	59.26353408052501	59.312841195952906	58.671886311438136	59.01701354980469	299502200	0.0	0.0	0.0
2025-11-24 00:00:00+08:00	59.26353583759341	59.26353583759341	58.62258469568025	58.72119140625	153617414	0.0	0.0	0.0
2025-11-25 00:00:00+08:00	59.85518654736142	59.90448990195564	59.26353500741624	59.51005554199219	61913501	0.0	0.0	0.0
2025-11-26 00:00:00+08:00	60.249615185116085	60.64404953224411	60.151008479136436	60.49613571166992	73622900	0.0	0.0	0.0
2025-11-27 00:00:00+08:00	60.939876008925935	61.235699901077034	60.791965943652826	61.03848648071289	52209933	0.0	0.0	0.0
2025-11-28 00:00:00+08:00	61.087789098472534	61.53152681214569	60.989178627875816	61.48221969604492	66700125	0.0	0.0	0.0
2025-12-01 00:00:00+08:00	60.939874482887696	61.08778830606167	60.54544389043174	60.64405059814453	96548521	0.0	0.0	0.0
2025-12-02 00:00:00+08:00	60.93987715882006	61.334311530200814	60.79196709075598	60.841270446777344	41397425	0.0	0.0	0.0
2025-12-03 00:00:00+08:00	61.53152520190286	61.63013190831427	61.23569755945916	61.43291473388672	44855416	0.0	0.0	0.0
2025-12-04 00:00:00+08:00	61.531525800614084	61.63013250798495	61.13709144792107	61.33430862426758	38785824	0.0	0.0	0.0
2025-12-05 00:00:00+08:00	61.58083168274966	61.87665557861328	61.482221209725175	61.87665557861328	45051403	0.0	0.0	0.0
2025-12-08 00:00:00+08:00	62.12317633369031	62.81343460083008	62.073872977809955	62.81343460083008	76124318	0.0	0.0	0.0
2025-12-09 00:00:00+08:00	62.91203803667339	62.96134138998645	62.66551750850335	62.714820861816406	48271330	0.0	0.0	0.0
2025-12-10 00:00:00+08:00	62.81343450738134	63.30647182705632	62.76413115157433	63.158565521240234	64151249	0.0	0.0	0.0
2025-12-11 00:00:00+08:00	63.40508625158041	63.60229967539846	62.32039361255638	62.46830368041992	94638653	0.0	0.0	0.0
2025-12-12 00:00:00+08:00	62.66552031577981	62.91204085499342	62.418999776566196	62.56691360473633	57687594	0.0	0.0	0.0
2025-12-15 00:00:00+08:00	61.63013284075953	61.97526008002587	61.53152613285623	61.92595672607422	105905436	0.0	0.0	0.0
2025-12-16 00:00:00+08:00	61.23569975988883	61.38361358642578	60.84126915846508	61.38361358642578	155552766	0.0	0.0	0.0
2025-12-17 00:00:00+08:00	61.28500701777295	61.580830909924046	60.98917936401698	61.03848648071289	89657544	0.0	0.0	0.0
2025-12-18 00:00:00+08:00	60.939876008925935	61.235699901077034	60.69335547186588	61.03848648071289	112535790	0.0	0.0	0.0
2025-12-19 00:00:00+08:00	61.531527871829454	61.876655120849605	61.48222075487953	61.63013458251953	79433169	0.0	0.0	0.0
2025-12-22 00:00:00+08:00	62.418998172463915	62.56691199683282	62.17247763958562	62.517608642578125	91596850	0.0	0.0	0.0
2025-12-23 00:00:00+08:00	62.61621741570373	62.91204131259079	62.61621741570373	62.81343460083008	100327038	0.0	0.0	0.0
2025-12-24 00:00:00+08:00	63.05995232687388	63.158562795837604	62.8627351505512	62.961341857910156	62393202	0.0	0.0	0.0
2025-12-26 00:00:00+08:00	63.306471680970354	63.60229933833959	63.20786496958389	63.503692626953125	68362335	0.0	0.0	0.0
2025-12-29 00:00:00+08:00	63.75021014665878	64.44046461687091	63.700903031696704	64.34185791015625	83563905	0.0	0.0	0.0
2025-12-30 00:00:00+08:00	63.996735069913605	64.39116944706883	63.84882123807914	64.24325561523438	58116367	0.0	0.0	0.0
2025-12-31 00:00:00+08:00	64.19394774569439	64.93350937300241	63.99673432102955	64.6869888305664	69494353	0.0	0.0	0.0
2026-01-02 00:00:00+08:00	65.08142108447946	66.06750322212308	64.88420766623459	66.01819610595703	77878570	0.0	0.0	0.0
2026-01-05 00:00:00+08:00	67.15219074424454	69.07505538864497	67.10289115226064	68.53270721435547	225924687	0.0	0.0	0.0
2026-01-06 00:00:00+08:00	68.48339876643611	69.42018127441406	67.9903577169349	69.42018127441406	125256215	0.0	0.0	0.0
2026-01-07 00:00:00+08:00	69.42018633806067	69.46948593268118	68.72992430448426	68.87783813476562	113869755	0.0	0.0	0.0
2026-01-08 00:00:00+08:00	68.6806251603149	69.37087967520853	68.43410461596575	69.12435913085938	71394567	0.0	0.0	0.0
2026-01-09 00:00:00+08:00	68.82853854014512	69.2722725077793	67.94106308166681	68.87783813476562	106682469	0.0	0.0	0.0
2026-01-12 00:00:00+08:00	69.51879395916782	69.56810107764274	69.07505998573374	69.37088012695312	80365400	0.0	0.0	0.0
2026-01-13 00:00:00+08:00	70.11043777368424	70.20904448181071	69.32157658546286	69.71600341796875	99445355	0.0	0.0	0.0
2026-01-14 00:00:00+08:00	69.96252561577303	70.11043944308952	69.66670548434982	69.76531219482422	82266008	0.0	0.0	0.0
2026-01-15 00:00:00+08:00	69.71600186186586	69.71600186186586	69.17366121767083	69.66670227050781	89452635	0.0	0.0	0.0
2026-01-16 00:00:00+08:00	70.75139662954543	71.09652388894999	70.20904841961682	70.99791717529297	97268614	0.0	0.0	0.0
2026-01-19 00:00:00+08:00	70.70208603668135	71.78678240323458	70.45556550304828	71.58956146240234	116848644	0.0	0.0	0.0
2026-01-20 00:00:00+08:00	70.89930697751359	71.63886857841281	70.84999986150312	71.58956146240234	104977401	0.0	0.0	0.0
2026-01-21 00:00:00+08:00	70.80069888228566	71.49095335365786	70.70208465219577	70.8499984741211	161269608	0.0	0.0	0.0
2026-01-22 00:00:00+08:00	71.9000015258789	72.05000305175781	71.5999984741211	71.80000305175781	96360058	1.0	0.0	0.0
2026-01-23 00:00:00+08:00	72.0999984741211	72.30000305175781	71.80000305175781	72.25	68701320	0.0	0.0	0.0
2026-01-26 00:00:00+08:00	72.25	72.6500015258789	72.19999694824219	72.25	84082813	0.0	0.0	0.0
2026-01-27 00:00:00+08:00	72.4000015258789	73.1500015258789	72.3499984741211	73.05000305175781	70421120	0.0	0.0	0.0
2026-01-28 00:00:00+08:00	73.55000305175781	74.19999694824219	73.5	74.19999694824219	87294077	0.0	0.0	0.0
2026-01-29 00:00:00+08:00	74.4000015258789	74.5	73.5	73.75	111905919	0.0	0.0	0.0
2026-01-30 00:00:00+08:00	73.1500015258789	73.19999694824219	72.30000305175781	72.5999984741211	159055585	0.0	0.0	0.0
2026-02-02 00:00:00+08:00	71.55000305175781	71.75	70.9000015258789	71.5	211262670	0.0	0.0	0.0
2026-02-03 00:00:00+08:00	73.0	73.05000305175781	72.4000015258789	72.94999694824219	70926930	0.0	0.0	0.0
2026-02-04 00:00:00+08:00	72.4000015258789	73.1500015258789	72.30000305175781	72.9000015258789	56597222	0.0	0.0	0.0
2026-02-05 00:00:00+08:00	72.05000305175781	72.25	71.75	72.0	95746290	0.0	0.0	0.0
2026-02-06 00:00:00+08:00	71.4000015258789	72.25	70.80000305175781	71.9000015258789	102980565	0.0	0.0	0.0
2026-02-09 00:00:00+08:00	74.05000305175781	74.1500015258789	73.75	73.94999694824219	118533745	0.0	0.0	0.0
2026-02-10 00:00:00+08:00	74.6500015258789	75.5	74.5999984741211	75.5	98559015	0.0	0.0	0.0
2026-02-11 00:00:00+08:00	75.9000015258789	77.44999694824219	75.9000015258789	77.19999694824219	114028587	0.0	0.0	0.0
2026-02-23 00:00:00+08:00	78.44999694824219	78.44999694824219	77.19999694824219	77.4000015258789	212974781	0.0	0.0	0.0
2026-02-24 00:00:00+08:00	77.94999694824219	79.6500015258789	77.8499984741211	79.4000015258789	143721014	0.0	0.0	0.0
2026-02-25 00:00:00+08:00	80.3499984741211	81.80000305175781	80.25	81.0999984741211	158561421	0.0	0.0	0.0
2026-02-26 00:00:00+08:00	81.25	81.5	80.80000305175781	81.1500015258789	123812672	0.0	0.0	0.0
2026-03-02 00:00:00+08:00	79.5	80.80000305175781	79.1500015258789	80.3499984741211	204278933	0.0	0.0	0.0
2026-03-03 00:00:00+08:00	80.05000305175781	80.4000015258789	78.6500015258789	78.75	288356288	0.0	0.0	0.0
2026-03-04 00:00:00+08:00	77.4000015258789	77.44999694824219	75.5	75.5999984741211	455564304	0.0	0.0	0.0
2026-03-05 00:00:00+08:00	78.30000305175781	78.8499984741211	76.69999694824219	77.4000015258789	194777972	0.0	0.0	0.0
2026-03-06 00:00:00+08:00	76.80000305175781	77.30000305175781	76.30000305175781	76.8499984741211	139697065	0.0	0.0	0.0
2026-03-09 00:00:00+08:00	73.1500015258789	73.5999984741211	71.6500015258789	73.5999984741211	493890200	0.0	0.0	0.0
2026-03-10 00:00:00+08:00	75.9000015258789	76.25	74.30000305175781	75.19999694824219	164247105	0.0	0.0	0.0
2026-03-11 00:00:00+08:00	76.30000305175781	78.5	76.0999984741211	78.19999694824219	147508364	0.0	0.0	0.0
2026-03-12 00:00:00+08:00	77.0999984741211	77.5999984741211	76.3499984741211	76.5999984741211	120680192	0.0	0.0	0.0
2026-03-13 00:00:00+08:00	75.1500015258789	76.55000305175781	75.0	75.94999694824219	105970280	0.0	0.0	0.0
2026-03-16 00:00:00+08:00	76.30000305175781	76.69999694824219	75.44999694824219	75.5999984741211	97649824	0.0	0.0	0.0
2026-03-17 00:00:00+08:00	76.44999694824219	77.0	76.30000305175781	76.6500015258789	61503521	0.0	0.0	0.0
2026-03-18 00:00:00+08:00	77.75	78.05000305175781	77.44999694824219	77.80000305175781	72305179	0.0	0.0	0.0
2026-03-19 00:00:00+08:00	76.5999984741211	76.80000305175781	75.94999694824219	76.0	128778782	0.0	0.0	0.0
2026-03-20 00:00:00+08:00	76.19999694824219	76.4000015258789	75.5	75.9000015258789	67265037	0.0	0.0	0.0
2026-03-23 00:00:00+08:00	73.5	74.44999694824219	73.30000305175781	74.25	210502502	0.0	0.0	0.0
2026-03-24 00:00:00+08:00	75.5	75.5999984741211	73.80000305175781	74.4000015258789	83942753	0.0	0.0	0.0
2026-03-25 00:00:00+08:00	76.3499984741211	76.6500015258789	76.0	76.19999694824219	91456088	0.0	0.0	0.0
2026-03-26 00:00:00+08:00	76.30000305175781	76.8499984741211	75.5999984741211	75.80000305175781	76157584	0.0	0.0	0.0
2026-03-27 00:00:00+08:00	74.44999694824219	75.0999984741211	74.0999984741211	75.0	106078935	0.0	0.0	0.0
2026-03-30 00:00:00+08:00	73.30000305175781	74.05000305175781	72.80000305175781	73.9000015258789	158608942	0.0	0.0	0.0
2026-03-31 00:00:00+08:00	73.3499984741211	73.44999694824219	72.1500015258789	72.3499984741211	231400782	0.0	0.0	0.0
2026-04-01 00:00:00+08:00	75.0	75.5999984741211	74.5999984741211	75.44999694824219	126562159	0.0	0.0	0.0
2026-04-02 00:00:00+08:00	75.9000015258789	76.05000305175781	73.80000305175781	73.94999694824219	105707506	0.0	0.0	0.0
2026-04-07 00:00:00+08:00	75.1500015258789	75.44999694824219	74.6500015258789	75.30000305175781	76885542	0.0	0.0	0.0
2026-04-08 00:00:00+08:00	78.0999984741211	79.25	78.0999984741211	79.19999694824219	227364928	0.0	0.0	0.0
2026-04-09 00:00:00+08:00	79.30000305175781	79.4000015258789	78.80000305175781	79.1500015258789	92049631	0.0	0.0	0.0
2026-04-10 00:00:00+08:00	80.0	80.80000305175781	79.94999694824219	80.75	115520077	0.0	0.0	0.0
2026-04-13 00:00:00+08:00	80.5999984741211	81.0	80.4000015258789	80.5999984741211	87581345	0.0	0.0	0.0
2026-04-14 00:00:00+08:00	81.75	83.19999694824219	81.75	83.0999984741211	123920345	0.0	0.0	0.0
2026-04-15 00:00:00+08:00	84.0999984741211	85.0999984741211	83.80000305175781	84.1500015258789	122414906	0.0	0.0	0.0
2026-04-16 00:00:00+08:00	84.75	85.0999984741211	84.1500015258789	85.0	76987129	0.0	0.0	0.0
2026-04-17 00:00:00+08:00	84.19999694824219	84.5	84.0	84.1500015258789	93304532	0.0	0.0	0.0
2026-04-20 00:00:00+08:00	84.55000305175781	85.0999984741211	84.44999694824219	84.55000305175781	95994589	0.0	0.0	0.0
2026-04-21 00:00:00+08:00	85.5	86.0999984741211	85.0	86.0	71987659	0.0	0.0	0.0
2026-04-22 00:00:00+08:00	85.75	86.5999984741211	85.55000305175781	86.3499984741211	64147874	0.0	0.0	0.0
2026-04-23 00:00:00+08:00	87.6500015258789	88.80000305175781	85.1500015258789	86.3499984741211	148310644	0.0	0.0	0.0
2026-04-24 00:00:00+08:00	87.5999984741211	89.94999694824219	87.55000305175781	89.94999694824219	125117290	0.0	0.0	0.0
2026-04-27 00:00:00+08:00	92.69999694824219	94.25	92.69999694824219	93.0	183173507	0.0	0.0	0.0
2026-04-28 00:00:00+08:00	92.55000305175781	93.6500015258789	91.9000015258789	92.0	114706934	0.0	0.0	0.0
2026-04-29 00:00:00+08:00					103585078	0.0	0.0	0.0
