Date	Open	High	Low	Close	Volume	Dividends	Stock Splits	Capital Gains
2021-04-29 00:00:00+08:00	47.46780772269839	47.80386428056044	46.92171661739077	47.21576690673828	129000	0.0	0.0	0.0
2021-05-03 00:00:00+08:00	47.005731547374374	47.131750350741314	46.20759963989258	46.20759963989258	185000	0.0	0.0	0.0
2021-05-04 00:00:00+08:00	46.20759985663367	46.62766894623943	43.60317278302708	44.48531723022461	338238	0.0	0.0	0.0
2021-05-05 00:00:00+08:00	44.48531307371608	45.28344491036772	44.02323775929855	44.359291076660156	94481	0.0	0.0	0.0
2021-05-06 00:00:00+08:00	44.52732079627425	45.199430657884996	43.813204669226444	44.2752799987793	202390	0.0	0.0	0.0
2021-05-07 00:00:00+08:00	44.69535456521231	45.45147705078125	44.48532000729766	45.45147705078125	156015	0.0	0.0	0.0
2021-05-10 00:00:00+08:00	46.03957216322345	46.03957216322345	45.70351881020411	45.871543884277344	74318	0.0	0.0	0.0
2021-05-11 00:00:00+08:00	45.19943538191972	45.32545739627474	43.267118126004775	43.93922805786133	211210	0.0	0.0	0.0
2021-05-12 00:00:00+08:00	43.267118627146544	43.5191594539029	40.31823486483854	41.60364532470703	236050	0.0	0.0	0.0
2021-05-13 00:00:00+08:00	41.16676559807712	41.61203775143593	39.77213652437798	40.99033737182617	278000	0.0	0.0	0.0
2021-05-14 00:00:00+08:00	41.418810825308505	42.00690818081446	40.74670093539003	41.01554489135742	167155	0.0	0.0	0.0
2021-05-17 00:00:00+08:00	39.14203531607099	40.54506444447936	38.74716937232541	39.360469818115234	369095	0.0	0.0	0.0
2021-05-18 00:00:00+08:00	39.990579699805885	41.77167510986328	39.990579699805885	41.77167510986328	207200	0.0	0.0	0.0
2021-05-19 00:00:00+08:00	41.771671134779105	42.80504070663726	41.70445854236257	42.384971618652344	192000	0.0	0.0	0.0
2021-05-20 00:00:00+08:00	42.25894803916696	42.63701084527199	41.830478995496385	41.964900970458984	79100	0.0	0.0	0.0
2021-05-21 00:00:00+08:00	42.51098935453988	43.18310244233511	42.384970554232815	42.8470458984375	89086	0.0	0.0	0.0
2021-05-24 00:00:00+08:00	42.637006556321396	43.60316660752689	42.55299403224803	43.30911636352539	90300	0.0	0.0	0.0
2021-05-25 00:00:00+08:00	44.02324494729802	44.10725748913764	43.603175828353855	43.72919464111328	67223	0.0	0.0	0.0
2021-05-26 00:00:00+08:00	43.93922195278713	44.10725021362305	43.6871811639695	44.10725021362305	40250	0.0	0.0	0.0
2021-05-27 00:00:00+08:00	44.10725323921151	44.44330978393555	43.89721869997717	44.44330978393555	122160	0.0	0.0	0.0
2021-05-28 00:00:00+08:00	44.44331138635747	45.24144010032664	44.44331138635747	45.115421295166016	105500	0.0	0.0	0.0
2021-05-31 00:00:00+08:00	45.36746365920255	45.871545306800066	45.36746365920255	45.535491943359375	112250	0.0	0.0	0.0
2021-06-01 00:00:00+08:00	45.8715434151653	46.333621978759766	45.787530878987845	46.333621978759766	88067	0.0	0.0	0.0
2021-06-02 00:00:00+08:00	46.375630277199235	46.711683641494474	45.78753288359136	46.2916145324707	130060	0.0	0.0	0.0
2021-06-03 00:00:00+08:00	46.501644134521484	46.543653604848195	46.29160960237844	46.501644134521484	101250	0.0	0.0	0.0
2021-06-04 00:00:00+08:00	46.45964039950468	46.501646667246646	45.95555877685547	45.95555877685547	147110	0.0	0.0	0.0
2021-06-07 00:00:00+08:00	46.207601953876825	46.37563023832006	44.905388357969436	46.039573669433594	131666	0.0	0.0	0.0
2021-06-08 00:00:00+08:00	46.20760199261513	46.45964281705481	46.16559572268735	46.2916145324707	47321	0.0	0.0	0.0
2021-06-09 00:00:00+08:00	46.291612979206164	46.37562872111564	45.70351881020411	45.871543884277344	24001	0.0	0.0	0.0
2021-06-10 00:00:00+08:00	45.871544211816904	45.99756622314453	45.53549085639802	45.99756622314453	92000	0.0	0.0	0.0
2021-06-11 00:00:00+08:00	46.16559572268735	46.333624007271446	46.16559572268735	46.2916145324707	43324	0.0	0.0	0.0
2021-06-15 00:00:00+08:00	46.6276665366616	46.87970733642578	46.58566027084635	46.87970733642578	75750	0.0	0.0	0.0
2021-06-16 00:00:00+08:00	46.79569480479527	47.04773560455945	46.6276665366616	46.87970733642578	82003	0.0	0.0	0.0
2021-06-17 00:00:00+08:00	46.627666599257815	47.13174819946289	46.54365406751452	47.13174819946289	35206	0.0	0.0	0.0
2021-06-18 00:00:00+08:00	47.46780519558426	47.971886800667946	47.46780519558426	47.7618522644043	113085	0.0	0.0	0.0
2021-06-21 00:00:00+08:00	47.76185333377028	48.265938155012876	46.96372464199683	47.29977798461914	115340	0.0	0.0	0.0
2021-06-22 00:00:00+08:00	47.467803955078125	47.971885546988325	47.383791424717295	47.467803955078125	55517	0.0	0.0	0.0
2021-06-23 00:00:00+08:00	47.84587097167969	47.84587097167969	47.4678081419638	47.84587097167969	118120	0.0	0.0	0.0
2021-06-24 00:00:00+08:00	47.92988098618462	48.3919563293457	47.92988098618462	48.3919563293457	62200	0.0	0.0	0.0
2021-06-25 00:00:00+08:00	48.68600548237609	48.85403375006814	48.60198974609375	48.60198974609375	104030	0.0	0.0	0.0
2021-06-28 00:00:00+08:00	48.60199153495637	48.686007274331025	48.47597273320352	48.64400100708008	40180	0.0	0.0	0.0
2021-06-29 00:00:00+08:00	48.64400185534169	49.148083480888864	48.43396731055157	48.55998611450195	88036	0.0	0.0	0.0
2021-06-30 00:00:00+08:00	48.559981533509095	48.89603805541992	48.559981533509095	48.89603805541992	26392	0.0	0.0	0.0
2021-07-01 00:00:00+08:00	48.89604181545854	49.65216424059391	48.22393192482506	48.64400100708008	172200	0.0	0.0	0.0
2021-07-02 00:00:00+08:00	48.644000673975526	48.644000673975526	48.47597240124959	48.51797866821289	89109	0.0	0.0	0.0
2021-07-05 00:00:00+08:00	50.15624796962594	50.15624796962594	48.81202501276862	49.106075286865234	36009	0.0	0.0	0.0
2021-07-06 00:00:00+08:00	49.232095267843064	49.35811727474898	49.10607646580992	49.1480827331543	61001	0.0	0.0	0.0
2021-07-07 00:00:00+08:00	49.27410203173843	49.358114561809494	48.89603923667345	48.938045501708984	78110	0.0	0.0	0.0
2021-07-08 00:00:00+08:00	49.148086582210915	49.77819025634182	49.148086582210915	49.40012741088867	53420	0.0	0.0	0.0
2021-07-09 00:00:00+08:00	49.400122018229375	49.400122018229375	48.770018412882386	48.98005294799805	77000	0.0	0.0	0.0
2021-07-12 00:00:00+08:00	49.190084839627026	49.98821667114929	48.896037788216326	49.022056579589844	177100	0.0	0.0	0.0
2021-07-13 00:00:00+08:00	49.316107105372204	49.56814789436907	48.89603805541992	48.89603805541992	77048	0.0	0.0	0.0
2021-07-14 00:00:00+08:00	48.98005058346137	49.232091372458235	48.34994700853295	48.89603805541992	61000	0.0	0.0	0.0
2021-07-15 00:00:00+08:00	48.89604225362949	49.274105072021484	48.89604225362949	49.274105072021484	39050	0.0	0.0	0.0
2021-07-16 00:00:00+08:00	49.274106295780335	49.568153381347656	49.14808428489556	49.568153381347656	41423	0.0	0.0	0.0
2021-07-19 00:00:00+08:00	49.568152150285925	49.568152150285925	49.19008933189394	49.274105072021484	33000	0.0	0.0	0.0
2021-07-20 00:00:00+08:00	49.02206028151796	49.06406975335399	48.47597240124959	48.51797866821289	88020	0.0	0.0	0.0
2021-07-21 00:00:00+08:00	48.93804735164473	48.93804735164473	47.97188719494214	48.139915466308594	61020	0.0	0.0	0.0
2021-07-22 00:00:00+08:00	48.728015856975695	48.728015856975695	48.475975036621094	48.475975036621094	34000	0.0	0.0	0.0
2021-07-23 00:00:00+08:00	48.81202343360259	49.0220579633597	48.51797637389168	48.686004638671875	46259	0.0	0.0	0.0
2021-07-26 00:00:00+08:00	49.02205803178005	49.06406750168817	48.85403297163792	48.938045501708984	40000	0.0	0.0	0.0
2021-07-27 00:00:00+08:00	48.85403640013182	48.85403640013182	48.349951569711834	48.55998611450195	56020	0.0	0.0	0.0
2021-07-28 00:00:00+08:00	48.559988679208324	48.559988679208324	47.04774051782428	48.01390075683594	76000	0.0	0.0	0.0
2021-07-29 00:00:00+08:00	48.72801242010292	48.854034423828125	48.307943347515824	48.854034423828125	46265	0.0	0.0	0.0
2021-07-30 00:00:00+08:00	48.854037869589455	48.854037869589455	48.475975036621094	48.475975036621094	53120	0.0	0.0	0.0
2021-08-02 00:00:00+08:00	48.47597245729421	48.77001953125	48.22393165035028	48.77001953125	29328	0.0	0.0	0.0
2021-08-03 00:00:00+08:00	48.770018412882386	48.98005294799805	48.770018412882386	48.98005294799805	39079	0.0	0.0	0.0
2021-08-04 00:00:00+08:00	49.2320940858729	49.2320940858729	49.06406902052934	49.106075286865234	22085	0.0	0.0	0.0
2021-08-05 00:00:00+08:00	49.52614554899927	49.52614554899927	49.022060726248384	49.1480827331543	30073	0.0	0.0	0.0
2021-08-06 00:00:00+08:00	49.148078575835854	49.148078575835854	48.896037788216326	49.022056579589844	32000	0.0	0.0	0.0
2021-08-09 00:00:00+08:00	48.55998415009355	48.93804695639647	48.475971617525204	48.854034423828125	98000	0.0	0.0	0.0
2021-08-10 00:00:00+08:00	48.55998369085468	48.55998369085468	48.18192088812715	48.22393035888672	26267	0.0	0.0	0.0
2021-08-11 00:00:00+08:00	47.97188949584961	48.34995232333924	47.63583614187106	47.97188949584961	75000	0.0	0.0	0.0
2021-08-12 00:00:00+08:00	47.97188864776375	48.09791065632333	47.76185410341299	48.055904388427734	22000	0.0	0.0	0.0
2021-08-13 00:00:00+08:00	48.09791107916739	48.09791107916739	47.3417854309082	47.3417854309082	92070	0.0	0.0	0.0
2021-08-16 00:00:00+08:00	47.089741806474755	47.13174807223301	46.2496036718191	46.62766647338867	131159	0.0	0.0	0.0
2021-08-17 00:00:00+08:00	46.58566479265586	46.58566479265586	45.997567399541026	46.039573669433594	78096	0.0	0.0	0.0
2021-08-18 00:00:00+08:00	45.66150639854748	46.87970733642578	45.535487601101714	46.87970733642578	104069	0.0	0.0	0.0
2021-08-19 00:00:00+08:00	46.62766828405143	46.62766828405143	45.57749557495117	45.57749557495117	107160	0.0	0.0	0.0
2021-08-20 00:00:00+08:00	45.78753134724072	46.081578431741754	45.36746225231191	45.871543884277344	39000	0.0	0.0	0.0
2021-08-23 00:00:00+08:00	46.37562567396651	46.71167900490518	46.37562567396651	46.62766647338867	77000	0.0	0.0	0.0
2021-08-24 00:00:00+08:00	47.42580345547675	47.42580345547675	46.795699786550685	46.92171859741211	55066	0.0	0.0	0.0
2021-08-25 00:00:00+08:00	47.047737176434225	47.29977798461914	47.047737176434225	47.29977798461914	36000	0.0	0.0	0.0
2021-08-26 00:00:00+08:00	47.29977680450072	47.3837925417147	47.13174853494546	47.25777053833008	37100	0.0	0.0	0.0
2021-08-27 00:00:00+08:00	47.2157655046463	47.55181884765625	47.2157655046463	47.55181884765625	16500	0.0	0.0	0.0
2021-08-30 00:00:00+08:00	47.97188476868897	47.97188476868897	47.6358314478252	47.80385971069336	80087	0.0	0.0	0.0
2021-08-31 00:00:00+08:00	47.80386587813203	47.88787841796875	47.63583759358561	47.88787841796875	39050	0.0	0.0	0.0
2021-09-01 00:00:00+08:00	47.46780475343167	48.22393035888672	47.46780475343167	48.22393035888672	32455	0.0	0.0	0.0
2021-09-02 00:00:00+08:00	48.47597041191605	48.47597041191605	47.719844818115234	47.719844818115234	32000	0.0	0.0	0.0
2021-09-03 00:00:00+08:00	48.265938652774246	48.265938652774246	47.88787583416157	48.181922912597656	20274	0.0	0.0	0.0
2021-09-06 00:00:00+08:00	48.265936287264864	48.265936287264864	47.84586722158784	48.09790802001953	33000	0.0	0.0	0.0
2021-09-07 00:00:00+08:00	47.88787426811156	47.971886800667946	47.67783973184791	47.7618522644043	35000	0.0	0.0	0.0
2021-09-08 00:00:00+08:00	47.635834476576356	47.635834476576356	47.00573085441231	47.04773712158203	109190	0.0	0.0	0.0
2021-09-09 00:00:00+08:00	47.04773633570742	47.383792877197266	46.87970806496249	47.383792877197266	31170	0.0	0.0	0.0
2021-09-10 00:00:00+08:00	47.803864421296765	47.97188949584961	47.76185494778569	47.97188949584961	21000	0.0	0.0	0.0
2021-09-13 00:00:00+08:00	47.971887527030724	48.26593780517578	47.88787499320227	48.26593780517578	55510	0.0	0.0	0.0
2021-09-14 00:00:00+08:00	48.39195542243437	48.39195542243437	48.18192088812715	48.22393035888672	30000	0.0	0.0	0.0
2021-09-15 00:00:00+08:00	48.22393035888672	48.22393035888672	47.88787382204611	48.22393035888672	7122	0.0	0.0	0.0
2021-09-16 00:00:00+08:00	48.223932385122346	48.307944920426145	48.05590410964196	48.181922912597656	42031	0.0	0.0	0.0
2021-09-17 00:00:00+08:00	48.18191977638361	48.433963775634766	48.18191977638361	48.433963775634766	27003	0.0	0.0	0.0
2021-09-22 00:00:00+08:00	47.467805135142484	47.71984593736339	47.38379260269307	47.50981140136719	68068	0.0	0.0	0.0
2021-09-23 00:00:00+08:00	47.67783928773889	48.22393035888672	47.67783928773889	48.22393035888672	28040	0.0	0.0	0.0
2021-09-24 00:00:00+08:00	48.475973528096674	48.55998606397618	48.307945251464844	48.307945251464844	23348	0.0	0.0	0.0
2021-09-27 00:00:00+08:00	48.3499515194046	48.43396726015692	48.307945251464844	48.307945251464844	37576	0.0	0.0	0.0
2021-09-28 00:00:00+08:00	47.97188949584961	48.097911506637104	47.845870689934976	47.97188949584961	17020	0.0	0.0	0.0
2021-09-29 00:00:00+08:00	47.67784079933289	47.67784079933289	47.21576545018175	47.29977798461914	44050	0.0	0.0	0.0
2021-09-30 00:00:00+08:00	47.341782021214826	47.80386055346677	47.257769490735896	47.719844818115234	32269	0.0	0.0	0.0
2021-10-01 00:00:00+08:00	47.677840347741075	47.677840347741075	46.4596393807009	46.669673919677734	80092	0.0	0.0	0.0
2021-10-04 00:00:00+08:00	46.71168092795759	46.75369040031795	46.08157730102539	46.08157730102539	57154	0.0	0.0	0.0
2021-10-05 00:00:00+08:00	46.08157796048176	46.333621978759766	45.36746178835493	46.333621978759766	69055	0.0	0.0	0.0
2021-10-06 00:00:00+08:00	46.4596427781052	46.4596427781052	45.871545384990355	46.039573669433594	64173	0.0	0.0	0.0
2021-10-07 00:00:00+08:00	46.66967430730906	47.04773712158203	46.62766804013933	47.04773712158203	20501	0.0	0.0	0.0
2021-10-08 00:00:00+08:00	47.04773712158203	47.34178419664282	46.92171511520012	47.04773712158203	26000	0.0	0.0	0.0
2021-10-12 00:00:00+08:00	46.627666135756364	46.66967240121045	46.417631603613316	46.501644134521484	27043	0.0	0.0	0.0
2021-10-13 00:00:00+08:00	47.04773781516335	47.04773781516335	46.12358710431462	46.20759963989258	17050	0.0	0.0	0.0
2021-10-14 00:00:00+08:00	46.54365158081055	46.66967037169264	46.207595062046664	46.54365158081055	15048	0.0	0.0	0.0
2021-10-15 00:00:00+08:00	46.96372334743244	46.96372334743244	46.585660543140065	46.75368881225586	23000	0.0	0.0	0.0
2021-10-18 00:00:00+08:00	46.795699786550685	47.17376262888093	46.795699786550685	46.92171859741211	20032	0.0	0.0	0.0
2021-10-19 00:00:00+08:00	46.66967552405161	47.3417854309082	46.66967552405161	47.3417854309082	28003	0.0	0.0	0.0
2021-10-20 00:00:00+08:00	47.46780659099938	47.55181912602549	47.383794055973276	47.42580032348633	26063	0.0	0.0	0.0
2021-10-21 00:00:00+08:00	47.551820634923715	47.84587092659135	47.551820634923715	47.59383010864258	33648	0.0	0.0	0.0
2021-10-22 00:00:00+08:00	47.7198471215976	47.7198471215976	47.5098125803891	47.55181884765625	8162	0.0	0.0	0.0
2021-10-25 00:00:00+08:00	48.18192014549457	48.18192014549457	47.5098102870453	47.719844818115234	63322	0.0	0.0	0.0
2021-10-26 00:00:00+08:00	47.71984528369916	48.34994888305664	47.71984528369916	48.34994888305664	43412	0.0	0.0	0.0
2021-10-27 00:00:00+08:00	48.307946754760394	48.475975036621094	48.307946754760394	48.475975036621094	27002	0.0	0.0	0.0
2021-10-28 00:00:00+08:00	48.47597240124959	48.72801320790212	48.47597240124959	48.51797866821289	37122	0.0	0.0	0.0
2021-10-29 00:00:00+08:00	49.06406631637534	49.06406631637534	48.77001605848523	48.89603805541992	38331	0.0	0.0	0.0
2021-11-01 00:00:00+08:00	49.27410709996155	49.484141651615474	49.14808508702002	49.23209762573242	68470	0.0	0.0	0.0
2021-11-02 00:00:00+08:00	49.56815028729643	49.7361785563635	48.98005294799805	48.98005294799805	41100	0.0	0.0	0.0
2021-11-03 00:00:00+08:00	49.19009285284504	49.40012741088867	49.02206456543553	49.40012741088867	9302	0.0	0.0	0.0
2021-11-04 00:00:00+08:00	49.52614442032336	49.73617895713146	49.358116149902344	49.358116149902344	29012	0.0	0.0	0.0
2021-11-05 00:00:00+08:00	49.52614481333184	49.73617935180664	49.52614481333184	49.73617935180664	39500	0.0	0.0	0.0
2021-11-08 00:00:00+08:00	49.8201895878264	49.98821785183228	49.77818332304307	49.904205322265625	39076	0.0	0.0	0.0
2021-11-09 00:00:00+08:00	50.03023065948464	50.40829350172215	50.03023065948464	50.36628723144531	61476	0.0	0.0	0.0
2021-11-10 00:00:00+08:00	50.45029567405319	50.49230194091797	50.36628314032363	50.49230194091797	31000	0.0	0.0	0.0
2021-11-11 00:00:00+08:00	50.49230194091797	50.61832394638503	50.49230194091797	50.49230194091797	17017	0.0	0.0	0.0
2021-11-12 00:00:00+08:00	50.870362847242426	51.03839111328125	50.74434405136776	51.03839111328125	44515	0.0	0.0	0.0
2021-11-15 00:00:00+08:00	51.2484280124292	51.374450018999035	51.080399738627015	51.122406005859375	48035	0.0	0.0	0.0
2021-11-16 00:00:00+08:00	51.12240868526191	51.45846525047952	51.12240868526191	51.33244323730469	54342	0.0	0.0	0.0
2021-11-17 00:00:00+08:00	51.500469589189755	51.92053867752715	51.458463321330576	51.87853240966797	129104	0.0	0.0	0.0
2021-11-18 00:00:00+08:00	51.962543820693334	52.25659409908868	51.962543820693334	52.088565826416016	138040	0.0	0.0	0.0
2021-11-19 00:00:00+08:00	52.73697142022424	52.73697142022424	51.65629577636719	51.65629577636719	289020	1.75	0.0	0.0
2021-11-22 00:00:00+08:00	52.73697123137732	53.471829347384514	51.95888345140237	52.261474609375	586200	0.0	0.0	0.0
2021-11-23 00:00:00+08:00	52.4343835797158	52.4343835797158	51.74274852900746	51.82920455932617	291521	0.0	0.0	0.0
2021-11-24 00:00:00+08:00	51.87243245795867	52.08856759320017	51.7427500576296	51.958885192871094	77050	0.0	0.0	0.0
2021-11-25 00:00:00+08:00	51.95888367812877	52.0453397084812	51.87243094573668	52.002113342285156	50175	0.0	0.0	0.0
2021-11-26 00:00:00+08:00	51.87242725227452	51.87242725227452	51.00788679806995	51.224021911621094	239127	0.0	0.0	0.0
2021-11-29 00:00:00+08:00	50.61884693105617	51.09434355882287	50.05689757022655	50.964664459228516	195116	0.0	0.0	0.0
2021-11-30 00:00:00+08:00	51.61306963900688	51.61306963900688	51.396934509277344	51.396934509277344	147025	0.0	0.0	0.0
2021-12-01 00:00:00+08:00	51.2240254985771	51.4833869934082	50.96466400374599	51.4833869934082	79283	0.0	0.0	0.0
2021-12-02 00:00:00+08:00	51.39693267315219	51.39693267315219	50.87820640155627	51.00788879394531	121012	0.0	0.0	0.0
2021-12-03 00:00:00+08:00	51.00789034959339	51.353707874537484	51.00789034959339	51.31047821044922	56032	0.0	0.0	0.0
2021-12-06 00:00:00+08:00	51.31047669705007	51.35370635986328	50.83498008774694	51.35370635986328	69075	0.0	0.0	0.0
2021-12-07 00:00:00+08:00	51.39693426111795	51.5698430236588	51.31047823086735	51.4833869934082	31002	0.0	0.0	0.0
2021-12-08 00:00:00+08:00	51.699522162828266	51.91565729168454	51.699522162828266	51.82920455932617	83000	0.0	0.0	0.0
2021-12-09 00:00:00+08:00	51.95888186867491	52.08856426070723	51.78597640991211	51.78597640991211	79000	0.0	0.0	0.0
2021-12-10 00:00:00+08:00	51.78597972304625	52.045341225743954	51.78597972304625	51.958885192871094	52004	0.0	0.0	0.0
2021-12-13 00:00:00+08:00	51.872430925505356	52.002113322003254	51.82920455932617	51.82920455932617	42125	0.0	0.0	0.0
2021-12-14 00:00:00+08:00	51.78598018370254	51.78598018370254	51.180801140050974	51.26725387573242	91077	0.0	0.0	0.0
2021-12-15 00:00:00+08:00	51.26725008744749	51.48338520864075	51.18079735815429	51.44015884399414	40000	0.0	0.0	0.0
2021-12-16 00:00:00+08:00	51.87243269435452	51.87243269435452	51.61307119047484	51.69952392578125	49030	0.0	0.0	0.0
2021-12-17 00:00:00+08:00	51.74274850869162	51.829204538976384	51.56984304404276	51.65629577636719	66284	0.0	0.0	0.0
2021-12-20 00:00:00+08:00	51.61306963900688	51.69952237171456	51.31047847860931	51.396934509277344	46041	0.0	0.0	0.0
2021-12-21 00:00:00+08:00	51.39693582001947	51.958885192871094	51.39693582001947	51.958885192871094	58248	0.0	0.0	0.0
2021-12-22 00:00:00+08:00	51.958885192871094	52.08856759320017	51.78597972304625	51.958885192871094	47000	0.0	0.0	0.0
2021-12-23 00:00:00+08:00	52.13179194476219	52.175018310546875	52.045339213192825	52.175018310546875	81083	0.0	0.0	0.0
2021-12-24 00:00:00+08:00	52.261476391307774	52.39115549375165	52.17502035838475	52.30470275878906	55075	0.0	0.0	0.0
2021-12-27 00:00:00+08:00	52.304697191036894	52.43437957763672	52.21824446527706	52.43437957763672	84040	0.0	0.0	0.0
2021-12-28 00:00:00+08:00	52.43438517425434	52.47761154174805	52.43438517425434	52.47761154174805	94066	0.0	0.0	0.0
2021-12-29 00:00:00+08:00	52.564060483301255	52.650516510009766	52.39115172784443	52.650516510009766	123307	0.0	0.0	0.0
2021-12-30 00:00:00+08:00	52.73696896574333	52.73696896574333	52.56406021118164	52.56406021118164	44000	0.0	0.0	0.0
2022-01-03 00:00:00+08:00	52.650516510009766	52.99633072296321	52.5208341189271	52.650516510009766	128123	0.0	0.0	0.0
2022-01-04 00:00:00+08:00	52.69374465942383	52.73697102526231	52.47760953227112	52.69374465942383	67006	0.0	0.0	0.0
2022-01-05 00:00:00+08:00	52.60728657533201	52.650516237442574	52.3046987283192	52.56406021118164	74031	0.0	0.0	0.0
2022-01-06 00:00:00+08:00	52.564060400110634	52.564060400110634	52.04533743252133	52.13179016113281	85003	0.0	0.0	0.0
2022-01-07 00:00:00+08:00	52.218248430356994	52.56406265761505	51.61306941020497	51.65629577636719	96091	0.0	0.0	0.0
2022-01-10 00:00:00+08:00	51.656291754021964	51.915653228759766	51.44015664208045	51.915653228759766	49050	0.0	0.0	0.0
2022-01-11 00:00:00+08:00	51.69951808303274	51.872426832064974	51.613065357496666	51.74274444580078	44100	0.0	0.0	0.0
2022-01-12 00:00:00+08:00	51.87242889404297	51.95888162301562	51.6130674091648	51.87242889404297	63000	0.0	0.0	0.0
2022-01-13 00:00:00+08:00	51.87243094573668	52.088566074677246	51.87243094573668	52.002113342285156	75100	0.0	0.0	0.0
2022-01-14 00:00:00+08:00	52.00211153132584	52.00211153132584	51.35370616708467	51.78597640991211	87115	0.0	0.0	0.0
2022-01-17 00:00:00+08:00	51.785976218729346	52.21824645996094	51.526611435622215	52.21824645996094	76338	0.0	0.0	0.0
2022-01-18 00:00:00+08:00	52.21824597171487	52.564060182690625	52.21824597171487	52.391151428222656	60158	0.0	0.0	0.0
2022-01-19 00:00:00+08:00	52.13179040601955	52.13179040601955	52.002111312493156	52.04533767700195	24759	0.0	0.0	0.0
2022-01-20 00:00:00+08:00	52.04533946042599	52.088565826416016	51.9156570644956	52.088565826416016	36090	0.0	0.0	0.0
2022-01-21 00:00:00+08:00	51.915657230121205	51.915657230121205	51.267251844321294	51.31047821044922	109350	0.0	0.0	0.0
2022-01-24 00:00:00+08:00	50.964662454787266	51.1807975769043	50.14334833115051	51.1807975769043	133801	0.0	0.0	0.0
2022-01-25 00:00:00+08:00	51.1808013528515	51.1808013528515	50.489169570642794	50.66207504272461	60135	0.0	0.0	0.0
2022-01-26 00:00:00+08:00	50.791753646198636	51.00788876809735	50.66207125387531	50.83498001098633	91426	0.0	0.0	0.0
2022-02-07 00:00:00+08:00	50.83498164740318	51.82920455932617	50.83498164740318	51.82920455932617	86091	0.0	0.0	0.0
2022-02-08 00:00:00+08:00	51.95888140594965	52.13179016113281	51.95888140594965	52.13179016113281	151573	0.0	0.0	0.0
2022-02-09 00:00:00+08:00	52.13179552310262	52.650521842005254	52.13179552310262	52.60729217529297	82995	0.0	0.0	0.0
2022-02-10 00:00:00+08:00	52.73696923875808	52.73696923875808	52.34792536347028	52.650516510009766	93250	0.0	0.0	0.0
2022-02-11 00:00:00+08:00	52.607284580851164	52.823419691368976	52.520831855828064	52.78019332885742	69450	0.0	0.0	0.0
2022-02-14 00:00:00+08:00	52.391151891032536	52.391151891032536	51.69952016501116	52.04533767700195	124500	0.0	0.0	0.0
2022-02-15 00:00:00+08:00	51.91565528551535	52.261472797506144	51.91565528551535	52.04533767700195	42040	0.0	0.0	0.0
2022-02-16 00:00:00+08:00	52.47760751113853	52.736968994140625	52.47760751113853	52.736968994140625	56030	0.0	0.0	0.0
2022-02-17 00:00:00+08:00	52.73696902235231	53.0827865318469	52.69374265815554	52.90987777709961	72385	0.0	0.0	0.0
2022-02-18 00:00:00+08:00	52.82342177881972	53.12601292427834	52.78019541459997	53.082786560058594	63389	0.0	0.0	0.0
2022-02-21 00:00:00+08:00	53.0827863161472	53.298921434213014	52.477607325970894	53.16923904418945	50999	0.0	0.0	0.0
2022-02-22 00:00:00+08:00	53.08278674967172	53.08278674967172	52.045337514890996	52.650516510009766	67000	0.0	0.0	0.0
2022-02-23 00:00:00+08:00	52.69374443462893	52.95310592651367	52.30470054782167	52.95310592651367	35100	0.0	0.0	0.0
2022-02-24 00:00:00+08:00	52.39115211150236	52.43438177415328	51.61306765318909	51.78597640991211	85060	0.0	0.0	0.0
2022-02-25 00:00:00+08:00	52.304702966807476	52.304702966807476	51.69952392578125	51.69952392578125	77010	0.0	0.0	0.0
2022-03-01 00:00:00+08:00	51.95888124717415	52.736968994140625	51.95888124717415	52.736968994140625	68040	0.0	0.0	0.0
2022-03-02 00:00:00+08:00	52.434381146964874	52.736968994140625	52.434381146964874	52.736968994140625	12101	0.0	0.0	0.0
2022-03-03 00:00:00+08:00	52.9098795608596	53.16924105274434	52.780197165937075	52.95310592651367	41613	0.0	0.0	0.0
2022-03-04 00:00:00+08:00	52.564060182690625	52.69374257303164	52.34792506409571	52.391151428222656	36050	0.0	0.0	0.0
2022-03-07 00:00:00+08:00	51.78597655235908	51.78597655235908	50.402709792730185	51.00788879394531	184233	0.0	0.0	0.0
2022-03-08 00:00:00+08:00	50.05689408820736	50.61884340994708	49.4949414685075	49.58139419555664	215533	0.0	0.0	0.0
2022-03-09 00:00:00+08:00	50.22979963524726	50.35948202402108	49.88398542845067	50.100120544433594	56070	0.0	0.0	0.0
2022-03-10 00:00:00+08:00	50.5756220963994	51.353709909374345	50.5756220963994	51.26725387573242	91090	0.0	0.0	0.0
2022-03-11 00:00:00+08:00	50.92143606432611	51.00788879394531	50.70530094231786	51.00788879394531	27521	0.0	0.0	0.0
2022-03-14 00:00:00+08:00	51.13757118633435	51.22402391595355	50.74852730712747	51.00788879394531	47099	0.0	0.0	0.0
2022-03-15 00:00:00+08:00	50.61884555527304	50.61884555527304	50.0568962097168	50.0568962097168	57132	0.0	0.0	0.0
2022-03-16 00:00:00+08:00	50.35948381752803	50.35948381752803	49.797531176774946	50.143348693847656	93050	0.0	0.0	0.0
2022-03-17 00:00:00+08:00	51.09434310218138	51.52661335955333	50.87820797349539	51.4833869934082	63057	0.0	0.0	0.0
2022-03-18 00:00:00+08:00	51.483385454422184	51.52661181927515	51.22402396734414	51.35370635986328	69011	0.0	0.0	0.0
2022-03-21 00:00:00+08:00	51.35370791527135	51.65629577636719	51.35370791527135	51.65629577636719	44150	0.0	0.0	0.0
2022-03-22 00:00:00+08:00	51.61306941020497	51.78597817281417	51.440160647595775	51.65629577636719	30965	0.0	0.0	0.0
2022-03-23 00:00:00+08:00	51.872432488055274	52.30470275878906	51.872432488055274	52.30470275878906	50251	0.0	0.0	0.0
2022-03-24 00:00:00+08:00	52.17501652543856	52.17501652543856	51.699519922155	52.13179016113281	30103	0.0	0.0	0.0
2022-03-25 00:00:00+08:00	52.13179240007223	52.13179240007223	51.61306941020497	51.65629577636719	85359	0.0	0.0	0.0
2022-03-28 00:00:00+08:00	51.52661333904919	51.69952210152123	51.00789034959339	51.31047821044922	48021	0.0	0.0	0.0
2022-03-29 00:00:00+08:00	51.52661515720798	51.87243269435452	51.52661515720798	51.69952392578125	12244	0.0	0.0	0.0
2022-03-30 00:00:00+08:00	51.87242867733816	52.13179016113281	51.87242867733816	52.13179016113281	39278	0.0	0.0	0.0
2022-03-31 00:00:00+08:00	52.13179016113281	52.218246187704494	51.9156550416439	52.13179016113281	59200	0.0	0.0	0.0
2022-04-01 00:00:00+08:00	51.699522182992155	52.002113342285156	51.44016068785554	52.002113342285156	15780	0.0	0.0	0.0
2022-04-06 00:00:00+08:00	51.915653228759766	52.045335615108705	51.74274447961454	51.915653228759766	50319	0.0	0.0	0.0
2022-04-07 00:00:00+08:00	52.13179079503512	52.13179079503512	51.1807975769043	51.1807975769043	53730	0.0	0.0	0.0
2022-04-08 00:00:00+08:00	51.18079738434541	51.613067626953125	51.051114992379006	51.613067626953125	42950	0.0	0.0	0.0
2022-04-11 00:00:00+08:00	51.613071628977	51.613071628977	50.66207504272461	50.66207504272461	36085	0.0	0.0	0.0
2022-04-12 00:00:00+08:00	50.57561899013731	50.87820684439847	50.44593659661952	50.489166259765625	38168	0.0	0.0	0.0
2022-04-13 00:00:00+08:00	50.92143788346442	51.396934509277344	50.878208219150224	51.396934509277344	84300	0.0	0.0	0.0
2022-04-14 00:00:00+08:00	51.39693272471625	51.569841482088364	51.094341574824995	51.35370635986328	37021	0.0	0.0	0.0
2022-04-15 00:00:00+08:00	51.18079955168148	51.18079955168148	50.61884689331055	50.61884689331055	27072	0.0	0.0	0.0
2022-04-18 00:00:00+08:00	50.57562075766371	50.61884712436024	50.05689776138465	50.3594856262207	35050	0.0	0.0	0.0
2022-04-19 00:00:00+08:00	49.97044152063565	51.00789080680685	49.97044152063565	50.79175567626953	46161	0.0	0.0	0.0
2022-04-20 00:00:00+08:00	51.007885218676705	51.051111580456464	50.70529738825839	50.92143249511719	25016	0.0	0.0	0.0
2022-04-21 00:00:00+08:00	50.921436089955904	51.26725030656701	50.921436089955904	51.1807975769043	7270	0.0	0.0	0.0
2022-04-22 00:00:00+08:00	50.92143606432611	51.00788879394531	50.66207127954802	51.00788879394531	11000	0.0	0.0	0.0
2022-04-25 00:00:00+08:00	50.9214348004588	50.9214348004588	49.278806594782004	49.49494171142578	94160	0.0	0.0	0.0
2022-04-26 00:00:00+08:00	49.97044038187077	49.97044038187077	49.45171739958642	49.62462615966797	83017	0.0	0.0	0.0
2022-04-27 00:00:00+08:00	48.84653852129458	48.932991252590625	48.24135950834135	48.67362976074219	87095	0.0	0.0	0.0
2022-04-28 00:00:00+08:00	48.67362982725314	49.19235610961914	48.58717709583895	49.19235610961914	27265	0.0	0.0	0.0
2022-04-29 00:00:00+08:00	49.322034982217744	49.79753159875181	49.322034982217744	49.451717376708984	35000	0.0	0.0	0.0
2022-05-03 00:00:00+08:00	49.45171739958642	49.711078890728594	49.27880863950487	49.62462615966797	31225	0.0	0.0	0.0
2022-05-04 00:00:00+08:00	49.97044038187077	49.97044038187077	49.58139649617736	49.62462615966797	16008	0.0	0.0	0.0
2022-05-05 00:00:00+08:00	50.48916416825103	50.48916416825103	50.14334666516926	50.18657302856445	14017	0.0	0.0	0.0
2022-05-06 00:00:00+08:00	50.05689458041974	50.05689458041974	49.14912444767686	49.40848922729492	41130	0.0	0.0	0.0
2022-05-09 00:00:00+08:00	48.97622137338297	48.97622137338297	48.1549072265625	48.1549072265625	44097	0.0	0.0	0.0
2022-05-10 00:00:00+08:00	47.54972818735484	48.06845117566912	47.24714032716489	47.981998443603516	33001	0.0	0.0	0.0
2022-05-11 00:00:00+08:00	47.98199687741271	47.98199687741271	47.42004424344812	47.67940902709961	65011	0.0	0.0	0.0
2022-05-12 00:00:00+08:00	47.549728836260456	47.59295520288316	46.858097076416016	46.858097076416016	42083	0.0	0.0	0.0
2022-05-13 00:00:00+08:00	47.54972457885742	47.722633327827104	47.420042192640146	47.54972457885742	24000	0.0	0.0	0.0
2022-05-16 00:00:00+08:00	47.85231402354227	48.24135789730281	47.76586129513334	48.02522277832031	25017	0.0	0.0	0.0
2022-05-17 00:00:00+08:00	48.02522078598002	48.2845822584073	48.02522078598002	48.241355895996094	9224	0.0	0.0	0.0
2022-05-18 00:00:00+08:00	48.71685617092676	49.019447326660156	48.67362980523922	49.019447326660156	26161	0.0	0.0	0.0
2022-05-19 00:00:00+08:00	47.93876806115761	48.2845822584073	47.93876806115761	48.241355895996094	7085	0.0	0.0	0.0
2022-05-20 00:00:00+08:00	48.2413615230251	48.63040542602539	48.15490878811856	48.63040542602539	14000	0.0	0.0	0.0
2022-05-23 00:00:00+08:00	48.71685452795653	48.71685452795653	48.1981315612793	48.1981315612793	17100	0.0	0.0	0.0
2022-05-24 00:00:00+08:00	48.111681088715834	48.50072168298528	47.63618116601256	47.895545959472656	43085	0.0	0.0	0.0
2022-05-25 00:00:00+08:00	47.89554371371095	48.1981315612793	47.89554371371095	48.1981315612793	6015	0.0	0.0	0.0
2022-05-26 00:00:00+08:00	48.63040179949705	48.71685452795653	48.11167883281983	48.1981315612793	33020	0.0	0.0	0.0
2022-05-27 00:00:00+08:00	48.58717500392103	48.76008375726513	48.58717500392103	48.716854095458984	22013	0.0	0.0	0.0
2022-05-30 00:00:00+08:00	48.88976275481231	49.71107685814765	48.88976275481231	49.667850494384766	23055	0.0	0.0	0.0
2022-05-31 00:00:00+08:00	49.79752958567341	49.79752958567341	49.149124235349746	49.667850494384766	18000	0.0	0.0	0.0
2022-06-01 00:00:00+08:00	49.667852032624815	49.79753112792969	49.667852032624815	49.79753112792969	11031	0.0	0.0	0.0
2022-06-02 00:00:00+08:00	49.71107886773118	49.71107886773118	49.451717376708984	49.451717376708984	10077	0.0	0.0	0.0
2022-06-06 00:00:00+08:00	49.88398539789653	49.92721176147461	49.49494152977353	49.92721176147461	20501	0.0	0.0	0.0
2022-06-07 00:00:00+08:00	49.88398715609319	49.88398715609319	49.365260880992935	49.79753112792969	10151	0.0	0.0	0.0
2022-06-08 00:00:00+08:00	50.056894150168986	50.10012051374707	49.92721176147461	49.92721176147461	5000	0.0	0.0	0.0
2022-06-09 00:00:00+08:00	49.92720997409113	49.92720997409113	49.88398361206055	49.88398361206055	2071	0.0	0.0	0.0
2022-06-10 00:00:00+08:00	49.538169860839844	49.538169860839844	49.278808371110266	49.538169860839844	10085	0.0	0.0	0.0
2022-06-13 00:00:00+08:00	48.673626186862286	48.673626186862286	48.28458232867517	48.58717346191406	27213	0.0	0.0	0.0
2022-06-14 00:00:00+08:00	48.543950663798114	48.67362976074219	47.98199801649291	48.67362976074219	22121	0.0	0.0	0.0
2022-06-15 00:00:00+08:00	48.67363019400934	48.76008622403527	47.981998443603516	47.981998443603516	28090	0.0	0.0	0.0
2022-06-16 00:00:00+08:00	48.716854691826086	48.932989811661976	47.592952728271484	47.592952728271484	30108	0.0	0.0	0.0
2022-06-17 00:00:00+08:00	47.117456779798204	47.117456779798204	46.46905141126887	46.81486892700195	56090	0.0	0.0	0.0
2022-06-20 00:00:00+08:00	46.81487138007077	46.81487138007077	45.734195709228516	45.734195709228516	102090	0.0	0.0	0.0
2022-06-21 00:00:00+08:00	46.20969345141171	47.07423400878906	46.12323741689767	47.07423400878906	23111	0.0	0.0	0.0
2022-06-22 00:00:00+08:00	47.07423053835802	47.07423053835802	45.86387252807617	45.86387252807617	33116	0.0	0.0	0.0
2022-06-23 00:00:00+08:00	46.08000792293826	46.55550453764998	45.60451130822653	45.9503288269043	32095	0.0	0.0	0.0
2022-06-24 00:00:00+08:00	46.64195808289019	46.685184445933295	46.080005469449546	46.51227569580078	14119	0.0	0.0	0.0
2022-06-27 00:00:00+08:00	47.11745634035433	47.420044190328476	46.987773948673855	47.33359146118164	25200	0.0	0.0	0.0
2022-06-28 00:00:00+08:00	47.420044607083426	47.420044607083426	46.55550411617609	46.64196014404297	18500	0.0	0.0	0.0
2022-06-29 00:00:00+08:00	46.64196215842853	46.64196215842853	46.12323586270508	46.42582702636719	20110	0.0	0.0	0.0
2022-06-30 00:00:00+08:00	46.08000805448117	46.08000805448117	44.78319730267798	44.999332427978516	212379	0.0	0.0	0.0
2022-07-01 00:00:00+08:00	44.73997388148253	44.73997388148253	43.27025427312675	43.39993667602539	81458	0.0	0.0	0.0
2022-07-04 00:00:00+08:00	43.616067954666505	43.659294319152835	43.04547136875044	43.22702407836914	61076	0.0	0.0	0.0
2022-07-05 00:00:00+08:00	43.44315695566693	44.2644710303412	43.097339461711435	43.52960968017578	50121	0.0	0.0	0.0
2022-07-06 00:00:00+08:00	43.6592927251843	43.6592927251843	42.83797863808881	42.924434661865234	38115	0.0	0.0	0.0
2022-07-07 00:00:00+08:00	43.27025025382022	43.65929412841797	42.63913610078842	43.65929412841797	46143	0.0	0.0	0.0
2022-07-08 00:00:00+08:00	43.74575197545884	44.48061344633887	43.74575197545884	44.39415740966797	32115	0.0	0.0	0.0
2022-07-11 00:00:00+08:00	44.39415611988745	44.43738578594724	43.78898037057618	44.0051155090332	21110	0.0	0.0	0.0
2022-07-12 00:00:00+08:00	43.659294943069426	43.659294943069426	42.72558962661257	42.889854431152344	37120	0.0	0.0	0.0
2022-07-13 00:00:00+08:00	43.9186574268746	44.00511345700212	43.57284320024556	43.875431060791016	26120	0.0	0.0	0.0
2022-07-14 00:00:00+08:00	43.57284124130167	44.26447296142578	43.57284124130167	44.26447296142578	12005	0.0	0.0	0.0
2022-07-15 00:00:00+08:00	44.35092949823764	44.35092949823764	43.918659223794855	44.09156799316406	30050	0.0	0.0	0.0
2022-07-18 00:00:00+08:00	44.653518229134775	45.1722412109375	44.350927074782945	45.1722412109375	26200	0.0	0.0	0.0
2022-07-19 00:00:00+08:00	45.172243243656034	45.2586959785267	44.956108108518926	45.1290168762207	9132	0.0	0.0	0.0
2022-07-20 00:00:00+08:00	45.64773556409255	45.82064431544095	45.431600449397074	45.47482681274414	27020	0.0	0.0	0.0
2022-07-21 00:00:00+08:00	45.345147995576156	45.561283111572266	45.30192163196896	45.561283111572266	18150	0.0	0.0	0.0
2022-07-22 00:00:00+08:00	45.8206481763182	45.8206481763182	45.64773941040039	45.64773941040039	7200	0.0	0.0	0.0
2022-07-25 00:00:00+08:00	45.69096376975587	45.90709889316618	45.34514955107552	45.86387252807617	25200	0.0	0.0	0.0
2022-07-26 00:00:00+08:00	45.863870678788025	45.863870678788025	45.38837408605	45.47482681274414	24110	0.0	0.0	0.0
2022-07-27 00:00:00+08:00	45.388375891690025	45.69096374511719	45.12901440332956	45.69096374511719	8120	0.0	0.0	0.0
2022-07-28 00:00:00+08:00	45.82064841134208	45.82064841134208	45.30192540888841	45.38837814331055	19120	0.0	0.0	0.0
2022-07-29 00:00:00+08:00	45.8206481763182	45.907100910296904	45.64773941040039	45.64773941040039	14000	0.0	0.0	0.0
2022-08-01 00:00:00+08:00	45.64773767357118	45.9503288269043	45.47482891423229	45.9503288269043	17319	0.0	0.0	0.0
2022-08-02 00:00:00+08:00	45.950326703442286	45.950326703442286	45.08578624466038	45.47482681274414	77352	0.0	0.0	0.0
2022-08-03 00:00:00+08:00	45.3883819547388	45.3883819547388	44.95611165040795	45.042564392089844	33007	0.0	0.0	0.0
2022-08-04 00:00:00+08:00	45.12901303153558	45.12901303153558	44.437381317611234	44.95610427856445	15019	0.0	0.0	0.0
2022-08-05 00:00:00+08:00	45.388374359183345	45.64773583878665	45.388374359183345	45.561283111572266	20000	0.0	0.0	0.0
2022-08-08 00:00:00+08:00	45.21546916140217	45.820648193359375	45.21546916140217	45.820648193359375	29037	0.0	0.0	0.0
2022-08-09 00:00:00+08:00	45.82064440991617	46.12323225192968	45.73419168304378	45.993553161621094	25100	0.0	0.0	0.0
2022-08-10 00:00:00+08:00	45.90709891773546	46.036781311035156	45.90709891773546	46.036781311035156	8190	0.0	0.0	0.0
2022-08-11 00:00:00+08:00	47.247141187792344	47.247141187792344	46.42582702636719	46.42582702636719	26000	0.0	0.0	0.0
2022-08-12 00:00:00+08:00	46.685184543688585	47.11745477094497	46.64195818055497	47.031002044677734	27000	0.0	0.0	0.0
2022-08-15 00:00:00+08:00	47.420043757650895	47.85231399536133	47.07422954625866	47.85231399536133	38105	0.0	0.0	0.0
2022-08-16 00:00:00+08:00	48.15490516889389	48.15490516889389	47.67940856672442	48.02522277832031	40000	0.0	0.0	0.0
2022-08-17 00:00:00+08:00	48.0252207506577	48.15490313575599	47.80908564080059	48.06844711303711	56001	0.0	0.0	0.0
2022-08-18 00:00:00+08:00	47.54972843349943	47.895545959472656	47.54972843349943	47.895545959472656	10100	0.0	0.0	0.0
2022-08-19 00:00:00+08:00	48.068451196499105	48.284586324717104	48.068451196499105	48.1549072265625	15000	0.0	0.0	0.0
2022-08-22 00:00:00+08:00	47.895543657500525	47.895543657500525	47.636178876506115	47.85231399536133	23000	0.0	0.0	0.0
2022-08-23 00:00:00+08:00	47.72263533826285	47.72263533826285	47.33359146118164	47.33359146118164	260000	0.0	0.0	0.0
2022-08-24 00:00:00+08:00	47.59295500876302	47.80909013895537	47.46327590942383	47.46327590942383	39155	0.0	0.0	0.0
2022-08-25 00:00:00+08:00	47.89554569063273	48.198133550690606	47.80908966064453	47.80908966064453	10000	0.0	0.0	0.0
2022-08-26 00:00:00+08:00	48.2845822584073	48.37103828118976	48.241355895996094	48.241355895996094	27000	0.0	0.0	0.0
2022-08-29 00:00:00+08:00	47.37681758096243	47.4200439453125	46.94454734154131	47.4200439453125	34105	0.0	0.0	0.0
2022-08-30 00:00:00+08:00	47.42004222641393	47.722633361816406	47.29036313806437	47.722633361816406	10200	0.0	0.0	0.0
2022-08-31 00:00:00+08:00	47.63618116601256	47.895545959472656	47.54972843349943	47.895545959472656	8028	0.0	0.0	0.0
2022-09-01 00:00:00+08:00	47.37681807144353	47.37681807144353	46.94454782754722	47.24713897705078	23999	0.0	0.0	0.0
2022-09-02 00:00:00+08:00	47.24714251408358	47.290368882117185	46.98777770996094	46.98777770996094	15156	0.0	0.0	0.0
2022-09-05 00:00:00+08:00	47.2471350822292	47.2471350822292	46.68518249230451	46.90131759643555	32111	0.0	0.0	0.0
2022-09-06 00:00:00+08:00	47.074230115516315	47.074230115516315	46.339368723745956	46.555503845214844	28000	0.0	0.0	0.0
2022-09-07 00:00:00+08:00	46.55550636057272	46.55550636057272	45.863874594095996	46.166465759277344	23125	0.0	0.0	0.0
2022-09-08 00:00:00+08:00	46.68518831196481	46.858097076416016	46.4690531808909	46.858097076416016	15595	0.0	0.0	0.0
2022-09-12 00:00:00+08:00	47.50650027065202	47.72263539172145	47.50650027065202	47.67940902709961	23042	0.0	0.0	0.0
2022-09-13 00:00:00+08:00	48.1549054142733	48.1549054142733	47.80908790295506	47.93877029418945	23000	0.0	0.0	0.0
2022-09-14 00:00:00+08:00	47.63617933793378	47.63617933793378	46.85809488129419	47.506500244140625	23040	0.0	0.0	0.0
2022-09-15 00:00:00+08:00	47.50650382085416	47.80909169377992	47.50650382085416	47.765865325927734	24000	0.0	0.0	0.0
2022-09-16 00:00:00+08:00	47.4200459767976	47.46327564095984	47.3335932443938	47.3768196105957	12000	0.0	0.0	0.0
2022-09-19 00:00:00+08:00	47.50650402024573	47.50650402024573	46.771642571832395	46.98777770996094	38237	0.0	0.0	0.0
2022-09-20 00:00:00+08:00	47.031003855102625	47.24713897705078	46.98777419234481	47.24713897705078	9463	0.0	0.0	0.0
2022-09-21 00:00:00+08:00	47.0742319381362	47.0742319381362	46.685188044837155	46.77164077758789	9045	0.0	0.0	0.0
2022-09-22 00:00:00+08:00	46.16646149349585	46.555502058843885	46.16646149349585	46.51227569580078	14050	0.0	0.0	0.0
2022-09-23 00:00:00+08:00	46.72841329698887	46.72841329698887	45.86387279825472	45.9503288269043	28187	0.0	0.0	0.0
2022-09-26 00:00:00+08:00	45.69096229481293	45.69096229481293	44.610286712646484	44.610286712646484	54171	0.0	0.0	0.0
2022-09-27 00:00:00+08:00	44.56706224530743	45.51805877685547	44.43738314870562	45.51805877685547	20593	0.0	0.0	0.0
2022-09-28 00:00:00+08:00	44.91287992158561	44.91287992158561	43.572842797614825	44.73997116088867	44077	0.0	0.0	0.0
2022-09-29 00:00:00+08:00	44.35092563227061	44.35092563227061	43.87542903142357	43.91865539550781	22180	0.0	0.0	0.0
2022-09-30 00:00:00+08:00	43.227027417421226	43.832206460857215	43.227027417421226	43.745750427246094	17020	0.0	0.0	0.0
2022-10-03 00:00:00+08:00	43.74574685701294	43.74574685701294	43.39993264467287	43.65929412841797	33071	0.0	0.0	0.0
2022-10-04 00:00:00+08:00	44.61028698559622	44.69674301147461	44.17801675008478	44.69674301147461	33192	0.0	0.0	0.0
2022-10-05 00:00:00+08:00	45.0857887046303	45.17224143604148	44.783197548770595	44.912879943847656	32125	0.0	0.0	0.0
2022-10-06 00:00:00+08:00	44.91287996593894	45.08578872680664	44.73997120507124	45.08578872680664	34490	0.0	0.0	0.0
2022-10-07 00:00:00+08:00	45.08579047806477	45.08579047806477	44.783199310302734	44.783199310302734	7140	0.0	0.0	0.0
2022-10-11 00:00:00+08:00	44.39415633905981	44.39415633905981	43.22702790481404	43.39993667602539	46197	0.0	0.0	0.0
2022-10-12 00:00:00+08:00	43.39993667602539	43.48638941265082	43.08005759295871	43.39993667602539	27190	0.0	0.0	0.0
2022-10-13 00:00:00+08:00	43.48639003363165	43.48639003363165	42.36248795164939	42.54404067993164	61300	0.0	0.0	0.0
2022-10-14 00:00:00+08:00	43.05411128634901	43.21837607314232	42.78610587288187	42.87255859375	52100	0.0	0.0	0.0
2022-10-17 00:00:00+08:00	42.65642340683028	42.65642340683028	41.93020933995189	42.52674102783203	63043	0.0	0.0	0.0
2022-10-18 00:00:00+08:00	42.91579275280593	43.05411911010742	42.60455762438743	43.05411911010742	18300	0.0	0.0	0.0
2022-10-19 00:00:00+08:00	42.950374603271484	43.114636119799854	42.950374603271484	42.950374603271484	16200	0.0	0.0	0.0
2022-10-20 00:00:00+08:00	42.20686657598177	42.37112808227539	41.93021388224502	42.37112808227539	7021	0.0	0.0	0.0
2022-10-21 00:00:00+08:00	42.362485573322964	42.41435919190297	42.05125045776367	42.05125045776367	15100	0.0	0.0	0.0
2022-10-24 00:00:00+08:00	42.768818485173185	42.768818485173185	42.15499223958504	42.25873947143555	22001	0.0	0.0	0.0
2022-10-25 00:00:00+08:00	42.07718723843657	42.07718723843657	41.62762905193916	41.912925720214844	44365	0.0	0.0	0.0
2022-10-26 00:00:00+08:00	41.62762508524569	41.84376020344954	41.58439542323678	41.73136901855469	23050	0.0	0.0	0.0
2022-10-27 00:00:00+08:00	41.731367999619565	42.58726119995117	41.731367999619565	42.58726119995117	48050	0.0	0.0	0.0
2022-10-28 00:00:00+08:00	42.47487718560464	42.58726508003475	42.1463508605957	42.1463508605957	11024	0.0	0.0	0.0
2022-10-31 00:00:00+08:00	42.27602724643591	42.67371504238025	42.23279758769245	42.62184143066406	13000	0.0	0.0	0.0
2022-11-01 00:00:00+08:00	42.82069276379355	43.1492190991198	42.82069276379355	43.05411911010742	56000	0.0	0.0	0.0
2022-11-02 00:00:00+08:00	43.14057314875698	43.44316101074219	43.14057314875698	43.44316101074219	22046	0.0	0.0	0.0
2022-11-03 00:00:00+08:00	43.14056932571009	43.35670443596323	42.915786964189195	43.27024841308594	32000	0.0	0.0	0.0
2022-11-04 00:00:00+08:00	43.21838017832273	43.57284164428711	43.21838017832273	43.57284164428711	31571	0.0	0.0	0.0
2022-11-07 00:00:00+08:00	43.745750233953146	44.52383804321289	43.70252386631881	44.52383804321289	29387	0.0	0.0	0.0
2022-11-08 00:00:00+08:00	44.739969375433716	44.956104493189436	44.61028698559622	44.69674301147461	44062	0.0	0.0	0.0
2022-11-09 00:00:00+08:00	44.999334475954264	45.30192564392247	44.956108108518926	45.1290168762207	40000	0.0	0.0	0.0
2022-11-10 00:00:00+08:00	44.78319576849901	45.21546600429139	44.78319576849901	44.869651794433594	15034	0.0	0.0	0.0
2022-11-11 00:00:00+08:00	45.820648193359375	45.950330592336066	45.64773942737726	45.820648193359375	43110	0.0	0.0	0.0
2022-11-14 00:00:00+08:00	46.123235633703494	46.68518829345703	46.123235633703494	46.68518829345703	37658	0.0	0.0	0.0
2022-11-15 00:00:00+08:00	47.3335952501508	47.3335952501508	46.425828329603014	46.98777770996094	160420	0.0	0.0	0.0
2022-11-16 00:00:00+08:00	48.93240555730833	48.93240555730833	46.5807570661363	46.761653900146484	84023	2.4	0.0	0.0
2022-11-17 00:00:00+08:00	46.761657488226604	46.85210418701172	46.53553729094342	46.85210418701172	35025	0.0	0.0	0.0
2022-11-18 00:00:00+08:00	47.03299731563255	47.03299731563255	46.67120364846117	46.80687713623047	25055	0.0	0.0	0.0
2022-11-21 00:00:00+08:00	46.58076072902119	46.671207427978516	46.53553737954254	46.671207427978516	24038	0.0	0.0	0.0
2022-11-22 00:00:00+08:00	46.671207769154314	46.671207769154314	46.218967370420955	46.53553771972656	20116	0.0	0.0	0.0
2022-11-23 00:00:00+08:00	46.71643055422397	46.852100591991515	46.535533720213785	46.761653900146484	15130	0.0	0.0	0.0
2022-11-24 00:00:00+08:00	47.032997131347656	47.07822047698686	46.761653607192365	47.032997131347656	15300	0.0	0.0	0.0
2022-11-25 00:00:00+08:00	47.03299698478766	47.39479064941406	47.03299698478766	47.39479064941406	143680	0.0	0.0	0.0
2022-11-28 00:00:00+08:00	46.942554272019706	47.213897818324945	46.62598392606328	47.16867446899414	48105	0.0	0.0	0.0
2022-11-29 00:00:00+08:00	46.89732704932103	47.4852409362793	46.80688035147531	47.4852409362793	20147	0.0	0.0	0.0
2022-11-30 00:00:00+08:00	47.48524062539939	47.93748101230796	47.394793928145816	47.75658416748047	97920	0.0	0.0	0.0
2022-12-01 00:00:00+08:00	48.38972114135167	48.615841333600976	48.29927444458008	48.29927444458008	28705	0.0	0.0	0.0
2022-12-02 00:00:00+08:00	48.29927430454451	48.29927430454451	48.11837746120548	48.208824157714844	12125	0.0	0.0	0.0
2022-12-05 00:00:00+08:00	48.20882385079513	48.70628757907014	48.20882385079513	48.480167388916016	43783	0.0	0.0	0.0
2022-12-06 00:00:00+08:00	48.48016800970456	48.525394808570745	47.93748092651367	47.93748092651367	45090	0.0	0.0	0.0
2022-12-07 00:00:00+08:00	48.07315088824562	48.07315088824562	47.16867018254256	47.666133880615234	20041	0.0	0.0	0.0
2022-12-08 00:00:00+08:00	47.666137782291095	47.666137782291095	47.30434409026749	47.4852409362793	13125	0.0	0.0	0.0
2022-12-09 00:00:00+08:00	47.53046417236328	47.80180771557663	47.53046417236328	47.53046417236328	10000	0.0	0.0	0.0
2022-12-12 00:00:00+08:00	47.530464372596526	47.530464372596526	47.168674130228055	47.304344177246094	12034	0.0	0.0	0.0
2022-12-13 00:00:00+08:00	47.530464372596526	47.66613786993493	47.25912082824008	47.304344177246094	34451	0.0	0.0	0.0
2022-12-14 00:00:00+08:00	47.07822350286116	47.93748092651367	47.07822350286116	47.93748092651367	61470	0.0	0.0	0.0
2022-12-15 00:00:00+08:00	47.39479395461649	48.07315453535821	47.39479395461649	47.89225769042969	11085	0.0	0.0	0.0
2022-12-16 00:00:00+08:00	47.25912076700844	47.66613780817593	47.213897418061016	47.620914459228516	44259	0.0	0.0	0.0
2022-12-19 00:00:00+08:00	47.62091086479944	47.62091086479944	47.032997021897685	47.07822036743164	22140	0.0	0.0	0.0
2022-12-20 00:00:00+08:00	47.123448469019245	47.123448469019245	46.12852096557617	46.12852096557617	35315	0.0	0.0	0.0
2022-12-21 00:00:00+08:00	45.857173471056925	46.49031066894531	45.857173471056925	46.49031066894531	45800	0.0	0.0	0.0
2022-12-22 00:00:00+08:00	46.49031026519561	46.80687713623047	46.49031026519561	46.80687713623047	11116	0.0	0.0	0.0
2022-12-23 00:00:00+08:00	46.445083728148745	46.62598056274355	46.264190343874084	46.39986038208008	7151	0.0	0.0	0.0
2022-12-26 00:00:00+08:00	46.39986019743363	46.671203723085966	46.30941350565623	46.625980377197266	19100	0.0	0.0	0.0
2022-12-27 00:00:00+08:00	46.942550623999765	46.942550623999765	46.80687713623047	46.80687713623047	5041	0.0	0.0	0.0
2022-12-28 00:00:00+08:00	46.58076106953581	46.58076106953581	46.17374402061171	46.53553771972656	23020	0.0	0.0	0.0
2022-12-29 00:00:00+08:00	45.90239674972853	46.218963623046875	45.811950057443326	46.218963623046875	7192	0.0	0.0	0.0
2022-12-30 00:00:00+08:00	46.62598067337204	46.62598067337204	46.354637145996094	46.354637145996094	9115	0.0	0.0	0.0
2023-01-03 00:00:00+08:00	46.354637179997745	46.58075736136359	45.9476201634752	46.49031066894531	55114	0.0	0.0	0.0
2023-01-04 00:00:00+08:00	46.761653900146484	46.806877246069	46.49031037429127	46.761653900146484	14207	0.0	0.0	0.0
2023-01-05 00:00:00+08:00	46.76165379041408	46.852100482046865	46.716430444597684	46.80687713623047	9110	0.0	0.0	0.0
2023-01-06 00:00:00+08:00	46.806880724529115	47.03300092126597	46.806880724529115	46.8973274230957	12130	0.0	0.0	0.0
2023-01-09 00:00:00+08:00	47.53046428520216	47.53046428520216	47.07822389533283	47.4852409362793	20110	0.0	0.0	0.0
2023-01-10 00:00:00+08:00	47.485240711030585	47.666137556184296	47.349567214585214	47.575687408447266	24223	0.0	0.0	0.0
2023-01-11 00:00:00+08:00	47.89225775004634	47.89225775004634	47.485240711030585	47.575687408447266	25133	0.0	0.0	0.0
2023-01-12 00:00:00+08:00	47.57568377522671	47.57568377522671	47.30434025337805	47.34956359863281	20634	0.0	0.0	0.0
2023-01-13 00:00:00+08:00	47.84703474210989	47.84703474210989	47.21389750472281	47.44001770019531	31921	0.0	0.0	0.0
2023-01-16 00:00:00+08:00	47.440013994912334	47.666134172723815	47.34956385359569	47.39479064941406	58192	0.0	0.0	0.0
2023-01-17 00:00:00+08:00	47.4852409362793	47.666137782291095	47.394794238433576	47.4852409362793	13184	0.0	0.0	0.0
2023-01-30 00:00:00+08:00	48.977634371387815	48.977634371387815	48.16360030996453	48.7062873840332	54825	0.0	0.0	0.0
2023-01-31 00:00:00+08:00	48.706287720074315	48.84196121468768	48.48016752926558	48.57061767578125	44099	0.0	0.0	0.0
2023-02-01 00:00:00+08:00	48.70628744225269	48.97763442993164	48.70628744225269	48.97763442993164	23775	0.0	0.0	0.0
2023-02-02 00:00:00+08:00	49.29420048463695	49.70121750897782	49.29420048463695	49.61076736450195	42409	0.0	0.0	0.0
2023-02-03 00:00:00+08:00	49.88211449051696	49.88211449051696	49.47509746501003	49.70121765136719	40207	0.0	0.0	0.0
2023-02-06 00:00:00+08:00	49.47509732326847	49.74644085605564	49.47509732326847	49.61076736450195	33093	0.0	0.0	0.0
2023-02-07 00:00:00+08:00	49.83688747054069	49.88211426786643	49.5655439381873	49.791664123535156	33269	0.0	0.0	0.0
2023-02-08 00:00:00+08:00	49.92734136827318	50.28913162183604	49.92734136827318	50.108238220214844	49090	0.0	0.0	0.0
2023-02-09 00:00:00+08:00	50.108233963598934	50.33435414673734	50.06300716671511	50.289127349853516	13131	0.0	0.0	0.0
2023-02-10 00:00:00+08:00	50.28912772930832	50.28912772930832	49.61076717477455	49.83688735961914	49232	0.0	0.0	0.0
2023-02-13 00:00:00+08:00	49.83688747054069	49.83688747054069	49.38464709984496	49.791664123535156	44620	0.0	0.0	0.0
2023-02-14 00:00:00+08:00	50.108238220214844	50.108238220214844	49.791667866736816	50.108238220214844	17812	0.0	0.0	0.0
2023-02-15 00:00:00+08:00	50.063007735920635	50.10823453331868	49.5203206703463	49.61076736450195	16270	0.0	0.0	0.0
2023-02-16 00:00:00+08:00	49.4750969015903	50.37957763671875	49.4750969015903	50.37957763671875	27125	0.0	0.0	0.0
2023-02-17 00:00:00+08:00	50.24390422444825	50.33435436829385	50.063007387077235	50.19868087768555	36020	0.0	0.0	0.0
2023-02-20 00:00:00+08:00	50.19868417103428	50.74137126843081	50.19868417103428	50.69614791870117	25134	0.0	0.0	0.0
2023-02-21 00:00:00+08:00	50.69614782881613	50.922268027383836	50.69614782881613	50.877044677734375	15088	0.0	0.0	0.0
2023-02-22 00:00:00+08:00	50.37957741589839	50.47002410888672	50.24390392609572	50.47002410888672	11145	0.0	0.0	0.0
2023-02-23 00:00:00+08:00	50.65092416523393	51.23883805799427	50.65092416523393	51.14838790893555	22545	0.0	0.0	0.0
2023-02-24 00:00:00+08:00	51.14838813590727	51.28406163493721	51.05794143676758	51.05794143676758	18285	0.0	0.0	0.0
2023-03-01 00:00:00+08:00	50.96748766602319	50.96748766602319	50.65092079120621	50.831817626953125	62098	0.0	0.0	0.0
2023-03-02 00:00:00+08:00	50.83181773732402	50.92226443023378	50.605697554729446	50.78659439086914	32016	0.0	0.0	0.0
2023-03-03 00:00:00+08:00	51.464954527543625	51.464954527543625	50.96748736955327	51.1031608581543	22641	0.0	0.0	0.0
2023-03-06 00:00:00+08:00	51.28406100574448	51.60062789916992	51.23883765672947	51.60062789916992	67364	0.0	0.0	0.0
2023-03-07 00:00:00+08:00	51.64585127372403	51.82674812019389	51.64585127372403	51.73630142211914	20020	0.0	0.0	0.0
2023-03-08 00:00:00+08:00	51.73630119660661	51.82674789428711	51.645851048605756	51.82674789428711	29151	0.0	0.0	0.0
2023-03-09 00:00:00+08:00	51.82674415317998	52.00764098580331	51.64584732055664	51.64584732055664	35260	0.0	0.0	0.0
2023-03-10 00:00:00+08:00	51.148388202081165	51.148388202081165	50.65092445552845	50.741371154785156	50200	0.0	0.0	0.0
2023-03-13 00:00:00+08:00	50.65092097835972	50.78659446825126	49.88211373649483	50.60569763183594	52574	0.0	0.0	0.0
2023-03-14 00:00:00+08:00	50.65092511718626	50.65092511718626	50.289131414792465	50.33435821533203	43159	0.0	0.0	0.0
2023-03-15 00:00:00+08:00	50.560470992851215	50.60569433643009	49.92733383178711	49.92733383178711	29010	0.0	0.0	0.0
2023-03-16 00:00:00+08:00	49.83688747054069	50.017784308883016	49.65599408251857	49.791664123535156	38066	0.0	0.0	0.0
2023-03-17 00:00:00+08:00	50.28913162183604	50.28913162183604	50.108238220214844	50.108238220214844	14272	0.0	0.0	0.0
2023-03-20 00:00:00+08:00	50.017783820151465	50.42480083986463	50.017783820151465	50.289127349853516	50188	0.0	0.0	0.0
2023-03-21 00:00:00+08:00	50.65092090118433	50.92226443023378	50.65092090118433	50.78659439086914	27070	0.0	0.0	0.0
2023-03-22 00:00:00+08:00	51.01271420016364	51.28405772722746	51.01271420016364	51.238834381103516	27312	0.0	0.0	0.0
2023-03-23 00:00:00+08:00	51.374508041972156	51.555404889543404	51.23883799403401	51.46495819091797	40614	0.0	0.0	0.0
2023-03-24 00:00:00+08:00	51.87197138187077	51.96242153011355	51.69107798602593	51.917198181152344	35260	0.0	0.0	0.0
2023-03-27 00:00:00+08:00	52.007644940945745	52.09809163897577	51.60062789916992	51.60062789916992	41031	0.0	0.0	0.0
2023-03-28 00:00:00+08:00	51.9171985846859	52.00764528331133	51.374508041972156	51.46495819091797	19132	0.0	0.0	0.0
2023-03-29 00:00:00+08:00	51.28406120567012	51.78152494741527	51.28406120567012	51.374507904052734	21000	0.0	0.0	0.0
2023-03-30 00:00:00+08:00	52.0076408022425	52.098087493074885	51.73629727942525	51.87196731567383	30461	0.0	0.0	0.0
2023-03-31 00:00:00+08:00	52.09809112548828	52.18854127294717	52.052867776919	52.09809112548828	17082	0.0	0.0	0.0
2023-04-06 00:00:00+08:00	52.00764094808207	52.098087639168085	51.60062393755479	51.96241760253906	70164	0.0	0.0	0.0
2023-04-07 00:00:00+08:00	51.96241720313632	52.27898406982422	51.96241720313632	52.27898406982422	55120	0.0	0.0	0.0
2023-04-10 00:00:00+08:00	52.27898410677127	52.45988093800081	52.27898410677127	52.41465759277344	23202	0.0	0.0	0.0
2023-04-11 00:00:00+08:00	52.77645091616998	53.138244599957375	52.73122756827662	53.00257110595703	29130	0.0	0.0	0.0
2023-04-12 00:00:00+08:00	53.093024862864645	53.228694915771484	53.0478015118957	53.228694915771484	64265	0.0	0.0	0.0
2023-04-13 00:00:00+08:00	53.27391454963439	53.27391454963439	52.731224060058594	52.731224060058594	40020	0.0	0.0	0.0
2023-04-14 00:00:00+08:00	53.228687721467544	53.228687721467544	53.002567546864334	53.047794342041016	30620	0.0	0.0	0.0
2023-04-17 00:00:00+08:00	53.04779782152154	53.31914135877919	53.00257102337837	53.183467864990234	51180	0.0	0.0	0.0
2023-04-18 00:00:00+08:00	53.22869152070071	53.22869152070071	52.91212463378906	52.91212463378906	55270	0.0	0.0	0.0
2023-04-19 00:00:00+08:00	52.912124745885365	52.95734809406565	52.68600455466363	52.86690139770508	68189	0.0	0.0	0.0
2023-04-20 00:00:00+08:00	52.86690199366577	52.86690199366577	52.00764456727285	52.188541412353516	22186	0.0	0.0	0.0
2023-04-21 00:00:00+08:00	52.18854178732615	52.18854178732615	51.60062789916992	51.60062789916992	54374	0.0	0.0	0.0
2023-04-24 00:00:00+08:00	51.73629727942525	52.0076408022425	51.60062379285658	51.87196731567383	21307	0.0	0.0	0.0
2023-04-25 00:00:00+08:00	51.871968057748695	51.871968057748695	50.83181729701562	50.96748733520508	59023	0.0	0.0	0.0
2023-04-26 00:00:00+08:00	50.922263989141925	51.05793747765152	50.65092046244286	50.96748733520508	39279	0.0	0.0	0.0
2023-04-27 00:00:00+08:00	50.96749088548114	51.555404776215255	50.78659748862792	51.51018142700195	30288	0.0	0.0	0.0
2023-04-28 00:00:00+08:00	51.69107798602593	51.917198181152344	51.69107798602593	51.917198181152344	21102	0.0	0.0	0.0
2023-05-02 00:00:00+08:00	52.00764448181984	52.36943817138672	51.96242113320406	52.36943817138672	26051	0.0	0.0	0.0
2023-05-03 00:00:00+08:00	52.3694381445356	52.3694381445356	52.14331795125232	52.2337646484375	25658	0.0	0.0	0.0
2023-05-04 00:00:00+08:00	52.18854132660328	52.36943817138672	51.96242113320406	52.36943817138672	14137	0.0	0.0	0.0
2023-05-05 00:00:00+08:00	52.36943410132937	52.36943410132937	52.233760615706004	52.3242073059082	13020	0.0	0.0	0.0
2023-05-08 00:00:00+08:00	52.41465752082542	52.64077769697193	52.32420738017477	52.59555435180664	37051	0.0	0.0	0.0
2023-05-09 00:00:00+08:00	52.59555442400298	52.59555442400298	52.27898410677127	52.41465759277344	29054	0.0	0.0	0.0
2023-05-10 00:00:00+08:00	52.41466149312819	52.41466149312819	52.052867803746814	52.2337646484375	31051	0.0	0.0	0.0
2023-05-11 00:00:00+08:00	52.23376507420117	52.23376507420117	51.917198181152344	51.917198181152344	32010	0.0	0.0	0.0
2023-05-12 00:00:00+08:00	51.645850850760546	52.0528678894043	51.41973065710517	52.0528678894043	41172	0.0	0.0	0.0
2023-05-15 00:00:00+08:00	52.05286414765869	52.05286414765869	51.73629727942525	51.87196731567383	23200	0.0	0.0	0.0
2023-05-16 00:00:00+08:00	52.098090844073035	52.64078137493399	52.098090844073035	52.50510787963867	31051	0.0	0.0	0.0
2023-05-17 00:00:00+08:00	52.776451251024206	53.00257144224594	52.64078120648335	52.86690139770508	83200	0.0	0.0	0.0
2023-05-18 00:00:00+08:00	53.31914149979797	53.59048503777328	53.27391815185547	53.27391815185547	61000	0.0	0.0	0.0
2023-05-19 00:00:00+08:00	53.50003784273017	53.90705142073553	53.50003784273017	53.77138137817383	83325	0.0	0.0	0.0
2023-05-22 00:00:00+08:00	53.9522818164322	54.223625369970634	53.81660831450274	53.86183166503906	40070	0.0	0.0	0.0
2023-05-23 00:00:00+08:00	54.223621337298255	54.26884468447127	53.9070510064467	54.087947845458984	36652	0.0	0.0	0.0
2023-05-24 00:00:00+08:00	54.04272851750485	54.04272851750485	53.545264760964294	53.86183166503906	27520	0.0	0.0	0.0
2023-05-25 00:00:00+08:00	54.26884430423622	54.8115313671505	54.26884430423622	54.54018783569336	76400	0.0	0.0	0.0
2023-05-26 00:00:00+08:00	54.67586496879314	55.21855206785831	54.67586496879314	54.90198516845703	98581	0.0	0.0	0.0
2023-05-29 00:00:00+08:00	55.17332759980233	56.258705226255955	55.17332759980233	56.07780838012695	192490	0.0	0.0	0.0
2023-05-30 00:00:00+08:00	56.07780467531015	56.53004503559491	55.89690784113222	56.0325813293457	115400	0.0	0.0	0.0
2023-05-31 00:00:00+08:00	56.16825507803127	56.16825507803127	55.851688185045795	56.07780838012695	38660	0.0	0.0	0.0
2023-06-01 00:00:00+08:00	56.07780838012695	56.123031729079116	55.89691153399796	56.07780838012695	43571	0.0	0.0	0.0
2023-06-02 00:00:00+08:00	56.07780748260289	57.34408193491882	56.07780748260289	57.02751159667969	161423	0.0	0.0	0.0
2023-06-05 00:00:00+08:00	57.16318472980206	57.796321951951825	57.07273458359765	57.61542510986328	109171	0.0	0.0	0.0
2023-06-06 00:00:00+08:00	57.20840816047248	57.47975169883754	57.02751131812234	57.43452835083008	39600	0.0	0.0	0.0
2023-06-07 00:00:00+08:00	57.47975134034792	58.02244186401367	57.47975134034792	58.02244186401367	36877	0.0	0.0	0.0
2023-06-08 00:00:00+08:00	58.022438554928854	58.022438554928854	57.07273105525673	57.208404541015625	20400	0.0	0.0	0.0
2023-06-09 00:00:00+08:00	57.20840774532328	57.977215006831926	57.20840774532328	57.751094818115234	39400	0.0	0.0	0.0
2023-06-12 00:00:00+08:00	57.75109082545144	58.3390046555971	57.75109082545144	57.977210998535156	97065	0.0	0.0	0.0
2023-06-13 00:00:00+08:00	58.203334395908726	58.70080156450709	58.203334395908726	58.519901275634766	73289	0.0	0.0	0.0
2023-06-14 00:00:00+08:00	58.65557438818826	59.2434882471044	58.65557438818826	58.97214126586914	94465	0.0	0.0	0.0
2023-06-15 00:00:00+08:00	58.97214408142682	60.14797185539765	58.97214408142682	60.102745056152344	107265	0.0	0.0	0.0
2023-06-16 00:00:00+08:00	60.10274555846825	60.50976605315559	59.740958764044976	60.193199157714844	108863	0.0	0.0	0.0
2023-06-19 00:00:00+08:00	60.147972560417784	60.600212955608896	59.78617886413674	59.967079162597656	72067	0.0	0.0	0.0
2023-06-20 00:00:00+08:00	59.96707531493145	60.238415394251646	59.695728334970894	59.83140182495117	35400	0.0	0.0	0.0
2023-06-21 00:00:00+08:00	59.83139719793847	60.328857421875	59.83139719793847	60.328857421875	39858	0.0	0.0	0.0
2023-06-26 00:00:00+08:00	60.05752543389724	60.32886552869548	59.51483834366	60.28364562988281	37825	0.0	0.0	0.0
2023-06-27 00:00:00+08:00	60.147969468604195	60.147969468604195	58.83647515022163	58.92692184448242	84396	0.0	0.0	0.0
2023-06-28 00:00:00+08:00	58.926925002327515	59.605285596596886	58.926925002327515	59.33393859863281	29359	0.0	0.0	0.0
2023-06-29 00:00:00+08:00	59.37916145877715	60.238415394251646	59.37916145877715	59.83140182495117	89000	0.0	0.0	0.0
2023-06-30 00:00:00+08:00	59.87662508637895	60.057525383399756	59.83140518760431	60.012298583984375	197000	0.0	0.0	0.0
2023-07-03 00:00:00+08:00	60.238417845316434	61.549919100969504	60.238417845316434	61.41424560546875	227116	0.0	0.0	0.0
2023-07-04 00:00:00+08:00	61.595141516943926	62.45440242314666	61.595141516943926	62.363948822021484	149059	0.0	0.0	0.0
2023-07-05 00:00:00+08:00	62.228279056161796	62.40917244792855	61.73081187784237	61.956932067871094	43955	0.0	0.0	0.0
2023-07-06 00:00:00+08:00	61.50469564272291	62.04738275355991	61.09768203475541	61.459468841552734	70125	0.0	0.0	0.0
2023-07-07 00:00:00+08:00	61.14289489257196	61.14289489257196	60.10274069123674	60.78110122680664	147092	0.0	0.0	0.0
2023-07-10 00:00:00+08:00	60.781101516472226	61.414242159738954	60.781101516472226	60.96200180053711	42027	0.0	0.0	0.0
2023-07-11 00:00:00+08:00	61.32380562779917	62.18305969238281	61.32380562779917	62.18305969238281	36100	0.0	0.0	0.0
2023-07-12 00:00:00+08:00	62.18305129731427	63.08753204345703	62.18305129731427	63.08753204345703	114389	0.0	0.0	0.0
2023-07-13 00:00:00+08:00	64.2181319860515	65.07738592138338	63.765891619952555	64.08245849609375	254118	0.0	0.0	0.0
2023-07-14 00:00:00+08:00	64.67037175494448	65.07738532041878	63.99201121206045	64.6251449584961	212003	0.0	0.0	0.0
2023-07-17 00:00:00+08:00	64.62515216576655	65.39396638728876	64.62515216576655	65.077392578125	245157	0.0	0.0	0.0
2023-07-18 00:00:00+08:00	65.12261937961726	66.88635422755881	64.39903195958732	65.077392578125	240160	0.0	0.0	0.0
2023-07-19 00:00:00+08:00	65.39396775373955	65.52963435976908	64.0824663901107	64.26336669921875	60329	0.0	0.0	0.0
2023-07-20 00:00:00+08:00	64.30858546653968	65.07739278992297	64.30858546653968	64.85127258300781	41088	0.0	0.0	0.0
2023-07-21 00:00:00+08:00	64.3085848625599	65.93665309731475	64.12769145898315	65.6653060913086	94089	0.0	0.0	0.0
2023-07-24 00:00:00+08:00	65.66529820559222	66.5245590209961	65.48440482373888	66.5245590209961	103484	0.0	0.0	0.0
2023-07-25 00:00:00+08:00	66.52455876582479	67.2029192961331	66.47933197021484	66.47933197021484	133200	0.0	0.0	0.0
2023-07-26 00:00:00+08:00	66.47933237219304	66.7958992414564	66.02709201591962	66.16276550292969	106117	0.0	0.0	0.0
2023-07-27 00:00:00+08:00	66.34365848402514	66.70545214698429	66.02709161667596	66.47933197021484	91259	0.0	0.0	0.0
2023-07-28 00:00:00+08:00	66.47933182610639	66.84112548828125	65.80097129726856	66.84112548828125	54100	0.0	0.0	0.0
2023-07-31 00:00:00+08:00	67.11246618773829	67.47425985330027	65.07738458217243	65.52962493896484	151299	0.0	0.0	0.0
2023-08-01 00:00:00+08:00	65.66529905271292	65.84619933754018	64.48947825421702	65.12261199951172	132168	0.0	0.0	0.0
2023-08-02 00:00:00+08:00	65.12260933811754	65.12260933811754	62.99708110790421	63.2684211730957	197087	0.0	0.0	0.0
2023-08-04 00:00:00+08:00	63.22320578908723	63.53977267137881	62.04737805412937	63.13275909423828	114625	0.0	0.0	0.0
2023-08-07 00:00:00+08:00	64.03724535862615	64.85127258300781	63.856345052709386	64.85127258300781	56017	0.0	0.0	0.0
2023-08-08 00:00:00+08:00	65.16784662512025	65.30351322923929	63.992018784720536	64.76082611083984	52534	0.0	0.0	0.0
2023-08-09 00:00:00+08:00	64.57993019047257	64.76082358934885	63.81112289428711	63.81112289428711	57111	0.0	0.0	0.0
2023-08-10 00:00:00+08:00	63.856340343099205	63.856340343099205	61.86648542926053	62.22827911376953	120202	0.0	0.0	0.0
2023-08-11 00:00:00+08:00	62.22828604155872	62.86141988445497	62.22828604155872	62.49962615966797	50176	0.0	0.0	0.0
2023-08-14 00:00:00+08:00	62.499615663535444	62.499615663535444	61.0524479080649	61.50468826293945	135192	0.0	0.0	0.0
2023-08-15 00:00:00+08:00	61.685580923808295	62.63528841820316	61.685580923808295	62.4091682434082	41892	0.0	0.0	0.0
2023-08-16 00:00:00+08:00	62.09260120070229	62.7257349280559	62.09260120070229	62.63528823852539	56068	0.0	0.0	0.0
2023-08-17 00:00:00+08:00	62.5448450369049	63.584999276111716	62.49961823929747	63.35887908935547	207000	0.0	0.0	0.0
2023-08-18 00:00:00+08:00	63.31365284258656	63.81112001803452	62.00215850824634	62.54484558105469	121238	0.0	0.0	0.0
2023-08-21 00:00:00+08:00	63.04230502405292	63.31365200719708	62.59006465257294	63.177978515625	48816	0.0	0.0	0.0
2023-08-22 00:00:00+08:00	63.58499838838006	63.94678516162664	63.58499838838006	63.720664978027344	47000	0.0	0.0	0.0
2023-08-23 00:00:00+08:00	63.675444926860834	64.2181319860515	63.53977143690308	64.08245849609375	25047	0.0	0.0	0.0
2023-08-24 00:00:00+08:00	64.76082611083984	65.52963343695914	64.53470590311998	64.76082611083984	124070	0.0	0.0	0.0
2023-08-25 00:00:00+08:00	64.57992671771109	64.57992671771109	63.35887908935547	63.35887908935547	81157	0.0	0.0	0.0
2023-08-28 00:00:00+08:00	64.53469979366722	64.53469979366722	62.816184997558594	62.816184997558594	73182	0.0	0.0	0.0
2023-08-29 00:00:00+08:00	63.539772065341	63.675445556640625	63.13275849208252	63.675445556640625	28124	0.0	0.0	0.0
2023-08-30 00:00:00+08:00	64.08245830882227	64.53469867359962	64.08245830882227	64.30857849121094	55696	0.0	0.0	0.0
2023-08-31 00:00:00+08:00	63.94678525933492	64.21813224032485	63.72066507539012	64.127685546875	25057	0.0	0.0	0.0
2023-09-01 00:00:00+08:00	64.44425669099493	64.44425669099493	63.81112289428711	63.81112289428711	50158	0.0	0.0	0.0
2023-09-04 00:00:00+08:00	64.08245871732976	64.08245871732976	63.53977165626553	63.99201202392578	59082	0.0	0.0	0.0
2023-09-05 00:00:00+08:00	64.30857502669295	64.30857502669295	63.81111479262191	63.8563346862793	183090	0.0	0.0	0.0
2023-09-06 00:00:00+08:00	63.85633812643359	64.35380528794481	63.85633812643359	64.30857849121094	29129	0.0	0.0	0.0
2023-09-07 00:00:00+08:00	63.856338468315	63.901565265291005	63.720664978027344	63.720664978027344	34017	0.0	0.0	0.0
2023-09-08 00:00:00+08:00	63.630218695802355	63.72066538969833	63.17797832568202	63.40409851074219	44017	0.0	0.0	0.0
2023-09-11 00:00:00+08:00	63.449322427593025	63.449322427593025	62.228274863828275	62.4091682434082	82106	0.0	0.0	0.0
2023-09-12 00:00:00+08:00	62.45439821996979	62.951858489474624	62.27349793053494	62.816184997558594	28071	0.0	0.0	0.0
2023-09-13 00:00:00+08:00	63.13275884102035	63.177978737943214	62.63529167038565	63.08753204345703	35018	0.0	0.0	0.0
2023-09-14 00:00:00+08:00	63.08753147531063	63.765892028808594	63.08753147531063	63.765892028808594	36131	0.0	0.0	0.0
2023-09-15 00:00:00+08:00	63.76589922837808	64.2181396484375	63.76589922837808	64.2181396484375	35000	0.0	0.0	0.0
2023-09-18 00:00:00+08:00	64.03723901046394	64.03723901046394	63.72066523165257	63.765892028808594	75017	0.0	0.0	0.0
2023-09-19 00:00:00+08:00	63.76589244174444	63.81111923919334	63.313652069817174	63.44932556152344	37401	0.0	0.0	0.0
2023-09-20 00:00:00+08:00	63.31365651688482	63.31365651688482	62.86141611319279	62.90664291381836	72089	0.0	0.0	0.0
2023-09-21 00:00:00+08:00	62.861408812515215	62.861408812515215	61.82125462469809	62.318721771240234	118082	0.0	0.0	0.0
2023-09-22 00:00:00+08:00	61.95693171024542	62.54484558105469	61.64036482616059	62.54484558105469	23135	0.0	0.0	0.0
2023-09-25 00:00:00+08:00	62.77096859914639	63.81112289428711	62.77096859914639	63.81112289428711	58530	0.0	0.0	0.0
2023-09-26 00:00:00+08:00	63.4040954504948	63.4040954504948	62.5900614434401	62.63528823852539	60110	0.0	0.0	0.0
2023-09-27 00:00:00+08:00	62.63529591134677	62.90664291381836	62.54484921073655	62.90664291381836	48180	0.0	0.0	0.0
2023-09-28 00:00:00+08:00	63.31365248393619	63.358879281680906	62.95185880389988	63.13275909423828	22189	0.0	0.0	0.0
2023-10-02 00:00:00+08:00	63.901565519636264	63.901565519636264	63.4040983534816	63.765892028808594	59112	0.0	0.0	0.0
2023-10-03 00:00:00+08:00	63.85633935983493	63.85633935983493	63.313652291748035	63.35887908935547	29945	0.0	0.0	0.0
2023-10-04 00:00:00+08:00	63.13275538190329	63.13275538190329	62.318721374848586	62.63528823852539	53463	0.0	0.0	0.0
2023-10-05 00:00:00+08:00	62.90663871584299	63.40409898632244	62.90663871584299	63.35887908935547	25300	0.0	0.0	0.0
2023-10-06 00:00:00+08:00	63.49454879760742	63.53977559743487	63.177981900737684	63.49454879760742	27098	0.0	0.0	0.0
2023-10-11 00:00:00+08:00	63.720668995463065	63.856342494304606	63.49454879760742	63.49454879760742	47103	0.0	0.0	0.0
2023-10-12 00:00:00+08:00	63.58500269537134	63.90156959372525	63.494549095292356	63.81112289428711	56100	0.0	0.0	0.0
2023-10-13 00:00:00+08:00	63.63022259476999	63.85634279368576	63.63022259476999	63.81112289428711	36550	0.0	0.0	0.0
2023-10-16 00:00:00+08:00	63.81111923919334	63.81111923919334	63.087531883853536	63.44932556152344	119150	0.0	0.0	0.0
2023-10-17 00:00:00+08:00	63.44932978803843	63.58500328878224	62.861415885242515	62.99708938598633	62777	0.0	0.0	0.0
2023-10-18 00:00:00+08:00	62.81618966520048	62.81618966520048	61.8664889525004	62.04738235473633	130098	0.0	0.0	0.0
2023-10-19 00:00:00+08:00	62.00216245449783	62.0926091556158	61.685588649623504	62.04738235473633	54200	0.0	0.0	0.0
2023-10-20 00:00:00+08:00	62.04737893108173	62.04737893108173	60.82633128176184	61.59513854980469	46065	0.0	0.0	0.0
2023-10-23 00:00:00+08:00	61.59513576531767	61.59513576531767	60.87155532836914	60.87155532836914	75221	0.0	0.0	0.0
2023-10-24 00:00:00+08:00	60.91677438538362	61.369014739990234	60.781100898873596	61.369014739990234	25100	0.0	0.0	0.0
2023-10-25 00:00:00+08:00	61.504687863993844	62.09260170164534	61.504687863993844	61.82125473022461	25068	0.0	0.0	0.0
2023-10-26 00:00:00+08:00	60.96200556185509	61.05245225914791	60.60021187204311	60.69065856933594	93344	0.0	0.0	0.0
2023-10-27 00:00:00+08:00	60.6906550436518	60.91677522406827	60.6906550436518	60.87155532836914	47069	0.0	0.0	0.0
2023-10-30 00:00:00+08:00	61.09768291663804	61.18812961964288	60.735889203977585	60.82633590698242	39109	0.0	0.0	0.0
2023-10-31 00:00:00+08:00	61.2333425596527	61.2333425596527	59.69572808144731	59.78617477416992	139237	0.0	0.0	0.0
2023-11-01 00:00:00+08:00	59.876624912489206	60.41931890133482	59.876624912489206	60.37409210205078	30200	0.0	0.0	0.0
2023-11-02 00:00:00+08:00	60.69065424403722	61.50468826293945	60.69065424403722	61.50468826293945	71354	0.0	0.0	0.0
2023-11-03 00:00:00+08:00	61.8664889525004	62.18305585673376	61.8664889525004	62.04738235473633	44217	0.0	0.0	0.0
2023-11-06 00:00:00+08:00	62.228274293482635	62.95185470581055	62.228274293482635	62.95185470581055	45400	0.0	0.0	0.0
2023-11-07 00:00:00+08:00	62.68051865881664	62.861412048339844	62.6352918611156	62.861412048339844	37080	0.0	0.0	0.0
2023-11-08 00:00:00+08:00	63.13276245394705	63.4041025529337	63.04230885364398	63.313655853271484	80294	0.0	0.0	0.0
2023-11-09 00:00:00+08:00	63.08753565379551	63.313655853271484	63.04230885364398	63.313655853271484	76040	0.0	0.0	0.0
2023-11-10 00:00:00+08:00	63.26842520979291	63.26842520979291	63.04230502405292	63.177978515625	51055	0.0	0.0	0.0
2023-11-13 00:00:00+08:00	63.901569752037176	63.901569752037176	63.313655853271484	63.313655853271484	132069	0.0	0.0	0.0
2023-11-14 00:00:00+08:00	63.76588799832456	63.8563346862793	63.53976782811773	63.8563346862793	68370	0.0	0.0	0.0
2023-11-15 00:00:00+08:00	64.30857849121094	64.48947877750608	63.946784819261	64.30857849121094	269569	0.0	0.0	0.0
2023-11-16 00:00:00+08:00	64.49607135368387	64.54293920521107	64.26171063968376	64.30857849121094	140080	2.5	0.0	0.0
2023-11-17 00:00:00+08:00	64.5898117854828	65.01165819400701	64.5898117854828	64.96479034423828	74176	0.0	0.0	0.0
2023-11-20 00:00:00+08:00	64.96479847417324	64.96479847417324	64.58981986849155	64.82418060302734	71380	0.0	0.0	0.0
2023-11-21 00:00:00+08:00	64.87104600471392	65.38664246203747	64.87104600471392	65.33976745605469	57730	0.0	0.0	0.0
2023-11-22 00:00:00+08:00	65.10540104566559	65.10540104566559	64.87104034045856	64.96479034423828	37200	0.0	0.0	0.0
2023-11-23 00:00:00+08:00	65.15227604755545	65.1991510494453	64.82417249068983	64.96479034423828	36240	0.0	0.0	0.0
2023-11-24 00:00:00+08:00	65.19915008664687	65.2460179357235	65.05853223517494	65.15227508544922	30040	0.0	0.0	0.0
2023-11-27 00:00:00+08:00	65.38664594106808	65.38664594106808	64.5898208618164	64.5898208618164	56650	0.0	0.0	0.0
2023-11-28 00:00:00+08:00	64.91792051415351	65.5741276801627	64.73043479589994	65.52725982666016	74305	0.0	0.0	0.0
2023-11-29 00:00:00+08:00	65.52725885240505	65.7147445678711	65.52725885240505	65.7147445678711	59002	0.0	0.0	0.0
2023-11-30 00:00:00+08:00	65.85536145274087	65.99597931331336	65.6210007358272	65.94910430908203	28050	0.0	0.0	0.0
2023-12-01 00:00:00+08:00	65.9491038240358	66.08972168357407	65.90223597227066	66.0428466796875	42065	0.0	0.0	0.0
2023-12-04 00:00:00+08:00	66.18346356662433	66.55844213584207	66.18346356662433	66.27720642089844	89250	0.0	0.0	0.0
2023-12-05 00:00:00+08:00	66.23034100862267	66.23034100862267	65.7147445629473	65.7616195678711	64160	0.0	0.0	0.0
2023-12-06 00:00:00+08:00	66.08972070598189	66.4178242719703	66.08972070598189	66.37095642089844	39467	0.0	0.0	0.0
2023-12-07 00:00:00+08:00	66.37095739484994	66.37095739484994	66.04284667192537	66.1365966796875	31438	0.0	0.0	0.0
2023-12-08 00:00:00+08:00	66.46470642089844	66.6990671578183	66.27721354008928	66.46470642089844	52025	0.0	0.0	0.0
2023-12-11 00:00:00+08:00	66.51156664509084	66.69905950438599	66.32408093791697	66.4178237915039	48096	0.0	0.0	0.0
2023-12-12 00:00:00+08:00	66.9334187566989	66.9334187566989	66.51156519656315	66.79280090332031	66494	0.0	0.0	0.0
2023-12-13 00:00:00+08:00	67.0271692572009	67.12091211944393	66.83968353271484	66.83968353271484	70013	0.0	0.0	0.0
2023-12-14 00:00:00+08:00	67.21465154027564	67.68337297961402	67.21465154027564	67.63650512695312	79061	0.0	0.0	0.0
2023-12-15 00:00:00+08:00	67.68337346746542	67.77712347770608	67.35526988798794	67.54276275634766	51606	0.0	0.0	0.0
2023-12-18 00:00:00+08:00	67.495888734105	67.54276373990793	66.93342442507846	67.30840301513672	124054	0.0	0.0	0.0
2023-12-19 00:00:00+08:00	67.35526613742367	67.35526613742367	66.41782330418988	66.60531616210938	40087	0.0	0.0	0.0
2023-12-20 00:00:00+08:00	67.02716583013158	67.58963012695312	67.02716583013158	67.58963012695312	43188	0.0	0.0	0.0
2023-12-21 00:00:00+08:00	67.12091014983753	67.35527087462894	66.74593155974691	67.26152801513672	30040	0.0	0.0	0.0
2023-12-22 00:00:00+08:00	67.30840154984057	67.68337297961402	67.30840154984057	67.63650512695312	65040	0.0	0.0	0.0
2023-12-25 00:00:00+08:00	68.05835107678294	68.05835107678294	67.58962964078289	67.6833724975586	50540	0.0	0.0	0.0
2023-12-26 00:00:00+08:00	67.68337007242549	68.33958435058594	67.68337007242549	68.33958435058594	33042	0.0	0.0	0.0
2023-12-27 00:00:00+08:00	68.52706812855209	68.85517168233639	68.52706812855209	68.80830383300781	43000	0.0	0.0	0.0
2023-12-28 00:00:00+08:00	69.18328956664432	69.32390028134077	68.90205383300781	68.90205383300781	39274	0.0	0.0	0.0
2023-12-29 00:00:00+08:00	68.90204572394977	69.13640642369108	68.80830287447742	69.04266357421875	19500	0.0	0.0	0.0
2024-01-02 00:00:00+08:00	69.04266405598722	69.18328190723741	68.62081050223662	68.85517120361328	50043	0.0	0.0	0.0
2024-01-03 00:00:00+08:00	68.62081437884702	68.62081437884702	67.82398937957538	67.96460723876953	75530	0.0	0.0	0.0
2024-01-04 00:00:00+08:00	67.4958928950684	68.24585012141802	67.4958928950684	68.05835723876953	897040	0.0	0.0	0.0
2024-01-05 00:00:00+08:00	68.24584912409489	68.3864598438737	68.05835624418636	68.29271697998047	30126	0.0	0.0	0.0
2024-01-08 00:00:00+08:00	68.33959198798811	68.71457059568311	68.19897411608723	68.29271697998047	70314	0.0	0.0	0.0
2024-01-09 00:00:00+08:00	68.85517509346346	68.85517509346346	67.91773223499767	67.96460723876953	70722	0.0	0.0	0.0
2024-01-10 00:00:00+08:00	67.87086486816406	67.87086486816406	67.58962914776683	67.87086486816406	42155	0.0	0.0	0.0
2024-01-11 00:00:00+08:00	67.96460530529284	68.4333267211914	67.96460530529284	68.4333267211914	24048	0.0	0.0	0.0
2024-01-12 00:00:00+08:00	68.33958483716758	68.33958483716758	67.91773126560625	68.19896697998047	44065	0.0	0.0	0.0
2024-01-15 00:00:00+08:00	68.19896697998047	68.19896697998047	68.19896697998047	68.19896697998047	0	0.0	0.0	0.0
2024-01-16 00:00:00+08:00	67.91773321555863	67.91773321555863	67.58962964078289	67.6833724975586	71263	0.0	0.0	0.0
2024-01-17 00:00:00+08:00	67.49588246574957	68.80830383300781	66.839675358181	68.80830383300781	119493	0.0	0.0	0.0
2024-01-18 00:00:00+08:00	67.77711872484927	67.77711872484927	66.3709544953057	66.79280090332031	124119	0.0	0.0	0.0
2024-01-19 00:00:00+08:00	67.26152800933379	67.30840301513672	66.88654941927552	67.30840301513672	38167	0.0	0.0	0.0
2024-01-22 00:00:00+08:00	67.40214904481167	68.3864598438737	67.40214904481167	68.29271697998047	75068	0.0	0.0	0.0
2024-01-23 00:00:00+08:00	68.3395838708726	68.66768743158906	68.3395838708726	68.3864517211914	48949	0.0	0.0	0.0
2024-01-24 00:00:00+08:00	68.43333434292691	68.8083129478331	68.43333434292691	68.48020935058594	54116	0.0	0.0	0.0
2024-01-25 00:00:00+08:00	68.29271697998047	68.85518131546193	68.29271697998047	68.29271697998047	50302	0.0	0.0	0.0
2024-01-26 00:00:00+08:00	68.29271129663844	68.33958630074514	67.87086486816406	67.87086486816406	50929	0.0	0.0	0.0
2024-01-29 00:00:00+08:00	68.01148642082936	68.76143646240234	68.01148642082936	68.76143646240234	51159	0.0	0.0	0.0
2024-01-30 00:00:00+08:00	68.80830335461056	69.13640690611368	68.62081050223662	68.85517120361328	59106	0.0	0.0	0.0
2024-01-31 00:00:00+08:00	68.80830431739975	68.85517216705826	68.48020076130568	68.62081146240234	21072	0.0	0.0	0.0
2024-02-01 00:00:00+08:00	68.66768407410899	69.27702331542969	68.4801983777584	69.27702331542969	134167	0.0	0.0	0.0
2024-02-02 00:00:00+08:00	69.51138971153097	69.88636828709946	69.51138971153097	69.7457504272461	96060	0.0	0.0	0.0
2024-02-05 00:00:00+08:00	69.60513403608992	69.60513403608992	69.27703045758992	69.37077331542969	92201	0.0	0.0	0.0
2024-02-15 00:00:00+08:00	70.07385157503487	70.44883013763321	69.83949086742606	70.26133728027344	156905	0.0	0.0	0.0
2024-02-16 00:00:00+08:00	70.54257865950888	71.01130011239597	70.54257865950888	70.82381439208984	166600	0.0	0.0	0.0
2024-02-19 00:00:00+08:00	70.87068126894911	71.2925348620041	70.87068126894911	71.01129913330078	57373	0.0	0.0	0.0
2024-02-20 00:00:00+08:00	71.01129815936204	71.29253388420814	70.96442315451382	71.19878387451172	57051	0.0	0.0	0.0
2024-02-21 00:00:00+08:00	71.15191602178508	71.24565887935994	71.01129815936204	71.19878387451172	26428	0.0	0.0	0.0
2024-02-22 00:00:00+08:00	71.57376146780157	71.94874004504042	71.52689361572266	71.52689361572266	88189	0.0	0.0	0.0
2024-02-23 00:00:00+08:00	72.22997479126208	72.4643355048585	71.43314264333718	71.6675033569336	94027	0.0	0.0	0.0
2024-02-26 00:00:00+08:00	71.66750335336809	71.80812121194322	71.43314263978334	71.7143783569336	59329	0.0	0.0	0.0
2024-02-27 00:00:00+08:00	71.85499768185188	72.18310125714186	70.82381195145987	71.38627624511719	46565	0.0	0.0	0.0
2024-02-29 00:00:00+08:00	71.43313928882995	72.51119995117188	71.24565358760572	72.51119995117188	45380	0.0	0.0	0.0
2024-03-01 00:00:00+08:00	72.55808111665492	72.97992755630759	72.41746325273013	72.83930969238281	111312	0.0	0.0	0.0
2024-03-04 00:00:00+08:00	73.07366942887744	73.63614087698696	73.07366942887744	73.12054443359375	183295	0.0	0.0	0.0
2024-03-05 00:00:00+08:00	73.7767501155161	73.7767501155161	73.12054297530423	73.44864654541016	140337	0.0	0.0	0.0
2024-03-06 00:00:00+08:00	73.5423955523534	74.05799202859113	73.26116696250538	73.7767562866211	125482	0.0	0.0	0.0
2024-03-07 00:00:00+08:00	74.0579848555545	74.47983127552874	73.26115986664685	73.6830062866211	193515	0.0	0.0	0.0
2024-03-08 00:00:00+08:00	74.05798349515966	74.15172634764069	72.13622283475324	72.22997283935547	521554	0.0	0.0	0.0
2024-03-11 00:00:00+08:00	71.8550008977503	73.07367239652969	71.8550008977503	72.37059020996094	115300	0.0	0.0	0.0
2024-03-12 00:00:00+08:00	72.69869702620358	73.49552203086054	72.69869702620358	73.40177917480469	82349	0.0	0.0	0.0
2024-03-13 00:00:00+08:00	73.72988521799567	73.72988521799567	72.55808159772276	72.79244232177734	127631	0.0	0.0	0.0
2024-03-14 00:00:00+08:00	72.65182495715422	73.02680354864776	72.08936064597479	72.60494995117188	93311	0.0	0.0	0.0
2024-03-15 00:00:00+08:00	72.60495093218006	72.88618666763058	72.22997948774182	72.41746520996094	58381	0.0	0.0	0.0
2024-03-18 00:00:00+08:00	72.93305822975057	73.26116180419922	72.55807965090003	73.26116180419922	69313	0.0	0.0	0.0
2024-03-19 00:00:00+08:00	73.30803014821588	73.54239086755432	73.12054443359375	73.12054443359375	86580	0.0	0.0	0.0
2024-03-20 00:00:00+08:00	72.97992232507717	73.49551873846931	72.32371520996094	72.32371520996094	62068	0.0	0.0	0.0
2024-03-21 00:00:00+08:00	73.30802771454361	73.7298812866211	73.30802771454361	73.7298812866211	86053	0.0	0.0	0.0
2024-03-22 00:00:00+08:00	73.72988226006254	73.87050011927825	73.4017786899735	73.49552154541016	35000	0.0	0.0	0.0
2024-03-25 00:00:00+08:00	74.10485888589807	74.19860173887047	73.82362317485963	73.91736602783203	286183	0.0	0.0	0.0
2024-03-26 00:00:00+08:00	74.33922254081845	74.52670825419425	72.60494750754566	73.21428680419922	374078	0.0	0.0	0.0
2024-03-27 00:00:00+08:00	73.40177869375012	73.49552154919161	73.12054297530423	73.44864654541016	46050	0.0	0.0	0.0
2024-03-28 00:00:00+08:00	73.44864654163112	73.96424297471492	73.4017786899735	73.49552154541016	36021	0.0	0.0	0.0
2024-03-29 00:00:00+08:00	74.05798534572682	74.05798534572682	73.21428534807275	73.54238891601562	57000	0.0	0.0	0.0
2024-04-01 00:00:00+08:00	73.77674816977246	73.96424102783203	73.63613746637931	73.96424102783203	67078	0.0	0.0	0.0
2024-04-02 00:00:00+08:00	73.96424102783203	74.24546958673955	73.77674816977246	73.96424102783203	60924	0.0	0.0	0.0
2024-04-03 00:00:00+08:00	73.87049865722656	74.10485936724045	73.58926294436138	73.87049865722656	49200	0.0	0.0	0.0
2024-04-08 00:00:00+08:00	73.87050480752511	74.24547625306963	73.87050480752511	74.1986083984375	73190	0.0	0.0	0.0
2024-04-09 00:00:00+08:00	74.24547478536057	74.4798355102539	74.19860693165494	74.4798355102539	68349	0.0	0.0	0.0
2024-04-10 00:00:00+08:00	74.99543196000393	74.99543196000393	74.5267105102539	74.5267105102539	48152	0.0	0.0	0.0
2024-04-11 00:00:00+08:00	74.43296765654827	74.52671051608127	74.15173192582758	74.4798355102539	29913	0.0	0.0	0.0
2024-04-12 00:00:00+08:00	74.80794525146484	74.80794525146484	74.43296666620034	74.80794525146484	31040	0.0	0.0	0.0
2024-04-15 00:00:00+08:00	74.80795024076897	74.80795024076897	73.58927154541016	73.58927154541016	117169	0.0	0.0	0.0
2024-04-16 00:00:00+08:00	73.40177835559236	73.40177835559236	71.43314263978334	71.7143783569336	181042	0.0	0.0	0.0
2024-04-17 00:00:00+08:00	71.71437357279825	72.93305206298828	71.71437357279825	72.93305206298828	30190	0.0	0.0	0.0
2024-04-18 00:00:00+08:00	72.93305823413554	73.4955225263844	72.74556536863825	73.21428680419922	49029	0.0	0.0	0.0
2024-04-19 00:00:00+08:00	72.83930692129184	72.83930692129184	70.30821407542508	71.7143783569336	156260	0.0	0.0	0.0
2024-04-22 00:00:00+08:00	71.38627198946205	71.76125054691995	70.49569702148438	70.49569702148438	89225	0.0	0.0	0.0
2024-04-23 00:00:00+08:00	70.82381244421235	71.24565887935994	70.49570171451803	71.19878387451172	77939	0.0	0.0	0.0
2024-04-24 00:00:00+08:00	72.18310398657542	72.79244330779555	71.90186825305173	72.5580825805664	64036	0.0	0.0	0.0
2024-04-25 00:00:00+08:00	72.51120906318356	72.65182693283279	72.08936260635782	72.18310546875	50045	0.0	0.0	0.0
2024-04-26 00:00:00+08:00	72.69869898057969	73.3080311373843	72.69869898057969	72.83930969238281	33000	0.0	0.0	0.0
2024-04-29 00:00:00+08:00	74.01110887825601	74.0579838808012	73.68300531680329	73.96424102783203	57090	0.0	0.0	0.0
2024-04-30 00:00:00+08:00	73.91737217385372	74.43296863625416	73.91737217385372	74.29235076904297	89015	0.0	0.0	0.0
2024-05-02 00:00:00+08:00	74.15173388984793	74.15173388984793	73.77675528966238	74.05799102783203	24310	0.0	0.0	0.0
2024-05-03 00:00:00+08:00	74.29234556712271	74.85480984446214	73.6830062866211	73.6830062866211	53373	0.0	0.0	0.0
2024-05-06 00:00:00+08:00	74.80794822820314	74.80794822820314	73.87050530380021	74.05799102783203	45029	0.0	0.0	0.0
2024-05-07 00:00:00+08:00	73.58926956563056	74.05799102783203	73.49552670361466	74.05799102783203	50257	0.0	0.0	0.0
2024-05-08 00:00:00+08:00	74.24547576904297	74.24547576904297	73.72988645871959	74.24547576904297	68694	0.0	0.0	0.0
2024-05-09 00:00:00+08:00	74.24547775515649	74.3860956261415	73.7767562866211	73.7767562866211	31016	0.0	0.0	0.0
2024-05-10 00:00:00+08:00	73.77675627892364	73.8236312866211	73.40178482583207	73.8236312866211	56000	0.0	0.0	0.0
2024-05-13 00:00:00+08:00	74.05799103490543	74.05799103490543	73.63614457973257	74.01111602783203	46125	0.0	0.0	0.0
2024-05-14 00:00:00+08:00	74.24547576904297	74.52671150348978	74.19860791471639	74.24547576904297	42037	0.0	0.0	0.0
2024-05-15 00:00:00+08:00	74.52671099978986	74.99543245261873	74.43296813964844	74.43296813964844	39030	0.0	0.0	0.0
2024-05-16 00:00:00+08:00	74.80794379390356	75.32353308049007	74.80794379390356	75.08917236328125	54091	0.0	0.0	0.0
2024-05-17 00:00:00+08:00	75.18291570680886	75.27666571599693	74.99542999267578	74.99542999267578	27036	0.0	0.0	0.0
2024-05-20 00:00:00+08:00	74.99542998808461	75.6047692871621	74.99542998808461	75.04230499267578	41057	0.0	0.0	0.0
2024-05-21 00:00:00+08:00	75.04230500186961	75.08917285434498	74.76106927853122	74.94855499267578	57037	0.0	0.0	0.0
2024-05-22 00:00:00+08:00	75.18291375569744	75.60476732973142	75.18291375569744	75.51102447509766	35036	0.0	0.0	0.0
2024-05-23 00:00:00+08:00	76.02661375504678	76.02661375504678	74.99542804978648	75.46414947509766	37013	0.0	0.0	0.0
2024-05-24 00:00:00+08:00	75.37040469196214	75.93286895751953	75.18291183536223	75.93286895751953	25122	0.0	0.0	0.0
2024-05-27 00:00:00+08:00	76.07349102699665	76.91719104814081	76.07349102699665	76.72969818115234	73028	0.0	0.0	0.0
2024-05-28 00:00:00+08:00	77.10467431867337	77.5265207398115	77.01093146421172	77.38591003417969	36007	0.0	0.0	0.0
2024-05-29 00:00:00+08:00	77.38591052581002	77.66713909098162	77.10467480851702	77.19841766357422	39060	0.0	0.0	0.0
2024-05-30 00:00:00+08:00	77.05780324180542	77.05780324180542	76.21411035653941	76.35472106933594	43306	0.0	0.0	0.0
2024-05-31 00:00:00+08:00	76.49533322088185	76.68282607747639	75.97974395751953	75.97974395751953	39128	0.0	0.0	0.0
2024-06-03 00:00:00+08:00	76.26097771194203	76.8703170211929	76.21410985868991	76.5422134399414	50348	0.0	0.0	0.0
2024-06-04 00:00:00+08:00	76.54221541486454	76.54221541486454	76.07349395751953	76.07349395751953	67250	0.0	0.0	0.0
2024-06-05 00:00:00+08:00	76.77656892971306	76.77656892971306	75.18291183320481	75.97974395751953	35015	0.0	0.0	0.0
2024-06-06 00:00:00+08:00	76.54221542149243	76.68283328913247	75.79225822882673	76.02661895751953	50186	0.0	0.0	0.0
2024-06-07 00:00:00+08:00	76.49533746150794	76.8234410385858	76.44846960885201	76.72969818115234	38050	0.0	0.0	0.0
2024-06-11 00:00:00+08:00	76.72969199054764	76.96405269128365	76.2609705890756	76.4015884399414	92035	0.0	0.0	0.0
2024-06-12 00:00:00+08:00	76.40159655856202	76.54221442437023	76.16723583292226	76.30785369873047	41028	0.0	0.0	0.0
2024-06-13 00:00:00+08:00	76.58907885873255	77.19841814861493	76.58907885873255	77.10467529296875	84654	0.0	0.0	0.0
2024-06-14 00:00:00+08:00	77.29216421767714	78.1358642578125	77.29216421767714	78.1358642578125	58431	0.0	0.0	0.0
2024-06-17 00:00:00+08:00	78.13586229749785	78.83894445461772	78.13586229749785	78.65145874023438	85265	0.0	0.0	0.0
2024-06-18 00:00:00+08:00	78.65145776531037	79.26079705768551	78.2296041849946	78.88581848144531	67020	0.0	0.0	0.0
2024-06-19 00:00:00+08:00	79.07330225056701	79.63576652504607	79.07330225056701	79.35453796386719	66178	0.0	0.0	0.0
2024-06-20 00:00:00+08:00	79.35453651756089	79.91700078178854	79.35453651756089	79.6826400756836	68200	0.0	0.0	0.0
2024-06-21 00:00:00+08:00	79.6826400756836	79.77638292770135	79.35453651756089	79.6826400756836	106247	0.0	0.0	0.0
2024-06-24 00:00:00+08:00	79.682643981207	79.682643981207	78.74520111083984	78.74520111083984	112118	0.0	0.0	0.0
2024-06-25 00:00:00+08:00	78.74520062134006	78.93268633339942	77.71401490077061	78.88581848144531	64135	0.0	0.0	0.0
2024-06-26 00:00:00+08:00	79.30766490963961	79.44828276974488	78.74520062134006	78.88581848144531	51070	0.0	0.0	0.0
2024-06-27 00:00:00+08:00	78.79207562541563	78.93268633339942	78.51083990520512	78.88581848144531	41115	0.0	0.0	0.0
2024-06-28 00:00:00+08:00	78.88581703034585	79.49515631151223	78.88581703034585	79.16704559326172	36880	0.0	0.0	0.0
2024-07-01 00:00:00+08:00	80.57321134634401	80.57321134634401	78.88581848144531	78.88581848144531	99725	0.0	0.0	0.0
2024-07-02 00:00:00+08:00	78.88582044294812	78.88582044294812	78.18273827706109	78.41709899902344	51029	0.0	0.0	0.0
2024-07-03 00:00:00+08:00	79.26079559326172	79.4482813018571	78.93268487503781	79.26079559326172	59136	0.0	0.0	0.0
2024-07-04 00:00:00+08:00	80.80757534290633	80.80757534290633	79.63577171466163	79.91700744628906	42032	0.0	0.0	0.0
2024-07-05 00:00:00+08:00	80.29198504617754	80.29198504617754	80.01074931802326	80.1982421875	41116	0.0	0.0	0.0
2024-07-08 00:00:00+08:00	80.29198603775171	80.29198603775171	79.26080027532073	79.91700744628906	114527	0.0	0.0	0.0
2024-07-09 00:00:00+08:00	79.91700078178854	80.19823648996295	79.12017581145594	79.6826400756836	70300	0.0	0.0	0.0
2024-07-10 00:00:00+08:00	80.19824120881624	80.47946978141694	80.15136620398866	80.43260192871094	55564	0.0	0.0	0.0
2024-07-11 00:00:00+08:00	79.8232672439858	81.55753524110209	79.8232672439858	81.13568878173828	89277	0.0	0.0	0.0
2024-07-12 00:00:00+08:00	80.15137084039343	81.37004951518972	80.15137084039343	81.13568878173828	77014	0.0	0.0	0.0
2024-07-15 00:00:00+08:00	82.40122756673658	82.40122756673658	80.62008472949783	81.08880615234375	112300	0.0	0.0	0.0
2024-07-16 00:00:00+08:00	81.08880663644284	81.46378520738246	80.99506378173828	80.99506378173828	81199	0.0	0.0	0.0
2024-07-17 00:00:00+08:00	81.08880712536798	81.32316783960314	80.76070355586303	80.85444641113281	105023	0.0	0.0	0.0
2024-07-18 00:00:00+08:00	80.38572268023051	80.38572268023051	79.16704414026484	79.58889770507812	115240	0.0	0.0	0.0
2024-07-19 00:00:00+08:00	79.58890311009722	79.58890311009722	78.22960662288162	78.27648162841797	70194	0.0	0.0	0.0
2024-07-22 00:00:00+08:00	78.27648185663624	78.27648185663624	75.83913175619526	76.44847106933594	212127	0.0	0.0	0.0
2024-07-23 00:00:00+08:00	78.74519832184667	78.74519832184667	77.24529121280717	77.57339477539062	91318	0.0	0.0	0.0
2024-07-26 00:00:00+08:00	76.63595679917242	76.63595679917242	75.46415317838996	76.35472106933594	144164	0.0	0.0	0.0
2024-07-29 00:00:00+08:00	77.52652188672066	77.52652188672066	75.22978973388672	75.22978973388672	159867	0.0	0.0	0.0
2024-07-30 00:00:00+08:00	74.76106637497452	75.7453842163086	74.5267056653351	75.7453842163086	57072	0.0	0.0	0.0
2024-07-31 00:00:00+08:00	75.74538229293978	76.54220725505613	75.74538229293978	76.16722869873047	51365	0.0	0.0	0.0
2024-08-01 00:00:00+08:00	77.71401457893901	77.71401457893901	76.77657171828142	77.15155029296875	78773	0.0	0.0	0.0
2024-08-02 00:00:00+08:00	76.44846980613939	76.44846980613939	74.90168762207031	74.90168762207031	98240	0.0	0.0	0.0
2024-08-05 00:00:00+08:00	72.4643312208663	72.4643312208663	68.80830287447742	69.04266357421875	484083	0.0	0.0	0.0
2024-08-06 00:00:00+08:00	71.05817437170673	71.05817437170673	66.79280633441472	69.13641357421875	397009	0.0	0.0	0.0
2024-08-07 00:00:00+08:00	70.02698291499698	72.74556879990531	70.02698291499698	72.41746520996094	108040	0.0	0.0	0.0
2024-08-08 00:00:00+08:00	72.18310126171741	72.18310126171741	70.87067980835279	71.33940124511719	62359	0.0	0.0	0.0
2024-08-09 00:00:00+08:00	72.1362284998354	73.1205464084907	72.1362284998354	72.60494995117188	81010	0.0	0.0	0.0
2024-08-12 00:00:00+08:00	72.60494653845826	73.8236251154992	72.60494653845826	73.49552154541016	133113	0.0	0.0	0.0
2024-08-13 00:00:00+08:00	74.5267067719656	74.5267067719656	73.02679963842579	73.54238891601562	49129	0.0	0.0	0.0
2024-08-14 00:00:00+08:00	74.0579838808012	74.33921959182996	73.72988031934848	73.96424102783203	65115	0.0	0.0	0.0
2024-08-15 00:00:00+08:00	74.01111602076311	74.66733035911832	73.77675528966238	74.05799102783203	55318	0.0	0.0	0.0
2024-08-16 00:00:00+08:00	74.6673254506321	75.2766647418616	74.6673254506321	75.18291473388672	41000	0.0	0.0	0.0
2024-08-19 00:00:00+08:00	75.18291473388672	75.79225402511622	74.94855401819241	75.18291473388672	49212	0.0	0.0	0.0
2024-08-20 00:00:00+08:00	75.32353161370877	75.97974590038784	75.32353161370877	75.51102447509766	204337	0.0	0.0	0.0
2024-08-21 00:00:00+08:00	75.5110239916695	75.65163469665927	75.37040613455842	75.60476684570312	42730	0.0	0.0	0.0
2024-08-22 00:00:00+08:00	75.88599541089481	75.88599541089481	75.27666328359082	75.55789184570312	41000	0.0	0.0	0.0
2024-08-23 00:00:00+08:00	75.37040565322563	75.79225206974355	74.80794138049465	75.6985092163086	17200	0.0	0.0	0.0
2024-08-26 00:00:00+08:00	76.02661651021431	77.15155226300105	76.02661651021431	76.58908081054688	73178	0.0	0.0	0.0
2024-08-27 00:00:00+08:00	76.26097154978162	76.35471440083276	75.93286799504207	76.16722869873047	54077	0.0	0.0	0.0
2024-08-28 00:00:00+08:00	76.5890822842275	76.5890822842275	76.16723583889157	76.26097869873047	47582	0.0	0.0	0.0
2024-08-29 00:00:00+08:00	75.97974963238292	76.40159607501592	75.93287462670294	76.35472106933594	27361	0.0	0.0	0.0
2024-08-30 00:00:00+08:00	76.49533746150794	76.96405890079674	76.49533746150794	76.72969818115234	22149	0.0	0.0	0.0
2024-09-02 00:00:00+08:00	76.9171920319701	77.057802743858	76.35472057593185	76.4953384399414	61093	0.0	0.0	0.0
2024-09-03 00:00:00+08:00	76.87031800984154	76.87031800984154	75.88600010130584	76.30785369873047	55620	0.0	0.0	0.0
2024-09-04 00:00:00+08:00	75.1829144035027	75.1829144035027	72.18310011664649	73.44864654541016	140503	0.0	0.0	0.0
2024-09-05 00:00:00+08:00	73.5892648869164	74.33922203960617	73.40177917480469	73.40177917480469	36826	0.0	0.0	0.0
2024-09-06 00:00:00+08:00	73.91737315874721	74.19860889691685	73.214290965445	74.05799102783203	51080	0.0	0.0	0.0
2024-09-09 00:00:00+08:00	73.58926489101812	73.58926489101812	72.46433631404223	73.35490417480469	46142	0.0	0.0	0.0
2024-09-10 00:00:00+08:00	73.72988572565248	73.72988572565248	72.18310350581774	72.60494995117188	57600	0.0	0.0	0.0
2024-09-11 00:00:00+08:00	72.55807399363633	73.02679539262348	72.55807399363633	72.74555969238281	23060	0.0	0.0	0.0
2024-09-12 00:00:00+08:00	73.44864317353519	74.33921813964844	73.44864317353519	74.33921813964844	57100	0.0	0.0	0.0
2024-09-13 00:00:00+08:00	74.66732887221765	74.66732887221765	74.29235027949929	74.38609313964844	19100	0.0	0.0	0.0
2024-09-16 00:00:00+08:00	74.38608407504641	74.85480547079607	74.29234122632066	74.76106262207031	46455	0.0	0.0	0.0
2024-09-18 00:00:00+08:00	74.76107222499907	74.76107222499907	74.05799004106491	74.29235076904297	96150	0.0	0.0	0.0
2024-09-19 00:00:00+08:00	74.10485972781962	75.55789184570312	74.10485972781962	75.55789184570312	46277	0.0	0.0	0.0
2024-09-20 00:00:00+08:00	75.88599638808098	75.88599638808098	75.18291424556465	75.32353210449219	35771	0.0	0.0	0.0
2024-09-23 00:00:00+08:00	75.46415611991858	75.74539186071739	75.46415611991858	75.65164184570312	33307	0.0	0.0	0.0
2024-09-24 00:00:00+08:00	75.65163421075582	75.79225206696371	75.41727350111638	75.7453842163086	66290	0.0	0.0	0.0
2024-09-25 00:00:00+08:00	76.68283081562215	76.7765736736511	76.63595581054688	76.63595581054688	54289	0.0	0.0	0.0
2024-09-26 00:00:00+08:00	77.80775842434022	77.80775842434022	76.87031555175781	76.87031555175781	112223	0.0	0.0	0.0
2024-09-27 00:00:00+08:00	77.10468142962942	77.57340289728675	77.10468142962942	77.47966003417969	45430	0.0	0.0	0.0
2024-09-30 00:00:00+08:00	77.24529561324464	77.47965633588669	76.448470586686	76.4953384399414	74876	0.0	0.0	0.0
2024-10-01 00:00:00+08:00	76.77657416796053	76.77657416796053	76.0266169946573	76.4953384399414	77111	0.0	0.0	0.0
2024-10-04 00:00:00+08:00	76.40159330825166	76.40159330825166	74.99542901423476	75.27666473388672	98169	0.0	0.0	0.0
2024-10-07 00:00:00+08:00	75.93287461541959	76.44847106933594	75.88599960974658	76.44847106933594	75320	0.0	0.0	0.0
2024-10-08 00:00:00+08:00	76.35472254726508	76.35472254726508	75.46415463908119	76.02661895751953	70186	0.0	0.0	0.0
2024-10-09 00:00:00+08:00	76.07348777937952	76.21410563558743	75.7453842163086	75.7453842163086	56252	0.0	0.0	0.0
2024-10-11 00:00:00+08:00	76.1203575885997	76.1203575885997	75.27666473388672	75.27666473388672	135340	0.0	0.0	0.0
2024-10-14 00:00:00+08:00	75.37041227168604	76.02661945547513	75.37041227168604	75.88600158691406	139351	0.0	0.0	0.0
2024-10-15 00:00:00+08:00	75.9328751072825	76.49533941839357	75.9328751072825	76.30785369873047	139634	0.0	0.0	0.0
2024-10-16 00:00:00+08:00	75.93286992317162	76.21410563558743	75.7453842163086	75.7453842163086	103213	0.0	0.0	0.0
2024-10-17 00:00:00+08:00	76.4015946040745	76.8234410385858	76.30785174664105	76.72969818115234	72012	0.0	0.0	0.0
2024-10-18 00:00:00+08:00	76.72970015004672	77.47965733300144	76.16723583889157	76.26097869873047	211552	0.0	0.0	0.0
2024-10-21 00:00:00+08:00	76.30785125863267	77.24529413121508	76.30785125863267	76.87031555175781	69200	0.0	0.0	0.0
2024-10-22 00:00:00+08:00	76.91719055175781	77.24529412671825	76.68282983362586	76.91719055175781	95534	0.0	0.0	0.0
2024-10-23 00:00:00+08:00	76.96405840859174	77.24529413121508	76.72969769044614	76.87031555175781	95457	0.0	0.0	0.0
2024-10-24 00:00:00+08:00	76.87031901123797	76.87031901123797	75.88600108987949	76.02661895751953	87998	0.0	0.0	0.0
2024-10-25 00:00:00+08:00	76.72969199054764	76.72969199054764	76.21410274020099	76.4015884399414	49262	0.0	0.0	0.0
2024-10-28 00:00:00+08:00	76.54220725346319	76.58907510292724	76.07348584609613	76.21410369873047	94192	0.0	0.0	0.0
2024-10-29 00:00:00+08:00	76.0266147327562	76.0266147327562	74.94855401025228	75.27666473388672	103167	0.0	0.0	0.0
2024-10-30 00:00:00+08:00	75.27666473787168	75.60476830940203	75.04230402218978	75.22978973388672	60747	0.0	0.0	0.0
2024-11-01 00:00:00+08:00	74.62044995832952	75.41727495605147	73.77674995692686	75.37040710449219	104205	0.0	0.0	0.0
2024-11-04 00:00:00+08:00	75.74538567757352	75.74538567757352	75.04230353509155	75.37040710449219	77115	0.0	0.0	0.0
2024-11-05 00:00:00+08:00	75.37041227168604	76.30785519259724	75.37041227168604	75.88600158691406	76200	0.0	0.0	0.0
2024-11-06 00:00:00+08:00	76.02661747464391	76.63595678778458	76.02661747464391	76.44847106933594	61563	0.0	0.0	0.0
2024-11-07 00:00:00+08:00	76.63595386261636	77.33903600814494	76.63595386261636	77.10467529296875	79060	0.0	0.0	0.0
2024-11-08 00:00:00+08:00	77.99524364102996	77.99524364102996	76.96405791818422	77.01093292236328	84008	0.0	0.0	0.0
2024-11-11 00:00:00+08:00	77.01093292236328	77.05780077442084	76.4484686328221	77.01093292236328	76132	0.0	0.0	0.0
2024-11-12 00:00:00+08:00	76.58907656421694	76.58907656421694	75.79225158691406	75.79225158691406	134204	0.0	0.0	0.0
2024-11-13 00:00:00+08:00	75.79226071311594	75.79226071311594	75.13605351211594	75.41728210449219	96110	0.0	0.0	0.0
2024-11-14 00:00:00+08:00	75.46415241158651	75.46415241158651	74.57358452968974	74.80794525146484	150140	0.0	0.0	0.0
2024-11-15 00:00:00+08:00	74.99542901423476	75.5110254495562	74.85481115440878	75.27666473388672	103800	0.0	0.0	0.0
2024-11-18 00:00:00+08:00	75.43139217569859	75.43139217569859	74.2225557626265	74.27091217041016	185386	2.46	0.0	0.0
2024-11-19 00:00:00+08:00	74.7060927136147	75.38303817529274	74.27091454227198	75.23798370361328	58451	0.0	0.0	0.0
2024-11-20 00:00:00+08:00	74.60938262939453	74.60938262939453	74.60938262939453	74.60938262939453	455	0.0	0.0	0.0
2024-11-21 00:00:00+08:00	74.75444628018784	75.38303530863402	74.75444628018784	75.33468627929688	39126	0.0	0.0	0.0
2024-11-22 00:00:00+08:00	75.43139291429728	76.05998933088016	75.43139291429728	75.81822204589844	53184	0.0	0.0	0.0
2024-11-25 00:00:00+08:00	76.44682097118479	76.49517000287658	76.15669726842513	76.25340270996094	66382	0.0	0.0	0.0
2024-11-26 00:00:00+08:00	75.96328329113639	76.05998872873309	75.28633047165562	75.57645416259766	100500	0.0	0.0	0.0
2024-11-27 00:00:00+08:00	75.43139483043346	75.43139483043346	74.0774965245132	74.17420196533203	96020	0.0	0.0	0.0
2024-11-28 00:00:00+08:00	74.17420174468666	74.17420174468666	73.01372170200831	73.40055084228516	87031	0.0	0.0	0.0
2024-11-29 00:00:00+08:00	73.30384150473145	74.31925964355469	72.67524510746843	74.31925964355469	46830	0.0	0.0	0.0
2024-12-02 00:00:00+08:00	74.99621843649933	74.99621843649933	74.70609472900922	74.89950561523438	69682	0.0	0.0	0.0
2024-12-03 00:00:00+08:00	75.0929224437082	75.67316246944088	75.0929224437082	75.47975158691406	61310	0.0	0.0	0.0
2024-12-04 00:00:00+08:00	75.47974647628588	75.91492462158203	75.47974647628588	75.91492462158203	47440	0.0	0.0	0.0
2024-12-05 00:00:00+08:00	76.39846265520579	76.44681906384334	75.9632844900762	76.05998992919922	67936	0.0	0.0	0.0
2024-12-06 00:00:00+08:00	76.0599912361286	76.44682037741956	75.91492938587547	76.01163482666016	61220	0.0	0.0	0.0
2024-12-09 00:00:00+08:00	76.35010755848266	76.54352581820424	75.72151850430609	76.01163482666016	83050	0.0	0.0	0.0
2024-12-10 00:00:00+08:00	76.01163520293892	76.25340249517356	75.47975158691406	75.47975158691406	77520	0.0	0.0	0.0
2024-12-11 00:00:00+08:00	75.43139720828954	75.62480809602418	74.94786261080051	75.14127349853516	79341	0.0	0.0	0.0
2024-12-12 00:00:00+08:00	77.36553191875954	77.36553191875954	75.28633177281247	75.5280990600586	241255	0.0	0.0	0.0
2024-12-13 00:00:00+08:00	75.52809846208983	75.52809846208983	74.7060911675914	75.28633117675781	116502	0.0	0.0	0.0
2024-12-16 00:00:00+08:00	75.47975342244304	75.72152072055701	74.27091693187317	74.36762237548828	171077	0.0	0.0	0.0
2024-12-17 00:00:00+08:00	74.46432209067976	74.80279480637067	74.17419840400079	74.56102752685547	121115	0.0	0.0	0.0
2024-12-18 00:00:00+08:00	74.70608997319997	74.89950084711253	73.7390208473333	74.80279541015625	169010	0.0	0.0	0.0
2024-12-19 00:00:00+08:00	74.3676202251219	74.41596925645521	73.83572923339001	74.17420196533203	124463	0.0	0.0	0.0
2024-12-20 00:00:00+08:00	74.17420077320548	74.17420077320548	73.64231716817422	73.69066619873047	95475	0.0	0.0	0.0
2024-12-23 00:00:00+08:00	74.17420125334802	74.75444864899573	74.17420125334802	74.46432495117188	180634	0.0	0.0	0.0
2024-12-24 00:00:00+08:00	75.14126752206157	75.14126752206157	74.46432209067976	74.56102752685547	24088	0.0	0.0	0.0
2024-12-25 00:00:00+08:00	74.80279601005147	75.04456329345703	74.75444698026153	75.04456329345703	37078	0.0	0.0	0.0
2024-12-26 00:00:00+08:00	75.28633535341235	75.28633535341235	75.04456805466783	75.14127349853516	33160	0.0	0.0	0.0
2024-12-27 00:00:00+08:00	75.04456485110597	75.14127029084507	74.70609212294313	74.9962158203125	47076	0.0	0.0	0.0
2024-12-30 00:00:00+08:00	75.14126969288982	75.14126969288982	74.65773511989013	74.75444793701172	49440	0.0	0.0	0.0
2024-12-31 00:00:00+08:00	74.75444996142053	74.8027989931386	74.02914808227928	74.41596984863281	29268	0.0	0.0	0.0
2025-01-02 00:00:00+08:00	74.4159708207425	74.65773811694784	74.1258544921875	74.1258544921875	134215	0.0	0.0	0.0
2025-01-03 00:00:00+08:00	74.12584972374007	74.56102787765413	74.02914428710938	74.02914428710938	88051	0.0	0.0	0.0
2025-01-06 00:00:00+08:00	74.85115716693319	75.14127349853516	74.36762256944415	75.14127349853516	175522	0.0	0.0	0.0
2025-01-07 00:00:00+08:00	75.23798501124257	75.76986863233307	74.94786130653699	75.18962860107422	109967	0.0	0.0	0.0
2025-01-08 00:00:00+08:00	75.18962990954503	75.33469176442222	75.09292446567771	75.14127349853516	54051	0.0	0.0	0.0
2025-01-09 00:00:00+08:00	75.14126726188435	75.14126726188435	73.7873764038086	73.7873764038086	60110	0.0	0.0	0.0
2025-01-10 00:00:00+08:00	73.78738188725414	73.78738188725414	73.35219632640208	73.59396362304688	78064	0.0	0.0	0.0
2025-01-13 00:00:00+08:00	73.40055340521666	73.40055340521666	71.36970957054238	71.99829864501953	155301	0.0	0.0	0.0
2025-01-14 00:00:00+08:00	72.28842091261177	72.57854461669922	72.28842091261177	72.57854461669922	37147	0.0	0.0	0.0
2025-01-15 00:00:00+08:00	72.67524598673337	72.96536229641352	72.19171142578125	72.19171142578125	87178	0.0	0.0	0.0
2025-01-16 00:00:00+08:00	73.20713485953209	73.30384768122282	72.91701852891708	73.06208038330078	56780	0.0	0.0	0.0
2025-01-17 00:00:00+08:00	73.35219227773959	73.35219227773959	73.06207596467017	73.2071304321289	21211	0.0	0.0	0.0
2025-01-20 00:00:00+08:00	73.6423177618985	73.93243408203125	73.54561232185425	73.93243408203125	35254	0.0	0.0	0.0
2025-01-21 00:00:00+08:00	74.0291461896391	74.4159679461031	74.0291461896391	74.2225570678711	63254	0.0	0.0	0.0
2025-01-22 00:00:00+08:00	74.56102968092061	74.75444793701172	74.56102968092061	74.75444793701172	71093	0.0	0.0	0.0
2025-02-03 00:00:00+08:00	73.64231885178877	73.64231885178877	72.19171509519997	73.11042785644531	210991	0.0	0.0	0.0
2025-02-04 00:00:00+08:00	73.25549140930175	73.35219685302349	72.53018951416016	72.53018951416016	111486	0.0	0.0	0.0
2025-02-05 00:00:00+08:00	73.40054988093671	73.78737901614713	73.20713162425547	73.69066619873047	62299	0.0	0.0	0.0
2025-02-06 00:00:00+08:00	74.31926381563638	74.31926381563638	74.0774965245132	74.17420196533203	60273	0.0	0.0	0.0
2025-02-07 00:00:00+08:00	74.367617254777	74.80279541015625	74.367617254777	74.80279541015625	92360	0.0	0.0	0.0
2025-02-10 00:00:00+08:00	74.80279349836395	74.80279349836395	74.27090991962218	74.60938262939453	40669	0.0	0.0	0.0
2025-02-11 00:00:00+08:00	74.6093851345878	75.33468698480449	74.6093851345878	75.04456329345703	273266	0.0	0.0	0.0
2025-02-12 00:00:00+08:00	75.09292066248109	75.43139338795045	74.75444793701172	74.75444793701172	525389	0.0	0.0	0.0
2025-02-13 00:00:00+08:00	75.33468532892354	75.6731580426212	74.36761621655778	75.62480163574219	96072	0.0	0.0	0.0
2025-02-14 00:00:00+08:00	75.43139291429728	75.81822204589844	75.43139291429728	75.81822204589844	59692	0.0	0.0	0.0
2025-02-17 00:00:00+08:00	75.91492642664383	76.64022827148438	75.91492642664383	76.64022827148438	236100	0.0	0.0	0.0
2025-02-18 00:00:00+08:00	76.7852948871506	76.93035674076253	76.59187662295056	76.7369384765625	269110	0.0	0.0	0.0
2025-02-19 00:00:00+08:00	76.93035316103806	77.3171749151338	76.93035316103806	77.12376403808594	125126	0.0	0.0	0.0
2025-02-20 00:00:00+08:00	77.12376463413239	77.36553192138672	77.02705919486107	77.36553192138672	87486	0.0	0.0	0.0
2025-02-21 00:00:00+08:00	77.07540940566666	77.94577312874044	77.07540940566666	77.84906768798828	53216	0.0	0.0	0.0
2025-02-24 00:00:00+08:00	77.65565811096042	77.8490689957137	77.3655344056782	77.80071258544922	87168	0.0	0.0	0.0
2025-02-25 00:00:00+08:00	77.36553192138672	77.70400464791237	77.07540822542069	77.36553192138672	74325	0.0	0.0	0.0
2025-02-26 00:00:00+08:00	77.12376652567823	77.65565752194382	77.12376652567823	77.55894470214844	46250	0.0	0.0	0.0
2025-02-27 00:00:00+08:00	77.55894580949364	77.94577495974134	76.7369384765625	76.7369384765625	57220	0.0	0.0	0.0
2025-03-03 00:00:00+08:00	76.25340426949703	76.30176068033003	75.62480781942985	76.2050552368164	127950	0.0	0.0	0.0
2025-03-04 00:00:00+08:00	75.67316019927901	76.15669476924245	74.89950193607669	75.81822204589844	73264	0.0	0.0	0.0
2025-03-05 00:00:00+08:00	75.8182209896288	76.64022827148438	75.8182209896288	76.64022827148438	30155	0.0	0.0	0.0
2025-03-06 00:00:00+08:00	76.93035435816115	76.93035435816115	75.76986694335938	75.76986694335938	50415	0.0	0.0	0.0
2025-03-07 00:00:00+08:00	75.7698634782274	76.01163075631885	75.62480163574219	75.62480163574219	61090	0.0	0.0	0.0
2025-03-10 00:00:00+08:00	76.10833715205828	76.10833715205828	75.23798084247068	75.33468627929688	43260	0.0	0.0	0.0
2025-03-11 00:00:00+08:00	74.70608815237674	74.70608815237674	72.96536081698301	74.0774917602539	196603	0.0	0.0	0.0
2025-03-12 00:00:00+08:00	74.07749391742746	74.46432304524092	74.07749391742746	74.27091217041016	61651	0.0	0.0	0.0
2025-03-13 00:00:00+08:00	75.0445612090978	75.0445612090978	73.44889570731021	73.54560852050781	75430	0.0	0.0	0.0
2025-03-14 00:00:00+08:00	73.73901999681226	73.98078727549033	73.59395815397505	73.7873764038086	34234	0.0	0.0	0.0
2025-03-17 00:00:00+08:00	74.65773392007168	74.70609032785534	74.12585032521112	74.27091217041016	35250	0.0	0.0	0.0
2025-03-18 00:00:00+08:00	74.8995030024213	74.9962158203125	74.41596842557377	74.9962158203125	31064	0.0	0.0	0.0
2025-03-19 00:00:00+08:00	74.99621401825341	74.99621401825341	73.98078848001208	74.27091217041016	37283	0.0	0.0	0.0
2025-03-20 00:00:00+08:00	74.36762198903901	74.94786202586685	74.36762198903901	74.89950561523438	25300	0.0	0.0	0.0
2025-03-21 00:00:00+08:00	74.80279696742045	74.80279696742045	74.51268065051188	74.75444793701172	21161	0.0	0.0	0.0
2025-03-24 00:00:00+08:00	75.04456243895947	75.04456243895947	73.9807878797181	74.02914428710938	47295	0.0	0.0	0.0
2025-03-25 00:00:00+08:00	74.8511534893532	74.8511534893532	73.78737890277307	74.2225570678711	44398	0.0	0.0	0.0
2025-03-26 00:00:00+08:00	74.4159708207425	74.56103267409617	74.1258544921875	74.1258544921875	25206	0.0	0.0	0.0
2025-03-27 00:00:00+08:00	73.73902606255184	73.83573150634766	73.4972587639861	73.83573150634766	43244	0.0	0.0	0.0
2025-03-28 00:00:00+08:00	73.49725387639953	73.49725387639953	72.0466501814706	72.43347930908203	96331	0.0	0.0	0.0
2025-03-31 00:00:00+08:00	70.59604702187887	70.59604702187887	68.90367603162836	69.00038146972656	200872	0.0	0.0	0.0
2025-04-01 00:00:00+08:00	69.19380382802558	70.69275665283203	69.19380382802558	70.69275665283203	75564	0.0	0.0	0.0
2025-04-02 00:00:00+08:00	70.7894573223774	70.7894573223774	70.01580644573153	70.5960464477539	33420	0.0	0.0	0.0
2025-04-07 00:00:00+08:00	63.536441802978516	63.536441802978516	63.536441802978516	63.536441802978516	136489	0.0	0.0	0.0
2025-04-08 00:00:00+08:00	58.9912191434999	60.63523746400282	58.9912191434999	60.151702880859375	491651	0.0	0.0	0.0
2025-04-09 00:00:00+08:00	60.15170219187873	60.15170219187873	55.50977098468582	55.848243713378906	291938	0.0	0.0	0.0
2025-04-10 00:00:00+08:00	61.40888977050781	61.40888977050781	61.40888977050781	61.40888977050781	36265	0.0	0.0	0.0
2025-04-11 00:00:00+08:00	60.92535510127741	62.32760238647461	58.41097684256936	62.32760238647461	277862	0.0	0.0	0.0
2025-04-14 00:00:00+08:00	65.13210473522717	65.13210473522717	63.43973374979287	64.01997375488281	199800	0.0	0.0	0.0
2025-04-15 00:00:00+08:00	64.01997727316723	65.56729387597741	64.01997727316723	65.4705810546875	146500	0.0	0.0	0.0
2025-04-16 00:00:00+08:00	64.93869121521138	65.18045848899983	64.11668395996094	64.11668395996094	49831	0.0	0.0	0.0
2025-04-17 00:00:00+08:00	63.584794897782174	64.69692586592129	63.34302761680202	64.31009674072266	47610	0.0	0.0	0.0
2025-04-18 00:00:00+08:00	64.3101009161368	64.6969300664508	64.1650390625	64.1650390625	65609	0.0	0.0	0.0
2025-04-21 00:00:00+08:00	64.1650372825088	64.1650372825088	63.294673562985	63.439735412597656	60689	0.0	0.0	0.0
2025-04-22 00:00:00+08:00	62.714434629044604	63.43973651151964	62.52102374497884	62.61772918701172	73830	0.0	0.0	0.0
2025-04-23 00:00:00+08:00	64.16503964692153	64.64857424468003	64.16503964692153	64.40680694580078	37627	0.0	0.0	0.0
2025-04-24 00:00:00+08:00	64.79363130268298	64.79363130268298	64.21339130396098	64.31009674072266	30620	0.0	0.0	0.0
2025-04-25 00:00:00+08:00	65.7606992705108	65.85740470557236	65.37387015211273	65.66399383544922	34621	0.0	0.0	0.0
2025-04-28 00:00:00+08:00	66.00247002337588	66.05082643252932	65.56729185360349	65.8090591430664	42449	0.0	0.0	0.0
2025-04-29 00:00:00+08:00	65.80905713010746	66.92118072509766	65.80905713010746	66.92118072509766	29110	0.0	0.0	0.0
2025-04-30 00:00:00+08:00	66.72777308723686	67.06624582291848	66.29259490966797	66.29259490966797	117340	0.0	0.0	0.0
2025-05-02 00:00:00+08:00	66.82448047921851	68.03331698346686	66.82448047921851	67.79154968261719	213110	0.0	0.0	0.0
2025-05-05 00:00:00+08:00	68.03331291191964	68.17837475937851	66.4860037547131	67.40471649169922	63208	0.0	0.0	0.0
2025-05-06 00:00:00+08:00	67.16294979797169	67.88825166351415	67.16294979797169	67.646484375	46025	0.0	0.0	0.0
2025-05-07 00:00:00+08:00	67.69483827000899	67.69483827000899	67.06624186758567	67.2113037109375	167245	0.0	0.0	0.0
2025-05-08 00:00:00+08:00	67.93661153875749	68.03331698346686	67.59813879319844	67.79154968261719	21161	0.0	0.0	0.0
2025-05-09 00:00:00+08:00	67.79154799295574	68.42014443512802	67.79154799295574	68.37178802490234	32114	0.0	0.0	0.0
2025-05-12 00:00:00+08:00	69.09709036679796	69.43557048431383	68.95203589146527	69.14544677734375	39040	0.0	0.0	0.0
2025-05-13 00:00:00+08:00	70.11251582794864	70.30592671345445	69.48391938282622	69.67733764648438	42133	0.0	0.0	0.0
2025-05-14 00:00:00+08:00	70.49933970792948	70.64440155029297	70.0158051521524	70.64440155029297	50100	0.0	0.0	0.0
2025-05-15 00:00:00+08:00	70.6444076199913	70.83781850765908	70.30592749934402	70.69275665283203	26000	0.0	0.0	0.0
2025-05-16 00:00:00+08:00	70.6927537885999	71.0795829264149	70.6927537885999	70.78945922851562	44309	0.0	0.0	0.0
2025-05-19 00:00:00+08:00	70.78946190002495	70.88617472174262	69.91910552978516	69.91910552978516	54153	0.0	0.0	0.0
2025-05-20 00:00:00+08:00	69.91910051008686	70.49934050797373	69.8223876953125	69.8223876953125	36133	0.0	0.0	0.0
2025-05-21 00:00:00+08:00	70.4026367635748	71.07958221435547	70.20921850752886	71.07958221435547	30280	0.0	0.0	0.0
2025-05-22 00:00:00+08:00	70.83781443968444	70.83781443968444	70.20921802363364	70.30592346191406	11000	0.0	0.0	0.0
2025-05-23 00:00:00+08:00	70.98287918032182	70.98287918032182	70.20922088623047	70.20922088623047	126103	0.0	0.0	0.0
2025-05-26 00:00:00+08:00	70.20922088623047	70.78946091772282	69.91910455956044	70.20922088623047	351009	0.0	0.0	0.0
2025-05-27 00:00:00+08:00	70.11251294697122	70.54769111055367	69.72568381370235	69.77404022216797	27154	0.0	0.0	0.0
2025-05-28 00:00:00+08:00	70.11251582794864	70.83781771582396	69.67733764648438	69.67733764648438	25611	0.0	0.0	0.0
2025-05-29 00:00:00+08:00	70.25757443184985	70.74110900140401	69.87074530057612	70.30592346191406	30013	0.0	0.0	0.0
2025-06-02 00:00:00+08:00	69.29050672664393	69.43556857614249	68.80697214708347	68.95203399658203	40075	0.0	0.0	0.0
2025-06-03 00:00:00+08:00	69.72568798851474	69.82239343308416	69.24215338751512	69.62898254394531	116042	0.0	0.0	0.0
2025-06-04 00:00:00+08:00	69.62897860652842	70.83781504066954	69.62897860652842	70.54769134521484	61150	0.0	0.0	0.0
2025-06-05 00:00:00+08:00	70.54769479800497	70.88617491865224	70.54769479800497	70.69275665283203	49450	0.0	0.0	0.0
2025-06-06 00:00:00+08:00	71.03122520731895	71.07958161546102	70.83781433105469	70.83781433105469	20000	0.0	0.0	0.0
2025-06-09 00:00:00+08:00	70.93452381288546	71.36970937651627	70.83781836924052	71.22464752197266	27121	0.0	0.0	0.0
2025-06-10 00:00:00+08:00	71.27299674848211	72.19171691098764	71.27299674848211	71.99829864501953	54882	0.0	0.0	0.0
2025-06-11 00:00:00+08:00	71.9982938774456	72.43347941344246	71.9015884399414	71.9015884399414	62200	0.0	0.0	0.0
2025-06-12 00:00:00+08:00	71.90158773794923	72.33677326969726	71.90158773794923	72.19171142578125	42500	0.0	0.0	0.0
2025-06-13 00:00:00+08:00	72.19171632298809	72.19171632298809	71.22464713548162	71.75653076171875	44099	0.0	0.0	0.0
2025-06-16 00:00:00+08:00	71.61147628611468	71.75653076171875	71.22464713548162	71.75653076171875	47846	0.0	0.0	0.0
2025-06-17 00:00:00+08:00	71.99829447670253	72.43348001632151	71.41805446869589	72.14335632324219	134481	0.0	0.0	0.0
2025-06-18 00:00:00+08:00	72.1433557227779	72.2400611602821	71.85323941026527	71.9015884399414	33400	0.0	0.0	0.0
2025-06-19 00:00:00+08:00	71.9015930056396	71.9015930056396	70.93452381288546	71.22464752197266	28064	0.0	0.0	0.0
2025-06-20 00:00:00+08:00	71.22464285750813	71.22464285750813	70.11251188304327	70.5960464477539	40031	0.0	0.0	0.0
2025-06-23 00:00:00+08:00	70.2092202955301	70.30592573693983	69.33885656653817	69.96745300292969	62206	0.0	0.0	0.0
2025-06-24 00:00:00+08:00	71.36970364447671	71.70817635912583	71.36970364447671	71.41805267333984	50200	0.0	0.0	0.0
2025-06-25 00:00:00+08:00	71.75652945450247	72.48183133191922	71.75652945450247	71.80488586425781	24085	0.0	0.0	0.0
2025-06-26 00:00:00+08:00	71.853244168234	72.48183324271115	71.853244168234	71.99829864501953	75000	0.0	0.0	0.0
2025-06-27 00:00:00+08:00	72.24006580484254	72.57854592509723	72.24006580484254	72.53018951416016	47099	0.0	0.0	0.0
2025-06-30 00:00:00+08:00	72.5301847464469	72.5301847464469	72.14335561883547	72.43347930908203	55338	0.0	0.0	0.0
2025-07-01 00:00:00+08:00	72.53018951416016	73.20713499836468	72.38512765950135	72.53018951416016	62535	0.0	0.0	0.0
2025-07-02 00:00:00+08:00	72.72359752974657	72.72359752974657	72.3851248010106	72.62689208984375	14067	0.0	0.0	0.0
2025-07-03 00:00:00+08:00	73.25548483721852	73.7390193905995	73.25548483721852	73.54560852050781	66769	0.0	0.0	0.0
2025-07-04 00:00:00+08:00	73.59396244197491	74.12585343731837	73.11042785644531	73.11042785644531	71220	0.0	0.0	0.0
2025-07-07 00:00:00+08:00	72.7235969324992	72.86865878023818	72.38512420654297	72.38512420654297	69080	0.0	0.0	0.0
2025-07-08 00:00:00+08:00	72.33677397593824	72.33677397593824	71.65982115710491	71.9015884399414	54136	0.0	0.0	0.0
2025-07-09 00:00:00+08:00	71.94994474410572	72.5301847464469	71.94994474410572	72.43347930908203	139197	0.0	0.0	0.0
2025-07-10 00:00:00+08:00	72.48183179656854	72.6752500586776	72.4334827646555	72.57854461669922	31000	0.0	0.0	0.0
2025-07-11 00:00:00+08:00	72.72359516757149	73.49725341796875	72.72359516757149	73.49725341796875	36730	0.0	0.0	0.0
2025-07-14 00:00:00+08:00	73.49725640486925	73.49725640486925	72.7235981230308	72.86865997314453	52122	0.0	0.0	0.0
2025-07-15 00:00:00+08:00	72.9170128197091	73.49725281366027	72.82030738374254	73.25548553466797	42115	0.0	0.0	0.0
2025-07-16 00:00:00+08:00	73.98079205096994	74.0291484610877	73.59396290448474	73.88408660888672	51060	0.0	0.0	0.0
2025-07-17 00:00:00+08:00	74.51267945302457	74.51267945302457	73.73902119739766	74.27091217041016	73215	0.0	0.0	0.0
2025-07-18 00:00:00+08:00	74.46432209067976	74.85115121353444	74.46432209067976	74.56102752685547	67200	0.0	0.0	0.0
2025-07-21 00:00:00+08:00	74.75444924387882	74.99621653460527	74.70609283447266	74.70609283447266	125195	0.0	0.0	0.0
2025-07-22 00:00:00+08:00	74.99621582679421	75.43139399473375	73.15878295898438	73.15878295898438	59527	0.0	0.0	0.0
2025-07-23 00:00:00+08:00	73.83572723004212	74.75444733827437	73.83572723004212	74.51268005371094	86308	0.0	0.0	0.0
2025-07-24 00:00:00+08:00	74.51268254228597	75.09292256898668	74.51268254228597	74.94786071777344	68200	0.0	0.0	0.0
2025-07-25 00:00:00+08:00	75.38303601459444	75.43139242253633	74.9478578557252	75.04456329345703	35076	0.0	0.0	0.0
2025-07-28 00:00:00+08:00	75.18962503405892	75.91492688326207	75.18962503405892	75.57645416259766	113344	0.0	0.0	0.0
2025-07-29 00:00:00+08:00	75.57645906316674	75.91493180577858	75.09292446567771	75.14127349853516	39040	0.0	0.0	0.0
2025-07-30 00:00:00+08:00	75.38303876749842	75.72151887914869	74.80279874176574	75.47975158691406	51363	0.0	0.0	0.0
2025-07-31 00:00:00+08:00	75.43139136626756	76.01163136268539	75.33468592988989	75.86656951904297	89570	0.0	0.0	0.0
2025-08-01 00:00:00+08:00	75.43139421418257	76.30175793074588	75.33468877415379	75.76986694335938	55343	0.0	0.0	0.0
2025-08-04 00:00:00+08:00	75.62480258977544	75.67315899726448	74.99621356132926	75.33468627929688	81466	0.0	0.0	0.0
2025-08-05 00:00:00+08:00	75.72151495625789	76.3984603881836	75.72151495625789	76.3984603881836	158495	0.0	0.0	0.0
2025-08-06 00:00:00+08:00	76.30175555285584	76.78529011608286	76.2050501158408	76.64022827148438	225510	0.0	0.0	0.0
2025-08-07 00:00:00+08:00	76.7369320609242	77.36552845525348	76.7369320609242	77.22046661376953	85310	0.0	0.0	0.0
2025-08-08 00:00:00+08:00	77.22046841746248	78.13918851621887	77.22046841746248	77.94577026367188	132762	0.0	0.0	0.0
2025-08-11 00:00:00+08:00	77.8490635237661	78.09083080179023	77.41388537458342	77.99412536621094	60059	0.0	0.0	0.0
2025-08-12 00:00:00+08:00	77.7523593892768	78.33259939061394	77.7523593892768	77.94577026367188	75330	0.0	0.0	0.0
2025-08-13 00:00:00+08:00	79.20296538845169	79.20296538845169	77.55894339560442	77.6072998046875	60522	0.0	0.0	0.0
2025-08-14 00:00:00+08:00	78.13919067382812	78.62272525131927	78.13919067382812	78.13919067382812	74310	0.0	0.0	0.0
2025-08-15 00:00:00+08:00	78.1875387444969	78.8644915715624	78.13918971423283	78.42930603027344	47325	0.0	0.0	0.0
2025-08-18 00:00:00+08:00	78.42930497095222	79.29966866362236	78.42930497095222	79.25131225585938	112982	0.0	0.0	0.0
2025-08-19 00:00:00+08:00	79.63813946350473	79.68649587010188	78.3325976450509	79.05789947509766	112309	0.0	0.0	0.0
2025-08-20 00:00:00+08:00	78.28424176771705	78.28424176771705	77.17211818998125	77.46223449707031	155321	0.0	0.0	0.0
2025-08-21 00:00:00+08:00	77.26882754483285	78.47766399773026	77.26882754483285	78.3809585571289	88184	0.0	0.0	0.0
2025-08-22 00:00:00+08:00	78.33260214775214	78.8161367289111	78.13919126654942	78.3809585571289	64148	0.0	0.0	0.0
2025-08-25 00:00:00+08:00	79.63814413987976	79.87991143075865	79.54143869915863	79.6865005493164	71317	0.0	0.0	0.0
2025-08-26 00:00:00+08:00	79.68649958710151	80.26673960257403	79.54143773869535	79.97661590576172	45100	0.0	0.0	0.0
2025-08-27 00:00:00+08:00	80.26674196402315	81.13710570191411	80.26674196402315	80.94368743896484	87593	0.0	0.0	0.0
2025-08-28 00:00:00+08:00	80.94368482661345	81.47557580986748	80.94368482661345	81.04039764404297	69254	0.0	0.0	0.0
2025-08-29 00:00:00+08:00	81.37887273644004	82.20088006142382	81.37887273644004	82.0074691772461	47010	0.0	0.0	0.0
2025-09-01 00:00:00+08:00	81.5239304035759	81.5239304035759	79.92826486749095	80.31509399414062	87569	0.0	0.0	0.0
2025-09-02 00:00:00+08:00	80.41179831527462	80.79862743655572	79.20296192261611	79.29966735839844	138382	0.0	0.0	0.0
2025-09-03 00:00:00+08:00	80.41179882730914	80.41179882730914	79.73484601621868	80.07332611083984	88245	0.0	0.0	0.0
2025-09-04 00:00:00+08:00	80.41180251832954	81.23380983267258	80.41180251832954	80.9920425415039	36125	0.0	0.0	0.0
2025-09-05 00:00:00+08:00	81.33051645566533	81.6689891925908	81.23381101342267	81.47557830810547	47362	0.0	0.0	0.0
2025-09-08 00:00:00+08:00	81.47557378976423	82.20087563359003	81.47557378976423	82.15251922607422	70215	0.0	0.0	0.0
2025-09-09 00:00:00+08:00	82.58771038731751	82.87782671772709	82.44264853303653	82.49100494384766	120143	0.0	0.0	0.0
2025-09-10 00:00:00+08:00	82.63605903337167	83.2646554802135	82.63605903337167	83.02288818359375	94377	0.0	0.0	0.0
2025-09-11 00:00:00+08:00	83.07123871125653	83.45806783408422	81.91075134277344	81.91075134277344	83412	0.0	0.0	0.0
2025-09-12 00:00:00+08:00	81.95910895116059	83.16794536636945	81.76569807598794	82.394287109375	533110	0.0	0.0	0.0
2025-09-15 00:00:00+08:00	82.53935352361833	83.16794996995192	81.42722248443617	81.71734619140625	329151	0.0	0.0	0.0
2025-09-16 00:00:00+08:00	81.76569962159242	82.63605595447345	81.76569962159242	82.34593963623047	60013	0.0	0.0	0.0
2025-09-17 00:00:00+08:00	82.3459361707059	82.7327652902356	82.20087432861328	82.20087432861328	31312	0.0	0.0	0.0
2025-09-18 00:00:00+08:00	82.78112017021455	83.3130111694336	82.78112017021455	83.3130111694336	86109	0.0	0.0	0.0
2025-09-19 00:00:00+08:00	83.84489551647044	83.84489551647044	83.02288818359375	83.02288818359375	63638	0.0	0.0	0.0
2025-09-22 00:00:00+08:00	83.26465059481748	83.55477428499968	83.26465059481748	83.45806884765625	93113	0.0	0.0	0.0
2025-09-23 00:00:00+08:00	84.47348953127025	84.47348953127025	83.45807134159318	83.89324951171875	147445	0.0	0.0	0.0
2025-09-24 00:00:00+08:00	83.9416053252109	83.9416053252109	83.11959064368165	83.65148162841797	313418	0.0	0.0	0.0
2025-09-25 00:00:00+08:00	83.65148508165036	84.61855427334575	83.65148508165036	83.79654693603516	71689	0.0	0.0	0.0
2025-09-26 00:00:00+08:00	83.65148530362907	83.65148530362907	81.13710687417938	81.4272232055664	778253	0.0	0.0	0.0
2025-09-30 00:00:00+08:00	81.42721659336225	82.97453308105469	81.42721659336225	82.97453308105469	74137	0.0	0.0	0.0
2025-10-01 00:00:00+08:00	83.02288746474098	84.03831305301284	83.02288746474098	83.3130111694336	56110	0.0	0.0	0.0
2025-10-02 00:00:00+08:00	83.65147876786158	84.13501332721337	83.65147876786158	83.74818420410156	85040	0.0	0.0	0.0
2025-10-03 00:00:00+08:00	83.74818896743939	84.08666170260656	83.5547780839588	83.84489440917969	71047	0.0	0.0	0.0
2025-10-07 00:00:00+08:00	84.18337331299377	85.58562064346194	84.18337331299377	85.19879150390625	121162	0.0	0.0	0.0
2025-10-08 00:00:00+08:00	85.19878924157412	85.53726196289062	84.86031652025763	85.53726196289062	76479	0.0	0.0	0.0
2025-10-09 00:00:00+08:00	86.06915092230614	86.21421276465948	85.82738364443449	85.87574005126953	50051	0.0	0.0	0.0
2025-10-13 00:00:00+08:00	84.13501928959485	84.47349202949722	83.16795010235813	84.32843017578125	90290	0.0	0.0	0.0
2025-10-14 00:00:00+08:00	84.61854956870856	85.68232414479907	83.1679458618164	83.1679458618164	103604	0.0	0.0	0.0
2025-10-15 00:00:00+08:00	83.16794480622698	84.08665752433734	83.11958839868355	83.98995208740234	106011	0.0	0.0	0.0
2025-10-16 00:00:00+08:00	83.21630067420112	85.9240897815835	83.21630067420112	85.58561706542969	95205	0.0	0.0	0.0
2025-10-17 00:00:00+08:00	85.44056108070967	85.68232837713396	84.71525919143684	84.86032104492188	47100	0.0	0.0	0.0
2025-10-20 00:00:00+08:00	85.10208320538383	85.58561776905078	85.10208320538383	85.29549407958984	37140	0.0	0.0	0.0
2025-10-21 00:00:00+08:00	86.02079832421659	86.6010457193216	86.02079832421659	86.26256561279297	89257	0.0	0.0	0.0
2025-10-22 00:00:00+08:00	86.26256300284497	86.6010430991326	86.06915212909652	86.3592758178711	79285	0.0	0.0	0.0
2025-10-23 00:00:00+08:00	86.31091951182191	86.31091951182191	85.73067951174257	85.82738494873047	29500	0.0	0.0	0.0
2025-10-27 00:00:00+08:00	86.60104548728839	87.51975823015627	86.60104548728839	87.32634735107422	88419	0.0	0.0	0.0
2025-10-28 00:00:00+08:00	87.32634449038473	87.56811177039337	87.0362208031136	87.42304992675781	69249	0.0	0.0	0.0
2025-10-29 00:00:00+08:00	87.66482244307777	88.43847335842531	87.66482244307777	88.29341888427734	40160	0.0	0.0	0.0
2025-10-30 00:00:00+08:00	88.82529781082556	88.82529781082556	87.32634509134755	87.6648178100586	54377	0.0	0.0	0.0
2025-10-31 00:00:00+08:00	88.48682749468918	89.11542391973543	88.48682749468918	88.63188934326172	152201	0.0	0.0	0.0
2025-11-03 00:00:00+08:00	89.84072399242287	90.03413486789361	89.01871670444429	89.7440185546875	94439	0.0	0.0	0.0
2025-11-04 00:00:00+08:00	89.55059965584289	89.59895606343814	87.6648178100586	87.6648178100586	147127	0.0	0.0	0.0
2025-11-05 00:00:00+08:00	87.27799094222766	87.56811463900283	85.15044175971674	87.32634735107422	103030	0.0	0.0	0.0
2025-11-06 00:00:00+08:00	87.5681153369725	88.92200625764234	87.5681153369725	88.8736572265625	80376	0.0	0.0	0.0
2025-11-07 00:00:00+08:00	87.76152860201323	88.72859778771034	87.76152860201323	88.0032958984375	33426	0.0	0.0	0.0
2025-11-10 00:00:00+08:00	88.29341850540789	88.87365853396679	87.61646565696228	88.82530212402344	54034	0.0	0.0	0.0
2025-11-11 00:00:00+08:00	88.82529604996925	89.59895428724498	88.77694702148438	88.77694702148438	47000	0.0	0.0	0.0
2025-11-12 00:00:00+08:00	88.4384681330043	89.453893660957	88.4384681330043	89.26048278808594	67096	0.0	0.0	0.0
2025-11-13 00:00:00+08:00	89.40554223530317	90.42096781983496	89.40554223530317	90.13084411621094	95211	0.0	0.0	0.0
2025-11-14 00:00:00+08:00	89.21213224527865	89.40554313086385	88.48683035710566	88.53518676757812	69354	0.0	0.0	0.0
2025-11-17 00:00:00+08:00	88.58353113541443	89.50225123894855	87.90658569335938	87.90658569335938	62179	0.0	0.0	0.0
2025-11-18 00:00:00+08:00	87.03622426133649	87.85823157039646	85.63397693283137	85.73068237304688	112242	0.0	0.0	0.0
2025-11-19 00:00:00+08:00	85.7306802166086	86.26256381349113	85.44055652510762	85.53726196289062	129079	0.0	0.0	0.0
2025-11-20 00:00:00+08:00	86.89116203134185	88.24506032288502	86.89116203134185	88.0999984741211	122429	0.0	0.0	0.0
2025-11-21 00:00:00+08:00	87.0	88.0	85.05000305175781	85.3499984741211	203931	3.0	0.0	0.0
2025-11-24 00:00:00+08:00	85.44999694824219	86.44999694824219	85.44999694824219	85.75	99160	0.0	0.0	0.0
2025-11-25 00:00:00+08:00	86.8499984741211	87.30000305175781	86.5999984741211	87.30000305175781	35147	0.0	0.0	0.0
2025-11-26 00:00:00+08:00	88.0	88.25	87.5	87.75	54037	0.0	0.0	0.0
2025-11-27 00:00:00+08:00	88.1500015258789	89.3499984741211	88.1500015258789	89.3499984741211	71003	0.0	0.0	0.0
2025-11-28 00:00:00+08:00	89.0999984741211	90.5	89.0999984741211	90.5	70303	0.0	0.0	0.0
2025-12-01 00:00:00+08:00	90.55000305175781	90.55000305175781	89.30000305175781	89.5	127125	0.0	0.0	0.0
2025-12-02 00:00:00+08:00	89.9000015258789	90.25	89.55000305175781	89.55000305175781	46008	0.0	0.0	0.0
2025-12-03 00:00:00+08:00	90.0	90.19999694824219	89.6500015258789	89.80000305175781	36024	0.0	0.0	0.0
2025-12-04 00:00:00+08:00	90.19999694824219	90.19999694824219	89.5	89.80000305175781	40294	0.0	0.0	0.0
2025-12-05 00:00:00+08:00	89.9000015258789	90.0	89.5	90.0	34466	0.0	0.0	0.0
2025-12-08 00:00:00+08:00	90.19999694824219	91.0	90.19999694824219	90.9000015258789	69037	0.0	0.0	0.0
2025-12-09 00:00:00+08:00	90.94999694824219	91.0999984741211	90.69999694824219	90.69999694824219	31308	0.0	0.0	0.0
2025-12-10 00:00:00+08:00	90.55000305175781	90.9000015258789	90.55000305175781	90.5999984741211	16156	0.0	0.0	0.0
2025-12-11 00:00:00+08:00	91.0	91.0999984741211	90.0	90.4000015258789	41203	0.0	0.0	0.0
2025-12-12 00:00:00+08:00	90.55000305175781	91.6500015258789	90.55000305175781	91.6500015258789	67200	0.0	0.0	0.0
2025-12-15 00:00:00+08:00	91.0	91.0	89.9000015258789	90.69999694824219	106685	0.0	0.0	0.0
2025-12-16 00:00:00+08:00	90.69999694824219	90.69999694824219	88.4000015258789	89.05000305175781	110132	0.0	0.0	0.0
2025-12-17 00:00:00+08:00	89.25	89.4000015258789	88.69999694824219	88.75	101110	0.0	0.0	0.0
2025-12-18 00:00:00+08:00	88.75	88.8499984741211	88.3499984741211	88.4000015258789	44079	0.0	0.0	0.0
2025-12-19 00:00:00+08:00	89.5	89.5999984741211	89.1500015258789	89.55000305175781	29050	0.0	0.0	0.0
2025-12-22 00:00:00+08:00	90.0	90.9000015258789	90.0	90.6500015258789	45632	0.0	0.0	0.0
2025-12-23 00:00:00+08:00	91.30000305175781	91.30000305175781	90.44999694824219	90.44999694824219	101143	0.0	0.0	0.0
2025-12-24 00:00:00+08:00	90.44999694824219	90.9000015258789	90.44999694824219	90.5999984741211	21004	0.0	0.0	0.0
2025-12-26 00:00:00+08:00	90.94999694824219	91.44999694824219	90.94999694824219	91.19999694824219	28200	0.0	0.0	0.0
2025-12-29 00:00:00+08:00	91.19999694824219	91.3499984741211	90.94999694824219	91.25	32340	0.0	0.0	0.0
2025-12-30 00:00:00+08:00	91.25	91.55000305175781	90.8499984741211	91.55000305175781	81316	0.0	0.0	0.0
2025-12-31 00:00:00+08:00	91.55000305175781	91.9000015258789	91.5	91.5	77073	0.0	0.0	0.0
2026-01-02 00:00:00+08:00	91.5	92.75	91.5	92.3499984741211	81095	0.0	0.0	0.0
2026-01-05 00:00:00+08:00	93.0	93.5	93.0	93.0	132077	0.0	0.0	0.0
2026-01-06 00:00:00+08:00	93.19999694824219	95.25	93.19999694824219	94.5999984741211	104228	0.0	0.0	0.0
2026-01-07 00:00:00+08:00	95.0	96.30000305175781	95.0	96.19999694824219	97533	0.0	0.0	0.0
2026-01-08 00:00:00+08:00	96.0	96.19999694824219	95.05000305175781	95.44999694824219	77012	0.0	0.0	0.0
2026-01-09 00:00:00+08:00	95.44999694824219	95.55000305175781	93.9000015258789	95.19999694824219	52040	0.0	0.0	0.0
2026-01-12 00:00:00+08:00	95.80000305175781	97.30000305175781	95.80000305175781	97.0999984741211	72240	0.0	0.0	0.0
2026-01-13 00:00:00+08:00	98.0999984741211	98.44999694824219	96.80000305175781	97.5	50590	0.0	0.0	0.0
2026-01-14 00:00:00+08:00	98.44999694824219	99.3499984741211	98.44999694824219	99.30000305175781	55179	0.0	0.0	0.0
2026-01-15 00:00:00+08:00	99.0999984741211	99.6500015258789	99.0999984741211	99.3499984741211	31365	0.0	0.0	0.0
2026-01-16 00:00:00+08:00	99.6500015258789	101.1500015258789	99.6500015258789	100.69999694824219	191013	0.0	0.0	0.0
2026-01-19 00:00:00+08:00	100.69999694824219	102.80000305175781	100.69999694824219	102.69999694824219	159049	0.0	0.0	0.0
2026-01-20 00:00:00+08:00	101.75	103.19999694824219	101.75	102.69999694824219	67723	0.0	0.0	0.0
2026-01-21 00:00:00+08:00	102.6500015258789	103.05000305175781	100.80000305175781	101.0999984741211	95430	0.0	0.0	0.0
2026-01-22 00:00:00+08:00	103.1500015258789	103.69999694824219	102.8499984741211	103.0	66304	0.0	0.0	0.0
2026-01-23 00:00:00+08:00	104.3499984741211	104.3499984741211	102.8499984741211	103.5999984741211	78175	0.0	0.0	0.0
2026-01-26 00:00:00+08:00	103.5999984741211	104.6500015258789	103.5999984741211	104.44999694824219	85204	0.0	0.0	0.0
2026-01-27 00:00:00+08:00	104.6500015258789	106.0999984741211	104.6500015258789	105.6500015258789	61197	0.0	0.0	0.0
2026-01-28 00:00:00+08:00	105.9000015258789	107.5	105.9000015258789	107.5	97540	0.0	0.0	0.0
2026-01-29 00:00:00+08:00	109.5	109.5	105.5999984741211	106.55000305175781	175506	0.0	0.0	0.0
2026-01-30 00:00:00+08:00	106.55000305175781	106.75	105.25	106.69999694824219	66297	0.0	0.0	0.0
2026-02-02 00:00:00+08:00	105.5	105.5	103.25	104.4000015258789	183423	0.0	0.0	0.0
2026-02-03 00:00:00+08:00	105.0999984741211	107.0	104.8499984741211	105.5	73100	0.0	0.0	0.0
2026-02-04 00:00:00+08:00	105.6500015258789	107.80000305175781	105.6500015258789	107.4000015258789	117025	0.0	0.0	0.0
2026-02-05 00:00:00+08:00	107.3499984741211	107.3499984741211	105.0	105.30000305175781	74150	0.0	0.0	0.0
2026-02-06 00:00:00+08:00	104.05000305175781	104.05000305175781	101.1500015258789	102.94999694824219	102724	0.0	0.0	0.0
2026-02-09 00:00:00+08:00	104.69999694824219	105.5	104.25	104.5	83540	0.0	0.0	0.0
2026-02-10 00:00:00+08:00	105.0999984741211	105.94999694824219	105.0	105.4000015258789	60456	0.0	0.0	0.0
2026-02-11 00:00:00+08:00	105.5999984741211	106.30000305175781	105.55000305175781	106.25	103150	0.0	0.0	0.0
2026-02-23 00:00:00+08:00	106.94999694824219	109.25	106.94999694824219	108.30000305175781	164413	0.0	0.0	0.0
2026-02-24 00:00:00+08:00	108.5999984741211	110.69999694824219	108.5999984741211	110.5	67927	0.0	0.0	0.0
2026-02-25 00:00:00+08:00	111.05000305175781	112.19999694824219	111.0	112.0999984741211	102368	0.0	0.0	0.0
2026-02-26 00:00:00+08:00	112.05000305175781	113.8499984741211	111.25	113.75	77129	0.0	0.0	0.0
2026-03-02 00:00:00+08:00	111.75	113.80000305175781	110.75	112.94999694824219	123209	0.0	0.0	0.0
2026-03-03 00:00:00+08:00	113.30000305175781	113.80000305175781	109.44999694824219	109.5	154065	0.0	0.0	0.0
2026-03-04 00:00:00+08:00	107.05000305175781	107.05000305175781	103.0	103.69999694824219	176925	0.0	0.0	0.0
2026-03-05 00:00:00+08:00	106.19999694824219	107.80000305175781	105.25	106.25	77432	0.0	0.0	0.0
2026-03-06 00:00:00+08:00	106.0	108.19999694824219	105.4000015258789	106.5999984741211	121172	0.0	0.0	0.0
2026-03-09 00:00:00+08:00	101.6500015258789	102.1500015258789	100.3499984741211	101.80000305175781	205113	0.0	0.0	0.0
2026-03-10 00:00:00+08:00	104.3499984741211	105.5	103.30000305175781	104.80000305175781	66356	0.0	0.0	0.0
2026-03-11 00:00:00+08:00	106.94999694824219	108.5	106.94999694824219	108.5	48453	0.0	0.0	0.0
2026-03-12 00:00:00+08:00	108.5	109.6500015258789	108.0	108.69999694824219	42501	0.0	0.0	0.0
2026-03-13 00:00:00+08:00	108.19999694824219	109.0999984741211	107.19999694824219	108.5999984741211	49043	0.0	0.0	0.0
2026-03-16 00:00:00+08:00	109.19999694824219	110.0	108.25	109.75	131228	0.0	0.0	0.0
2026-03-17 00:00:00+08:00	110.80000305175781	112.0	110.69999694824219	111.44999694824219	104167	0.0	0.0	0.0
2026-03-18 00:00:00+08:00	113.6500015258789	113.9000015258789	112.69999694824219	113.75	70100	0.0	0.0	0.0
2026-03-19 00:00:00+08:00	112.94999694824219	114.05000305175781	112.5999984741211	113.30000305175781	39130	0.0	0.0	0.0
2026-03-20 00:00:00+08:00	112.80000305175781	113.19999694824219	110.9000015258789	111.9000015258789	91054	0.0	0.0	0.0
2026-03-23 00:00:00+08:00	109.44999694824219	109.9000015258789	108.05000305175781	108.55000305175781	85403	0.0	0.0	0.0
2026-03-24 00:00:00+08:00	110.55000305175781	110.55000305175781	106.5	107.1500015258789	54207	0.0	0.0	0.0
2026-03-25 00:00:00+08:00	108.6500015258789	110.30000305175781	108.6500015258789	110.30000305175781	59058	0.0	0.0	0.0
2026-03-26 00:00:00+08:00	110.0999984741211	112.6500015258789	110.0999984741211	110.30000305175781	45290	0.0	0.0	0.0
2026-03-27 00:00:00+08:00	109.44999694824219	110.80000305175781	108.69999694824219	110.80000305175781	32046	0.0	0.0	0.0
2026-03-30 00:00:00+08:00	108.55000305175781	109.19999694824219	107.5	109.19999694824219	52146	0.0	0.0	0.0
2026-03-31 00:00:00+08:00	107.19999694824219	107.69999694824219	104.6500015258789	104.8499984741211	87101	0.0	0.0	0.0
2026-04-01 00:00:00+08:00	107.5	108.8499984741211	107.5	108.75	51449	0.0	0.0	0.0
2026-04-02 00:00:00+08:00	109.05000305175781	110.69999694824219	108.05000305175781	108.05000305175781	55384	0.0	0.0	0.0
2026-04-07 00:00:00+08:00	108.75	110.4000015258789	108.75	109.6500015258789	50409	0.0	0.0	0.0
2026-04-08 00:00:00+08:00	111.69999694824219	113.5999984741211	111.69999694824219	113.5	73136	0.0	0.0	0.0
2026-04-09 00:00:00+08:00	114.05000305175781	114.94999694824219	114.05000305175781	114.5999984741211	63414	0.0	0.0	0.0
2026-04-10 00:00:00+08:00	115.4000015258789	116.25	115.25	115.44999694824219	59218	0.0	0.0	0.0
2026-04-13 00:00:00+08:00	115.8499984741211	116.0	115.0999984741211	115.9000015258789	108364	0.0	0.0	0.0
2026-04-14 00:00:00+08:00	117.0	118.1500015258789	116.5999984741211	117.25	201465	0.0	0.0	0.0
2026-04-15 00:00:00+08:00	118.30000305175781	118.8499984741211	117.8499984741211	118.5	80132	0.0	0.0	0.0
2026-04-16 00:00:00+08:00	119.19999694824219	120.69999694824219	119.19999694824219	120.44999694824219	55222	0.0	0.0	0.0
2026-04-17 00:00:00+08:00	120.5	121.75	120.5	121.30000305175781	63373	0.0	0.0	0.0
2026-04-20 00:00:00+08:00	121.94999694824219	123.30000305175781	121.94999694824219	122.6500015258789	164227	0.0	0.0	0.0
2026-04-21 00:00:00+08:00	123.30000305175781	124.55000305175781	123.30000305175781	124.44999694824219	44372	0.0	0.0	0.0
2026-04-22 00:00:00+08:00	124.44999694824219	125.5	124.44999694824219	125.0	121188	0.0	0.0	0.0
2026-04-23 00:00:00+08:00	127.19999694824219	127.4000015258789	121.30000305175781	123.1500015258789	157235	0.0	0.0	0.0
2026-04-24 00:00:00+08:00	125.30000305175781	125.44999694824219	123.1500015258789	123.5	98100	0.0	0.0	0.0
2026-04-27 00:00:00+08:00	124.0999984741211	124.69999694824219	122.5	123.80000305175781	201274	0.0	0.0	0.0
2026-04-28 00:00:00+08:00	124.94999694824219	125.4000015258789	124.4000015258789	125.4000015258789	61160	0.0	0.0	0.0
2026-04-29 00:00:00+08:00					62713	0.0	0.0	0.0
