Date	Open	High	Low	Close	Volume	Dividends	Stock Splits	Capital Gains
2021-04-29 00:00:00+08:00	124.11400811073364	124.25660744623454	123.06823129524426	123.1633071899414	1126112	0.0	0.0	0.0
2021-05-03 00:00:00+08:00	122.40275012122261	122.40275012122261	119.78832244873047	119.78832244873047	1131879	0.0	0.0	0.0
2021-05-04 00:00:00+08:00	119.78831689453125	120.16859871627949	116.41332569976524	118.83761596679688	1242781	0.0	0.0	0.0
2021-05-05 00:00:00+08:00	118.93268316009184	119.02775180105267	117.07881927490234	117.07881927490234	1046405	0.0	0.0	0.0
2021-05-06 00:00:00+08:00	117.55417509060617	118.26720081021769	116.27073024595998	117.4591064453125	1137234	0.0	0.0	0.0
2021-05-07 00:00:00+08:00	118.9326860154801	120.5964126586914	118.50487349424907	120.5964126586914	1159173	0.0	0.0	0.0
2021-05-10 00:00:00+08:00	120.50134724545066	120.50134724545066	117.98198823897407	118.07705688476562	927367	0.0	0.0	0.0
2021-05-11 00:00:00+08:00	115.27247768249954	115.36754631653177	112.75311898765034	113.18093872070312	1728295	0.0	0.0	0.0
2021-05-12 00:00:00+08:00	112.56298804088713	113.37108235544973	103.15104767770478	109.80595397949219	2267672	0.0	0.0	0.0
2021-05-13 00:00:00+08:00	107.42920252087464	111.27954409660428	106.00315115997806	108.76018524169922	1338424	0.0	0.0	0.0
2021-05-14 00:00:00+08:00	110.75664826350318	111.75488705044863	109.52073426569184	110.42390441894531	1225656	0.0	0.0	0.0
2021-05-17 00:00:00+08:00	106.4784910508074	110.376362933263	106.38342242016635	107.9996109008789	1265650	0.0	0.0	0.0
2021-05-18 00:00:00+08:00	110.37637252349525	113.60875701904297	109.75841549072885	113.60875701904297	1237520	0.0	0.0	0.0
2021-05-19 00:00:00+08:00	113.13340346977417	113.7513604855996	112.18270260028027	112.84819030761719	814535	0.0	0.0	0.0
2021-05-20 00:00:00+08:00	112.99080493770899	112.99080493770899	111.51722283698454	111.75489807128906	819144	0.0	0.0	0.0
2021-05-21 00:00:00+08:00	113.27601623535156	114.5594610285858	112.89573441613746	113.27601623535156	1060277	0.0	0.0	0.0
2021-05-24 00:00:00+08:00	112.42038438580364	114.03657305706012	112.23024710210491	113.32354736328125	771155	0.0	0.0	0.0
2021-05-25 00:00:00+08:00	114.5119224583232	116.4133242907787	114.5119224583232	115.98551177978516	1092827	0.0	0.0	0.0
2021-05-26 00:00:00+08:00	116.7460754140763	116.9362126960129	115.46262337455096	115.98551177978516	887816	0.0	0.0	0.0
2021-05-27 00:00:00+08:00	114.93974077066598	115.32002258300781	114.1791771459823	115.32002258300781	779301	0.0	0.0	0.0
2021-05-28 00:00:00+08:00	116.46085159981298	117.60168969376778	116.27071433524442	117.41155242919922	1070532	0.0	0.0	0.0
2021-05-31 00:00:00+08:00	117.98198448465922	119.17036065242023	117.45910332280788	118.8851547241211	909004	0.0	0.0	0.0
2021-06-01 00:00:00+08:00	119.26542207884164	119.78831046232729	118.83760958564216	118.93267822265625	805215	0.0	0.0	0.0
2021-06-02 00:00:00+08:00	119.07528684771673	119.4080307096108	117.69677345418178	117.98197937011719	486648	0.0	0.0	0.0
2021-06-03 00:00:00+08:00	118.69499511581174	119.17034552256571	118.36225128173828	118.36225128173828	934042	0.0	0.0	0.0
2021-06-04 00:00:00+08:00	117.8869086726675	117.8869086726675	117.41155823447127	117.83937072753906	794377	0.0	0.0	0.0
2021-06-07 00:00:00+08:00	117.83937916572529	118.26719894270026	115.98551522531818	117.88691711425781	814901	0.0	0.0	0.0
2021-06-08 00:00:00+08:00	117.88691940908733	118.40980784003351	117.50663757324219	117.50663757324219	669536	0.0	0.0	0.0
2021-06-09 00:00:00+08:00	117.26895677977902	117.45910131533455	116.508400397374	116.5559310913086	728373	0.0	0.0	0.0
2021-06-10 00:00:00+08:00	117.03128702962634	118.83762030897734	117.03128702962634	118.59994506835938	874524	0.0	0.0	0.0
2021-06-11 00:00:00+08:00	119.02775140748979	119.6932463985599	119.02775140748979	119.26542663574219	891260	0.0	0.0	0.0
2021-06-15 00:00:00+08:00	120.26366505614403	120.54887823031338	119.97845188197468	120.31120300292969	928961	0.0	0.0	0.0
2021-06-16 00:00:00+08:00	120.31120447106447	120.31120447106447	119.55064083284674	119.88338470458984	814708	0.0	0.0	0.0
2021-06-17 00:00:00+08:00	119.78830619480298	120.26365661621094	118.8376053519871	120.26365661621094	753633	0.0	0.0	0.0
2021-06-18 00:00:00+08:00	120.31120571830883	120.88162482624935	119.97845458984375	119.97845458984375	730525	0.0	0.0	0.0
2021-06-21 00:00:00+08:00	118.12459031642649	118.40980349616548	116.50840163996546	116.6510009765625	1155099	0.0	0.0	0.0
2021-06-22 00:00:00+08:00	116.98375064313325	117.50663179509507	115.98551177978516	115.98551177978516	822022	0.0	0.0	0.0
2021-06-23 00:00:00+08:00	117.31649593307637	118.93268460891582	116.55593228957989	118.83761596679688	1007719	0.0	0.0	0.0
2021-06-24 00:00:00+08:00	118.8851497974423	119.07528707509564	118.26719276516062	118.55239868164062	760700	0.0	0.0	0.0
2021-06-25 00:00:00+08:00	118.9326831509199	119.31296496800626	118.17212677001953	118.17212677001953	838569	0.0	0.0	0.0
2021-06-28 00:00:00+08:00	118.69501396231992	118.69501396231992	117.36403116141977	118.07705688476562	755779	0.0	0.0	0.0
2021-06-29 00:00:00+08:00	119.12283225290234	119.12283225290234	118.50487518310547	118.50487518310547	759977	0.0	0.0	0.0
2021-06-30 00:00:00+08:00	118.88515391449258	119.55064166259766	118.83761596679688	118.83761596679688	826033	0.0	0.0	0.0
2021-07-01 00:00:00+08:00	118.83761494632458	119.02775222892974	118.21965789794922	118.21965789794922	507673	0.0	0.0	0.0
2021-07-02 00:00:00+08:00	118.21965459336612	118.31472323201126	117.88691073147206	117.98197937011719	1136618	0.0	0.0	0.0
2021-07-05 00:00:00+08:00	118.07705252654667	120.07353028084337	118.07705252654667	119.40803527832031	1041651	0.0	0.0	0.0
2021-07-06 00:00:00+08:00	119.7883081930092	120.16858998713346	119.2178891284588	119.31295776367188	673565	0.0	0.0	0.0
2021-07-07 00:00:00+08:00	119.31296663603773	119.59817981615795	118.83761617135231	119.40803527832031	715377	0.0	0.0	0.0
2021-07-08 00:00:00+08:00	119.59817111386158	119.78830838459183	118.79006958007812	118.79006958007812	604284	0.0	0.0	0.0
2021-07-09 00:00:00+08:00	118.21966099416774	118.3147296379602	117.36402869349038	117.88691711425781	474943	0.0	0.0	0.0
2021-07-12 00:00:00+08:00	119.74076843261719	119.9309129534313	119.31295595401114	119.74076843261719	663820	0.0	0.0	0.0
2021-07-13 00:00:00+08:00	120.26366854820468	121.73725790208063	120.26366854820468	121.11930084228516	1228331	0.0	0.0	0.0
2021-07-14 00:00:00+08:00	121.7847950104624	122.54534414969385	121.68971911478599	122.16506958007812	2757904	0.0	0.0	0.0
2021-07-15 00:00:00+08:00	122.16506256339608	122.87808822038087	122.02246323461677	122.73548889160156	991394	0.0	0.0	0.0
2021-07-16 00:00:00+08:00	120.26366343442588	120.50133865860458	119.40803117672809	120.21612548828125	795663	0.0	0.0	0.0
2021-07-19 00:00:00+08:00	119.21789801825449	119.21789801825449	117.69677798160308	118.31472778320312	2050408	0.0	0.0	0.0
2021-07-20 00:00:00+08:00	117.64923939622032	118.59994032063423	117.60170144869066	117.69677734375	943482	0.0	0.0	0.0
2021-07-21 00:00:00+08:00	118.59993307262181	118.59993307262181	117.12634382852693	117.74430084228516	644298	0.0	0.0	0.0
2021-07-22 00:00:00+08:00	118.36226550292969	119.74077894683555	118.36226550292969	118.83761596679688	714862	0.0	0.0	0.0
2021-07-23 00:00:00+08:00	119.3604964709988	119.3604964709988	118.17212039005804	118.2671890258789	626334	0.0	0.0	0.0
2021-07-26 00:00:00+08:00	118.88514957042646	119.265424125007	117.83937278551339	117.98197937011719	649333	0.0	0.0	0.0
2021-07-27 00:00:00+08:00	118.45732981661506	118.69500503986399	117.88691073147206	117.98197937011719	588292	0.0	0.0	0.0
2021-07-28 00:00:00+08:00	117.55416308159934	117.55416308159934	115.41508614128695	116.60346221923828	756115	0.0	0.0	0.0
2021-07-29 00:00:00+08:00	117.83938121267549	118.02952575683594	117.0788247958518	118.02952575683594	629552	0.0	0.0	0.0
2021-07-30 00:00:00+08:00	118.12458904536084	118.26719563369583	117.64923858642578	117.64923858642578	585605	0.0	0.0	0.0
2021-08-02 00:00:00+08:00	118.4573318788662	119.2178955078125	118.02951937087911	119.2178955078125	501684	0.0	0.0	0.0
2021-08-03 00:00:00+08:00	119.59817197969669	120.02598446857291	119.31295881826455	119.93091583251953	827021	0.0	0.0	0.0
2021-08-04 00:00:00+08:00	120.5488679634887	120.83407386009551	120.16858618140793	120.69146728515625	736410	0.0	0.0	0.0
2021-08-05 00:00:00+08:00	120.88163037500948	121.21437426547583	120.69148582811955	120.92916107177734	388533	0.0	0.0	0.0
2021-08-06 00:00:00+08:00	120.64393840399165	120.73900703761889	119.64569961772624	120.26365661621094	872662	0.0	0.0	0.0
2021-08-09 00:00:00+08:00	120.16860428811115	120.16860428811115	118.64748418386121	119.78832244873047	662764	0.0	0.0	0.0
2021-08-10 00:00:00+08:00	119.93092430109628	119.93092430109628	118.8851547241211	118.8851547241211	607213	0.0	0.0	0.0
2021-08-11 00:00:00+08:00	118.64747766371943	118.64747766371943	117.69677674414882	118.21965789794922	729193	0.0	0.0	0.0
2021-08-12 00:00:00+08:00	117.88691029640428	118.31472279536462	117.79184165811	117.9344482421875	579316	0.0	0.0	0.0
2021-08-13 00:00:00+08:00	117.93445133500768	117.93445133500768	116.46086201634901	116.5083999633789	758971	0.0	0.0	0.0
2021-08-16 00:00:00+08:00	116.46085357666016	116.74606673162602	115.84289657641534	116.46085357666016	757812	0.0	0.0	0.0
2021-08-17 00:00:00+08:00	115.9855163620931	116.08058500681733	115.17742200202812	115.2249526977539	598688	0.0	0.0	0.0
2021-08-18 00:00:00+08:00	113.89396616015411	115.5101547241211	113.13340256930378	115.5101547241211	599231	0.0	0.0	0.0
2021-08-19 00:00:00+08:00	115.08234584832398	115.08234584832398	112.4679183959961	112.4679183959961	768700	0.0	0.0	0.0
2021-08-20 00:00:00+08:00	112.56298517195263	112.99079766485482	111.23200249486395	111.80242156982422	1116537	0.0	0.0	0.0
2021-08-23 00:00:00+08:00	112.56298792570342	115.2249460917311	112.56298792570342	114.74959564208984	686092	0.0	0.0	0.0
2021-08-24 00:00:00+08:00	115.79537222063476	115.98550949883214	115.22494587949814	115.2724838256836	654388	0.0	0.0	0.0
2021-08-25 00:00:00+08:00	115.98550892809827	116.93620982095153	115.84290234351585	116.888671875	705547	0.0	0.0	0.0
2021-08-26 00:00:00+08:00	118.98021569070053	119.31295954555165	117.31648916317292	117.79183959960938	786540	0.0	0.0	0.0
2021-08-27 00:00:00+08:00	117.64924490698192	118.93268976440353	117.60170695722555	118.6474838256836	717265	0.0	0.0	0.0
2021-08-30 00:00:00+08:00	119.21789900102966	120.02599334716797	119.07529240976466	120.02599334716797	813753	0.0	0.0	0.0
2021-08-31 00:00:00+08:00	119.55063835601895	120.78655242919922	118.6474754009603	120.78655242919922	871368	0.0	0.0	0.0
2021-09-01 00:00:00+08:00	121.02423116181481	121.7847948063163	120.69148003405012	121.59465026855469	1616458	0.0	0.0	0.0
2021-09-02 00:00:00+08:00	121.59465154592722	122.16507065865945	120.5964126586914	120.5964126586914	673286	0.0	0.0	0.0
2021-09-03 00:00:00+08:00	121.26189882974846	122.73548807907045	121.21436088495535	122.68795013427734	1055691	0.0	0.0	0.0
2021-09-06 00:00:00+08:00	122.83056015209375	124.73196205694519	122.73549876077836	123.44852447509766	1165471	0.0	0.0	0.0
2021-09-07 00:00:00+08:00	123.73372696204717	123.8288028628327	122.16507614490597	122.64042663574219	824155	0.0	0.0	0.0
2021-09-08 00:00:00+08:00	121.92739312072634	122.68795675885075	120.40627309774993	120.97669219970703	804037	0.0	0.0	0.0
2021-09-09 00:00:00+08:00	119.64570598471224	121.49957707882069	119.64570598471224	121.26190185546875	651787	0.0	0.0	0.0
2021-09-10 00:00:00+08:00	121.54710822063272	122.45027842467054	121.30943299640259	122.40274047851562	601536	0.0	0.0	0.0
2021-09-13 00:00:00+08:00	122.30766457309463	122.30766457309463	121.0242270663162	121.30943298339844	580586	0.0	0.0	0.0
2021-09-14 00:00:00+08:00	121.45204038038553	121.87985288550459	121.26190310105979	121.35697174072266	383531	0.0	0.0	0.0
2021-09-15 00:00:00+08:00	121.21436596567877	121.21436596567877	120.31120300292969	120.31120300292969	593285	0.0	0.0	0.0
2021-09-16 00:00:00+08:00	120.26365679826621	121.07175106522865	119.50309322155343	119.74076843261719	738164	0.0	0.0	0.0
2021-09-17 00:00:00+08:00	119.31296414660929	121.1668280188931	119.31296414660929	120.31120300292969	586188	0.0	0.0	0.0
2021-09-22 00:00:00+08:00	117.50663552327724	117.7918487085036	116.84114776211256	117.36402893066406	629328	0.0	0.0	0.0
2021-09-23 00:00:00+08:00	118.12458187925029	118.9326761597618	118.12458187925029	118.79006958007812	736850	0.0	0.0	0.0
2021-09-24 00:00:00+08:00	119.40803381173434	119.88338427058143	119.21789652950446	119.83585357666016	641962	0.0	0.0	0.0
2021-09-27 00:00:00+08:00	119.83585093221309	120.54887660474921	119.55063776188975	120.21612548828125	670398	0.0	0.0	0.0
2021-09-28 00:00:00+08:00	119.69323955779612	119.69323955779612	118.83760733433454	119.31295776367188	712552	0.0	0.0	0.0
2021-09-29 00:00:00+08:00	116.8411453074828	116.88867600184027	115.9379750754218	116.08058166503906	1094035	0.0	0.0	0.0
2021-09-30 00:00:00+08:00	116.08058063232832	116.88867496194031	115.22494835550935	116.5559310913086	541120	0.0	0.0	0.0
2021-10-01 00:00:00+08:00	115.60522412690311	115.60522412690311	114.08410418837913	114.46438598632812	595130	0.0	0.0	0.0
2021-10-04 00:00:00+08:00	114.4643948965219	114.65453218366115	113.41862531071084	113.46615600585938	561375	0.0	0.0	0.0
2021-10-05 00:00:00+08:00	111.70735522792927	113.70382565794421	111.42214205795334	113.60875701904297	552052	0.0	0.0	0.0
2021-10-06 00:00:00+08:00	114.0841074668214	114.41685132961184	112.8481934012886	113.60875701904297	586050	0.0	0.0	0.0
2021-10-07 00:00:00+08:00	114.55946040544355	116.27072495596244	114.55946040544355	115.98551177978516	464110	0.0	0.0	0.0
2021-10-08 00:00:00+08:00	116.1756442610418	116.27072015135367	115.03480611001984	115.08234405517578	295500	0.0	0.0	0.0
2021-10-12 00:00:00+08:00	113.79889452094037	114.36932086201553	113.03833815496051	114.1791763305664	520431	0.0	0.0	0.0
2021-10-13 00:00:00+08:00	114.46439364286329	114.70206887582053	113.08587293974777	113.37108612060547	371573	0.0	0.0	0.0
2021-10-14 00:00:00+08:00	114.36932189044475	114.65452781027473	113.37108303785908	113.70382690429688	328040	0.0	0.0	0.0
2021-10-15 00:00:00+08:00	116.46086796462257	117.55417552270009	115.51016700164605	117.50663757324219	527513	0.0	0.0	0.0
2021-10-18 00:00:00+08:00	118.3622655484515	118.3622655484515	116.6510009765625	116.6510009765625	379536	0.0	0.0	0.0
2021-10-19 00:00:00+08:00	117.79184495293316	118.36226405192653	117.36402518873386	118.17212677001953	335883	0.0	0.0	0.0
2021-10-20 00:00:00+08:00	118.83761619577352	118.93268483807564	118.17212844638617	118.31472778320312	455345	0.0	0.0	0.0
2021-10-21 00:00:00+08:00	118.45732937944213	119.26542368485175	117.79184165811	117.9344482421875	304120	0.0	0.0	0.0
2021-10-22 00:00:00+08:00	118.02952347017082	118.64748053349295	117.41156640684868	118.40980529785156	321091	0.0	0.0	0.0
2021-10-25 00:00:00+08:00	118.12458595472098	118.26719253932478	117.36402233901552	117.98197937011719	245267	0.0	0.0	0.0
2021-10-26 00:00:00+08:00	118.36225914729958	119.45556660614191	118.36225914729958	118.93267822265625	415970	0.0	0.0	0.0
2021-10-27 00:00:00+08:00	118.83761062773749	119.59817423706386	118.83761062773749	119.5506362915039	331627	0.0	0.0	0.0
2021-10-28 00:00:00+08:00	119.31296208851828	119.55063731180218	118.83761164195047	119.07528686523438	241963	0.0	0.0	0.0
2021-10-29 00:00:00+08:00	119.6457023784614	119.6457023784614	118.02951380969076	118.2671890258789	310383	0.0	0.0	0.0
2021-11-01 00:00:00+08:00	118.98022049891544	119.02775119251667	118.64747663061752	118.69500732421875	345309	0.0	0.0	0.0
2021-11-02 00:00:00+08:00	119.45556762674367	119.83584943132118	118.45732879638672	118.45732879638672	407264	0.0	0.0	0.0
2021-11-03 00:00:00+08:00	119.40802947610028	119.40802947610028	118.88514834231742	118.98021697998047	251652	0.0	0.0	0.0
2021-11-04 00:00:00+08:00	119.55063626457002	119.55063626457002	118.26719152073403	118.45732879638672	520049	0.0	0.0	0.0
2021-11-05 00:00:00+08:00	119.74077483075928	120.739013671875	119.50309960699575	120.739013671875	595583	0.0	0.0	0.0
2021-11-08 00:00:00+08:00	120.73901513535694	121.49957876192794	120.59640854871583	121.40450286865234	470287	0.0	0.0	0.0
2021-11-09 00:00:00+08:00	122.73549138436057	123.68619227964905	122.68795343828725	122.92562866210938	960084	0.0	0.0	0.0
2021-11-10 00:00:00+08:00	122.97316147749667	123.35343601712849	122.64041037541098	123.11576080322266	761428	0.0	0.0	0.0
2021-11-11 00:00:00+08:00	121.49957256424588	122.30765958968965	121.45203462003299	122.0224609375	321234	0.0	0.0	0.0
2021-11-12 00:00:00+08:00	122.8780969620479	123.49604677277863	122.16507125433776	122.30767059326172	529090	0.0	0.0	0.0
2021-11-15 00:00:00+08:00	123.40097133523062	123.87632175292678	123.30589544907399	123.49603271484375	694027	0.0	0.0	0.0
2021-11-16 00:00:00+08:00	123.82878625634272	124.06646146988656	123.59111104279887	123.6386489868164	389868	0.0	0.0	0.0
2021-11-17 00:00:00+08:00	124.68441537540991	124.7319533210108	123.78125243516996	123.92386627197266	737277	0.0	0.0	0.0
2021-11-18 00:00:00+08:00	124.63690948486328	124.63690948486328	123.92388372009071	124.63690948486328	577205	0.0	0.0	0.0
2021-11-19 00:00:00+08:00	126.20553770045326	126.39567496893804	125.44497411997041	125.77772521972656	1000265	0.0	0.0	0.0
2021-11-22 00:00:00+08:00	125.68266047870698	126.06294955594718	125.49252319335938	125.49252319335938	585744	0.0	0.0	0.0
2021-11-23 00:00:00+08:00	124.92209747209603	124.92209747209603	123.87633514404297	123.87633514404297	693237	0.0	0.0	0.0
2021-11-24 00:00:00+08:00	123.87634579862562	123.97140719669116	122.8305688740804	123.02070617675781	550543	0.0	0.0	0.0
2021-11-25 00:00:00+08:00	123.40098079580815	123.40098079580815	122.64041716787673	123.06822967529297	372447	0.0	0.0	0.0
2021-11-26 00:00:00+08:00	122.26014631881662	122.68795883922058	120.92915630289365	121.11930084228516	742667	0.0	0.0	0.0
2021-11-29 00:00:00+08:00	120.54886779101456	122.06998041061794	120.26365464154412	121.21435546875	613451	0.0	0.0	0.0
2021-11-30 00:00:00+08:00	122.49781761514336	122.87809217515657	121.21436558864573	121.40450286865234	535112	0.0	0.0	0.0
2021-12-01 00:00:00+08:00	121.40450792814013	123.63866095432286	121.30943928417489	123.40098571777344	435407	0.0	0.0	0.0
2021-12-02 00:00:00+08:00	123.54358114700764	125.20730775019774	123.35344386509486	124.77949523925781	531182	0.0	0.0	0.0
2021-12-03 00:00:00+08:00	124.82703671616136	125.112249900368	124.06647306045872	124.4942855834961	634610	0.0	0.0	0.0
2021-12-06 00:00:00+08:00	123.25837083030949	124.77949813398949	123.21084738863738	123.87633514404297	440648	0.0	0.0	0.0
2021-12-07 00:00:00+08:00	123.82878625634272	123.87632420036024	122.78300951413229	123.6386489868164	373645	0.0	0.0	0.0
2021-12-08 00:00:00+08:00	125.34992263200613	125.49252196798817	124.30414581298828	124.30414581298828	692335	0.0	0.0	0.0
2021-12-09 00:00:00+08:00	124.44673832417777	124.63689010378552	123.8287885600848	124.35167694091797	263235	0.0	0.0	0.0
2021-12-10 00:00:00+08:00	123.63866077314785	124.25661058465276	123.30590963984815	123.97139739990234	256203	0.0	0.0	0.0
2021-12-13 00:00:00+08:00	124.30414603985778	124.54182127129154	123.78125762939453	123.78125762939453	315515	0.0	0.0	0.0
2021-12-14 00:00:00+08:00	122.6404165151746	123.11576696678381	122.35520334290018	122.45027923583984	389462	0.0	0.0	0.0
2021-12-15 00:00:00+08:00	122.30767795448293	123.0207037051073	122.11754065562563	122.83056640625	433653	0.0	0.0	0.0
2021-12-16 00:00:00+08:00	124.63689010378552	124.63689010378552	123.87632650498675	124.35167694091797	975249	0.0	0.0	0.0
2021-12-17 00:00:00+08:00	123.25836404664864	124.01892765663017	123.25836404664864	123.92386627197266	1447141	0.0	0.0	0.0
2021-12-20 00:00:00+08:00	123.82878827659165	123.92386416617785	122.45027491685586	122.68795013427734	472110	0.0	0.0	0.0
2021-12-21 00:00:00+08:00	122.73549204017607	123.78125432665459	122.59287820119411	123.5435791015625	949415	0.0	0.0	0.0
2021-12-22 00:00:00+08:00	123.78125762939453	123.92387147218172	123.68619624074795	123.78125762939453	409145	0.0	0.0	0.0
2021-12-23 00:00:00+08:00	124.7319513501918	125.11224040244599	124.58935202218653	124.92208862304688	371732	0.0	0.0	0.0
2021-12-24 00:00:00+08:00	125.01717376708984	125.63512357624829	125.01717376708984	125.01717376708984	367158	0.0	0.0	0.0
2021-12-27 00:00:00+08:00	125.49252215691332	126.39568513476395	125.207308977975	125.9678726196289	478682	0.0	0.0	0.0
2021-12-28 00:00:00+08:00	126.25308620961997	127.15624919041109	126.25308620961997	127.10871124267578	457926	0.0	0.0	0.0
2021-12-29 00:00:00+08:00	127.1562405520862	127.821728255536	127.10870260758037	127.58405303955078	465103	0.0	0.0	0.0
2021-12-30 00:00:00+08:00	127.77420478392213	127.77420478392213	127.20379290487385	127.53652954101562	472371	0.0	0.0	0.0
2022-01-03 00:00:00+08:00	128.01187112215374	129.2477852006049	128.01187112215374	128.53475952148438	862169	0.0	0.0	0.0
2022-01-04 00:00:00+08:00	130.34109771517439	132.19496154785156	130.34109771517439	132.19496154785156	944666	0.0	0.0	0.0
2022-01-05 00:00:00+08:00	133.24074637910164	133.66857345691682	131.339344278756	131.6245574951172	958857	0.0	0.0	0.0
2022-01-06 00:00:00+08:00	129.53299449477606	130.62629470073816	128.96256816594288	129.91326904296875	1016744	0.0	0.0	0.0
2022-01-07 00:00:00+08:00	130.38862525582908	130.86397571539322	127.86927362275698	128.10694885253906	568645	0.0	0.0	0.0
2022-01-10 00:00:00+08:00	126.87103857963965	129.2953288977821	126.58582539399725	128.91505432128906	734023	0.0	0.0	0.0
2022-01-11 00:00:00+08:00	129.1051838204728	129.48545837402344	128.24954431516736	129.48545837402344	726574	0.0	0.0	0.0
2022-01-12 00:00:00+08:00	130.72138046763993	130.81645636514358	129.48546633281865	130.5787811279297	476018	0.0	0.0	0.0
2022-01-13 00:00:00+08:00	130.8164588480916	131.05413408981667	130.05589517326231	130.7689208984375	654216	0.0	0.0	0.0
2022-01-14 00:00:00+08:00	132.14743252076966	132.14743252076966	129.86575603525938	131.1967315673828	1158733	0.0	0.0	0.0
2022-01-17 00:00:00+08:00	132.67032170242032	133.9062358501747	132.33757056422073	133.47840881347656	745657	0.0	0.0	0.0
2022-01-18 00:00:00+08:00	133.43087855900143	133.7636151736691	131.33932495117188	131.33932495117188	523438	0.0	0.0	0.0
2022-01-19 00:00:00+08:00	129.2953276738517	131.10165365491247	129.2953276738517	129.9608154296875	351096	0.0	0.0	0.0
2022-01-20 00:00:00+08:00	129.5805449380478	130.29357066458894	128.96258060445152	130.24603271484375	388359	0.0	0.0	0.0
2022-01-21 00:00:00+08:00	128.29707453049684	128.48721179581548	127.06116054611034	127.29883575439453	417253	0.0	0.0	0.0
2022-01-24 00:00:00+08:00	127.1087138165841	129.10519160953558	126.44322605444867	128.91505432128906	626263	0.0	0.0	0.0
2022-01-25 00:00:00+08:00	127.91680099869549	127.91680099869549	126.49074973785505	126.823486328125	892568	0.0	0.0	0.0
2022-01-26 00:00:00+08:00	125.77773533585166	126.96611149264061	125.77773533585166	125.9678726196289	560165	0.0	0.0	0.0
2022-02-07 00:00:00+08:00	127.20377384606692	127.91679946795458	125.39743356669214	126.15799713134766	396956	0.0	0.0	0.0
2022-02-08 00:00:00+08:00	127.58406106289108	127.58406106289108	126.49076080322266	126.49076080322266	639434	0.0	0.0	0.0
2022-02-09 00:00:00+08:00	127.58406476739303	127.86927795410156	126.91857700276995	127.86927795410156	405871	0.0	0.0	0.0
2022-02-10 00:00:00+08:00	128.48720601702198	129.5805206298828	128.15446944431523	129.5805206298828	363920	0.0	0.0	0.0
2022-02-11 00:00:00+08:00	129.48545750263983	129.58053339365983	128.81996978513249	129.39039611816406	343835	0.0	0.0	0.0
2022-02-14 00:00:00+08:00	127.39391426915086	128.0594019647705	126.63335068563822	126.91856384277344	359132	0.0	0.0	0.0
2022-02-15 00:00:00+08:00	126.72843522249889	127.4889988579185	126.39568409870756	126.44322204589844	401707	0.0	0.0	0.0
2022-02-16 00:00:00+08:00	128.39216267255784	129.01011247046796	128.15448744158553	128.7248992919922	404855	0.0	0.0	0.0
2022-02-17 00:00:00+08:00	128.72490252649732	129.48546618602862	128.34462795000428	128.91505432128906	392522	0.0	0.0	0.0
2022-02-18 00:00:00+08:00	127.77419934293738	128.29708775637476	127.44146272096448	128.2020263671875	285100	0.0	0.0	0.0
2022-02-21 00:00:00+08:00	127.29884991318666	127.86927627913168	127.10871262672002	127.72667694091797	217323	0.0	0.0	0.0
2022-02-22 00:00:00+08:00	126.63335873684892	126.63335873684892	125.4925205423186	125.87279510498047	360376	0.0	0.0	0.0
2022-02-23 00:00:00+08:00	125.87278641667537	126.68088793973392	125.87278641667537	126.30061340332031	327458	0.0	0.0	0.0
2022-02-24 00:00:00+08:00	124.68441408212472	124.73195202723254	122.73548889160156	122.73548889160156	880365	0.0	0.0	0.0
2022-02-25 00:00:00+08:00	122.83055276996276	123.49604049535581	122.45027821446514	122.92562866210938	264130	0.0	0.0	0.0
2022-03-01 00:00:00+08:00	122.92563746763749	124.6369021030486	122.92563746763749	124.114013671875	441543	0.0	0.0	0.0
2022-03-02 00:00:00+08:00	123.5911238153434	123.92387495131051	123.02069744126985	123.44852447509766	353035	0.0	0.0	0.0
2022-03-03 00:00:00+08:00	123.78124918702923	124.73195004792277	123.68618780486622	123.73371124267578	267683	0.0	0.0	0.0
2022-03-04 00:00:00+08:00	122.73549762312393	122.73549762312393	121.97493396692408	122.30767059326172	394204	0.0	0.0	0.0
2022-03-07 00:00:00+08:00	121.21437144715198	121.21437144715198	117.8393801643732	118.50487518310547	1041141	0.0	0.0	0.0
2022-03-08 00:00:00+08:00	115.08233919037241	116.93620292073388	115.08233919037241	115.8428955078125	1123926	0.0	0.0	0.0
2022-03-09 00:00:00+08:00	116.36578700364801	117.07881265041881	116.2707183680663	116.60346221923828	418015	0.0	0.0	0.0
2022-03-10 00:00:00+08:00	119.74077768227284	120.40627267662218	119.0277519940022	119.83585357666016	390300	0.0	0.0	0.0
2022-03-11 00:00:00+08:00	119.21789550934253	119.21789550934253	118.12458801269531	118.12458801269531	253001	0.0	0.0	0.0
2022-03-14 00:00:00+08:00	118.69500896242113	118.69500896242113	117.45910211264652	117.69677734375	352255	0.0	0.0	0.0
2022-03-15 00:00:00+08:00	116.3657825149903	116.3657825149903	114.6545181274414	114.6545181274414	351317	0.0	0.0	0.0
2022-03-16 00:00:00+08:00	116.08058500681733	116.08058500681733	114.36932764196315	115.2249526977539	330508	0.0	0.0	0.0
2022-03-17 00:00:00+08:00	118.64746826434133	119.9309129534313	118.31471716623459	119.74076843261719	439007	0.0	0.0	0.0
2022-03-18 00:00:00+08:00	119.74077437993158	119.74077437993158	118.69500484996384	119.59817504882812	302939	0.0	0.0	0.0
2022-03-21 00:00:00+08:00	120.21613063333962	120.73901905022045	119.97845539898879	120.02599334716797	301142	0.0	0.0	0.0
2022-03-22 00:00:00+08:00	119.64570698770426	119.97845085253194	119.2654251764988	119.69324493408203	257107	0.0	0.0	0.0
2022-03-23 00:00:00+08:00	121.02423014706696	121.40450471285676	120.50134173919737	120.97669219970703	373217	0.0	0.0	0.0
2022-03-24 00:00:00+08:00	120.73901696945221	121.16682948260193	120.26366650894255	120.97669219970703	254062	0.0	0.0	0.0
2022-03-25 00:00:00+08:00	121.73725891113281	122.16507143508282	121.40450777775771	121.73725891113281	434513	0.0	0.0	0.0
2022-03-28 00:00:00+08:00	119.64570640090679	120.21612548828125	119.26542459156641	120.21612548828125	316729	0.0	0.0	0.0
2022-03-29 00:00:00+08:00	120.54887491679912	120.54887491679912	119.69324267108207	120.07352447509766	339023	0.0	0.0	0.0
2022-03-30 00:00:00+08:00	121.59465231872528	122.06999553796274	121.35697708247027	121.73725891113281	349396	0.0	0.0	0.0
2022-03-31 00:00:00+08:00	121.59464571750702	121.68971435619336	120.97668868613755	121.26190185546875	209083	0.0	0.0	0.0
2022-04-01 00:00:00+08:00	119.50310288548098	119.88338470458984	119.17035901373788	119.88338470458984	153123	0.0	0.0	0.0
2022-04-06 00:00:00+08:00	118.26719541097303	118.36226405192653	117.88691359388666	118.17212677001953	1152340	0.0	0.0	0.0
2022-04-07 00:00:00+08:00	116.79361568066551	117.07882888021967	115.55770874023438	115.55770874023438	946698	0.0	0.0	0.0
2022-04-08 00:00:00+08:00	115.89044189453125	116.2231857609839	115.46262213485873	115.89044189453125	702048	0.0	0.0	0.0
2022-04-11 00:00:00+08:00	115.41509225893986	115.41509225893986	113.5136904334327	113.7513656616211	957998	0.0	0.0	0.0
2022-04-12 00:00:00+08:00	113.1334149730645	114.36932913038187	112.42038924844435	113.65630340576172	923734	0.0	0.0	0.0
2022-04-13 00:00:00+08:00	114.79712709699358	116.7935974219391	114.65452051951064	116.46085357666016	2667414	0.0	0.0	0.0
2022-04-14 00:00:00+08:00	116.84114383277115	116.9362124735586	116.17564884071432	116.5083999633789	2288203	0.0	0.0	0.0
2022-04-15 00:00:00+08:00	114.60699401877251	114.70206265614586	113.94149905061495	114.03656768798828	2358857	0.0	0.0	0.0
2022-04-18 00:00:00+08:00	113.0383379323633	114.27424474462387	112.80066270847409	113.60875701904297	1915668	0.0	0.0	0.0
2022-04-19 00:00:00+08:00	114.55946269172141	115.12988180218751	114.32178745792115	114.51192474365234	2676670	0.0	0.0	0.0
2022-04-20 00:00:00+08:00	106.43383026123047	106.57818141100067	105.56773070461378	106.43383026123047	1377891	1.455714	0.0	0.0
2022-04-21 00:00:00+08:00	106.72254141143763	107.20370705590578	106.38572692871094	106.38572692871094	712775	0.0	0.0	0.0
2022-04-22 00:00:00+08:00	104.84599002611291	105.08657284612877	104.65352670690221	104.99034118652344	692649	0.0	0.0	0.0
2022-04-25 00:00:00+08:00	103.21003275079957	103.21003275079957	102.1033502785438	102.34393310546875	937117	0.0	0.0	0.0
2022-04-26 00:00:00+08:00	102.96944527978255	102.96944527978255	101.9108823574568	102.19957733154297	941700	0.0	0.0	0.0
2022-04-27 00:00:00+08:00	99.74563809217555	100.08245256992335	99.26447245482015	99.64940643310547	664079	0.0	0.0	0.0
2022-04-28 00:00:00+08:00	100.99666675778428	101.14101792084169	99.40882599016811	100.61174011230469	566247	0.0	0.0	0.0
2022-04-29 00:00:00+08:00	102.77698155381073	102.96944486910056	101.62217963605715	101.86276245117188	491384	0.0	0.0	0.0
2022-05-03 00:00:00+08:00	101.86275740325979	102.24769135676853	101.04477734080655	101.381591796875	301285	0.0	0.0	0.0
2022-05-04 00:00:00+08:00	101.38160312224633	102.10335161245028	101.2853714586202	101.5740737915039	428500	0.0	0.0	0.0
2022-05-05 00:00:00+08:00	103.1138030716292	103.6430808958406	102.72886907274479	102.96945190429688	619562	0.0	0.0	0.0
2022-05-06 00:00:00+08:00	100.61173499786094	100.9485494665367	100.27491318718042	100.8523178100586	587100	0.0	0.0	0.0
2022-05-09 00:00:00+08:00	99.88999280081813	99.88999280081813	99.12012481689453	99.12012481689453	673232	0.0	0.0	0.0
2022-05-10 00:00:00+08:00	97.09923053660161	99.16824431914172	96.81052820712895	99.12012481689453	734526	0.0	0.0	0.0
2022-05-11 00:00:00+08:00	98.92765548074331	99.88998673117075	98.63895316881316	99.40882110595703	715680	0.0	0.0	0.0
2022-05-12 00:00:00+08:00	98.54272575312352	98.73518907469008	97.05110931396484	97.05110931396484	777184	0.0	0.0	0.0
2022-05-13 00:00:00+08:00	97.82097614886982	98.59083676820568	97.67662498836778	98.542724609375	491599	0.0	0.0	0.0
2022-05-16 00:00:00+08:00	99.98621718604645	100.51549496221712	99.12011760267072	99.4569320678711	488249	0.0	0.0	0.0
2022-05-17 00:00:00+08:00	99.88999539959907	101.23725339350838	99.69752472760815	101.14102172851562	445816	0.0	0.0	0.0
2022-05-18 00:00:00+08:00	102.87321694911473	102.87321694911473	101.91088565369179	102.05523681640625	1012603	0.0	0.0	0.0
2022-05-19 00:00:00+08:00	99.79374895820881	100.41926574707031	99.69751730038509	100.41926574707031	368225	0.0	0.0	0.0
2022-05-20 00:00:00+08:00	101.04478153412283	101.47782766103859	100.46738425090024	101.18913269042969	299437	0.0	0.0	0.0
2022-05-23 00:00:00+08:00	101.81464905884921	101.958992872564	100.80419831081716	100.8523178100586	375044	0.0	0.0	0.0
2022-05-24 00:00:00+08:00	101.18913685258254	101.23724901199392	99.45693758966041	99.55316925048828	431177	0.0	0.0	0.0
2022-05-25 00:00:00+08:00	99.40882897688994	100.75608696055693	99.40882897688994	100.46739196777344	306984	0.0	0.0	0.0
2022-05-26 00:00:00+08:00	100.6117396648867	100.6117396648867	98.8314208984375	98.8314208984375	311672	0.0	0.0	0.0
2022-05-27 00:00:00+08:00	100.37115558572779	101.14101620563639	100.27491658398483	101.04478454589844	338888	0.0	0.0	0.0
2022-05-30 00:00:00+08:00	102.48827905376176	103.64307362742474	102.44015955402378	103.30625915527344	789300	0.0	0.0	0.0
2022-05-31 00:00:00+08:00	103.45061053323182	105.0865707397461	102.9694449028447	105.0865707397461	756415	0.0	0.0	0.0
2022-06-01 00:00:00+08:00	104.79788088180807	105.42339770024323	104.50917855268256	104.84599304199219	674689	0.0	0.0	0.0
2022-06-02 00:00:00+08:00	104.02800245861019	104.02800245861019	103.49872469767175	103.54683685302734	262412	0.0	0.0	0.0
2022-06-06 00:00:00+08:00	103.59496557666093	104.31671404931485	103.06568042657933	103.8355484008789	321029	0.0	0.0	0.0
2022-06-07 00:00:00+08:00	103.25814961296716	103.25814961296716	102.48828164968862	102.8250961303711	350580	0.0	0.0	0.0
2022-06-08 00:00:00+08:00	103.59496897571975	104.46106863972312	103.59496897571975	104.02801513671875	340553	0.0	0.0	0.0
2022-06-09 00:00:00+08:00	103.49873601854945	103.97990167676306	103.30626535006084	103.73931884765625	281218	0.0	0.0	0.0
2022-06-10 00:00:00+08:00	102.19957473651445	102.92132316641074	102.05523092413894	102.68074035644531	351511	0.0	0.0	0.0
2022-06-13 00:00:00+08:00	100.17868514349324	100.17868514349324	99.50505618184832	99.60128784179688	506648	0.0	0.0	0.0
2022-06-14 00:00:00+08:00	98.35025265531522	99.36070342354304	98.15778933851226	99.31258392333984	511409	0.0	0.0	0.0
2022-06-15 00:00:00+08:00	99.07200492284917	99.21635608701465	98.59083927030109	98.78330993652344	447167	0.0	0.0	0.0
2022-06-16 00:00:00+08:00	100.03432079150599	100.22679142802792	98.0615463256836	98.0615463256836	462700	0.0	0.0	0.0
2022-06-17 00:00:00+08:00	96.28124488429191	96.95487382518357	95.84819141485744	96.5218276977539	1136310	0.0	0.0	0.0
2022-06-20 00:00:00+08:00	96.5699429851559	96.5699429851559	95.27079721875569	95.65573120117188	521171	0.0	0.0	0.0
2022-06-21 00:00:00+08:00	96.47371307406966	97.72474670410156	96.08877908467483	97.72474670410156	316153	0.0	0.0	0.0
2022-06-22 00:00:00+08:00	97.14733352236517	97.14733352236517	94.88585662841797	94.88585662841797	728286	0.0	0.0	0.0
2022-06-23 00:00:00+08:00	94.88585888819539	94.98209054388836	92.8649647506242	93.34613037109375	1012810	0.0	0.0	0.0
2022-06-24 00:00:00+08:00	94.40470006230466	94.50093172492369	93.34613708948474	93.39425659179688	295376	0.0	0.0	0.0
2022-06-27 00:00:00+08:00	94.93398273739342	96.61806248620981	94.93398273739342	95.65573120117188	321613	0.0	0.0	0.0
2022-06-28 00:00:00+08:00	95.65573343891526	95.65573343891526	94.5009314646516	94.83775329589844	273454	0.0	0.0	0.0
2022-06-29 00:00:00+08:00	93.92352595663098	94.69339387232651	93.73106264870938	93.7791748046875	557198	0.0	0.0	0.0
2022-06-30 00:00:00+08:00	92.8168497819171	92.8168497819171	90.79595554571146	90.9884262084961	792350	0.0	0.0	0.0
2022-07-01 00:00:00+08:00	90.69972460047137	90.7478441020482	86.6579360961914	86.6579360961914	2127048	0.0	0.0	0.0
2022-07-04 00:00:00+08:00	86.1286460213654	87.18720891747286	85.26254643654849	85.45501708984375	711138	0.0	0.0	0.0
2022-07-05 00:00:00+08:00	87.66837579883904	87.66837579883904	84.20398475173984	86.46546173095703	1015742	0.0	0.0	0.0
2022-07-06 00:00:00+08:00	86.17677350684637	86.56170016510156	83.96340851185214	84.01152801513672	977641	0.0	0.0	0.0
2022-07-07 00:00:00+08:00	84.82950543304952	87.90896265151547	84.34833978378889	87.71649932861328	535215	0.0	0.0	0.0
2022-07-08 00:00:00+08:00	89.44868378598439	89.9779688927435	88.77505487011325	89.4968032836914	826791	0.0	0.0	0.0
2022-07-11 00:00:00+08:00	89.73739478344683	89.88174594855047	88.3420173187905	88.72694396972656	232002	0.0	0.0	0.0
2022-07-12 00:00:00+08:00	87.66838007450676	87.66838007450676	86.08053195906075	86.27300262451172	254500	0.0	0.0	0.0
2022-07-13 00:00:00+08:00	89.49680880696016	89.88174278635884	89.01564316821307	89.5930404663086	594080	0.0	0.0	0.0
2022-07-14 00:00:00+08:00	88.96752474252656	90.69972399974819	88.29389577694319	90.26667785644531	264190	0.0	0.0	0.0
2022-07-15 00:00:00+08:00	91.22901165467783	93.20178644643296	90.31479249966473	93.00932312011719	968145	0.0	0.0	0.0
2022-07-18 00:00:00+08:00	93.15367806806785	93.82730707952891	92.81685622033176	93.53860473632812	607060	0.0	0.0	0.0
2022-07-19 00:00:00+08:00	92.6725065279403	93.44236715776228	92.6725065279403	93.10555267333984	255015	0.0	0.0	0.0
2022-07-20 00:00:00+08:00	94.74150856890327	95.12644253707347	93.77917731948016	94.01976013183594	463667	0.0	0.0	0.0
2022-07-21 00:00:00+08:00	94.40469849211964	95.60761260986328	94.2122351700827	95.60761260986328	346475	0.0	0.0	0.0
2022-07-22 00:00:00+08:00	96.13689896330133	96.3293622877503	95.17456765704608	95.55950164794922	702633	0.0	0.0	0.0
2022-07-25 00:00:00+08:00	94.6934034274382	95.46326407881254	94.6934034274382	95.12644958496094	177205	0.0	0.0	0.0
2022-07-26 00:00:00+08:00	94.98209816801226	95.07833717343496	93.68295235686419	94.06788635253906	160050	0.0	0.0	0.0
2022-07-27 00:00:00+08:00	94.06788569963746	95.17456817626953	93.34613721600853	95.17456817626953	343516	0.0	0.0	0.0
2022-07-28 00:00:00+08:00	96.23311967420707	96.23311967420707	94.98208618164062	94.98208618164062	256110	0.0	0.0	0.0
2022-07-29 00:00:00+08:00	96.23312730003812	96.37747845938917	95.36702768593679	95.70384216308594	441379	0.0	0.0	0.0
2022-08-01 00:00:00+08:00	95.70384941477971	95.75196891887782	94.98210090534093	95.36703491210938	225863	0.0	0.0	0.0
2022-08-02 00:00:00+08:00	94.0197673757068	94.0197673757068	93.00932389116451	93.68295288085938	239015	0.0	0.0	0.0
2022-08-03 00:00:00+08:00	93.82730352299293	94.2122375186678	93.53860119073545	94.06788635253906	248331	0.0	0.0	0.0
2022-08-04 00:00:00+08:00	94.26033854417621	94.7896236434541	93.346126836701	94.59716033935547	250210	0.0	0.0	0.0
2022-08-05 00:00:00+08:00	95.55950021681126	97.05110931396484	95.55950021681126	97.05110931396484	371508	0.0	0.0	0.0
2022-08-08 00:00:00+08:00	96.61806186467425	96.90675684312545	96.13689622525057	96.76241302490234	279516	0.0	0.0	0.0
2022-08-09 00:00:00+08:00	96.32935885634016	96.71429283353133	95.36702758436473	96.42559051513672	255050	0.0	0.0	0.0
2022-08-10 00:00:00+08:00	95.36703150176848	95.36703150176848	94.88586584601586	95.17456817626953	218184	0.0	0.0	0.0
2022-08-11 00:00:00+08:00	96.71428632459407	97.195451928199	96.71428632459407	97.0992202758789	206468	0.0	0.0	0.0
2022-08-12 00:00:00+08:00	97.14734295469003	97.8690914382821	97.14734295469003	97.67662811279297	208125	0.0	0.0	0.0
2022-08-15 00:00:00+08:00	98.73518742070723	99.12012139939715	98.2540217828461	98.92765808105469	153795	0.0	0.0	0.0
2022-08-16 00:00:00+08:00	99.4569402210871	99.4569402210871	99.02389406490161	99.07200622558594	177025	0.0	0.0	0.0
2022-08-17 00:00:00+08:00	99.07200230029835	99.31258512020388	98.83141948039281	99.26447296142578	176232	0.0	0.0	0.0
2022-08-18 00:00:00+08:00	98.54272551934643	98.5908376786214	98.0134403732864	98.4946060180664	105279	0.0	0.0	0.0
2022-08-19 00:00:00+08:00	98.49460460177666	99.31258471773963	98.39837294260543	98.92765808105469	184372	0.0	0.0	0.0
2022-08-22 00:00:00+08:00	97.48416228678514	97.82097676875426	97.38792328450391	97.43604278564453	110000	0.0	0.0	0.0
2022-08-23 00:00:00+08:00	96.23312679335663	96.47370961034002	95.99254397637324	96.08877563476562	124330	0.0	0.0	0.0
2022-08-24 00:00:00+08:00	96.18501151617262	96.71429667357638	95.84819702600898	95.89631652832031	72623	0.0	0.0	0.0
2022-08-25 00:00:00+08:00	96.52182691522442	97.14733635155058	96.42558791701602	96.90675354003906	91983	0.0	0.0	0.0
2022-08-26 00:00:00+08:00	97.72474510847809	97.96532793017104	97.33981112536836	97.43604278564453	123021	0.0	0.0	0.0
2022-08-29 00:00:00+08:00	94.54903917916214	95.27078756984277	94.26033688608817	95.03020477294922	380217	0.0	0.0	0.0
2022-08-30 00:00:00+08:00	94.98209631333522	95.55950096657544	94.78963299025858	95.2226791381836	252396	0.0	0.0	0.0
2022-08-31 00:00:00+08:00	94.5490470744729	96.08877563476562	94.3084642574895	96.08877563476562	518050	0.0	0.0	0.0
2022-09-01 00:00:00+08:00	94.30846667167468	94.35658617310513	93.53859870081816	93.82730102539062	387001	0.0	0.0	0.0
2022-09-02 00:00:00+08:00	93.63483184268334	93.63483184268334	92.67250061035156	92.67250061035156	1030426	0.0	0.0	0.0
2022-09-05 00:00:00+08:00	92.76873226518381	93.34612953618195	92.48002995868242	92.67250061035156	139149	0.0	0.0	0.0
2022-09-06 00:00:00+08:00	93.34613086623246	93.68294533394679	92.57626293259565	92.96119689941406	575332	0.0	0.0	0.0
2022-09-07 00:00:00+08:00	91.27712262277063	91.37335428467131	90.55537414550781	90.55537414550781	370161	0.0	0.0	0.0
2022-09-08 00:00:00+08:00	91.0846506565457	91.42146511224254	90.84406785361875	91.32523345947266	490500	0.0	0.0	0.0
2022-09-12 00:00:00+08:00	93.53859619809923	94.01976183150921	93.53859619809923	93.58671569824219	207225	0.0	0.0	0.0
2022-09-13 00:00:00+08:00	94.21223148471799	94.741509270618	94.16411198508852	94.35658264160156	127272	0.0	0.0	0.0
2022-09-14 00:00:00+08:00	91.42147392750748	92.62438805813257	91.42147392750748	92.33568572998047	136115	0.0	0.0	0.0
2022-09-15 00:00:00+08:00	92.33568180789264	93.00931809763216	92.14321849196985	92.52815246582031	228059	0.0	0.0	0.0
2022-09-16 00:00:00+08:00	91.75828300725706	91.75828300725706	91.37334903974481	91.5177001953125	210563	0.0	0.0	0.0
2022-09-19 00:00:00+08:00	91.95075416229862	91.95075416229862	90.84407175293146	91.13276672363281	161716	0.0	0.0	0.0
2022-09-20 00:00:00+08:00	91.85452428216834	92.14322662353516	91.37335860789402	92.14322662353516	93130	0.0	0.0	0.0
2022-09-21 00:00:00+08:00	91.71017651058185	91.90263983521476	90.50726237661306	90.8921890258789	1463998	0.0	0.0	0.0
2022-09-22 00:00:00+08:00	89.97798065469419	90.12233182468036	88.91941764480477	90.0261001586914	262100	0.0	0.0	0.0
2022-09-23 00:00:00+08:00	89.49681408573468	89.49681408573468	88.5826022549944	88.6307144165039	166548	0.0	0.0	0.0
2022-09-26 00:00:00+08:00	86.89851470187776	87.1872096713097	86.36922957824538	86.85039520263672	508684	0.0	0.0	0.0
2022-09-27 00:00:00+08:00	86.89851931497662	87.23533380152976	86.4173536650421	86.9947509765625	225072	0.0	0.0	0.0
2022-09-28 00:00:00+08:00	87.13910251853123	87.13910251853123	84.82950592041016	84.82950592041016	362434	0.0	0.0	0.0
2022-09-29 00:00:00+08:00	85.6474819034852	85.83994521815177	84.25210451714047	84.30021667480469	175781	0.0	0.0	0.0
2022-09-30 00:00:00+08:00	83.04919683025439	83.62659416064903	82.76049449405436	83.28977966308594	535238	0.0	0.0	0.0
2022-10-03 00:00:00+08:00	82.8567179436187	83.38600306017216	82.13496951668473	82.231201171875	248155	0.0	0.0	0.0
2022-10-04 00:00:00+08:00	83.53035012458872	84.82949576106704	83.53035012458872	84.58891296386719	429208	0.0	0.0	0.0
2022-10-05 00:00:00+08:00	86.60982037828155	87.95708571923369	86.60982037828155	87.18721771240234	464235	0.0	0.0	0.0
2022-10-06 00:00:00+08:00	87.86084747314453	88.14954244757908	87.42779399848536	87.86084747314453	223120	0.0	0.0	0.0
2022-10-07 00:00:00+08:00	87.28344233412473	87.3796813337164	85.98429660169052	86.08052825927734	146588	0.0	0.0	0.0
2022-10-11 00:00:00+08:00	82.13496966894871	82.18308916763537	80.54712165834944	80.78770446777344	558496	0.0	0.0	0.0
2022-10-12 00:00:00+08:00	80.30655027387832	80.6433721285942	79.68104075399047	80.25843811035156	681986	0.0	0.0	0.0
2022-10-13 00:00:00+08:00	80.64336416794706	80.93205914662644	79.19986724853516	79.19986724853516	255297	0.0	0.0	0.0
2022-10-14 00:00:00+08:00	82.23120578391693	82.85672259074356	81.94251080215433	82.37555694580078	287305	0.0	0.0	0.0
2022-10-17 00:00:00+08:00	80.73959231109144	81.02828727719742	80.01784388281948	80.78770446777344	269780	0.0	0.0	0.0
2022-10-18 00:00:00+08:00	81.89439512051962	82.27932912282867	80.93206378574969	81.84628295898438	93105	0.0	0.0	0.0
2022-10-19 00:00:00+08:00	81.94251155843519	81.94251155843519	80.54712677001953	80.54712677001953	114217	0.0	0.0	0.0
2022-10-20 00:00:00+08:00	79.53668162086028	79.96972775929852	78.57435034254861	79.92161560058594	449130	0.0	0.0	0.0
2022-10-21 00:00:00+08:00	80.11407010464083	80.54711619543181	79.24797058105469	79.24797058105469	731040	0.0	0.0	0.0
2022-10-24 00:00:00+08:00	80.69147204511559	80.83582319779829	79.39232635498047	79.39232635498047	230077	0.0	0.0	0.0
2022-10-25 00:00:00+08:00	78.47811789911171	78.81493237475497	77.03462099606493	77.08273315429688	645063	0.0	0.0	0.0
2022-10-26 00:00:00+08:00	77.17896640982859	77.85260271705958	76.98650308890835	77.3714370727539	630507	0.0	0.0	0.0
2022-10-27 00:00:00+08:00	78.33377061676468	79.19987026985281	78.33377061676468	79.0555191040039	204983	0.0	0.0	0.0
2022-10-28 00:00:00+08:00	78.47811992475677	78.47811992475677	77.27520580783533	77.708251953125	254303	0.0	0.0	0.0
2022-10-31 00:00:00+08:00	78.71869833157147	79.5847905735581	78.28564486857347	79.34420776367188	224303	0.0	0.0	0.0
2022-11-01 00:00:00+08:00	79.34420977255769	80.16219722048488	79.05551479858768	79.9697265625	103365	0.0	0.0	0.0
2022-11-02 00:00:00+08:00	79.96972556750839	80.73959350585938	79.77726225392304	80.73959350585938	80111	0.0	0.0	0.0
2022-11-03 00:00:00+08:00	79.29609260438357	79.5847875601129	79.1036219585596	79.48855590820312	126272	0.0	0.0	0.0
2022-11-04 00:00:00+08:00	78.57434538208516	79.53667659964405	78.42999423105042	79.44044494628906	136126	0.0	0.0	0.0
2022-11-07 00:00:00+08:00	80.40277604233835	81.22075610762631	80.21030539391471	80.88394165039062	187399	0.0	0.0	0.0
2022-11-08 00:00:00+08:00	81.36511060999815	82.08685905180653	81.36511060999815	81.79815673828125	158194	0.0	0.0	0.0
2022-11-09 00:00:00+08:00	82.76049214830158	84.82950592041016	82.76049214830158	84.82950592041016	367265	0.0	0.0	0.0
2022-11-10 00:00:00+08:00	83.81904602050781	84.155860471982	83.48223156903363	83.81904602050781	130114	0.0	0.0	0.0
2022-11-11 00:00:00+08:00	88.77506467184705	89.30434983704501	87.86085285051092	88.6788330078125	519636	0.0	0.0	0.0
2022-11-14 00:00:00+08:00	89.54492830763687	89.97797444570726	88.96752366753637	89.5930404663086	466677	0.0	0.0	0.0
2022-11-15 00:00:00+08:00	91.42146937231989	94.59716545573924	90.55536977302326	94.35658264160156	918744	0.0	0.0	0.0
2022-11-16 00:00:00+08:00	95.46325600593289	95.65572665900413	93.82729583585323	94.78962707519531	606847	0.0	0.0	0.0
2022-11-17 00:00:00+08:00	94.16411030122202	94.8377465739643	93.20177906187993	94.78962707519531	274450	0.0	0.0	0.0
2022-11-18 00:00:00+08:00	95.6557198722059	96.23311710644373	94.64526920578658	94.74150085449219	891310	0.0	0.0	0.0
2022-11-21 00:00:00+08:00	94.93397922399076	95.17456203634653	94.01976013183594	94.01976013183594	475295	0.0	0.0	0.0
2022-11-22 00:00:00+08:00	93.58670888316638	95.07832517491833	93.39424558061971	94.98208618164062	235733	0.0	0.0	0.0
2022-11-23 00:00:00+08:00	95.75196891887782	95.80008842297595	95.03022040943905	95.36703491210938	466530	0.0	0.0	0.0
2022-11-24 00:00:00+08:00	95.55950242563267	96.3774825742055	95.55950242563267	96.2331314086914	403548	0.0	0.0	0.0
2022-11-25 00:00:00+08:00	96.23312679335663	96.47370961034002	96.0406634765719	96.08877563476562	230311	0.0	0.0	0.0
2022-11-28 00:00:00+08:00	93.97165007896393	94.78963019089043	93.92353057861328	93.92353057861328	450729	0.0	0.0	0.0
2022-11-29 00:00:00+08:00	92.86496123444996	94.7896236434541	92.76872958240065	94.59716033935547	279452	0.0	0.0	0.0
2022-11-30 00:00:00+08:00	94.54905592696485	95.31892395019531	94.35659259216004	95.31892395019531	164384	0.0	0.0	0.0
2022-12-01 00:00:00+08:00	97.53226638232158	98.20590263257118	97.0029886235588	97.0992202758789	400931	0.0	0.0	0.0
2022-12-02 00:00:00+08:00	96.04066546886827	97.38792339831924	96.04066546886827	96.71429443359375	324100	0.0	0.0	0.0
2022-12-05 00:00:00+08:00	96.95487989425659	97.72474788232823	96.2331314086914	96.2331314086914	265240	0.0	0.0	0.0
2022-12-06 00:00:00+08:00	96.2331307550445	96.2331307550445	94.83775329589844	94.83775329589844	263370	0.0	0.0	0.0
2022-12-07 00:00:00+08:00	94.30845991447875	95.22267164011319	93.7791748046875	93.7791748046875	245778	0.0	0.0	0.0
2022-12-08 00:00:00+08:00	93.63483106081807	93.63483106081807	92.38379753243123	93.05742645263672	325452	0.0	0.0	0.0
2022-12-09 00:00:00+08:00	94.06787524007756	94.83774314048098	93.6348291348534	94.59716033935547	173359	0.0	0.0	0.0
2022-12-12 00:00:00+08:00	93.82730062758935	93.82730062758935	93.05743265999685	93.49048614501953	224200	0.0	0.0	0.0
2022-12-13 00:00:00+08:00	93.82729436887547	93.97164552092082	92.96119479860802	93.05742645263672	65739	0.0	0.0	0.0
2022-12-14 00:00:00+08:00	93.73106376848884	94.45281219482422	93.73106376848884	94.45281219482422	106556	0.0	0.0	0.0
2022-12-15 00:00:00+08:00	94.26034154259865	94.64527550504512	93.92352707870974	94.45281219482422	154059	0.0	0.0	0.0
2022-12-16 00:00:00+08:00	92.43191911929291	92.96119689941406	92.0469851524745	92.96119689941406	235468	0.0	0.0	0.0
2022-12-19 00:00:00+08:00	92.19133639022093	92.62438251452589	91.99886573563724	92.23944854736328	324010	0.0	0.0	0.0
2022-12-20 00:00:00+08:00	92.09510143217305	92.28757209520049	90.21855835518718	90.26667785644531	560632	0.0	0.0	0.0
2022-12-21 00:00:00+08:00	91.13277014305105	91.13277014305105	90.02609503416481	90.26667785644531	306092	0.0	0.0	0.0
2022-12-22 00:00:00+08:00	91.46959054541684	91.99886834100016	91.3252393858923	91.75828552246094	189155	0.0	0.0	0.0
2022-12-23 00:00:00+08:00	90.45914420598208	90.45914420598208	89.83362737870986	90.12232971191406	245007	0.0	0.0	0.0
2022-12-26 00:00:00+08:00	90.12233522491157	90.4110302337706	89.97798404947916	90.21856689453125	108134	0.0	0.0	0.0
2022-12-27 00:00:00+08:00	90.89218651888847	91.37335215920446	90.55537203906827	90.65160369873047	217363	0.0	0.0	0.0
2022-12-28 00:00:00+08:00	89.59304309426697	89.59304309426697	88.39012896211516	89.11187744140625	414500	0.0	0.0	0.0
2022-12-29 00:00:00+08:00	88.05331159674603	88.82317955297312	87.76460927765963	88.53447723388672	353055	0.0	0.0	0.0
2022-12-30 00:00:00+08:00	89.97797150483002	90.07420316103318	89.01564025878906	89.01564025878906	105999	0.0	0.0	0.0
2023-01-03 00:00:00+08:00	88.53448118238113	89.97797815818082	87.9570838604623	89.78551483154297	279595	0.0	0.0	0.0
2023-01-04 00:00:00+08:00	89.68926869747928	89.97797100649451	89.35245423163131	89.40057373046875	295084	0.0	0.0	0.0
2023-01-05 00:00:00+08:00	90.31479303937998	90.60349537258418	89.78551521784604	90.12232971191406	263228	0.0	0.0	0.0
2023-01-06 00:00:00+08:00	90.02608784843656	90.9402995633296	90.02608784843656	90.60348510742188	272118	0.0	0.0	0.0
2023-01-09 00:00:00+08:00	92.09510009001532	94.26034545898438	92.09510009001532	94.26034545898438	490800	0.0	0.0	0.0
2023-01-10 00:00:00+08:00	94.69339122782063	95.17455682619166	94.5971595765473	94.98208618164062	731114	0.0	0.0	0.0
2023-01-11 00:00:00+08:00	95.31891894967366	95.31891894967366	94.64528262918522	94.83775329589844	155457	0.0	0.0	0.0
2023-01-12 00:00:00+08:00	95.03021662060644	95.46326277220206	94.74151429153922	94.83775329589844	188902	0.0	0.0	0.0
2023-01-13 00:00:00+08:00	97.24358222528477	97.62850887731533	96.13689974568376	96.2331314086914	526755	0.0	0.0	0.0
2023-01-16 00:00:00+08:00	96.85864138293961	97.19545585065478	96.8105218838354	96.90675354003906	549650	0.0	0.0	0.0
2023-01-17 00:00:00+08:00	96.90675221564203	96.90675221564203	96.37747444275303	96.61805725097656	236353	0.0	0.0	0.0
2023-01-30 00:00:00+08:00	102.29581633157659	102.3920479896053	101.23724606724593	102.19957733154297	745015	0.0	0.0	0.0
2023-01-31 00:00:00+08:00	102.0071168634372	102.0071168634372	100.0824542811082	100.27491760253906	364473	0.0	0.0	0.0
2023-02-01 00:00:00+08:00	101.0928955078125	101.3334783078387	100.1786764625103	101.0928955078125	449086	0.0	0.0	0.0
2023-02-02 00:00:00+08:00	102.2958144313949	103.16190667957035	102.2958144313949	103.01756286621094	658184	0.0	0.0	0.0
2023-02-03 00:00:00+08:00	103.0175595726031	103.45060568284578	102.39204281402687	103.16190338134766	607692	0.0	0.0	0.0
2023-02-06 00:00:00+08:00	102.19957439762491	102.19957439762491	101.62217712402344	101.62217712402344	415974	0.0	0.0	0.0
2023-02-07 00:00:00+08:00	100.94854778060169	101.62217670670299	100.94854778060169	101.28536224365234	195727	0.0	0.0	0.0
2023-02-08 00:00:00+08:00	102.82509721006444	103.73931634380791	102.58451438676434	103.49873352050781	311169	0.0	0.0	0.0
2023-02-09 00:00:00+08:00	103.45060820725483	103.49872770601357	102.9694425876862	103.4024887084961	216016	0.0	0.0	0.0
2023-02-10 00:00:00+08:00	103.54684237779439	103.8836568512723	103.25814740424399	103.64307403564453	506480	0.0	0.0	0.0
2023-02-13 00:00:00+08:00	103.64307413114211	103.64307413114211	102.48827955186668	102.92132568359375	397827	0.0	0.0	0.0
2023-02-14 00:00:00+08:00	103.64307864537237	103.93178097376826	103.4024958190442	103.78742980957031	244577	0.0	0.0	0.0
2023-02-15 00:00:00+08:00	101.76652441108412	102.24769001113653	101.04477601100551	101.0928955078125	524694	0.0	0.0	0.0
2023-02-16 00:00:00+08:00	101.57407037319781	102.6326333214717	101.52595087200147	102.4401626586914	297262	0.0	0.0	0.0
2023-02-17 00:00:00+08:00	101.76653513052483	101.76653513052483	100.61174050556207	100.94855499267578	391524	0.0	0.0	0.0
2023-02-20 00:00:00+08:00	100.85232333092974	101.28536947978948	100.3230381783188	100.94855499267578	560505	0.0	0.0	0.0
2023-02-21 00:00:00+08:00	100.90043087609486	101.04478203311456	100.5154969047106	100.80419921875	242404	0.0	0.0	0.0
2023-02-22 00:00:00+08:00	99.1201231057603	99.841871574977	99.1201231057603	99.55316925048828	515193	0.0	0.0	0.0
2023-02-23 00:00:00+08:00	99.889985303219	101.71840877928958	99.889985303219	101.62217712402344	229532	0.0	0.0	0.0
2023-02-24 00:00:00+08:00	102.0071163433814	102.39205032628574	100.65985107421875	100.65985107421875	314101	0.0	0.0	0.0
2023-03-01 00:00:00+08:00	100.0824526587631	102.1514663696289	99.40882370266957	102.1514663696289	277989	0.0	0.0	0.0
2023-03-02 00:00:00+08:00	101.81465029335185	102.05523310846657	101.38159682094243	101.86276245117188	157146	0.0	0.0	0.0
2023-03-03 00:00:00+08:00	102.77698276102015	102.96944607857064	101.71841248847763	101.81465148925781	181100	0.0	0.0	0.0
2023-03-06 00:00:00+08:00	102.72886657714844	103.35438339238925	102.34393258761523	102.72886657714844	589431	0.0	0.0	0.0
2023-03-07 00:00:00+08:00	102.92132518338416	103.49872981222049	102.39204739629065	103.30625915527344	504507	0.0	0.0	0.0
2023-03-08 00:00:00+08:00	102.96944436465992	102.96944436465992	102.19957642326241	102.24769592285156	389402	0.0	0.0	0.0
2023-03-09 00:00:00+08:00	103.11379593279564	103.35437874769157	102.48827914566526	102.58451080322266	532214	0.0	0.0	0.0
2023-03-10 00:00:00+08:00	101.6221839669032	101.6221839669032	100.7079721673081	100.94855499267578	527810	0.0	0.0	0.0
2023-03-13 00:00:00+08:00	100.41926058410542	101.381591796875	100.17867778091302	101.381591796875	474394	0.0	0.0	0.0
2023-03-14 00:00:00+08:00	100.51550042533019	100.85232225084184	100.0824542811082	100.27491760253906	329484	0.0	0.0	0.0
2023-03-15 00:00:00+08:00	101.23724705789475	101.42971771784049	100.27491578418089	100.37115478515625	375602	0.0	0.0	0.0
2023-03-16 00:00:00+08:00	99.64940564216553	100.70796856754436	99.64940564216553	100.03433227539062	385751	0.0	0.0	0.0
2023-03-17 00:00:00+08:00	101.57406698063235	102.24769592285156	101.23724516751793	102.24769592285156	409549	0.0	0.0	0.0
2023-03-20 00:00:00+08:00	102.10334949305793	102.15146899487482	101.42972051965243	101.67030334472656	175068	0.0	0.0	0.0
2023-03-21 00:00:00+08:00	102.19957733154297	102.24769683155978	101.86276285743999	102.19957733154297	155541	0.0	0.0	0.0
2023-03-22 00:00:00+08:00	103.25814849424573	104.41294308464722	103.25814849424573	104.31671142578125	311362	0.0	0.0	0.0
2023-03-23 00:00:00+08:00	104.26858765105669	105.56773334750365	104.17235599613556	105.23091888427734	214861	0.0	0.0	0.0
2023-03-24 00:00:00+08:00	105.56774087658003	105.95267486572266	105.3752775530113	105.95267486572266	367445	0.0	0.0	0.0
2023-03-27 00:00:00+08:00	105.76020520045215	105.76020520045215	104.9903372683305	105.18280792236328	145238	0.0	0.0	0.0
2023-03-28 00:00:00+08:00	104.41293549827175	104.84598160270706	103.49872379246192	103.59495544433594	151499	0.0	0.0	0.0
2023-03-29 00:00:00+08:00	104.79788313627849	104.79788313627849	103.354386143608	104.02801513671875	187001	0.0	0.0	0.0
2023-03-30 00:00:00+08:00	105.18280329711328	105.27903494889567	104.50916705062777	105.0384521484375	176177	0.0	0.0	0.0
2023-03-31 00:00:00+08:00	105.5677358686451	106.19325265357789	105.37527255420648	105.47150421142578	244575	0.0	0.0	0.0
2023-04-06 00:00:00+08:00	104.55729886282408	104.79788169161935	103.97990154211651	104.46106719970703	267221	0.0	0.0	0.0
2023-04-07 00:00:00+08:00	104.89410449418413	104.94222399268058	104.41293887723833	104.50917053222656	143228	0.0	0.0	0.0
2023-04-10 00:00:00+08:00	105.13469285825482	105.13469285825482	104.55729555580959	104.60540771484375	207427	0.0	0.0	0.0
2023-04-11 00:00:00+08:00	104.46106047846897	104.94222610510032	104.07612650876293	104.4129409790039	401436	0.0	0.0	0.0
2023-04-12 00:00:00+08:00	104.4129426796297	104.4129426796297	103.64307472767838	103.97989654541016	332428	0.0	0.0	0.0
2023-04-13 00:00:00+08:00	103.64307745972644	103.64307745972644	102.68074616542255	102.77698516845703	339275	0.0	0.0	0.0
2023-04-14 00:00:00+08:00	103.59496557666093	104.1242433847374	103.25815109115679	103.8355484008789	148503	0.0	0.0	0.0
2023-04-17 00:00:00+08:00	103.73931634380791	103.73931634380791	102.96944837244553	103.49873352050781	294125	0.0	0.0	0.0
2023-04-18 00:00:00+08:00	103.45060688041076	103.49872637855232	102.77697795845643	103.1137924194336	289783	0.0	0.0	0.0
2023-04-19 00:00:00+08:00	103.11379764519394	103.11379764519394	101.95899570931293	102.1514663696289	319712	0.0	0.0	0.0
2023-04-20 00:00:00+08:00	102.1514663696289	102.72886366656694	101.81465189158214	102.1514663696289	520773	0.0	0.0	0.0
2023-04-21 00:00:00+08:00	99.3663246689783	99.5114571009572	98.20527997663122	98.30203247070312	427048	0.571429	0.0	0.0
2023-04-24 00:00:00+08:00	97.72151378981928	98.20528366006592	97.38287635699513	97.67313385009766	235748	0.0	0.0	0.0
2023-04-25 00:00:00+08:00	97.96339782719768	97.96339782719768	95.97993842466613	96.07669830322266	437527	0.0	0.0	0.0
2023-04-26 00:00:00+08:00	95.68968047005643	95.73805302735772	95.15753066754617	95.54454803466797	334161	0.0	0.0	0.0
2023-04-27 00:00:00+08:00	95.39941865887471	96.22182597679536	95.15753371938378	95.8348159790039	394518	0.0	0.0	0.0
2023-04-28 00:00:00+08:00	96.99585529161249	97.09260778562975	96.31858045174944	97.04423522949219	185211	0.0	0.0	0.0
2023-05-02 00:00:00+08:00	97.09260648110275	97.72150875637834	96.75396906572114	97.43124389648438	170677	0.0	0.0	0.0
2023-05-03 00:00:00+08:00	97.04423717762045	97.14098967358	96.70559236914863	96.99585723876953	183113	0.0	0.0	0.0
2023-05-04 00:00:00+08:00	96.80235876794433	97.38288116455078	96.65722632335702	97.38288116455078	83242	0.0	0.0	0.0
2023-05-05 00:00:00+08:00	97.2377445798358	97.91501945008295	97.2377445798358	97.47962951660156	105285	0.0	0.0	0.0
2023-05-08 00:00:00+08:00	98.44716555958937	98.6890504872542	97.9633957042597	98.10852813720703	168694	0.0	0.0	0.0
2023-05-09 00:00:00+08:00	98.44717145433613	98.68905639648438	98.20528651218788	98.68905639648438	145765	0.0	0.0	0.0
2023-05-10 00:00:00+08:00	98.4471734552864	98.4471734552864	97.28612866207351	97.38288116455078	62150	0.0	0.0	0.0
2023-05-11 00:00:00+08:00	98.011780419183	98.011780419183	97.09261322021484	97.09261322021484	91577	0.0	0.0	0.0
2023-05-12 00:00:00+08:00	96.46371350607174	97.23774828592045	96.318588443875	96.8507308959961	115751	0.0	0.0	0.0
2023-05-15 00:00:00+08:00	96.85072392326497	96.9474764183447	96.56046643802573	96.65721893310547	93869	0.0	0.0	0.0
2023-05-16 00:00:00+08:00	97.62475981124574	98.4471671018414	97.43124743703703	98.253662109375	248217	0.0	0.0	0.0
2023-05-17 00:00:00+08:00	98.64066914154901	100.09197868682973	98.64066914154901	99.94685363769531	294407	0.0	0.0	0.0
2023-05-18 00:00:00+08:00	101.39816632690534	101.83355625129232	101.10790145615248	101.49491882324219	739543	0.0	0.0	0.0
2023-05-19 00:00:00+08:00	102.55921501447453	102.55921501447453	101.73680769117867	102.12382507324219	472077	0.0	0.0	0.0
2023-05-22 00:00:00+08:00	102.075439453125	102.36570431895872	101.88193446373064	102.075439453125	122480	0.0	0.0	0.0
2023-05-23 00:00:00+08:00	102.07544359970174	102.17219609832927	101.59167372482163	101.97869110107422	192808	0.0	0.0	0.0
2023-05-24 00:00:00+08:00	101.49492230503154	101.5916748046875	101.20465742432113	101.5916748046875	153427	0.0	0.0	0.0
2023-05-25 00:00:00+08:00	103.3816142811268	103.62349920334832	102.94622437382488	103.57512664794922	526378	0.0	0.0	0.0
2023-05-26 00:00:00+08:00	106.47774942080507	107.00989183916961	106.28423704724702	106.91313934326172	1112334	0.0	0.0	0.0
2023-05-29 00:00:00+08:00	108.17094047758455	108.46119795603009	107.49365826439424	108.07418060302734	566800	0.0	0.0	0.0
2023-05-30 00:00:00+08:00	107.78392878962187	108.17094616296595	107.59041641207862	108.12256622314453	256213	0.0	0.0	0.0
2023-05-31 00:00:00+08:00	107.39690813459242	107.44528807293553	106.2358634317802	107.30015563964844	298131	0.0	0.0	0.0
2023-06-01 00:00:00+08:00	106.33262219417745	106.67125963731246	105.99398475104245	106.42937469482422	150504	0.0	0.0	0.0
2023-06-02 00:00:00+08:00	107.1066409113915	108.31606552593631	107.1066409113915	108.07418060302734	263333	0.0	0.0	0.0
2023-06-05 00:00:00+08:00	107.97742787144374	107.97742787144374	107.34852559692271	107.54203796386719	95360	0.0	0.0	0.0
2023-06-06 00:00:00+08:00	107.39690989008135	108.26769712229533	107.39690989008135	107.97743225097656	157696	0.0	0.0	0.0
2023-06-07 00:00:00+08:00	108.07418244003692	109.47711944580078	108.07418244003692	109.47711944580078	371672	0.0	0.0	0.0
2023-06-08 00:00:00+08:00	108.8482216979564	109.28361163205125	107.39691207531699	107.92906188964844	233122	0.0	0.0	0.0
2023-06-09 00:00:00+08:00	108.36445029703191	109.0417251586914	108.21931786046419	109.0417251586914	163147	0.0	0.0	0.0
2023-06-12 00:00:00+08:00	109.4771220739639	110.54141430205534	109.4771220739639	110.49303436279297	301697	0.0	0.0	0.0
2023-06-13 00:00:00+08:00	113.10539487333502	113.58916473388672	112.4281126395173	113.58916473388672	554622	0.0	0.0	0.0
2023-06-14 00:00:00+08:00	113.20215258566965	113.3956575861105	112.76676264380642	113.10540008544922	299959	0.0	0.0	0.0
2023-06-15 00:00:00+08:00	113.39565323613833	114.2664404682031	113.39565323613833	113.92780303955078	252063	0.0	0.0	0.0
2023-06-16 00:00:00+08:00	113.58916059370212	113.87941807040826	113.15376330602993	113.6859130859375	350707	0.0	0.0	0.0
2023-06-19 00:00:00+08:00	113.44403644131748	113.83105382023764	113.00864650362136	113.49241638183594	345549	0.0	0.0	0.0
2023-06-20 00:00:00+08:00	113.49241176706677	113.63753681923612	112.47649211142794	113.05701446533203	178610	0.0	0.0	0.0
2023-06-21 00:00:00+08:00	113.05701292509843	113.58916271494373	112.71837550507966	112.91188049316406	370408	0.0	0.0	0.0
2023-06-26 00:00:00+08:00	111.75084163402688	112.71838138843405	111.75084163402688	112.23461151123047	260742	0.0	0.0	0.0
2023-06-27 00:00:00+08:00	111.7024549191869	111.99271978060236	111.12193257809808	111.31544494628906	290435	0.0	0.0	0.0
2023-06-28 00:00:00+08:00	111.75083835549347	111.99272328699888	111.26706849248268	111.41220092773438	206169	0.0	0.0	0.0
2023-06-29 00:00:00+08:00	111.99272612052316	112.81513343210075	111.46057630505045	111.70246124267578	195414	0.0	0.0	0.0
2023-06-30 00:00:00+08:00	111.07356265803271	112.33135986328125	110.83167772836082	112.33135986328125	85623	0.0	0.0	0.0
2023-07-03 00:00:00+08:00	112.52487164303133	113.58916385163016	112.52487164303133	113.25052642822266	188762	0.0	0.0	0.0
2023-07-04 00:00:00+08:00	113.97617931800563	114.55670166015625	113.63753451848754	114.55670166015625	571204	0.0	0.0	0.0
2023-07-05 00:00:00+08:00	114.75020878289074	114.75020878289074	113.49241158177577	113.78266906738281	817419	0.0	0.0	0.0
2023-07-06 00:00:00+08:00	112.71837544937563	113.05701286922705	111.65408325195312	111.65408325195312	252531	0.0	0.0	0.0
2023-07-07 00:00:00+08:00	111.02518137362749	112.08947357493474	110.92842887927995	111.4605712890625	291552	0.0	0.0	0.0
2023-07-10 00:00:00+08:00	111.94434947756362	112.2346143639606	111.17032208340952	111.26707458496094	201191	0.0	0.0	0.0
2023-07-11 00:00:00+08:00	112.42811176627873	113.25052642822266	112.23460677625792	113.25052642822266	183737	0.0	0.0	0.0
2023-07-12 00:00:00+08:00	113.29890267810002	113.92780498878149	113.20215017993574	113.87942504882812	168233	0.0	0.0	0.0
2023-07-13 00:00:00+08:00	115.040479150394	116.92717873314179	115.040479150394	115.81450653076172	875736	0.0	0.0	0.0
2023-07-14 00:00:00+08:00	116.54016091625213	117.3141956754677	116.20152347724878	117.26581573486328	599257	0.0	0.0	0.0
2023-07-17 00:00:00+08:00	117.26580421521045	117.60444900268945	116.87879425536329	117.36256408691406	381804	0.0	0.0	0.0
2023-07-18 00:00:00+08:00	117.65283069782674	118.3301129436643	116.63691840168399	116.78204345703125	261324	0.0	0.0	0.0
2023-07-19 00:00:00+08:00	117.45932813106648	117.70121307063552	115.95963855304153	116.00801849365234	244508	0.0	0.0	0.0
2023-07-20 00:00:00+08:00	116.10476618824903	116.68528854284183	115.91126119729884	116.29827117919922	157906	0.0	0.0	0.0
2023-07-21 00:00:00+08:00	112.57324232758775	114.55670166015625	112.57324232758775	114.55670166015625	337281	0.0	0.0	0.0
2023-07-24 00:00:00+08:00	114.55670907153073	115.33073645056075	113.92780675112083	115.28236389160156	118961	0.0	0.0	0.0
2023-07-25 00:00:00+08:00	115.81450350739675	117.07230811755502	115.81450350739675	116.2499008178711	907795	0.0	0.0	0.0
2023-07-26 00:00:00+08:00	116.58853230874598	116.63691224580326	115.52424012916391	115.66937255859375	187661	0.0	0.0	0.0
2023-07-27 00:00:00+08:00	116.39502756464108	116.49178005721366	116.10476270518132	116.2015151977539	83777	0.0	0.0	0.0
2023-07-28 00:00:00+08:00	116.10476512630285	117.26580982486901	115.81450026079023	116.68528747558594	156098	0.0	0.0	0.0
2023-07-31 00:00:00+08:00	118.33010978023636	118.33010978023636	114.65345592038781	115.23397827148438	199045	0.0	0.0	0.0
2023-08-01 00:00:00+08:00	115.33072622252288	115.91125593248967	114.7985838307092	115.52423858642578	204608	0.0	0.0	0.0
2023-08-02 00:00:00+08:00	115.5242530523076	115.62100555550339	112.86351861483786	113.20215606689453	481482	0.0	0.0	0.0
2023-08-04 00:00:00+08:00	112.71838574062521	113.0570231913944	111.99273089680145	112.67000579833984	468513	0.0	0.0	0.0
2023-08-07 00:00:00+08:00	112.9602637700249	114.65345830190964	112.9602637700249	114.45995330810547	323376	0.0	0.0	0.0
2023-08-08 00:00:00+08:00	114.41158081119896	114.41158081119896	112.62163366597697	113.20215606689453	154836	0.0	0.0	0.0
2023-08-09 00:00:00+08:00	112.71837444899451	113.83104657441024	112.71837444899451	113.29889678955078	67190	0.0	0.0	0.0
2023-08-10 00:00:00+08:00	112.718375860807	112.718375860807	111.26706630036742	111.4605712890625	503249	0.0	0.0	0.0
2023-08-11 00:00:00+08:00	112.62163020230471	112.62163020230471	111.12194061279297	111.12194061279297	241499	0.0	0.0	0.0
2023-08-14 00:00:00+08:00	109.91251331817342	110.5414156274131	109.67062838244604	110.10602569580078	173109	0.0	0.0	0.0
2023-08-15 00:00:00+08:00	111.02518309382071	111.5573328935904	110.5897931716399	110.88005065917969	535179	0.0	0.0	0.0
2023-08-16 00:00:00+08:00	110.78330164285414	111.1219390798244	110.29953176668447	110.976806640625	107888	0.0	0.0	0.0
2023-08-17 00:00:00+08:00	110.49303140662283	112.18622589111328	110.49303140662283	112.18622589111328	289400	0.0	0.0	0.0
2023-08-18 00:00:00+08:00	111.60569842155513	111.94433582656148	110.4930263350413	110.68653869628906	179849	0.0	0.0	0.0
2023-08-21 00:00:00+08:00	111.12193578074312	111.2670682156337	110.1543960571289	110.1543960571289	241557	0.0	0.0	0.0
2023-08-22 00:00:00+08:00	111.26707458496094	111.7024645328137	111.21869464331388	111.26707458496094	104566	0.0	0.0	0.0
2023-08-23 00:00:00+08:00	111.31544461116677	112.81512670598619	111.31544461116677	112.76675415039062	211719	0.0	0.0	0.0
2023-08-24 00:00:00+08:00	115.33072572606606	115.66937051600291	114.41156599214516	114.9920883178711	362525	0.0	0.0	0.0
2023-08-25 00:00:00+08:00	113.3472837051472	113.3472837051472	112.04110651304605	112.23461151123047	474497	0.0	0.0	0.0
2023-08-28 00:00:00+08:00	112.96026719798991	113.1537721976663	112.37974481721812	112.57324981689453	159238	0.0	0.0	0.0
2023-08-29 00:00:00+08:00	112.66999604263063	113.44403076171875	111.94434126163883	113.44403076171875	187377	0.0	0.0	0.0
2023-08-30 00:00:00+08:00	113.97618143952973	114.6050763492161	113.78266906738281	113.78266906738281	266468	0.0	0.0	0.0
2023-08-31 00:00:00+08:00	113.6859167577874	113.6859167577874	112.91188203142046	113.05701446533203	185035	0.0	0.0	0.0
2023-09-01 00:00:00+08:00	113.00864190852299	113.49241176706677	112.86350947461142	113.05701446533203	83193	0.0	0.0	0.0
2023-09-04 00:00:00+08:00	113.05701428075187	113.78266906738281	112.71837685667255	113.78266906738281	181411	0.0	0.0	0.0
2023-09-05 00:00:00+08:00	113.63754272460938	113.78267516606302	113.15377284092565	113.63754272460938	208272	0.0	0.0	0.0
2023-09-06 00:00:00+08:00	114.16968292885639	114.26643542109176	113.58916059370212	113.6859130859375	157127	0.0	0.0	0.0
2023-09-07 00:00:00+08:00	113.20215213845668	113.20215213845668	112.33136487642774	112.57324981689453	249253	0.0	0.0	0.0
2023-09-08 00:00:00+08:00	111.2186859563652	111.99272067180455	111.2186859563652	111.65408325195312	99514	0.0	0.0	0.0
2023-09-11 00:00:00+08:00	111.65409023764326	111.65409023764326	110.29953309174697	110.58979797363281	221495	0.0	0.0	0.0
2023-09-12 00:00:00+08:00	111.0251859570061	111.8959732055664	110.58979602359717	111.8959732055664	188731	0.0	0.0	0.0
2023-09-13 00:00:00+08:00	112.04110101863205	112.37973843971952	111.4605712890625	111.4605712890625	141364	0.0	0.0	0.0
2023-09-14 00:00:00+08:00	112.52486841562897	113.73429302292618	112.52486841562897	113.6859130859375	194006	0.0	0.0	0.0
2023-09-15 00:00:00+08:00	114.1696877781349	114.65345764160156	113.58916541832335	114.65345764160156	525308	0.0	0.0	0.0
2023-09-18 00:00:00+08:00	113.2021495132335	113.54078694568528	112.81513214111328	112.81513214111328	282460	0.0	0.0	0.0
2023-09-19 00:00:00+08:00	112.86351032305588	112.96026281914352	112.0894755908702	112.13785552978516	284585	0.0	0.0	0.0
2023-09-20 00:00:00+08:00	111.84759085174717	112.13785572225058	111.26706849248268	111.41220092773438	201160	0.0	0.0	0.0
2023-09-21 00:00:00+08:00	110.44465653386656	110.44465653386656	109.57386934090172	109.71900177001953	532200	0.0	0.0	0.0
2023-09-22 00:00:00+08:00	108.65471497313955	109.81575970009115	108.65471497313955	109.76737976074219	418833	0.0	0.0	0.0
2023-09-25 00:00:00+08:00	109.81575756782516	110.68654478700216	109.81575756782516	110.54141235351562	268491	0.0	0.0	0.0
2023-09-26 00:00:00+08:00	109.71900544214495	109.96089037152281	109.09010314941406	109.09010314941406	630042	0.0	0.0	0.0
2023-09-27 00:00:00+08:00	108.70308666110314	109.42874145507812	108.55795422595969	109.42874145507812	147360	0.0	0.0	0.0
2023-09-28 00:00:00+08:00	109.91250675434861	110.58978896298436	109.33198441961937	109.71900177001953	267244	0.0	0.0	0.0
2023-10-02 00:00:00+08:00	111.41219855582008	112.2346058290813	111.36381861785206	112.18622589111328	229559	0.0	0.0	0.0
2023-10-03 00:00:00+08:00	112.18622827950628	112.18622827950628	111.41220092773438	111.41220092773438	369775	0.0	0.0	0.0
2023-10-04 00:00:00+08:00	110.00925948736777	110.25114440917969	109.42873715136754	110.25114440917969	193043	0.0	0.0	0.0
2023-10-05 00:00:00+08:00	110.78329797531674	111.84759019130757	110.78329797531674	111.60570526123047	236270	0.0	0.0	0.0
2023-10-06 00:00:00+08:00	111.70246169360952	112.37974395074005	111.70246169360952	112.23461151123047	228103	0.0	0.0	0.0
2023-10-11 00:00:00+08:00	113.49241766489835	114.26644504974674	113.49241766489835	113.63754272460938	241231	0.0	0.0	0.0
2023-10-12 00:00:00+08:00	113.97618213124954	114.84696197509766	113.87942225371775	114.84696197509766	271646	0.0	0.0	0.0
2023-10-13 00:00:00+08:00	114.84696417171837	115.18560898607222	114.26644180413551	114.79859161376953	511067	0.0	0.0	0.0
2023-10-16 00:00:00+08:00	114.16968642993443	114.16968642993443	113.49241158177577	113.78266906738281	228056	0.0	0.0	0.0
2023-10-17 00:00:00+08:00	114.1213095697536	114.89534431573553	114.07293701171875	114.07293701171875	114149	0.0	0.0	0.0
2023-10-18 00:00:00+08:00	113.44403178991335	113.44403178991335	111.7992172241211	111.7992172241211	484024	0.0	0.0	0.0
2023-10-19 00:00:00+08:00	111.79922589114555	112.71838574062521	111.75084594886019	112.67000579833984	415648	0.0	0.0	0.0
2023-10-20 00:00:00+08:00	112.71837704069983	113.39565188996424	112.04110219143544	113.05701446533203	466069	0.0	0.0	0.0
2023-10-23 00:00:00+08:00	112.041104769578	112.2346097647513	111.4605750205733	111.55733489990234	254087	0.0	0.0	0.0
2023-10-24 00:00:00+08:00	111.6540882688409	111.8959732055664	110.68654852193889	111.8959732055664	470110	0.0	0.0	0.0
2023-10-25 00:00:00+08:00	112.28298730639222	113.15376714781725	112.28298730639222	112.33135986328125	47828	0.0	0.0	0.0
2023-10-26 00:00:00+08:00	109.62225536688665	110.10602523632262	109.38037043216868	109.5738754272461	496530	0.0	0.0	0.0
2023-10-27 00:00:00+08:00	109.91251679250102	110.2995341782469	109.91251679250102	110.2027816772461	229373	0.0	0.0	0.0
2023-10-30 00:00:00+08:00	110.34790688888748	110.4930319400078	109.7673771574375	110.00926208496094	175420	0.0	0.0	0.0
2023-10-31 00:00:00+08:00	110.20277726949074	110.25114982718507	108.75146766729834	109.0417251586914	340566	0.0	0.0	0.0
2023-11-01 00:00:00+08:00	109.76738237554557	109.76738237554557	109.09010749898061	109.52549743652344	179800	0.0	0.0	0.0
2023-11-02 00:00:00+08:00	111.07356417686528	112.47649383544922	110.97680429827962	112.47649383544922	135272	0.0	0.0	0.0
2023-11-03 00:00:00+08:00	112.86350534193012	113.20214275416257	112.66999297655305	113.15376281738281	286585	0.0	0.0	0.0
2023-11-06 00:00:00+08:00	113.8310494761847	114.75020925701814	113.8310494761847	114.3148193359375	225330	0.0	0.0	0.0
2023-11-07 00:00:00+08:00	114.07293221603179	114.36318969726562	113.97617972228718	114.36318969726562	93070	0.0	0.0	0.0
2023-11-08 00:00:00+08:00	114.36318952471355	115.42748909952475	114.36318952471355	115.0888442993164	280585	0.0	0.0	0.0
2023-11-09 00:00:00+08:00	114.79859182406328	115.42749413248941	114.60507944668623	115.33073425292969	219232	0.0	0.0	0.0
2023-11-10 00:00:00+08:00	115.0404800369468	115.0404800369468	114.65346265290913	114.89534759521484	144973	0.0	0.0	0.0
2023-11-13 00:00:00+08:00	117.74958365681898	118.33011340745293	117.12068872986957	117.31419372558594	330486	0.0	0.0	0.0
2023-11-14 00:00:00+08:00	117.70120782658769	118.1849776841719	117.50769545450868	117.74958038330078	350216	0.0	0.0	0.0
2023-11-15 00:00:00+08:00	119.2492708430021	119.58790826965608	118.08822612826206	118.81388092041016	885025	0.0	0.0	0.0
2023-11-16 00:00:00+08:00	118.81388092041016	119.00738591228607	118.03984618942195	118.81388092041016	187443	0.0	0.0	0.0
2023-11-17 00:00:00+08:00	118.76550185772501	119.20089178352892	118.57199686442158	119.15251922607422	411101	0.0	0.0	0.0
2023-11-20 00:00:00+08:00	119.05576585112618	119.05576585112618	118.33011105897809	118.81388092041016	449233	0.0	0.0	0.0
2023-11-21 00:00:00+08:00	119.97493067435688	120.41032061523615	119.97493067435688	120.31356811523438	1624804	0.0	0.0	0.0
2023-11-22 00:00:00+08:00	119.00738437050902	119.2976492363047	118.475234577131	118.66874694824219	419225	0.0	0.0	0.0
2023-11-23 00:00:00+08:00	119.05576365178166	119.05576365178166	118.18497644094175	118.86225128173828	969314	0.0	0.0	0.0
2023-11-24 00:00:00+08:00	118.9106353668462	118.9106353668462	118.42686549747883	118.7655029296875	93240	0.0	0.0	0.0
2023-11-27 00:00:00+08:00	118.57200186100519	118.95901186392054	117.16906476433785	117.41094970703125	414260	0.0	0.0	0.0
2023-11-28 00:00:00+08:00	117.36257929098223	118.66875652903339	117.36257929098223	118.62037658691406	739177	0.0	0.0	0.0
2023-11-29 00:00:00+08:00	118.95901403652098	119.34603142824723	118.47524414229888	118.62037658691406	212412	0.0	0.0	0.0
2023-11-30 00:00:00+08:00	119.00738679022548	119.15251922607422	118.03984706022364	119.15251922607422	237411	0.0	0.0	0.0
2023-12-01 00:00:00+08:00	118.6687433001189	119.34601812383174	118.57199080840878	119.29764556884766	373266	0.0	0.0	0.0
2023-12-04 00:00:00+08:00	119.5879095662122	119.82979449955072	118.62036983285815	118.9590072631836	64000	0.0	0.0	0.0
2023-12-05 00:00:00+08:00	118.33011473909644	118.33011473909644	117.36257498614141	118.18498229980469	206429	0.0	0.0	0.0
2023-12-06 00:00:00+08:00	118.1849770930775	119.05576430872236	118.1849770930775	118.66874694824219	343138	0.0	0.0	0.0
2023-12-07 00:00:00+08:00	118.62037486496817	118.62037486496817	117.89472003416893	117.94309997558594	290165	0.0	0.0	0.0
2023-12-08 00:00:00+08:00	119.15251768788141	119.58790760806467	118.71712038595594	119.00738525390625	202446	0.0	0.0	0.0
2023-12-11 00:00:00+08:00	119.05576194058112	119.4427719116211	118.8622495733191	119.4427719116211	97833	0.0	0.0	0.0
2023-12-12 00:00:00+08:00	119.92654224272889	120.31355959707787	119.39439983952335	119.97492218017578	298613	0.0	0.0	0.0
2023-12-13 00:00:00+08:00	120.02330453916973	120.45869445800781	119.97492460074675	120.45869445800781	213622	0.0	0.0	0.0
2023-12-14 00:00:00+08:00	121.32948630337124	122.15189361572266	121.28110636310366	122.15189361572266	457682	0.0	0.0	0.0
2023-12-15 00:00:00+08:00	122.39377547397046	122.87754533750395	121.86162567138672	121.86162567138672	163022	0.0	0.0	0.0
2023-12-18 00:00:00+08:00	121.18435234153745	122.00675964355469	121.0392199043009	122.00675964355469	137629	0.0	0.0	0.0
2023-12-19 00:00:00+08:00	122.00676072264093	122.1518931611611	121.03922097482975	121.61974334716797	260238	0.0	0.0	0.0
2023-12-20 00:00:00+08:00	122.20027028861465	122.5872802734375	122.10351041066664	122.5872802734375	137968	0.0	0.0	0.0
2023-12-21 00:00:00+08:00	120.74895397313661	121.6681137084961	120.6521941005793	121.6681137084961	161115	0.0	0.0	0.0
2023-12-22 00:00:00+08:00	121.52299130095658	122.15189361572266	121.52299130095658	122.15189361572266	320342	0.0	0.0	0.0
2023-12-25 00:00:00+08:00	122.4421541544526	122.97429656982422	122.4421541544526	122.97429656982422	216668	0.0	0.0	0.0
2023-12-26 00:00:00+08:00	122.87754735024771	123.79670715332031	122.82916741040498	123.79670715332031	151566	0.0	0.0	0.0
2023-12-27 00:00:00+08:00	123.94184722272388	125.05451202392578	123.94184722272388	125.05451202392578	173290	0.0	0.0	0.0
2023-12-28 00:00:00+08:00	125.53827553624505	125.53827553624505	124.6191157778865	125.19963073730469	127116	0.0	0.0	0.0
2023-12-29 00:00:00+08:00	124.52235590290809	125.19963073730469	124.52235590290809	125.19963073730469	472782	0.0	0.0	0.0
2024-01-02 00:00:00+08:00	125.19963156620173	125.19963156620173	123.79670195063109	124.28047180175781	447192	0.0	0.0	0.0
2024-01-03 00:00:00+08:00	123.11943248879756	123.11943248879756	121.52299043400886	121.8132553100586	514889	0.0	0.0	0.0
2024-01-04 00:00:00+08:00	121.76487578568813	121.9100082242083	121.28110591178255	121.61974334716797	176080	0.0	0.0	0.0
2024-01-05 00:00:00+08:00	121.9583853300369	122.15189032240518	120.99084560471093	121.32948303222656	381809	0.0	0.0	0.0
2024-01-08 00:00:00+08:00	121.61974227150469	122.58728201075849	121.61974227150469	122.00675964355469	466600	0.0	0.0	0.0
2024-01-09 00:00:00+08:00	122.82916236620068	122.97429479802634	121.91000260087505	122.2970199584961	370520	0.0	0.0	0.0
2024-01-10 00:00:00+08:00	121.37785386803027	121.95838360038644	121.37785386803027	121.91000366210938	107227	0.0	0.0	0.0
2024-01-11 00:00:00+08:00	121.91000348153199	122.82916325349747	121.91000348153199	122.63565826416016	105223	0.0	0.0	0.0
2024-01-12 00:00:00+08:00	121.86162419605827	122.63565892103784	121.71649914414904	122.44215393066406	173422	0.0	0.0	0.0
2024-01-15 00:00:00+08:00	122.44215393066406	122.44215393066406	122.44215393066406	122.44215393066406	0	0.0	0.0	0.0
2024-01-16 00:00:00+08:00	122.00675161289185	122.78078630604375	121.13596442853145	122.20026397705078	164439	0.0	0.0	0.0
2024-01-17 00:00:00+08:00	122.00676051416082	122.20027289243787	120.89408832973076	121.08760070800781	457323	0.0	0.0	0.0
2024-01-18 00:00:00+08:00	121.71650434305653	122.15189428086558	121.57137190320601	121.95838928222656	141200	0.0	0.0	0.0
2024-01-19 00:00:00+08:00	125.78016924752059	127.52174377441406	125.44152442492167	127.52174377441406	1196715	0.0	0.0	0.0
2024-01-22 00:00:00+08:00	128.63440642057188	128.97305123744115	127.81200649365132	128.2957763671875	342766	0.0	0.0	0.0
2024-01-23 00:00:00+08:00	128.53766565103516	128.9246756575586	128.0538957611381	128.73117065429688	269224	0.0	0.0	0.0
2024-01-24 00:00:00+08:00	128.68277935147793	129.06978932383308	128.53765430271577	128.6343994140625	202696	0.0	0.0	0.0
2024-01-25 00:00:00+08:00	129.60195439390114	130.6178741455078	129.5535744507797	130.6178741455078	605348	0.0	0.0	0.0
2024-01-26 00:00:00+08:00	130.42434692382812	130.7146117696356	129.84381723221313	130.42434692382812	534737	0.0	0.0	0.0
2024-01-29 00:00:00+08:00	130.4243526003134	131.00486755371094	130.23084761584758	131.00486755371094	298845	0.0	0.0	0.0
2024-01-30 00:00:00+08:00	131.0048732347427	131.58540297679886	130.7146231271992	131.05325317382812	194461	0.0	0.0	0.0
2024-01-31 00:00:00+08:00	130.08572173383615	130.08572173383615	128.8762969970703	128.8762969970703	281365	0.0	0.0	0.0
2024-02-01 00:00:00+08:00	128.87628741982599	128.92466735839844	127.86036776374209	128.92466735839844	441917	0.0	0.0	0.0
2024-02-02 00:00:00+08:00	129.2633212948292	130.32760620117188	129.2633212948292	130.32760620117188	471260	0.0	0.0	0.0
2024-02-05 00:00:00+08:00	130.52110383267555	131.5854034423828	130.18247378484847	131.5854034423828	462641	0.0	0.0	0.0
2024-02-15 00:00:00+08:00	139.03544876224967	140.29325329622293	137.87440410146047	138.79356384277344	1123813	0.0	0.0	0.0
2024-02-16 00:00:00+08:00	138.89032977769105	138.89032977769105	137.29388038138202	137.39064025878906	231903	0.0	0.0	0.0
2024-02-19 00:00:00+08:00	137.19713350129945	137.19713350129945	135.89094899054174	136.71336364746094	574700	0.0	0.0	0.0
2024-02-20 00:00:00+08:00	136.51985140427553	137.97116088867188	136.4230915332557	137.97116088867188	324585	0.0	0.0	0.0
2024-02-21 00:00:00+08:00	136.6649837093802	137.05199368705732	136.32633890629953	136.71336364746094	705352	0.0	0.0	0.0
2024-02-22 00:00:00+08:00	138.6000575638604	138.6484375	137.5841379588631	138.6484375	489081	0.0	0.0	0.0
2024-02-23 00:00:00+08:00	139.66436635499213	140.29326127600794	139.42248142175762	140.05137634277344	511335	0.0	0.0	0.0
2024-02-26 00:00:00+08:00	140.19650446590109	140.43838940442987	139.3257245925914	140.34164428710938	312483	0.0	0.0	0.0
2024-02-27 00:00:00+08:00	140.58352175838732	140.58352175838732	138.55168247727477	139.61598205566406	701579	0.0	0.0	0.0
2024-02-29 00:00:00+08:00	138.98705976862425	140.0029793169193	138.6484297615145	139.37408447265625	309738	0.0	0.0	0.0
2024-03-01 00:00:00+08:00	139.9546089987982	140.09974880908783	139.2773341745649	139.32571411132812	96224	0.0	0.0	0.0
2024-03-04 00:00:00+08:00	142.17996780632453	144.4053122543993	142.17996780632453	144.21180725097656	595848	0.0	0.0	0.0
2024-03-05 00:00:00+08:00	145.13096790034703	146.05012774435212	144.59881806534867	145.80824279785156	560348	0.0	0.0	0.0
2024-03-06 00:00:00+08:00	144.74394066263875	146.58226013183594	143.48613613785363	146.58226013183594	572276	0.0	0.0	0.0
2024-03-07 00:00:00+08:00	148.56572493048768	150.74268927076793	148.0819550770921	150.06541442871094	918731	0.0	0.0	0.0
2024-03-08 00:00:00+08:00	154.37095833889848	154.75796830410653	150.30729465027875	151.61346435546875	2036795	0.0	0.0	0.0
2024-03-11 00:00:00+08:00	150.88781561936744	151.51672529228236	149.5332659236013	150.21054077148438	559893	0.0	0.0	0.0
2024-03-12 00:00:00+08:00	149.63002313878744	151.90374755859375	149.00112817849322	151.90374755859375	460719	0.0	0.0	0.0
2024-03-13 00:00:00+08:00	153.9839508490244	153.9839508490244	151.66186127084583	152.29075622558594	1113058	0.0	0.0	0.0
2024-03-14 00:00:00+08:00	151.90372611057938	152.33911600342256	150.11377184018872	151.3231964111328	448124	0.0	0.0	0.0
2024-03-15 00:00:00+08:00	150.40404576181035	151.32320553847197	150.11378089457918	150.21054077148438	403677	0.0	0.0	0.0
2024-03-18 00:00:00+08:00	150.16215227473896	151.8553466796875	149.96864729544157	151.8553466796875	607558	0.0	0.0	0.0
2024-03-19 00:00:00+08:00	151.03294632489306	151.5167161532707	150.3072915823266	151.3231964111328	284190	0.0	0.0	0.0
2024-03-20 00:00:00+08:00	151.51673147610796	152.5326364076523	149.9686619633503	150.79107666015625	785893	0.0	0.0	0.0
2024-03-21 00:00:00+08:00	152.7261462757626	154.8063507080078	152.7261462757626	154.8063507080078	936912	0.0	0.0	0.0
2024-03-22 00:00:00+08:00	155.38688172657191	155.38688172657191	153.25828257576842	154.95147705078125	398310	0.0	0.0	0.0
2024-03-25 00:00:00+08:00	154.66121868022702	155.3384934813144	153.98392911565622	154.6128387451172	175842	0.0	0.0	0.0
2024-03-26 00:00:00+08:00	154.99986924896032	156.01578896702406	152.53263986608707	154.12908935546875	493578	0.0	0.0	0.0
2024-03-27 00:00:00+08:00	153.79043757456853	154.27420744096446	153.1615426536477	153.93557739257812	658657	0.0	0.0	0.0
2024-03-28 00:00:00+08:00	153.64531902829992	153.88720397174387	152.1456294262503	153.59693908691406	264444	0.0	0.0	0.0
2024-03-29 00:00:00+08:00	153.3066802865363	154.32260004201794	153.25830034323033	154.17747497558594	212000	0.0	0.0	0.0
2024-04-01 00:00:00+08:00	154.80636952577743	155.04825447816145	153.5485648206833	153.64532470703125	214754	0.0	0.0	0.0
2024-04-02 00:00:00+08:00	154.0807055014151	156.74143981933594	154.0807055014151	156.74143981933594	658813	0.0	0.0	0.0
2024-04-03 00:00:00+08:00	155.9674028690128	155.9674028690128	154.56447320110505	155.53201293945312	544053	0.0	0.0	0.0
2024-04-08 00:00:00+08:00	155.77389136992855	156.6930511302841	155.48362650784674	155.8706512451172	431720	0.0	0.0	0.0
2024-04-09 00:00:00+08:00	156.3544238918458	160.36970780479223	156.3544238918458	160.12782287597656	902357	0.0	0.0	0.0
2024-04-10 00:00:00+08:00	160.61160675642728	160.61160675642728	159.20867699950503	159.9827117919922	546277	0.0	0.0	0.0
2024-04-11 00:00:00+08:00	159.64404994501015	159.83755493164062	158.77327012343105	159.83755493164062	486833	0.0	0.0	0.0
2024-04-12 00:00:00+08:00	159.98269913978933	160.70835393220418	159.49892927817942	159.74081420898438	439896	0.0	0.0	0.0
2024-04-15 00:00:00+08:00	159.06352403000284	159.06352403000284	156.6930546691856	157.22520446777344	1031067	0.0	0.0	0.0
2024-04-16 00:00:00+08:00	155.38688652295954	155.483631637856	152.09724258330135	153.40342712402344	1352856	0.0	0.0	0.0
2024-04-17 00:00:00+08:00	154.70959825646335	155.72551793442577	153.88719833695833	155.53201293945312	606905	0.0	0.0	0.0
2024-04-18 00:00:00+08:00	150.24669056458012	152.63079833984375	148.2518466930328	152.63079833984375	869167	0.918571	0.0	0.0
2024-04-19 00:00:00+08:00	147.91124816479697	148.20318122952557	141.05088796117116	144.0675048828125	2495920	0.0	0.0	0.0
2024-04-22 00:00:00+08:00	143.3863373752522	143.3863373752522	140.36972045898438	140.36972045898438	962337	0.0	0.0	0.0
2024-04-23 00:00:00+08:00	142.36457556354142	142.8024677248883	141.19685818383908	141.97532653808594	533145	0.0	0.0	0.0
2024-04-24 00:00:00+08:00	144.50538647310418	147.81392136884605	144.50538647310418	147.52200317382812	610795	0.0	0.0	0.0
2024-04-25 00:00:00+08:00	145.77042195618077	145.86772307320751	144.3107715657951	144.55404663085938	750333	0.0	0.0	0.0
2024-04-26 00:00:00+08:00	147.52201806162137	148.203185332625	146.98680990285678	147.18142700195312	541379	0.0	0.0	0.0
2024-04-29 00:00:00+08:00	148.88435588112944	149.61418115505654	148.59242280189196	149.27359008789062	248572	0.0	0.0	0.0
2024-04-30 00:00:00+08:00	149.8574478063135	150.3439979615288	149.4682136214742	149.7601318359375	263803	0.0	0.0	0.0
2024-05-02 00:00:00+08:00	147.71662866683957	147.71662866683957	146.64621239636776	147.03546142578125	304512	0.0	0.0	0.0
2024-05-03 00:00:00+08:00	148.49511840543593	149.4682187492505	147.03546788971408	147.18142700195312	183687	0.0	0.0	0.0
2024-05-06 00:00:00+08:00	149.56552581929245	150.6359421793666	149.46822469004337	149.662841796875	276587	0.0	0.0	0.0
2024-05-07 00:00:00+08:00	150.8305446751903	150.8305446751903	150.05206147494226	150.68458557128906	323039	0.0	0.0	0.0
2024-05-08 00:00:00+08:00	150.68458403136475	151.99826049804688	150.44130896179414	151.99826049804688	743952	0.0	0.0	0.0
2024-05-09 00:00:00+08:00	151.8523078880046	152.14424095363714	151.60903280803288	151.80364990234375	246322	0.0	0.0	0.0
2024-05-10 00:00:00+08:00	152.29018517081323	152.48480224609375	150.8305348337128	152.48480224609375	680922	0.0	0.0	0.0
2024-05-13 00:00:00+08:00	153.74984282190394	154.47966802517246	153.26329268639157	153.65252685546875	452822	0.0	0.0	0.0
2024-05-14 00:00:00+08:00	153.65252386838372	155.306806175631	153.0686726261183	155.25814819335938	338662	0.0	0.0	0.0
2024-05-15 00:00:00+08:00	156.86375885388978	158.03147619556506	156.66914177166583	157.30165100097656	738859	0.0	0.0	0.0
2024-05-16 00:00:00+08:00	159.1505615836821	160.02634593938186	157.54493713378906	157.54493713378906	511313	0.0	0.0	0.0
2024-05-17 00:00:00+08:00	156.66914405740928	157.98283536616748	156.66914405740928	157.35031127929688	154097	0.0	0.0	0.0
2024-05-20 00:00:00+08:00	157.64225276146698	157.64225276146698	155.16084396129588	156.86376953125	307413	0.0	0.0	0.0
2024-05-21 00:00:00+08:00	157.44762494889324	157.44762494889324	156.27990760721795	157.30165100097656	196510	0.0	0.0	0.0
2024-05-22 00:00:00+08:00	158.46938365187182	161.0480934075851	158.22610858630145	160.9994354248047	575844	0.0	0.0	0.0
2024-05-23 00:00:00+08:00	162.16715661975178	163.23757287300592	161.19405633436872	163.09161376953125	820650	0.0	0.0	0.0
2024-05-24 00:00:00+08:00	160.0749943162499	162.70236207396272	160.0749943162499	162.36178588867188	484590	0.0	0.0	0.0
2024-05-27 00:00:00+08:00	163.4808551128537	165.47571375502827	163.4808551128537	164.59991455078125	365213	0.0	0.0	0.0
2024-05-28 00:00:00+08:00	164.9405021621551	165.5243682861328	164.40529402323088	165.5243682861328	511788	0.0	0.0	0.0
2024-05-29 00:00:00+08:00	164.55126876727235	164.69722787480038	163.43219449900542	163.87008666992188	588747	0.0	0.0	0.0
2024-05-30 00:00:00+08:00	160.95079696821327	161.53466313574816	159.73442149279347	160.4156036376953	800644	0.0	0.0	0.0
2024-05-31 00:00:00+08:00	160.70750736922713	161.29137348406792	158.4207305908203	158.4207305908203	748419	0.0	0.0	0.0
2024-06-03 00:00:00+08:00	160.80482557130767	162.02120095384404	159.49113421883547	161.8265838623047	732132	0.0	0.0	0.0
2024-06-04 00:00:00+08:00	161.09676335033828	161.242722461184	158.56669654123928	158.90728759765625	896618	0.0	0.0	0.0
2024-06-05 00:00:00+08:00	158.95594662355367	160.8534893186207	157.73957119744242	160.61021423339844	908907	0.0	0.0	0.0
2024-06-06 00:00:00+08:00	165.9136157726997	166.98403213637312	164.94051538693608	166.15689086914062	1476094	0.0	0.0	0.0
2024-06-07 00:00:00+08:00	165.62166635269168	165.62166635269168	164.25933188631768	164.45394897460938	1086644	0.0	0.0	0.0
2024-06-11 00:00:00+08:00	165.5243633027938	165.91359747483895	164.64856414319433	165.08645629882812	695229	0.0	0.0	0.0
2024-06-12 00:00:00+08:00	165.03782623091865	168.735595703125	165.03782623091865	168.735595703125	866428	0.0	0.0	0.0
2024-06-13 00:00:00+08:00	171.26565170666007	173.45512736768273	170.5358264863192	171.84951782226562	1114457	0.0	0.0	0.0
2024-06-14 00:00:00+08:00	171.3629615968618	172.7252960205078	170.2438873897018	172.7252960205078	667646	0.0	0.0	0.0
2024-06-17 00:00:00+08:00	172.62799759489616	173.35782286350198	171.89817232629034	172.7739715576172	375894	0.0	0.0	0.0
2024-06-18 00:00:00+08:00	175.0607376127547	176.47174492305206	175.0607376127547	176.2284698486328	474430	0.0	0.0	0.0
2024-06-19 00:00:00+08:00	179.05045426713494	182.8455394780294	178.5639041196699	182.60226440429688	1215666	0.0	0.0	0.0
2024-06-20 00:00:00+08:00	182.845542157903	183.08881723520108	181.38589169411452	182.99151611328125	1352573	0.0	0.0	0.0
2024-06-21 00:00:00+08:00	181.48321533203125	182.2130405947606	180.02356480657255	181.48321533203125	892912	0.0	0.0	0.0
2024-06-24 00:00:00+08:00	179.29372556399784	179.3423835473858	176.37442474070346	176.81231689453125	948631	0.0	0.0	0.0
2024-06-25 00:00:00+08:00	173.69839673088097	176.76365661621094	173.01722951728894	176.76365661621094	1058165	0.0	0.0	0.0
2024-06-26 00:00:00+08:00	178.12600974878598	179.09911003165467	177.39618453663442	178.8558349609375	876549	0.0	0.0	0.0
2024-06-27 00:00:00+08:00	177.39619060389387	178.4665920426599	176.1798152087058	178.3206329345703	495667	0.0	0.0	0.0
2024-06-28 00:00:00+08:00	178.51525755309717	180.41280027991127	177.88274826027015	179.82894897460938	650970	0.0	0.0	0.0
2024-07-01 00:00:00+08:00	179.87760429853333	181.19128085225972	179.29373815354413	179.439697265625	571465	0.0	0.0	0.0
2024-07-02 00:00:00+08:00	179.19641689649265	179.82894100963702	177.4448482098342	177.98004150390625	734022	0.0	0.0	0.0
2024-07-03 00:00:00+08:00	179.8289378929508	180.16951408797286	179.19641379076893	179.92623901367188	386583	0.0	0.0	0.0
2024-07-04 00:00:00+08:00	183.13747024043641	185.57022094726562	183.13747024043641	185.57022094726562	1301072	0.0	0.0	0.0
2024-07-05 00:00:00+08:00	186.25139434395953	186.25139434395953	184.59712677819448	184.69444274902344	903472	0.0	0.0	0.0
2024-07-08 00:00:00+08:00	185.66755104400517	191.55481117221342	184.88906778891155	190.5817108154297	2232542	0.0	0.0	0.0
2024-07-09 00:00:00+08:00	190.58169364526813	193.69561153676588	188.7814522080749	191.21420288085938	2160258	0.0	0.0	0.0
2024-07-10 00:00:00+08:00	190.5330405985512	191.99269104003906	188.00297389397267	191.99269104003906	1198176	0.0	0.0	0.0
2024-07-11 00:00:00+08:00	194.96065250003974	196.12836989909226	193.74427711595746	196.0797119140625	1671679	0.0	0.0	0.0
2024-07-12 00:00:00+08:00	191.3601762133917	191.55480816035467	189.36533239201685	189.51129150390625	3425328	0.0	0.0	0.0
2024-07-15 00:00:00+08:00	189.94917299310168	191.3115223034732	189.07338867440944	189.6085968017578	1498936	0.0	0.0	0.0
2024-07-16 00:00:00+08:00	189.6085975394958	193.5982998214674	189.6085975394958	190.97093200683594	1055857	0.0	0.0	0.0
2024-07-17 00:00:00+08:00	190.72766427895456	190.72766427895456	187.71104732296456	188.78146362304688	1555468	0.0	0.0	0.0
2024-07-18 00:00:00+08:00	183.38074872390612	184.54846611524943	181.96975625735246	184.30519104003906	4204424	0.0	0.0	0.0
2024-07-19 00:00:00+08:00	181.53186497760368	181.96975714545303	178.6612220457777	178.95314025878906	2764713	0.0	0.0	0.0
2024-07-22 00:00:00+08:00	178.0773565084519	178.0773565084519	171.7522045013211	172.579345703125	3314906	0.0	0.0	0.0
2024-07-23 00:00:00+08:00	175.88789082207617	178.1746826171875	175.30402466424638	178.1746826171875	2603111	0.0	0.0	0.0
2024-07-26 00:00:00+08:00	169.80600204959933	170.58448525788856	168.63828466133157	169.8546600341797	3419131	0.0	0.0	0.0
2024-07-29 00:00:00+08:00	172.87126278368726	173.11453785928958	170.29255292163538	171.2169952392578	1290264	0.0	0.0	0.0
2024-07-30 00:00:00+08:00	169.90332552375793	172.33607637691406	167.95712484123302	171.70355224609375	1897405	0.0	0.0	0.0
2024-07-31 00:00:00+08:00	170.04927595422623	171.70354348025185	169.31945073553857	171.50892639160156	1173834	0.0	0.0	0.0
2024-08-01 00:00:00+08:00	176.9096405751297	176.9096405751297	173.45513148060408	174.96343994140625	1220575	0.0	0.0	0.0
2024-08-02 00:00:00+08:00	169.1248341112706	169.61138425839835	165.4270500234333	165.4757080078125	3133041	0.0	0.0	0.0
2024-08-05 00:00:00+08:00	158.80996284448028	160.4155872166739	148.93300093446507	149.32223510742188	4498790	0.0	0.0	0.0
2024-08-06 00:00:00+08:00	155.20950265658104	160.5615544723252	150.92786714331876	157.88552856445312	4340544	0.0	0.0	0.0
2024-08-07 00:00:00+08:00	159.92904744170872	165.71899151761036	159.92904744170872	164.98916625976562	2203560	0.0	0.0	0.0
2024-08-08 00:00:00+08:00	160.61020999915553	162.5077526441967	159.39383460511212	161.19406127929688	2038119	0.0	0.0	0.0
2024-08-09 00:00:00+08:00	166.4001533352599	167.81114581785144	165.13511996012068	166.88670349121094	1936994	0.0	0.0	0.0
2024-08-12 00:00:00+08:00	168.1517273050986	170.24388691739318	167.85979425846105	169.0275115966797	1549162	0.0	0.0	0.0
2024-08-13 00:00:00+08:00	170.19524044458353	170.24389843036894	169.02752302739643	169.61138916015625	1103701	0.0	0.0	0.0
2024-08-14 00:00:00+08:00	171.99547193361565	172.43336408344084	170.58447951825372	171.41160583496094	1186345	0.0	0.0	0.0
2024-08-15 00:00:00+08:00	170.97371980221078	171.65488704279085	169.85466039613866	170.53582763671875	809220	0.0	0.0	0.0
2024-08-16 00:00:00+08:00	172.43337053777472	174.72016218671533	172.43337053777472	174.57418823242188	993342	0.0	0.0	0.0
2024-08-19 00:00:00+08:00	175.59596258037746	176.3257878736029	174.52556105931362	175.25538635253906	524565	0.0	0.0	0.0
2024-08-20 00:00:00+08:00	176.17980038366923	177.05558465517686	175.64459228515625	175.64459228515625	550330	0.0	0.0	0.0
2024-08-21 00:00:00+08:00	174.81747178757817	174.81747178757817	173.4064792509602	173.7470703125	456895	0.0	0.0	0.0
2024-08-22 00:00:00+08:00	173.99034007881914	174.67150733273434	172.43337362844227	172.62799072265625	275560	0.0	0.0	0.0
2024-08-23 00:00:00+08:00	171.11970391844395	172.7739715576172	170.6331537393734	172.7739715576172	397388	0.0	0.0	0.0
2024-08-26 00:00:00+08:00	174.5255351192197	175.0120852423864	172.33605956496967	172.6766357421875	415489	0.0	0.0	0.0
2024-08-27 00:00:00+08:00	172.23875621534975	172.23875621534975	171.0223808183487	171.6062469482422	254350	0.0	0.0	0.0
2024-08-28 00:00:00+08:00	171.75219466434538	174.47687834256786	171.26564453781748	174.3795623779297	343223	0.0	0.0	0.0
2024-08-29 00:00:00+08:00	171.80087311664	173.16320769390688	170.58449765538984	172.48204040527344	481591	0.0	0.0	0.0
2024-08-30 00:00:00+08:00	173.4064739478447	173.84436612190927	172.4820316140789	172.62799072265625	273472	0.0	0.0	0.0
2024-09-02 00:00:00+08:00	174.18495720428996	174.37957429853887	172.14144059384518	172.28741455078125	357708	0.0	0.0	0.0
2024-09-03 00:00:00+08:00	172.28741646722443	173.30917478381238	171.3629741230097	171.9954833984375	143277	0.0	0.0	0.0
2024-09-04 00:00:00+08:00	163.57816848334215	165.28109403034998	161.4859939023045	163.52951049804688	2048720	0.0	0.0	0.0
2024-09-05 00:00:00+08:00	165.13512891161645	166.01092814880232	163.72413635253906	163.72413635253906	1368672	0.0	0.0	0.0
2024-09-06 00:00:00+08:00	164.69722708521977	166.2055355318853	163.4808517005431	165.5243682861328	553484	0.0	0.0	0.0
2024-09-09 00:00:00+08:00	161.82658457229795	163.1889190673828	161.58330949472332	163.1889190673828	969158	0.0	0.0	0.0
2024-09-10 00:00:00+08:00	164.25933074724952	164.6972229049523	161.87523802346166	162.7510223388672	397903	0.0	0.0	0.0
2024-09-11 00:00:00+08:00	162.7996826171875	163.38353388624267	162.41043358948522	162.7996826171875	339542	0.0	0.0	0.0
2024-09-12 00:00:00+08:00	167.51921191388962	169.80600357471585	167.51921191388962	169.22213745117188	502610	0.0	0.0	0.0
2024-09-13 00:00:00+08:00	170.58449178756072	170.77910888499957	168.78425022750255	169.66004943847656	348361	0.0	0.0	0.0
2024-09-16 00:00:00+08:00	170.29255217520196	170.38986814434924	169.31945187705796	170.1952362060547	412439	0.0	0.0	0.0
2024-09-18 00:00:00+08:00	169.70868724491302	169.75734522982725	167.51921155876306	168.5409698486328	202053	0.0	0.0	0.0
2024-09-19 00:00:00+08:00	168.2003932107882	171.2169952392578	167.85980216561202	171.2169952392578	318309	0.0	0.0	0.0
2024-09-20 00:00:00+08:00	175.15806019772404	175.15806019772404	173.01724243164062	173.01724243164062	679496	0.0	0.0	0.0
2024-09-23 00:00:00+08:00	173.2118492267656	174.08763353633222	173.01723214112099	173.79571533203125	322709	0.0	0.0	0.0
2024-09-24 00:00:00+08:00	173.7957293146721	175.4499969482422	172.6279970101915	175.4499969482422	407834	0.0	0.0	0.0
2024-09-25 00:00:00+08:00	178.0773688791883	178.5639190673828	177.83409378509106	178.5639190673828	675587	0.0	0.0	0.0
2024-09-26 00:00:00+08:00	180.16952097307222	180.55877001582806	179.34239459783993	180.0722198486328	614683	0.0	0.0	0.0
2024-09-27 00:00:00+08:00	181.53187191155888	181.92110610932977	179.14777904146328	179.439697265625	419701	0.0	0.0	0.0
2024-09-30 00:00:00+08:00	176.6663526969639	177.15290282014567	172.3360595703125	172.3360595703125	745158	0.0	0.0	0.0
2024-10-01 00:00:00+08:00	173.8930210154792	174.76882019636793	173.6984039247258	174.23361206054688	276623	0.0	0.0	0.0
2024-10-04 00:00:00+08:00	175.1580631782819	176.37443861701996	173.74707063901235	174.42823791503906	357998	0.0	0.0	0.0
2024-10-07 00:00:00+08:00	177.0069354965794	179.53700217111486	177.0069354965794	179.1964111328125	814717	0.0	0.0	0.0
2024-10-08 00:00:00+08:00	178.46659430264734	179.14777641124468	177.34753486423622	178.70986938476562	749568	0.0	0.0	0.0
2024-10-09 00:00:00+08:00	181.6291763723045	182.16438454031777	181.14262619198936	181.1912841796875	990291	0.0	0.0	0.0
2024-10-11 00:00:00+08:00	181.5805247108188	184.93771782776338	181.5805247108188	184.69444274902344	963837	0.0	0.0	0.0
2024-10-14 00:00:00+08:00	183.96462166946984	185.61888927261293	183.2347964167597	184.791748046875	765376	0.0	0.0	0.0
2024-10-15 00:00:00+08:00	186.25140320575483	189.07340316240757	186.25140320575483	188.92742919921875	926165	0.0	0.0	0.0
2024-10-16 00:00:00+08:00	184.79174042143407	188.48952451890943	184.3538482575442	185.95947265625	1340563	0.0	0.0	0.0
2024-10-17 00:00:00+08:00	186.3973602193008	186.543319320884	184.30518572384014	185.86215209960938	987029	0.0	0.0	0.0
2024-10-18 00:00:00+08:00	194.03619784609867	194.03619784609867	189.7545623779297	189.7545623779297	2137593	0.0	0.0	0.0
2024-10-21 00:00:00+08:00	191.6520973321634	192.13864747255903	190.6789970513722	191.2628631591797	1777654	0.0	0.0	0.0
2024-10-22 00:00:00+08:00	189.80322071071853	190.43572998046875	188.48952933713574	190.43572998046875	1095607	0.0	0.0	0.0
2024-10-23 00:00:00+08:00	189.3653320198226	190.04649928785565	188.73280789010187	189.1707000732422	960286	0.0	0.0	0.0
2024-10-24 00:00:00+08:00	189.1707010003641	189.75456714630127	186.64064901407983	186.83526611328125	2659021	0.0	0.0	0.0
2024-10-25 00:00:00+08:00	188.19760397374597	188.7328121422347	187.4191355632167	188.58685302734375	822730	0.0	0.0	0.0
2024-10-28 00:00:00+08:00	189.9978410017657	190.87362536666606	187.22449909902653	188.14895629882812	1428103	0.0	0.0	0.0
2024-10-29 00:00:00+08:00	185.22965704399692	185.22965704399692	182.55363108897814	184.15924072265625	1858547	0.0	0.0	0.0
2024-10-30 00:00:00+08:00	184.98637735158138	186.93257799768605	183.72134396194684	184.06192016601562	540453	0.0	0.0	0.0
2024-11-01 00:00:00+08:00	179.05045464698304	183.28344687824188	179.0017966624669	182.94285583496094	1340634	0.0	0.0	0.0
2024-11-04 00:00:00+08:00	184.11057924661748	185.8621628081937	183.4780699722054	185.4242706298828	695208	0.0	0.0	0.0
2024-11-05 00:00:00+08:00	184.8890582888132	186.83525890237965	183.9646159670356	185.66754150390625	661156	0.0	0.0	0.0
2024-11-06 00:00:00+08:00	187.0298770625502	191.21421137528918	185.95947562797298	187.71104431152344	2672754	0.0	0.0	0.0
2024-11-07 00:00:00+08:00	187.71103934479842	190.72765617257502	186.78659704219982	189.9491729736328	1218484	0.0	0.0	0.0
2024-11-08 00:00:00+08:00	191.8953834503745	192.67386668949356	191.70076635267796	191.8467254638672	1238136	0.0	0.0	0.0
2024-11-11 00:00:00+08:00	191.70077093049449	191.9927040081771	189.75457021038795	191.9440460205078	1110837	0.0	0.0	0.0
2024-11-12 00:00:00+08:00	189.1706963577867	189.1706963577867	186.73794555664062	186.73794555664062	1690732	0.0	0.0	0.0
2024-11-13 00:00:00+08:00	186.34871297261304	187.0298802331336	185.4242706298828	185.4242706298828	743374	0.0	0.0	0.0
2024-11-14 00:00:00+08:00	185.22965704399692	185.22965704399692	182.99152327558735	184.15924072265625	882570	0.0	0.0	0.0
2024-11-15 00:00:00+08:00	185.47293475949155	185.5702358865988	183.4294180619089	184.88906860351562	375870	0.0	0.0	0.0
2024-11-18 00:00:00+08:00	183.67268457402392	183.72134255947162	180.65606765625665	181.33724975585938	2194474	0.0	0.0	0.0
2024-11-19 00:00:00+08:00	182.74823532402172	184.88905296766515	181.53185997555025	184.2078857421875	504472	0.0	0.0	0.0
2024-11-20 00:00:00+08:00	182.94285583496094	182.94285583496094	182.94285583496094	182.94285583496094	4822	0.0	0.0	0.0
2024-11-21 00:00:00+08:00	182.06708341325464	182.16438454031777	180.51011689691296	181.1912841796875	641796	0.0	0.0	0.0
2024-11-22 00:00:00+08:00	183.57537753843283	185.47293512492678	183.57537753843283	185.2296600341797	621709	0.0	0.0	0.0
2024-11-25 00:00:00+08:00	186.34871224677656	186.7379464374629	183.91596143415546	184.4025115966797	956867	0.0	0.0	0.0
2024-11-26 00:00:00+08:00	182.11572655261963	182.11572655261963	180.80204997476866	181.1912841796875	1004294	0.0	0.0	0.0
2024-11-27 00:00:00+08:00	180.46145027444896	180.89934244611356	177.98004150390625	177.98004150390625	985420	0.0	0.0	0.0
2024-11-28 00:00:00+08:00	177.98004800846306	178.12602196990773	176.2284792577908	177.78543090820312	928166	0.0	0.0	0.0
2024-11-29 00:00:00+08:00	176.81232255615606	179.4396904115844	175.9365382204574	178.95314025878906	708927	0.0	0.0	0.0
2024-12-02 00:00:00+08:00	180.85068745534664	183.13746413452444	180.80202947316596	183.08880615234375	591585	0.0	0.0	0.0
2024-12-03 00:00:00+08:00	185.91082076005634	186.7866051165168	185.3756126096271	185.7648468017578	993986	0.0	0.0	0.0
2024-12-04 00:00:00+08:00	186.25139384300977	187.71104431152344	185.86215965740575	187.71104431152344	619443	0.0	0.0	0.0
2024-12-05 00:00:00+08:00	188.19760397374597	188.83012811771744	187.6624106535904	188.58685302734375	898991	0.0	0.0	0.0
2024-12-06 00:00:00+08:00	188.78145831219564	188.78145831219564	186.6892986052851	187.32180786132812	598162	0.0	0.0	0.0
2024-12-09 00:00:00+08:00	187.41912876184745	188.1002960205078	187.12719569432653	188.1002960205078	594250	0.0	0.0	0.0
2024-12-10 00:00:00+08:00	187.2731449236001	188.19758721503325	186.154085546865	186.20274353027344	542223	0.0	0.0	0.0
2024-12-11 00:00:00+08:00	183.91596371990516	185.5702313233806	183.8186477468578	184.451171875	665284	0.0	0.0	0.0
2024-12-12 00:00:00+08:00	185.71620441364536	187.32181402308154	185.71620441364536	186.44602966308594	457201	0.0	0.0	0.0
2024-12-13 00:00:00+08:00	185.66753122465937	186.9812076570873	185.37559817912046	186.78659057617188	418000	0.0	0.0	0.0
2024-12-16 00:00:00+08:00	188.87877428158635	189.17069249309407	187.0298748014882	187.32180786132812	520345	0.0	0.0	0.0
2024-12-17 00:00:00+08:00	188.29490012976666	189.70589253574977	188.29490012976666	188.48951721191406	603428	0.0	0.0	0.0
2024-12-18 00:00:00+08:00	188.4895244580751	189.5599407235335	187.2731490874779	189.31666564941406	462295	0.0	0.0	0.0
2024-12-19 00:00:00+08:00	186.737943999181	187.71104431152344	185.57022659403654	187.71104431152344	911475	0.0	0.0	0.0
2024-12-20 00:00:00+08:00	186.34869954213207	186.34869954213207	184.49981498992395	185.13232421875	533759	0.0	0.0	0.0
2024-12-23 00:00:00+08:00	186.83526333913326	189.4626312601733	186.83526333913326	189.12205505371094	632670	0.0	0.0	0.0
2024-12-24 00:00:00+08:00	190.7276669307606	191.21421710150233	189.3166744052761	189.51129150390625	722647	0.0	0.0	0.0
2024-12-25 00:00:00+08:00	190.24111938476562	190.33843535958977	189.75456920731096	190.24111938476562	592561	0.0	0.0	0.0
2024-12-26 00:00:00+08:00	190.72766992961402	190.72766992961402	190.24111975122213	190.5817108154297	324533	0.0	0.0	0.0
2024-12-27 00:00:00+08:00	190.28977121708888	191.165555568846	190.0464961362305	191.1168975830078	495633	0.0	0.0	0.0
2024-12-30 00:00:00+08:00	190.53304368531852	190.92227787002162	190.04649353027344	190.04649353027344	494650	0.0	0.0	0.0
2024-12-31 00:00:00+08:00	188.8787757736018	189.55994301972095	188.14895054240293	189.36532592773438	325454	0.0	0.0	0.0
2025-01-02 00:00:00+08:00	189.1220536037422	189.1220536037422	185.81350359847823	187.0785369873047	1199679	0.0	0.0	0.0
2025-01-03 00:00:00+08:00	188.34357144513416	189.51128886901225	187.662404185233	188.78146362304688	993209	0.0	0.0	0.0
2025-01-06 00:00:00+08:00	192.0413440828795	195.05794600866633	191.84671215035695	194.57139587402344	1846129	0.0	0.0	0.0
2025-01-07 00:00:00+08:00	199.43691069712239	199.43691069712239	197.49071002703906	198.2205352783203	1863670	0.0	0.0	0.0
2025-01-08 00:00:00+08:00	195.7391289498075	197.00416237115633	194.27947842863568	194.91200256347656	1228043	0.0	0.0	0.0
2025-01-09 00:00:00+08:00	194.3281308011522	194.62006386661864	192.38193016248601	192.77117919921875	686556	0.0	0.0	0.0
2025-01-10 00:00:00+08:00	191.45748745114102	193.11175502107776	191.45748745114102	192.4305877685547	555666	0.0	0.0	0.0
2025-01-13 00:00:00+08:00	192.0899957170644	192.0899957170644	187.2244941553522	187.71104431152344	1716198	0.0	0.0	0.0
2025-01-14 00:00:00+08:00	187.71103821382178	188.6841384945535	187.0785289706789	188.24624633789062	579080	0.0	0.0	0.0
2025-01-15 00:00:00+08:00	188.2462501772111	188.2462501772111	185.86215741046064	187.32180786132812	828340	0.0	0.0	0.0
2025-01-16 00:00:00+08:00	190.24111132857666	191.9926948629052	189.80321915707762	191.40882873535156	2095368	0.0	0.0	0.0
2025-01-17 00:00:00+08:00	191.74940948775745	192.1873016357422	189.55993389950217	192.1873016357422	1224943	0.0	0.0	0.0
2025-01-20 00:00:00+08:00	192.9657947352547	194.18217012459905	192.86847876477418	193.74427795410156	542232	0.0	0.0	0.0
2025-01-21 00:00:00+08:00	193.74426727746152	194.27946054061428	192.23595890812618	194.18215942382812	807795	0.0	0.0	0.0
2025-01-22 00:00:00+08:00	196.90686223214394	197.24743844645764	196.42031205598184	196.95550537109375	1265036	0.0	0.0	0.0
2025-02-03 00:00:00+08:00	186.00812297212016	187.3704723492131	184.88906352694804	187.127197265625	2089840	0.0	0.0	0.0
2025-02-04 00:00:00+08:00	188.39222980629245	189.6086052186566	187.8083636690246	189.12205505371094	661698	0.0	0.0	0.0
2025-02-05 00:00:00+08:00	190.82498426790616	192.96580206480184	190.82498426790616	191.8953857421875	449007	0.0	0.0	0.0
2025-02-06 00:00:00+08:00	193.74427451718898	193.8902336219881	192.23596609149203	192.33326721191406	601313	0.0	0.0	0.0
2025-02-07 00:00:00+08:00	192.33327510268575	194.57140884086553	192.28463196464511	194.5227508544922	510349	0.0	0.0	0.0
2025-02-10 00:00:00+08:00	193.160410343693	193.54964452595948	191.2142097356961	191.7007598876953	689539	0.0	0.0	0.0
2025-02-11 00:00:00+08:00	192.77118111524308	193.6956234581314	191.94403989625567	192.479248046875	430596	0.0	0.0	0.0
2025-02-12 00:00:00+08:00	193.1117634829051	193.74428762593962	191.8467300451692	191.9440460205078	429359	0.0	0.0	0.0
2025-02-13 00:00:00+08:00	191.84671211645065	191.84671211645065	190.435719695902	191.21420288085938	501670	0.0	0.0	0.0
2025-02-14 00:00:00+08:00	189.31665606508489	189.36531404711184	188.14893873809476	188.44085693359375	1308687	0.0	0.0	0.0
2025-02-17 00:00:00+08:00	189.26800194883097	191.31151844905077	189.26800194883097	190.8736114501953	1578530	0.0	0.0	0.0
2025-02-18 00:00:00+08:00	191.11689186614706	192.138650144855	190.8249736565152	191.99269104003906	1320519	0.0	0.0	0.0
2025-02-19 00:00:00+08:00	191.99270437293464	192.7711876321229	191.7007712946974	192.28463745117188	693074	0.0	0.0	0.0
2025-02-20 00:00:00+08:00	191.55480460721895	191.55480460721895	189.94918016455412	191.1168975830078	746211	0.0	0.0	0.0
2025-02-21 00:00:00+08:00	191.11688995348212	192.771172315945	190.97093085012693	192.6251983642578	795611	0.0	0.0	0.0
2025-02-24 00:00:00+08:00	190.53303755633323	190.92227172851562	190.0464874169393	190.92227172851562	430186	0.0	0.0	0.0
2025-02-25 00:00:00+08:00	188.39223100915984	188.5381901202424	186.93258050500313	187.80836486816406	1148904	0.0	0.0	0.0
2025-02-26 00:00:00+08:00	187.0298717466535	189.26800537109375	186.25138854923966	189.26800537109375	443184	0.0	0.0	0.0
2025-02-27 00:00:00+08:00	189.60859913946604	189.60859913946604	186.49466630498594	186.64064025878906	983705	0.0	0.0	0.0
2025-03-03 00:00:00+08:00	181.38590128214693	182.7969086837273	180.80204997476866	181.1912841796875	1732046	0.0	0.0	0.0
2025-03-04 00:00:00+08:00	178.1746752397911	180.8993442679589	177.93140015882378	180.70472717285156	667382	0.0	0.0	0.0
2025-03-05 00:00:00+08:00	182.79688795592253	183.4780551614578	182.2130218664172	183.08880615234375	502998	0.0	0.0	0.0
2025-03-06 00:00:00+08:00	183.5753662557762	183.5753662557762	181.14261549782353	181.62916564941406	451802	0.0	0.0	0.0
2025-03-07 00:00:00+08:00	180.16952063347264	180.8993458828899	179.3423942597994	179.39105224609375	719108	0.0	0.0	0.0
2025-03-10 00:00:00+08:00	180.31548959561536	180.31548959561536	177.54214778534907	178.95314025878906	390345	0.0	0.0	0.0
2025-03-11 00:00:00+08:00	174.1849563387749	175.2553726243238	172.04413861600952	174.6228485107422	945961	0.0	0.0	0.0
2025-03-12 00:00:00+08:00	175.20670014940242	177.78540983087694	175.01208307221532	175.64459228515625	423404	0.0	0.0	0.0
2025-03-13 00:00:00+08:00	178.61257436600658	179.00180857136706	174.08764877494198	174.1363067626953	510653	0.0	0.0	0.0
2025-03-14 00:00:00+08:00	173.69840777411716	174.3795750310158	172.33607326031984	173.30917358398438	417309	0.0	0.0	0.0
2025-03-17 00:00:00+08:00	175.54728011659893	176.6176963367604	174.6714958261625	174.72015380859375	327754	0.0	0.0	0.0
2025-03-18 00:00:00+08:00	176.42309725961047	176.7636734747225	175.44999690500515	175.7905731201172	322721	0.0	0.0	0.0
2025-03-19 00:00:00+08:00	175.74192439314567	175.79056753066283	172.91992454551902	173.30917358398438	399337	0.0	0.0	0.0
2025-03-20 00:00:00+08:00	175.35267554435097	177.39619216558987	175.35267554435097	177.3475341796875	553415	0.0	0.0	0.0
2025-03-21 00:00:00+08:00	177.0555934931993	177.25021058010105	175.49864194965335	175.83921813964844	411131	0.0	0.0	0.0
2025-03-24 00:00:00+08:00	177.15292025543232	177.34753735419287	175.40133666992188	175.40133666992188	195277	0.0	0.0	0.0
2025-03-25 00:00:00+08:00	177.10426363312692	178.66123013187223	177.10426363312692	177.78543090820312	457374	0.0	0.0	0.0
2025-03-26 00:00:00+08:00	178.46657866747455	178.7098537282799	176.95828516914645	177.6881103515625	142310	0.0	0.0	0.0
2025-03-27 00:00:00+08:00	174.2336201161959	174.282278103217	173.16320379506334	173.40647888183594	486222	0.0	0.0	0.0
2025-03-28 00:00:00+08:00	171.7521945741743	171.80085255646785	170.3412021776505	171.02236938476562	1326645	0.0	0.0	0.0
2025-03-31 00:00:00+08:00	165.57300836853574	166.3028335858787	163.96739882971409	164.45394897460938	1132964	0.0	0.0	0.0
2025-04-01 00:00:00+08:00	165.67031643030262	169.12482526386066	165.67031643030262	168.97885131835938	617991	0.0	0.0	0.0
2025-04-02 00:00:00+08:00	169.6113930413402	169.66005102823902	168.2004005112711	168.68695068359375	402368	0.0	0.0	0.0
2025-04-07 00:00:00+08:00	151.85231018066406	151.85231018066406	151.85231018066406	151.85231018066406	292853	0.0	0.0	0.0
2025-04-08 00:00:00+08:00	141.29416301100585	148.20318119870504	141.29416301100585	144.4080810546875	2173426	0.0	0.0	0.0
2025-04-09 00:00:00+08:00	143.14305765135035	144.7973251637399	135.26093941516277	136.5746307373047	2947936	0.0	0.0	0.0
2025-04-10 00:00:00+08:00	150.1980438232422	150.1980438232422	150.1980438232422	150.1980438232422	309059	0.0	0.0	0.0
2025-04-11 00:00:00+08:00	146.93815493356135	156.3285675048828	145.67312149095676	156.3285675048828	2802310	0.0	0.0	0.0
2025-04-14 00:00:00+08:00	161.34003785347443	161.34003785347443	154.77161061906125	154.86891174316406	1529782	0.0	0.0	0.0
2025-04-15 00:00:00+08:00	155.6960479643109	157.30165751961	154.91756475482293	156.76646423339844	607456	0.0	0.0	0.0
2025-04-16 00:00:00+08:00	155.9879806791542	155.9879806791542	153.26329687613423	153.4092559814453	793598	0.0	0.0	0.0
2025-04-17 00:00:00+08:00	151.90095102025222	152.72807730227714	150.8305348337128	152.48480224609375	1113570	0.0	0.0	0.0
2025-04-18 00:00:00+08:00	153.1173461822815	153.55523837060235	152.29020494452752	152.92271423339844	441506	0.0	0.0	0.0
2025-04-21 00:00:00+08:00	152.92270395839677	152.92270395839677	150.05206108524865	150.343994140625	565130	0.0	0.0	0.0
2025-04-22 00:00:00+08:00	148.8843536376953	150.00341310152126	147.6193202122836	148.8843536376953	716134	0.0	0.0	0.0
2025-04-23 00:00:00+08:00	149.92034832843345	153.53170776367188	149.92034832843345	153.53170776367188	781152	0.461429	0.0	0.0
2025-04-24 00:00:00+08:00	154.21494348358405	154.21494348358405	151.18920129337883	151.7260284423828	483246	0.0	0.0	0.0
2025-04-25 00:00:00+08:00	156.55743430454166	157.33827239671663	156.0694123585883	156.16702270507812	898423	0.0	0.0	0.0
2025-04-28 00:00:00+08:00	157.38709277930639	157.77750441649798	156.89907078619225	157.24069213867188	450414	0.0	0.0	0.0
2025-04-29 00:00:00+08:00	157.33827954779878	158.0703125	156.6550517710607	158.0703125	306230	0.0	0.0	0.0
2025-04-30 00:00:00+08:00	157.7775042739257	158.41194180035035	157.3870926370869	157.7287139892578	409215	0.0	0.0	0.0
2025-05-02 00:00:00+08:00	161.24246147687845	163.6825714111328	161.24246147687845	163.6825714111328	795577	0.0	0.0	0.0
2025-05-05 00:00:00+08:00	164.46341027378284	164.46341027378284	158.85115740093863	160.94964599609375	1096593	0.0	0.0	0.0
2025-05-06 00:00:00+08:00	158.65595198632985	160.7056354091384	157.87511382339122	159.7783966064453	908637	0.0	0.0	0.0
2025-05-07 00:00:00+08:00	159.09516126005767	160.998443952924	158.02150697523638	159.5343780517578	351250	0.0	0.0	0.0
2025-05-08 00:00:00+08:00	160.55923420549877	162.3649215201247	160.4616238505058	162.02330017089844	548622	0.0	0.0	0.0
2025-05-09 00:00:00+08:00	162.4137038754532	163.584968505192	161.63288064662524	163.53616333007812	276298	0.0	0.0	0.0
2025-05-12 00:00:00+08:00	164.46340902753857	166.2202911530701	164.46340902753857	165.63465881347656	273480	0.0	0.0	0.0
2025-05-13 00:00:00+08:00	169.7340319594908	170.80768623023735	168.56278223256172	168.80679321289062	945435	0.0	0.0	0.0
2025-05-14 00:00:00+08:00	171.4909130242704	173.49180603027344	171.19809687088613	173.49180603027344	941840	0.0	0.0	0.0
2025-05-15 00:00:00+08:00	173.39419602229663	173.39419602229663	172.2717514742397	172.61337280273438	226656	0.0	0.0	0.0
2025-05-16 00:00:00+08:00	172.61338036730314	173.1989978076388	171.53972605348108	172.85739135742188	227350	0.0	0.0	0.0
2025-05-19 00:00:00+08:00	172.71097649617425	172.71097649617425	169.58763878920982	169.83164978027344	311617	0.0	0.0	0.0
2025-05-20 00:00:00+08:00	172.71096855544968	172.71096855544968	169.6364361667054	169.97804260253906	269533	0.0	0.0	0.0
2025-05-21 00:00:00+08:00	171.2957150680108	172.5645751953125	170.7588879110852	172.5645751953125	293845	0.0	0.0	0.0
2025-05-22 00:00:00+08:00	171.05170472391467	171.05170472391467	169.24601743286763	170.4172821044922	258000	0.0	0.0	0.0
2025-05-23 00:00:00+08:00	171.34451325420608	171.4909138850089	168.9532086271872	169.29481506347656	158019	0.0	0.0	0.0
2025-05-26 00:00:00+08:00	169.3436279296875	169.9780505496461	168.8556059471812	169.3436279296875	216842	0.0	0.0	0.0
2025-05-27 00:00:00+08:00	169.3436206889812	169.3436206889812	166.90351088078262	167.6355438232422	350221	0.0	0.0	0.0
2025-05-28 00:00:00+08:00	169.92925278330813	170.31966439482215	167.68434878398173	168.90440368652344	631215	0.0	0.0	0.0
2025-05-29 00:00:00+08:00	170.31966428378692	170.36846945850644	169.14841455676012	169.39242553710938	547238	0.0	0.0	0.0
2025-06-02 00:00:00+08:00	167.78195295712644	167.78195295712644	164.46340940710175	165.04904174804688	594245	0.0	0.0	0.0
2025-06-03 00:00:00+08:00	166.90351133969386	168.1723714220956	166.1226732202737	166.2690887451172	350625	0.0	0.0	0.0
2025-06-04 00:00:00+08:00	168.56278925471352	171.58853149414062	168.56278925471352	171.58853149414062	512775	0.0	0.0	0.0
2025-06-05 00:00:00+08:00	172.1741488049009	172.36936951174744	171.53972618739644	172.07655334472656	578361	0.0	0.0	0.0
2025-06-06 00:00:00+08:00	172.07654576160274	172.27175156659794	171.39331799749533	171.5397186279297	136212	0.0	0.0	0.0
2025-06-09 00:00:00+08:00	173.29660766209463	174.1262360901607	172.80858568326207	173.63821411132812	357054	0.0	0.0	0.0
2025-06-10 00:00:00+08:00	175.590300880649	179.2504656980048	175.590300880649	179.20167541503906	1013021	0.0	0.0	0.0
2025-06-11 00:00:00+08:00	180.76333618071683	181.05615234375	180.12891357185222	181.05615234375	880013	0.0	0.0	0.0
2025-06-12 00:00:00+08:00	180.56813049541913	180.56813049541913	179.34807555963928	179.9824981689453	919067	0.0	0.0	0.0
2025-06-13 00:00:00+08:00	177.68879709233497	178.46963520029496	176.615142832234	176.907958984375	849800	0.0	0.0	0.0
2025-06-16 00:00:00+08:00	176.37113952084758	176.95677185058594	175.29750010732565	176.95677185058594	539110	0.0	0.0	0.0
2025-06-17 00:00:00+08:00	178.86005408059032	179.78729285570077	178.17682629331148	178.32322692871094	562414	0.0	0.0	0.0
2025-06-18 00:00:00+08:00	178.12802074270505	180.42172998080102	178.12802074270505	180.3729248046875	404997	0.0	0.0	0.0
2025-06-19 00:00:00+08:00	180.0312962043309	180.0312962043309	177.6887967778451	178.3720245361328	239417	0.0	0.0	0.0
2025-06-20 00:00:00+08:00	177.49359850410647	178.6160430908203	176.17593321253042	178.6160430908203	364525	0.0	0.0	0.0
2025-06-23 00:00:00+08:00	175.54151121867474	176.76156616210938	174.6630627234525	176.76156616210938	415155	0.0	0.0	0.0
2025-06-24 00:00:00+08:00	178.61604283900755	180.22650939910892	178.61604283900755	180.17771911621094	370742	0.0	0.0	0.0
2025-06-25 00:00:00+08:00	182.03219604387158	182.61782836914062	181.54417407056363	182.61782836914062	597217	0.0	0.0	0.0
2025-06-26 00:00:00+08:00	182.95942700572058	183.8378754561316	182.52021022713913	183.05703735351562	928503	0.0	0.0	0.0
2025-06-27 00:00:00+08:00	183.34986108411843	183.49626171861573	181.93458544881742	183.30105590820312	532866	0.0	0.0	0.0
2025-06-30 00:00:00+08:00	183.789077880725	184.17948950154994	182.9594345699111	183.5938720703125	637894	0.0	0.0	0.0
2025-07-01 00:00:00+08:00	184.08189355599893	186.42439306124922	183.64266186717197	184.37469482421875	1023358	0.0	0.0	0.0
2025-07-02 00:00:00+08:00	183.54505878922865	185.20433044433594	183.05703683812368	185.20433044433594	198564	0.0	0.0	0.0
2025-07-03 00:00:00+08:00	187.3516236345918	187.693244956906	186.6195907095596	186.8636016845703	750457	0.0	0.0	0.0
2025-07-04 00:00:00+08:00	187.2540363724557	187.4004370065676	184.96032714971128	185.54595947265625	317360	0.0	0.0	0.0
2025-07-07 00:00:00+08:00	184.7651137548758	184.96031955676102	183.69145950463496	184.42349243164062	658162	0.0	0.0	0.0
2025-07-08 00:00:00+08:00	183.2522431558576	183.69145993443908	182.6666108555836	183.05703735351562	445691	0.0	0.0	0.0
2025-07-09 00:00:00+08:00	182.61781997464482	186.22917943246864	182.61781997464482	185.98516845703125	306132	0.0	0.0	0.0
2025-07-10 00:00:00+08:00	186.47320503221567	187.83966064453125	186.47320503221567	187.83966064453125	776369	0.0	0.0	0.0
2025-07-11 00:00:00+08:00	187.83966050632796	188.3276824951172	187.49805405012498	188.3276824951172	297851	0.0	0.0	0.0
2025-07-14 00:00:00+08:00	188.08365657313752	188.08365657313752	185.98516814519363	187.1564178466797	297820	0.0	0.0	0.0
2025-07-15 00:00:00+08:00	187.54683656501058	189.98694640787176	186.9124139631661	189.6453399658203	818710	0.0	0.0	0.0
2025-07-16 00:00:00+08:00	190.6213909478256	192.47586853963725	190.6213909478256	192.13426208496094	1080346	0.0	0.0	0.0
2025-07-17 00:00:00+08:00	192.57347875827068	193.20790138311375	190.81659662907188	192.62228393554688	923830	0.0	0.0	0.0
2025-07-18 00:00:00+08:00	195.20878589197645	196.13602464631364	195.01358008473417	195.40399169921875	1150737	0.0	0.0	0.0
2025-07-21 00:00:00+08:00	195.2087935872883	195.30640394138157	194.23274961935186	194.86717224121094	702686	0.0	0.0	0.0
2025-07-22 00:00:00+08:00	195.0623857162645	196.77046259681586	192.7198713441307	193.15908813476562	1512666	0.0	0.0	0.0
2025-07-23 00:00:00+08:00	193.40309913337276	194.62315404815118	193.40309913337276	194.33035278320312	871121	0.0	0.0	0.0
2025-07-24 00:00:00+08:00	195.20878577344777	195.64800256278835	195.06238514141705	195.5991973876953	882175	0.0	0.0	0.0
2025-07-25 00:00:00+08:00	195.74562061465429	195.89202125244518	194.91597728517516	195.35519409179688	802947	0.0	0.0	0.0
2025-07-28 00:00:00+08:00	196.08721935693325	196.28244005731023	195.15998060313632	195.8920135498047	827509	0.0	0.0	0.0
2025-07-29 00:00:00+08:00	195.89202204098706	195.89202204098706	192.47586814179058	193.30551147460938	701623	0.0	0.0	0.0
2025-07-30 00:00:00+08:00	194.7207639272465	196.2824401716817	194.52555812000423	195.40399169921875	1007912	0.0	0.0	0.0
2025-07-31 00:00:00+08:00	196.03842862921405	198.2345274642243	196.03842862921405	198.1369171142578	959393	0.0	0.0	0.0
2025-08-01 00:00:00+08:00	194.47676071645247	195.8920214920755	194.47676071645247	195.5504150390625	779917	0.0	0.0	0.0
2025-08-04 00:00:00+08:00	193.40309889226097	194.42794799804688	192.67106594430655	194.42794799804688	365884	0.0	0.0	0.0
2025-08-05 00:00:00+08:00	196.1848294750719	196.67285143894023	195.35518617919635	196.5752410888672	516029	0.0	0.0	0.0
2025-08-06 00:00:00+08:00	194.81838209109702	194.81838209109702	194.0863491146424	194.379150390625	522796	0.0	0.0	0.0
2025-08-07 00:00:00+08:00	198.96655950759234	201.65068029377485	198.96655950759234	201.45545959472656	957860	0.0	0.0	0.0
2025-08-08 00:00:00+08:00	201.84589418011427	201.84589418011427	200.86985021879192	200.9186553955078	566169	0.0	0.0	0.0
2025-08-11 00:00:00+08:00	200.47941546056032	203.70036337922426	199.99139349995207	202.7243194580078	538280	0.0	0.0	0.0
2025-08-12 00:00:00+08:00	202.91952514648438	203.21234130132996	201.4554592655047	202.91952514648438	401898	0.0	0.0	0.0
2025-08-13 00:00:00+08:00	203.40755443547914	204.53001392062086	202.4803156561004	204.13958740234375	807969	0.0	0.0	0.0
2025-08-14 00:00:00+08:00	203.79798158007995	204.1395880297173	202.23630528866983	202.87074279785156	727497	0.0	0.0	0.0
2025-08-15 00:00:00+08:00	202.87074268136217	203.3099594839288	201.94348900641734	202.48031616210938	867459	0.0	0.0	0.0
2025-08-18 00:00:00+08:00	201.99229404366173	203.94438195883265	201.99229404366173	203.84678649902344	606935	0.0	0.0	0.0
2025-08-19 00:00:00+08:00	203.74917627843237	203.99318726798737	203.01714330976733	203.06594848632812	173557	0.0	0.0	0.0
2025-08-20 00:00:00+08:00	199.69860151843844	200.57703513105588	195.9896314668056	196.1360321044922	967300	0.0	0.0	0.0
2025-08-21 00:00:00+08:00	196.42884786562948	198.23453515734602	196.42884786562948	198.18572998046875	554855	0.0	0.0	0.0
2025-08-22 00:00:00+08:00	198.185722630092	198.185722630092	196.5264509305469	196.6728515625	427891	0.0	0.0	0.0
2025-08-25 00:00:00+08:00	200.5282284970696	202.43151123941107	200.23541233057503	201.79708862304688	1337232	0.0	0.0	0.0
2025-08-26 00:00:00+08:00	201.06504776354262	202.8219298003203	200.57702580295148	202.43150329589844	225280	0.0	0.0	0.0
2025-08-27 00:00:00+08:00	203.4075545522996	204.53001403808594	203.4075545522996	204.53001403808594	333820	0.0	0.0	0.0
2025-08-28 00:00:00+08:00	203.60276827030447	203.79797407623101	201.84588623046875	201.84588623046875	428681	0.0	0.0	0.0
2025-08-29 00:00:00+08:00	203.65155843346366	203.84677913252509	201.94348156941462	202.0410919189453	376761	0.0	0.0	0.0
2025-09-01 00:00:00+08:00	200.9186556676478	201.35787247218798	198.1369244168117	199.3569793701172	422934	0.0	0.0	0.0
2025-09-02 00:00:00+08:00	201.11386174081156	201.45546819222815	198.33213048638913	198.6737518310547	655600	0.0	0.0	0.0
2025-09-03 00:00:00+08:00	198.42973315826998	199.50337254104986	197.9417111952114	198.62493896484375	325763	0.0	0.0	0.0
2025-09-04 00:00:00+08:00	201.11385361594603	201.9922871906708	199.79618836061053	200.08900451660156	495251	0.0	0.0	0.0
2025-09-05 00:00:00+08:00	201.21144851782773	202.8219299247152	201.21144851782773	202.52911376953125	598654	0.0	0.0	0.0
2025-09-08 00:00:00+08:00	204.13957985022336	205.0668334885473	203.99317921956606	204.77401733398438	1203184	0.0	0.0	0.0
2025-09-09 00:00:00+08:00	205.5060495998323	206.92131030012217	205.1644282717545	206.82369995117188	1298620	0.0	0.0	0.0
2025-09-10 00:00:00+08:00	208.92220246325263	211.21589672183217	208.92220246325263	211.02069091796875	1336933	0.0	0.0	0.0
2025-09-11 00:00:00+08:00	213.75362402357194	215.4128957519545	212.82638525417423	213.216796875	2239033	0.0	0.0	0.0
2025-09-12 00:00:00+08:00	214.7296599303784	215.21768188476562	214.43684377909645	215.21768188476562	506687	0.0	0.0	0.0
2025-09-15 00:00:00+08:00	215.7057116687332	215.99852783064364	213.75362378032835	214.77847290039062	446773	0.0	0.0	0.0
2025-09-16 00:00:00+08:00	216.0473319268126	219.41468053883298	216.0473319268126	218.8778533935547	1146738	0.0	0.0	0.0
2025-09-17 00:00:00+08:00	218.43862947105993	218.43862947105993	217.07215906464916	217.2673797607422	270991	0.0	0.0	0.0
2025-09-18 00:00:00+08:00	218.34101870032737	219.07305162951482	217.16976899227706	218.92665100097656	305471	0.0	0.0	0.0
2025-09-19 00:00:00+08:00	220.34191930587951	220.34191930587951	218.14582044236576	219.46348571777344	363095	0.0	0.0	0.0
2025-09-22 00:00:00+08:00	219.46348524109064	221.46436339779166	218.4386361283605	220.82994079589844	781512	0.0	0.0	0.0
2025-09-23 00:00:00+08:00	223.61167804953294	226.44219958707174	223.27005670492528	226.34458923339844	1496940	0.0	0.0	0.0
2025-09-24 00:00:00+08:00	227.0278242126614	227.0278242126614	224.53890921100577	226.58859252929688	926325	0.0	0.0	0.0
2025-09-25 00:00:00+08:00	225.80776964459562	226.05178062761627	224.63650501149777	225.12452697753906	516691	0.0	0.0	0.0
2025-09-26 00:00:00+08:00	223.70927496426884	223.90448077963555	219.85390426109262	221.2691650390625	1219222	0.0	0.0	0.0
2025-09-30 00:00:00+08:00	222.68442527367023	224.0997009414358	222.68442527367023	223.51406860351562	577663	0.0	0.0	0.0
2025-10-01 00:00:00+08:00	224.24609363050558	227.6622473963675	224.0508878225346	224.44129943847656	1386771	0.0	0.0	0.0
2025-10-02 00:00:00+08:00	228.83349598025214	229.85834508347781	227.71105142015873	229.32151794433594	1690050	0.0	0.0	0.0
2025-10-03 00:00:00+08:00	229.27271955464207	233.51851672512572	228.73590729286155	233.3721160888672	945026	0.0	0.0	0.0
2025-10-07 00:00:00+08:00	238.39872686779623	240.5460205078125	238.15471588840236	240.5460205078125	1333675	0.0	0.0	0.0
2025-10-08 00:00:00+08:00	236.73946349076746	238.25233459472656	236.05623570314847	238.25233459472656	1015932	0.0	0.0	0.0
2025-10-09 00:00:00+08:00	242.1565095239874	242.1565095239874	240.25321191025486	241.37567138671875	1590654	0.0	0.0	0.0
2025-10-13 00:00:00+08:00	235.90981288604934	237.81309555463244	234.3481515473458	236.7394561767578	5480670	0.0	0.0	0.0
2025-10-14 00:00:00+08:00	241.7172715877699	242.01008774333667	235.32419580634513	235.56820678710938	2232975	0.0	0.0	0.0
2025-10-15 00:00:00+08:00	236.78826058280794	240.88764206181344	235.5682056846963	239.86279296875	1342893	0.0	0.0	0.0
2025-10-16 00:00:00+08:00	242.05889783860584	247.18312853881827	242.05889783860584	246.74391174316406	3167773	0.0	0.0	0.0
2025-10-17 00:00:00+08:00	243.62056734055298	243.62056734055298	242.20529174804688	242.20529174804688	3825603	0.0	0.0	0.0
2025-10-20 00:00:00+08:00	244.20618404527886	247.52474228530994	243.37655565520726	246.79270935058594	2302999	0.0	0.0	0.0
2025-10-21 00:00:00+08:00	250.59928209264774	250.59928209264774	247.03672766187253	247.1343231201172	2660280	0.0	0.0	0.0
2025-10-22 00:00:00+08:00	244.45020275988205	245.5238570554222	243.37656335759053	245.18223571777344	3234254	0.0	0.0	0.0
2025-10-23 00:00:00+08:00	241.86368521532887	243.4741517184433	241.47325871321902	242.9861297607422	1762699	0.0	0.0	0.0
2025-10-27 00:00:00+08:00	249.62323767102683	250.01364928975246	248.74480408226987	249.6720428466797	2892105	0.0	0.0	0.0
2025-10-28 00:00:00+08:00	249.42802449195182	249.67203546975782	247.76875282152056	248.15916442871094	1978881	0.0	0.0	0.0
2025-10-29 00:00:00+08:00	250.55049026589842	254.01543432382437	250.55049026589842	253.77142333984375	3134861	0.0	0.0	0.0
2025-10-30 00:00:00+08:00	254.30823559000228	255.57711057859973	251.96573610108774	253.77142333984375	2994465	0.0	0.0	0.0
2025-10-31 00:00:00+08:00	254.1130446854128	255.52829052066173	254.1130446854128	254.94268798828125	2018517	0.0	0.0	0.0
2025-11-03 00:00:00+08:00	254.40585392190386	255.82112958798913	251.81934336786685	252.55137634277344	3494256	0.0	0.0	0.0
2025-11-04 00:00:00+08:00	255.08909713886408	255.67472947729604	251.08731091049341	251.18492126464844	3121348	0.0	0.0	0.0
2025-11-05 00:00:00+08:00	246.93911743310593	248.25678271267688	244.59661792858935	247.52474975585938	3968712	0.0	0.0	0.0
2025-11-06 00:00:00+08:00	248.11035927463368	249.81843611941434	248.11035927463368	248.7447967529297	1929551	0.0	0.0	0.0
2025-11-07 00:00:00+08:00	246.54870617542431	246.54870617542431	244.74301892199054	245.4750518798828	3084783	0.0	0.0	0.0
2025-11-10 00:00:00+08:00	246.98791452610251	249.81843590920084	246.6950983743083	249.72084045410156	1261320	0.0	0.0	0.0
2025-11-11 00:00:00+08:00	251.08730418840514	251.62411644213907	247.47594458008848	247.52474975585938	1817470	0.0	0.0	0.0
2025-11-12 00:00:00+08:00	248.15917187988697	249.37922680555013	246.89031177854756	249.18402099609375	702267	0.0	0.0	0.0
2025-11-13 00:00:00+08:00	247.524749635471	248.25678259193248	246.79271667900952	248.0127716064453	1385257	0.0	0.0	0.0
2025-11-14 00:00:00+08:00	242.3517149656597	243.66936535787184	242.10770397896314	242.5469207763672	5021929	0.0	0.0	0.0
2025-11-17 00:00:00+08:00	34.907519742574586	35.14455324984391	34.71928024291992	34.71928024291992	27624828	0.0	0.0	0.0
2025-11-18 00:00:00+08:00	34.55892310920474	34.57287063644519	33.91055670475451	34.203369140625	73889823	0.0	0.0	0.0
2025-11-19 00:00:00+08:00	34.203369140625	34.203369140625	34.203369140625	34.203369140625	0	0.0	0.0	0.0
2025-11-20 00:00:00+08:00	34.203369140625	34.203369140625	34.203369140625	34.203369140625	0	0.0	0.0	0.0
2025-11-21 00:00:00+08:00	34.203369140625	34.203369140625	34.203369140625	34.203369140625	0	0.0	0.0	0.0
2025-11-24 00:00:00+08:00	34.203369140625	34.203369140625	34.203369140625	34.203369140625	0	0.0	0.0	0.0
2025-11-25 00:00:00+08:00	34.203369140625	34.203369140625	34.203369140625	34.203369140625	0	0.0	0.0	0.0
2025-11-26 00:00:00+08:00	34.53243478927247	34.551956114389164	34.3567465865343	34.503150939941406	268979988	0.0	0.0	0.0
2025-11-27 00:00:00+08:00	34.94237295069079	35.02045825451832	34.66908183391889	34.82524871826172	103460792	0.0	0.0	0.0
2025-11-28 00:00:00+08:00	34.8935690938531	35.21566536498611	34.854526444628746	35.1473388671875	57584678	0.0	0.0	0.0
2025-12-01 00:00:00+08:00	34.94237072399171	34.952133248004145	34.50315022623171	34.51291275024414	100726355	0.0	0.0	0.0
2025-12-02 00:00:00+08:00	34.79596634541612	34.94237069567616	34.542192847666215	34.56171417236328	33696262	0.0	0.0	0.0
2025-12-03 00:00:00+08:00	34.96189197939204	35.07901620412519	34.8447677546589	34.95213317871094	27943507	0.0	0.0	0.0
2025-12-04 00:00:00+08:00	35.030217055840644	35.05949718311986	34.73740461311186	34.82524871826172	27507858	0.0	0.0	0.0
2025-12-05 00:00:00+08:00	34.913093434481766	35.25470733642578	34.913093434481766	35.25470733642578	26238857	0.0	0.0	0.0
2025-12-08 00:00:00+08:00	35.52800200983113	35.93793869018555	35.469438031218104	35.93793869018555	42816532	0.0	0.0	0.0
2025-12-09 00:00:00+08:00	36.11362693464646	36.11362693464646	35.840335814168526	35.889137268066406	45296011	0.0	0.0	0.0
2025-12-10 00:00:00+08:00	35.9379386548203	36.22099229953634	35.90865852719873	36.133148193359375	36709500	0.0	0.0	0.0
2025-12-11 00:00:00+08:00	36.38691575135925	36.38691575135925	35.56703871852204	35.67440414428711	80750270	0.0	0.0	0.0
2025-12-12 00:00:00+08:00	35.83057177014244	35.850093095536316	35.576801986646245	35.76224899291992	41914442	0.0	0.0	0.0
2025-12-15 00:00:00+08:00	35.049736741709296	35.225424943788006	35.02045661580019	35.18638229370117	47407260	0.0	0.0	0.0
2025-12-16 00:00:00+08:00	34.85452735410339	34.89357000434651	34.53243479787785	34.79596710205078	90601143	0.0	0.0	0.0
2025-12-17 00:00:00+08:00	34.786203793302086	34.9326118667558	34.59099426980113	34.61051559448242	36052123	0.0	0.0	0.0
2025-12-18 00:00:00+08:00	34.43482747937588	34.68860097753766	34.37626722850162	34.464111328125	50984643	0.0	0.0	0.0
2025-12-19 00:00:00+08:00	34.90332952156906	35.00093614918001	34.756925165120826	34.78620529174805	23922947	0.0	0.0	0.0
2025-12-22 00:00:00+08:00	35.332789569716645	35.430392469411345	35.23518294670998	35.34254837036133	26216425	0.0	0.0	0.0
2025-12-23 00:00:00+08:00	35.4889563960892	35.63536074543685	35.4889563960892	35.5865592956543	27550977	0.0	0.0	0.0
2025-12-24 00:00:00+08:00	35.80129089503783	35.81104969587464	35.61584389264218	35.67440414428711	18392468	0.0	0.0	0.0
2025-12-26 00:00:00+08:00	35.918415815735955	36.02578124357578	35.82081291223363	36.00625991821289	25951381	0.0	0.0	0.0
2025-12-29 00:00:00+08:00	36.113624527319246	36.552845029746344	36.113624527319246	36.50404357910156	34559292	0.0	0.0	0.0
2025-12-30 00:00:00+08:00	36.328355349780274	36.562603802017236	36.191709798756705	36.5528450012207	29143301	0.0	0.0	0.0
2025-12-31 00:00:00+08:00	36.41620008058579	37.06038892035681	36.396678755342776	36.982303619384766	61929167	0.0	0.0	0.0
2026-01-02 00:00:00+08:00	37.17751518357429	37.85098418641901	37.031107097893475	37.83146286010742	45988206	0.0	0.0	0.0
2026-01-05 00:00:00+08:00	38.79774841751445	39.89091663857482	38.74894696290959	39.43217849731445	99878705	0.0	0.0	0.0
2026-01-06 00:00:00+08:00	39.30529147015549	40.11540603637695	39.236968689509546	40.11540603637695	76301560	0.0	0.0	0.0
2026-01-07 00:00:00+08:00	40.11540463838693	40.12516716288887	39.66642531741378	39.793312072753906	70474557	0.0	0.0	0.0
2026-01-08 00:00:00+08:00	39.62738112490291	39.98852005118669	39.43217532220165	39.86163330078125	52059821	0.0	0.0	0.0
2026-01-09 00:00:00+08:00	39.4809790794148	39.95923853661035	39.061279877126005	39.68594741821289	61393312	0.0	0.0	0.0
2026-01-12 00:00:00+08:00	40.06660471119385	40.09588856250238	39.851877567034315	39.92020034790039	37101310	0.0	0.0	0.0
2026-01-13 00:00:00+08:00	40.3398964075696	40.53510221004933	40.03732145642678	40.252052307128906	66385933	0.0	0.0	0.0
2026-01-14 00:00:00+08:00	40.38870081283376	40.55462650174227	40.33989935864375	40.35941696166992	49871428	0.0	0.0	0.0
2026-01-15 00:00:00+08:00	40.17397001549303	40.183728817022896	39.900678892909255	40.11540603637695	57497834	0.0	0.0	0.0
2026-01-16 00:00:00+08:00	40.96456521698743	41.081689446870406	40.47654324861089	41.06216812133789	63385787	0.0	0.0	0.0
2026-01-19 00:00:00+08:00	40.80839748647046	41.67707597636621	40.64246808455452	41.462345123291016	72470122	0.0	0.0	0.0
2026-01-20 00:00:00+08:00	41.08168780090755	41.61851119995117	40.99384370118682	41.61851119995117	66404994	0.0	0.0	0.0
2026-01-21 00:00:00+08:00	41.10121154785156	41.4721092933428	40.99384611705314	41.10121154785156	76726433	0.0	0.0	0.0
2026-01-22 00:00:00+08:00	41.491625993856914	41.67707672422672	41.35498043883418	41.40378189086914	36097770	0.0	0.0	0.0
2026-01-23 00:00:00+08:00	41.64779362082725	41.85276568034727	41.40378263296682	41.78444290161133	26642590	0.0	0.0	0.0
2026-01-26 00:00:00+08:00	41.872287690447145	42.08701483142108	41.794202385865894	41.823482513427734	44643508	0.0	0.0	0.0
2026-01-27 00:00:00+08:00	41.90156615208835	42.48719101991548	41.86252350134998	42.379825592041016	33213485	0.0	0.0	0.0
2026-01-28 00:00:00+08:00	42.77024374702859	43.180184124475694	42.74096362125094	43.1704216003418	37582148	0.0	0.0	0.0
2026-01-29 00:00:00+08:00	43.38515403978516	43.42419669112597	42.76048651158083	42.906890869140625	67906388	0.0	0.0	0.0
2026-01-30 00:00:00+08:00	42.45791017339597	42.49695282347215	42.06749111925832	42.24317932128906	73705760	0.0	0.0	0.0
2026-02-02 00:00:00+08:00	41.67707675591381	41.70635688249462	41.198813589658506	41.50138854980469	76978895	0.0	0.0	0.0
2026-02-03 00:00:00+08:00	42.42863079683617	42.506712375055486	42.02845293476786	42.331024169921875	34335670	0.0	0.0	0.0
2026-02-04 00:00:00+08:00	42.038210998241446	42.5652756043949	41.99916834816074	42.38958740234375	21599788	0.0	0.0	0.0
2026-02-05 00:00:00+08:00	41.8527656495424	41.98941120691371	41.73563769467082	41.83324432373047	39708300	0.0	0.0	0.0
2026-02-06 00:00:00+08:00	41.3452223492403	41.96013108073635	41.08169003574199	41.68683624267578	34181027	0.0	0.0	0.0
2026-02-09 00:00:00+08:00	42.9654533825364	43.04353495924602	42.78000637995303	42.82880783081055	49463558	0.0	0.0	0.0
2026-02-10 00:00:00+08:00	43.287547967014994	43.8829353760114	43.287547967014994	43.87317657470703	49312845	0.0	0.0	0.0
2026-02-11 00:00:00+08:00	44.117185761372724	45.08346715345388	44.117185761372724	44.96634292602539	69805204	0.0	0.0	0.0
2026-02-23 00:00:00+08:00	45.5910120409776	45.5910120409776	44.70281219482422	44.70281219482422	92559249	0.0	0.0	0.0
2026-02-24 00:00:00+08:00	45.05418973134023	46.30352482772149	45.02490960355389	46.14735794067383	52995399	0.0	0.0	0.0
2026-02-25 00:00:00+08:00	47.6797464347284	47.6797464347284	46.75250764208137	47.22100830078125	82268745	0.0	0.0	0.0
2026-02-26 00:00:00+08:00	47.3381293974984	47.416214697096414	46.94771034613237	47.26004409790039	60622883	0.0	0.0	0.0
2026-03-02 00:00:00+08:00	46.06927475284515	47.09412014607662	46.04975342723067	46.752506256103516	79174892	0.0	0.0	0.0
2026-03-03 00:00:00+08:00	46.586576334760245	46.840349841629504	45.67885518194349	45.68861770629883	105192914	0.0	0.0	0.0
2026-03-04 00:00:00+08:00	44.58568907195485	44.70281330641714	43.668209075927734	43.668209075927734	158129137	0.0	0.0	0.0
2026-03-05 00:00:00+08:00	45.17131281329679	45.776462743064904	44.56616660684085	44.75161361694336	89208680	0.0	0.0	0.0
2026-03-06 00:00:00+08:00	44.31239688003271	44.81993645821331	44.2635917038161	44.50760269165039	43487000	0.0	0.0	0.0
2026-03-09 00:00:00+08:00	41.98940957588309	42.41886755712714	41.55995159463903	42.34078598022461	120686040	0.0	0.0	0.0
2026-03-10 00:00:00+08:00	44.01958027741583	44.13670823119412	42.8776106529186	43.49251937866211	75319890	0.0	0.0	0.0
2026-03-11 00:00:00+08:00	44.13670773318139	45.54220965285269	44.13670773318139	45.34700012207031	50707849	0.0	0.0	0.0
2026-03-12 00:00:00+08:00	44.88826302130527	45.16155413659148	44.488085149645244	44.5564079284668	44751562	0.0	0.0	0.0
2026-03-13 00:00:00+08:00	43.7267683675396	44.54664543732588	43.638924262801346	44.21479034423828	40901024	0.0	0.0	0.0
2026-03-16 00:00:00+08:00	44.409998349807665	44.62472920361825	43.88293373953373	44.0879020690918	39673741	0.0	0.0	0.0
2026-03-17 00:00:00+08:00	44.58568572998047	44.800416579826155	44.45879898022511	44.58568572998047	25587020	0.0	0.0	0.0
2026-03-18 00:00:00+08:00	45.30795827617437	45.51293033495898	45.10298994070194	45.337242126464844	34891527	0.0	0.0	0.0
2026-03-19 00:00:00+08:00	44.61496896158562	44.7711358478058	44.410000621542665	44.44904327392578	38137426	0.0	0.0	0.0
2026-03-20 00:00:00+08:00	44.556407180455565	44.64425128365315	44.019580036852474	44.17574691772461	28834882	0.0	0.0	0.0
2026-03-23 00:00:00+08:00	42.94593423323285	43.277789328513045	42.82881000057873	43.04353713989258	63989357	0.0	0.0	0.0
2026-03-24 00:00:00+08:00	43.84389061466476	43.85365313881163	42.7507224788734	43.072818756103516	37259138	0.0	0.0	0.0
2026-03-25 00:00:00+08:00	44.078142611452755	44.36119623756561	43.83413163514415	44.00006103515625	43642393	0.0	0.0	0.0
2026-03-26 00:00:00+08:00	44.1269463962964	44.400241236071054	43.78533250071834	43.82437515258789	23104898	0.0	0.0	0.0
2026-03-27 00:00:00+08:00	42.96545549303331	43.48275759949491	42.945934167069	43.433956146240234	29825190	0.0	0.0	0.0
2026-03-30 00:00:00+08:00	42.36030873409554	42.69216382457692	42.28222343124713	42.614078521728516	45194906	0.0	0.0	0.0
2026-03-31 00:00:00+08:00	42.26270153808023	42.40910961729911	41.72587811979789	41.7942008972168	54068405	0.0	0.0	0.0
2026-04-01 00:00:00+08:00	43.355868499797765	43.72676622645515	43.18018402223586	43.658443450927734	42576750	0.0	0.0	0.0
2026-04-02 00:00:00+08:00	43.9902995075698	43.9902995075698	42.68240049599515	42.77024459838867	32033296	0.0	0.0	0.0
2026-04-07 00:00:00+08:00	43.44371572162956	43.638925261438665	43.20946725250845	43.472999572753906	21072827	0.0	0.0	0.0
2026-04-08 00:00:00+08:00	45.415323583897504	45.8838242308497	45.24939790038434	45.82526397705078	90538636	0.0	0.0	0.0
2026-04-09 00:00:00+08:00	45.87406546020295	45.87406546020295	45.581253021076854	45.77646255493164	37982759	0.0	0.0	0.0
2026-04-10 00:00:00+08:00	46.410889321154215	46.79154586791992	46.332807740867196	46.79154586791992	64798351	0.0	0.0	0.0
2026-04-13 00:00:00+08:00	46.73298415488034	46.87938850959093	46.52801210098617	46.713462829589844	33984849	0.0	0.0	0.0
2026-04-14 00:00:00+08:00	47.57238449156113	48.23609096230276	47.42597640748868	48.148250579833984	51374021	0.0	0.0	0.0
2026-04-15 00:00:00+08:00	48.80219647529577	49.436626518799464	48.60698694473217	48.997406005859375	44995587	0.0	0.0	0.0
2026-04-16 00:00:00+08:00	49.290218326332074	49.48542785644531	48.85099781440531	49.48542785644531	42596581	0.0	0.0	0.0
2026-04-17 00:00:00+08:00	49.09500890716966	49.09500890716966	48.78267514760746	48.85099792480469	66727892	0.0	0.0	0.0
2026-04-20 00:00:00+08:00	49.5	49.5	49.150001525878906	49.20000076293945	52854905	1.199	0.0	0.0
2026-04-21 00:00:00+08:00	49.720001220703125	50.0	49.400001525878906	49.939998626708984	34781556	0.0	0.0	0.0
2026-04-22 00:00:00+08:00	49.880001068115234	50.29999923706055	49.79999923706055	50.25	40141111	0.0	0.0	0.0
2026-04-23 00:00:00+08:00	51.099998474121094	51.79999923706055	49.540000915527344	50.349998474121094	72155427	0.0	0.0	0.0
2026-04-24 00:00:00+08:00	51.150001525878906	52.70000076293945	51.150001525878906	52.70000076293945	70300987	0.0	0.0	0.0
2026-04-27 00:00:00+08:00	55.0	55.54999923706055	54.54999923706055	54.849998474121094	99596759	0.0	0.0	0.0
2026-04-28 00:00:00+08:00	54.29999923706055	54.95000076293945	53.79999923706055	53.79999923706055	70111885	0.0	0.0	0.0
2026-04-29 00:00:00+08:00					52041722	0.0	0.0	0.0
