Date	Open	High	Low	Close	Volume	Dividends	Stock Splits	Capital Gains
2021-05-03 00:00:00+08:00	17.67172017161308	17.87253497407146	17.62151527404785	17.62151527404785	300000	0.0	0.0	0.0
2021-05-04 00:00:00+08:00	17.61314903951121	17.654986457114273	17.077642861666416	17.236621856689453	1013050	0.0	0.0	0.0
2021-05-05 00:00:00+08:00	17.236620613666933	17.654985183921305	17.228253130749746	17.571311950683594	178100	0.0	0.0	0.0
2021-05-06 00:00:00+08:00	17.571311972416805	17.7553918090201	17.571311972416805	17.62151527404785	167000	0.0	0.0	0.0
2021-05-07 00:00:00+08:00	17.696823569202497	17.830700123425725	17.68008860094099	17.813966751098633	304235	0.0	0.0	0.0
2021-05-10 00:00:00+08:00	17.822329912693966	18.416408427615323	17.822329912693966	18.399673461914062	2362100	0.0	0.0	0.0
2021-05-11 00:00:00+08:00	18.391305654302496	18.408040619708245	17.90600282907483	18.257429122924805	956137	0.0	0.0	0.0
2021-05-12 00:00:00+08:00	18.031511867950467	18.039879350648793	16.609073323851973	17.36212921142578	807065	0.0	0.0	0.0
2021-05-13 00:00:00+08:00	17.261720250060055	17.261720250060055	16.734581630897768	16.9688663482666	380000	0.0	0.0	0.0
2021-05-14 00:00:00+08:00	17.077640364982777	17.236619336763717	16.92702887549916	17.05253791809082	210070	0.0	0.0	0.0
2021-05-17 00:00:00+08:00	16.734582272741385	17.01070281640425	16.374788498527984	16.50029754638672	1190400	0.0	0.0	0.0
2021-05-18 00:00:00+08:00	16.759684395311922	17.236619725476302	16.676011166385834	17.203149795532227	458500	0.0	0.0	0.0
2021-05-19 00:00:00+08:00	17.362129132296577	17.362129132296577	17.18641678423497	17.303558349609375	331000	0.0	0.0	0.0
2021-05-20 00:00:00+08:00	17.303558237917436	17.303558237917436	17.161314225480623	17.286823272705078	175000	0.0	0.0	0.0
2021-05-21 00:00:00+08:00	17.596413906170124	17.61314727560125	17.311925878697224	17.40396499633789	171000	0.0	0.0	0.0
2021-05-24 00:00:00+08:00	17.337026841814286	17.420700073242188	17.278456058594998	17.420700073242188	71000	0.0	0.0	0.0
2021-05-25 00:00:00+08:00	17.487638618177833	17.63825011796393	17.46253776550293	17.46253776550293	289101	0.0	0.0	0.0
2021-05-26 00:00:00+08:00	17.48763687532762	17.57967758178711	17.48763687532762	17.57967758178711	109000	0.0	0.0	0.0
2021-05-27 00:00:00+08:00	17.529475831701575	17.529475831701575	17.35376188531945	17.479270935058594	133000	0.0	0.0	0.0
2021-05-28 00:00:00+08:00	17.49600622200314	17.680086058606438	17.479271256148063	17.62151527404785	175000	0.0	0.0	0.0
2021-05-31 00:00:00+08:00	17.62151386771803	17.822328654149867	17.62151386771803	17.788860321044922	336050	0.0	0.0	0.0
2021-06-01 00:00:00+08:00	17.78886228366278	17.822330620460235	17.721924014133638	17.797229766845703	56000	0.0	0.0	0.0
2021-06-02 00:00:00+08:00	17.813962819087095	17.947839343760243	17.813962819087095	17.889266967773438	225700	0.0	0.0	0.0
2021-06-03 00:00:00+08:00	17.906001932341095	17.947839343760243	17.864166116856012	17.889266967773438	114254	0.0	0.0	0.0
2021-06-04 00:00:00+08:00	17.73866048502075	17.788863792442086	17.68845558166504	17.68845558166504	95100	0.0	0.0	0.0
2021-06-07 00:00:00+08:00	17.805597063141757	17.805597063141757	17.496006572360024	17.721923828125	98097	0.0	0.0	0.0
2021-06-08 00:00:00+08:00	17.813964733211545	17.813964733211545	17.755392350931093	17.797229766845703	74000	0.0	0.0	0.0
2021-06-09 00:00:00+08:00	17.738656662343622	17.738656662343622	17.58804517660198	17.596412658691406	79000	0.0	0.0	0.0
2021-06-10 00:00:00+08:00	17.680088097772423	17.705190549450275	17.54621154735927	17.68845558166504	269000	0.0	0.0	0.0
2021-06-11 00:00:00+08:00	17.65498349078028	17.78886001274797	17.65498349078028	17.696819305419922	103000	0.0	0.0	0.0
2021-06-15 00:00:00+08:00	17.6968193352179	17.6968193352179	17.588045259411256	17.654983520507812	68042	0.0	0.0	0.0
2021-06-16 00:00:00+08:00	17.654985261361674	17.671720227269457	17.571312027756946	17.6298828125	41004	0.0	0.0	0.0
2021-06-17 00:00:00+08:00	17.57131380337952	17.57131380337952	17.429069770657648	17.562946319580078	151000	0.0	0.0	0.0
2021-06-18 00:00:00+08:00	17.571311850940575	17.654985083703316	17.44580279976355	17.46253776550293	104000	0.0	0.0	0.0
2021-06-21 00:00:00+08:00	17.48763826003239	17.81396370153055	17.30355842847164	17.36212921142578	155000	0.0	0.0	0.0
2021-06-22 00:00:00+08:00	17.454170148939408	17.51274093264444	17.378864399623176	17.395599365234375	187846	0.0	0.0	0.0
2021-06-23 00:00:00+08:00	17.487638683946653	17.646617667200346	17.487638683946653	17.613147735595703	177100	0.0	0.0	0.0
2021-06-24 00:00:00+08:00	17.696821323534955	17.7219237727418	17.571312269369162	17.71355628967285	99100	0.0	0.0	0.0
2021-06-25 00:00:00+08:00	17.738658870221116	17.880902891578014	17.713556420828407	17.780494689941406	128000	0.0	0.0	0.0
2021-06-28 00:00:00+08:00	17.780496814575617	17.86417005994874	17.76376184631411	17.813966751098633	76000	0.0	0.0	0.0
2021-06-29 00:00:00+08:00	17.84743299407603	17.84743299407603	17.738658905029297	17.738658905029297	63000	0.0	0.0	0.0
2021-06-30 00:00:00+08:00	17.738657023420476	17.822328654149867	17.721922058900976	17.788860321044922	74132	0.0	0.0	0.0
2021-07-01 00:00:00+08:00	17.7888602085543	17.7888602085543	17.71355446462681	17.772125244140625	70250	0.0	0.0	0.0
2021-07-02 00:00:00+08:00	17.77212704069034	17.77212704069034	17.73865870441379	17.75539207458496	37000	0.0	0.0	0.0
2021-07-05 00:00:00+08:00	17.755390504073834	17.88090114282823	17.738657135382773	17.80559539794922	74000	0.0	0.0	0.0
2021-07-06 00:00:00+08:00	17.80559542330068	17.906002019326273	17.80559542330068	17.855798721313477	155500	0.0	0.0	0.0
2021-07-07 00:00:00+08:00	17.855798721313477	17.906002019326273	17.755390529353814	17.855798721313477	141530	0.0	0.0	0.0
2021-07-08 00:00:00+08:00	17.90600419173702	18.073350666661415	17.90600419173702	17.98967742919922	239101	0.0	0.0	0.0
2021-07-09 00:00:00+08:00	17.981307764312504	17.981307764312504	17.813962905625157	17.855798721313477	272102	0.0	0.0	0.0
2021-07-12 00:00:00+08:00	17.95620575186625	18.374570302609833	17.95620575186625	18.1068172454834	382398	0.0	0.0	0.0
2021-07-13 00:00:00+08:00	18.240693774046616	18.26579622162751	18.08171639383661	18.1068172454834	122205	0.0	0.0	0.0
2021-07-14 00:00:00+08:00	18.182125291728703	18.31600183722287	18.148656953322313	18.307634353637695	178100	0.0	0.0	0.0
2021-07-15 00:00:00+08:00	18.30763101701346	18.441509134042224	18.30763101701346	18.424774169921875	106118	0.0	0.0	0.0
2021-07-16 00:00:00+08:00	18.42477483137734	18.73436369904802	18.366204050787434	18.70926284790039	181287	0.0	0.0	0.0
2021-07-19 00:00:00+08:00	18.667425436097545	18.78456859321144	18.667425436097545	18.70926284790039	179100	0.0	0.0	0.0
2021-07-20 00:00:00+08:00	18.575389445885694	18.575389445885694	18.416410446166992	18.416410446166992	433341	0.0	0.0	0.0
2021-07-21 00:00:00+08:00	18.5670201169991	18.5670201169991	18.408041133079116	18.474979400634766	159180	0.0	0.0	0.0
2021-07-22 00:00:00+08:00	18.575388050948916	18.759467892212893	18.575388050948916	18.684162139892578	107094	0.0	0.0	0.0
2021-07-23 00:00:00+08:00	18.759468098523286	18.82640636844037	18.6925298286062	18.80967140197754	172000	0.0	0.0	0.0
2021-07-26 00:00:00+08:00	18.868240419220133	19.361910712038114	18.725996409494037	18.784568786621094	1780290	0.0	0.0	0.0
2021-07-27 00:00:00+08:00	18.77620069293709	18.77620069293709	18.49171268274607	18.508447647094727	187000	0.0	0.0	0.0
2021-07-28 00:00:00+08:00	18.46660987114592	18.46660987114592	18.24069264470745	18.408039093017578	112040	0.0	0.0	0.0
2021-07-29 00:00:00+08:00	18.483346917497997	18.575387634031276	18.391306200964717	18.433143615722656	99001	0.0	0.0	0.0
2021-07-30 00:00:00+08:00	18.424776098951575	18.53355018525418	18.424776098951575	18.474979400634766	310040	0.0	0.0	0.0
2021-08-02 00:00:00+08:00	18.54191793266146	18.63395865033861	18.483347147206622	18.608856201171875	136600	0.0	0.0	0.0
2021-08-03 00:00:00+08:00	18.667427042172665	18.667427042172665	18.592121290382597	18.617223739624023	179200	0.0	0.0	0.0
2021-08-04 00:00:00+08:00	18.508447922717004	18.69252774549138	18.508447922717004	18.642324447631836	76000	0.0	0.0	0.0
2021-08-05 00:00:00+08:00	18.667425380106355	18.717630274119184	18.617222082027595	18.700895309448242	152100	0.0	0.0	0.0
2021-08-06 00:00:00+08:00	18.70926284790039	18.71763033026096	18.642324584949915	18.70926284790039	99416	0.0	0.0	0.0
2021-08-09 00:00:00+08:00	18.71763007952678	18.71763007952678	18.541916144176778	18.62558937072754	323500	0.0	0.0	0.0
2021-08-10 00:00:00+08:00	18.6255912227045	18.675794525253142	18.550285470914428	18.617223739624023	188000	0.0	0.0	0.0
2021-08-11 00:00:00+08:00	18.65905800965303	18.776201167117968	18.65905800965303	18.71763038635254	319350	0.0	0.0	0.0
2021-08-12 00:00:00+08:00	18.742732891052327	18.77620282354761	18.71763203761509	18.725997924804688	92113	0.0	0.0	0.0
2021-08-13 00:00:00+08:00	18.910077831453748	18.910077831453748	18.65905814585435	18.784568786621094	214100	0.0	0.0	0.0
2021-08-16 00:00:00+08:00	18.78456977254372	18.78456977254372	18.366205203853962	18.45824432373047	733298	0.0	0.0	0.0
2021-08-17 00:00:00+08:00	18.466610037992858	18.550283262903914	18.45824255590835	18.52518081665039	138300	0.0	0.0	0.0
2021-08-18 00:00:00+08:00	18.49171282092877	18.59211941590294	18.391304630020542	18.57538604736328	114200	0.0	0.0	0.0
2021-08-19 00:00:00+08:00	18.508447167584944	18.567017945353776	18.39130401611328	18.39130401611328	115000	0.0	0.0	0.0
2021-08-20 00:00:00+08:00	18.491714400449585	18.491714400449585	18.3243679332862	18.433143615722656	91264	0.0	0.0	0.0
2021-08-23 00:00:00+08:00	18.458244718779255	18.784570174576615	18.458244718779255	18.659059524536133	76250	0.0	0.0	0.0
2021-08-24 00:00:00+08:00	18.72599827545006	18.826406478881836	18.692529938262304	18.826406478881836	142209	0.0	0.0	0.0
2021-08-25 00:00:00+08:00	18.834772413029295	18.960281460045387	18.834772413029295	18.92681312561035	185294	0.0	0.0	0.0
2021-08-26 00:00:00+08:00	18.926813117280293	19.01885223388672	18.876608221748658	19.01885223388672	128200	0.0	0.0	0.0
2021-08-27 00:00:00+08:00	19.010485655687162	19.437217712402344	19.010485655687162	19.437217712402344	192428	0.0	0.0	0.0
2021-08-30 00:00:00+08:00	19.244771142758314	19.788644790649414	19.244771142758314	19.788644790649414	474200	0.0	0.0	0.0
2021-08-31 00:00:00+08:00	19.788642907496946	19.83884620666504	19.638031414058567	19.83884620666504	295200	0.0	0.0	0.0
2021-09-01 00:00:00+08:00	19.797012329101562	19.872318083196838	19.788644845764946	19.797012329101562	134325	0.0	0.0	0.0
2021-09-02 00:00:00+08:00	19.78864434167556	19.78864434167556	19.5794620513916	19.5794620513916	116070	0.0	0.0	0.0
2021-09-03 00:00:00+08:00	19.62129824248135	19.822113037109375	19.62129824248135	19.822113037109375	166020	0.0	0.0	0.0
2021-09-06 00:00:00+08:00	19.830482482910156	19.880685787553716	19.746809244548043	19.830482482910156	225210	0.0	0.0	0.0
2021-09-07 00:00:00+08:00	19.830480439899574	19.830480439899574	19.75517469272538	19.76354217529297	81000	0.0	0.0	0.0
2021-09-08 00:00:00+08:00	19.763541983013813	19.763541983013813	19.663133789113715	19.688236236572266	112250	0.0	0.0	0.0
2021-09-09 00:00:00+08:00	19.66313370182306	19.73007196548126	19.62966377202691	19.721704483032227	27000	0.0	0.0	0.0
2021-09-10 00:00:00+08:00	19.721706575006284	19.872318083196838	19.721706575006284	19.797012329101562	431000	0.0	0.0	0.0
2021-09-13 00:00:00+08:00	19.83048094438267	20.140069827588796	19.83048094438267	20.073131561279297	232135	0.0	0.0	0.0
2021-09-14 00:00:00+08:00	20.081499399078396	20.248845865777724	20.081499399078396	20.173540115356445	87600	0.0	0.0	0.0
2021-09-15 00:00:00+08:00	20.181907653808594	20.181907653808594	19.997826220746056	20.181907653808594	124224	0.0	0.0	0.0
2021-09-16 00:00:00+08:00	20.290681616782525	20.382722332753467	20.19027341791112	20.257211685180664	173001	0.0	0.0	0.0
2021-09-17 00:00:00+08:00	20.26557698121327	20.26557698121327	20.031293869018555	20.031293869018555	162205	0.0	0.0	0.0
2021-09-22 00:00:00+08:00	19.64639865638635	19.721704402184884	19.495787164789288	19.66313362121582	317265	0.0	0.0	0.0
2021-09-23 00:00:00+08:00	19.679868937523963	19.87231624869769	19.679868937523963	19.855581283569336	108787	0.0	0.0	0.0
2021-09-24 00:00:00+08:00	19.914153923289504	19.95599134001322	19.84721565246582	19.84721565246582	101500	0.0	0.0	0.0
2021-09-27 00:00:00+08:00	19.880683978000143	19.955989726078236	19.855581529996066	19.939254760742188	212704	0.0	0.0	0.0
2021-09-28 00:00:00+08:00	19.92251988375835	19.92251988375835	19.797010835049633	19.905786514282227	116200	0.0	0.0	0.0
2021-09-29 00:00:00+08:00	19.83048004621597	19.83048004621597	19.671501072456113	19.70496940612793	267408	0.0	0.0	0.0
2021-09-30 00:00:00+08:00	19.704971608333054	19.813747295774792	19.704971608333054	19.797012329101562	84001	0.0	0.0	0.0
2021-10-01 00:00:00+08:00	19.797011824799025	19.797011824799025	19.462320479531538	19.5794620513916	218250	0.0	0.0	0.0
2021-10-04 00:00:00+08:00	19.579462141645557	19.6129320742937	19.44558560292144	19.54599380493164	128822	0.0	0.0	0.0
2021-10-05 00:00:00+08:00	19.504157784519094	19.504157784519094	19.253139655436193	19.42048454284668	145000	0.0	0.0	0.0
2021-10-06 00:00:00+08:00	19.420482857169095	19.56272687688526	19.395382004000137	19.45395278930664	73218	0.0	0.0	0.0
2021-10-07 00:00:00+08:00	19.495787275815786	19.721704514497958	19.495787275815786	19.679868698120117	127218	0.0	0.0	0.0
2021-10-08 00:00:00+08:00	19.830482056895878	19.830482056895878	19.646400617266952	19.6715030670166	219431	0.0	0.0	0.0
2021-10-12 00:00:00+08:00	19.587829458368475	19.587829458368475	19.328443866286296	19.520891189575195	179237	0.0	0.0	0.0
2021-10-13 00:00:00+08:00	19.52088950655706	19.62129769905727	19.52088950655706	19.554359436035156	122150	0.0	0.0	0.0
2021-10-14 00:00:00+08:00	19.57109445756344	19.62129935602024	19.529258638116982	19.562726974487305	68388	0.0	0.0	0.0
2021-10-15 00:00:00+08:00	19.671501072456113	19.70496940612793	19.62966366044874	19.70496940612793	67538	0.0	0.0	0.0
2021-10-18 00:00:00+08:00	19.872316495332118	19.939254760742188	19.797010747254024	19.939254760742188	186130	0.0	0.0	0.0
2021-10-19 00:00:00+08:00	19.93925484916862	19.98945814946528	19.905786514282227	19.905786514282227	163757	0.0	0.0	0.0
2021-10-20 00:00:00+08:00	19.947622108040683	19.947622108040683	19.872316360473633	19.872316360473633	150392	0.0	0.0	0.0
2021-10-21 00:00:00+08:00	19.88068216043538	20.014558679016037	19.88068216043538	19.99782371520996	55291	0.0	0.0	0.0
2021-10-22 00:00:00+08:00	19.99782747493126	19.99782747493126	19.880685898133308	19.989459991455078	50000	0.0	0.0	0.0
2021-10-25 00:00:00+08:00	19.98945623330692	19.99782371520996	19.914150492113553	19.99782371520996	64069	0.0	0.0	0.0
2021-10-26 00:00:00+08:00	20.03966140539255	20.13170051574707	20.03966140539255	20.13170051574707	184000	0.0	0.0	0.0
2021-10-27 00:00:00+08:00	20.12333342359208	20.282312393188477	20.0982325729791	20.282312393188477	136029	0.0	0.0	0.0
2021-10-28 00:00:00+08:00	20.28231200024321	20.28231200024321	20.12333303372684	20.13170051574707	129200	0.0	0.0	0.0
2021-10-29 00:00:00+08:00	20.10660143661335	20.10660143661335	19.92252000782236	20.06476402282715	158156	0.0	0.0	0.0
2021-11-01 00:00:00+08:00	20.073129683072178	20.165170389110965	20.0145589050235	20.031293869018555	209200	0.0	0.0	0.0
2021-11-02 00:00:00+08:00	20.039661124725157	20.098231902112445	19.99782371520996	19.99782371520996	109800	0.0	0.0	0.0
2021-11-03 00:00:00+08:00	20.014560564791598	20.03129553017445	19.947622299194336	19.947622299194336	149000	0.0	0.0	0.0
2021-11-04 00:00:00+08:00	19.981090689856757	20.006193138001176	19.939254872216875	19.955989837646484	155103	0.0	0.0	0.0
2021-11-05 00:00:00+08:00	19.930887389502068	19.955989837646484	19.863949123717767	19.955989837646484	241265	0.0	0.0	0.0
2021-11-08 00:00:00+08:00	20.10660138077903	20.10660138077903	19.997825701171113	20.056396484375	236909	0.0	0.0	0.0
2021-11-09 00:00:00+08:00	20.08149906662841	20.123334884643555	20.039663248613262	20.123334884643555	448500	0.0	0.0	0.0
2021-11-10 00:00:00+08:00	20.11496914233572	20.131702512101533	20.08149921093576	20.098234176635742	974774	0.0	0.0	0.0
2021-11-11 00:00:00+08:00	20.098236046688065	20.181909287039222	20.098236046688065	20.140071868896484	302785	0.0	0.0	0.0
2021-11-12 00:00:00+08:00	20.140070336999866	20.290681838989258	20.140070336999866	20.290681838989258	462200	0.0	0.0	0.0
2021-11-15 00:00:00+08:00	20.33251604780952	20.583535729890745	20.33251604780952	20.474760055541992	1326150	0.0	0.0	0.0
2021-11-16 00:00:00+08:00	20.533334400132	20.533334400132	20.441293681619307	20.483129501342773	1001300	0.0	0.0	0.0
2021-11-17 00:00:00+08:00	20.550067181596955	21.010269165039062	20.541699698705187	21.010269165039062	1998490	0.0	0.0	0.0
2021-11-18 00:00:00+08:00	21.052103293509152	21.25291807898769	20.94332921651688	21.13577651977539	3693330	0.0	0.0	0.0
2021-11-19 00:00:00+08:00	21.316868136015813	21.316868136015813	20.756352094691128	20.859832763671875	4925695	0.75	0.0	0.0
2021-11-22 00:00:00+08:00	20.859831028490706	20.859831028490706	20.67011675860189	20.739103317260742	1577000	0.0	0.0	0.0
2021-11-23 00:00:00+08:00	20.756353347515994	20.799470980847758	20.62700373705977	20.721860885620117	954200	0.0	0.0	0.0
2021-11-24 00:00:00+08:00	20.721858940217263	20.920195100614645	20.721858940217263	20.833961486816406	780700	0.0	0.0	0.0
2021-11-25 00:00:00+08:00	20.859830960131177	20.859830960131177	20.695987267064844	20.816713333129883	856337	0.0	0.0	0.0
2021-11-26 00:00:00+08:00	20.816713875655466	20.816713875655466	20.489028125751943	20.506275177001953	2435400	0.0	0.0	0.0
2021-11-29 00:00:00+08:00	20.333808093895037	20.42866523165318	20.221705549537607	20.351055145263672	1400976	0.0	0.0	0.0
2021-11-30 00:00:00+08:00	20.35967877644432	20.437288863235974	20.230327535278654	20.307937622070312	1218225	0.0	0.0	0.0
2021-12-01 00:00:00+08:00	20.29069200520448	20.540767669677734	20.26482142828545	20.540767669677734	515474	0.0	0.0	0.0
2021-12-02 00:00:00+08:00	20.43728751711864	20.52351947919021	20.376922840991597	20.48902702331543	369000	0.0	0.0	0.0
2021-12-03 00:00:00+08:00	20.53214520408964	20.730483014503474	20.53214520408964	20.67011833190918	453625	0.0	0.0	0.0
2021-12-06 00:00:00+08:00	20.670119725622	20.747729820849642	20.566640695164836	20.721860885620117	557590	0.0	0.0	0.0
2021-12-07 00:00:00+08:00	20.721857340781195	20.868453979492188	20.652870784021275	20.868453979492188	900200	0.0	0.0	0.0
2021-12-08 00:00:00+08:00	20.954685875756024	20.954685875756024	20.85983038849117	20.946063995361328	957434	0.0	0.0	0.0
2021-12-09 00:00:00+08:00	20.94606513269986	20.997804641723633	20.92881808143549	20.997804641723633	640735	0.0	0.0	0.0
2021-12-10 00:00:00+08:00	20.997805044352226	21.015052095947304	20.95468741536453	20.989181518554688	558081	0.0	0.0	0.0
2021-12-13 00:00:00+08:00	21.040922240928154	21.10990880651404	20.954688622753434	20.96331214904785	756373	0.0	0.0	0.0
2021-12-14 00:00:00+08:00	20.902948121482485	20.902948121482485	20.74772794506056	20.756351470947266	751439	0.0	0.0	0.0
2021-12-15 00:00:00+08:00	20.756350300097363	20.8339603839304	20.739103249296846	20.816713333129883	231200	0.0	0.0	0.0
2021-12-16 00:00:00+08:00	20.86845599376501	20.86845599376501	20.782222378299323	20.82533836364746	357598	0.0	0.0	0.0
2021-12-17 00:00:00+08:00	20.825336287835405	20.989179976411787	20.825336287835405	20.946063995361328	594391	0.0	0.0	0.0
2021-12-20 00:00:00+08:00	20.980558136842596	20.980558136842596	20.790845502301977	20.833961486816406	496750	0.0	0.0	0.0
2021-12-21 00:00:00+08:00	20.833961816340747	20.920195431502915	20.76497525316489	20.9029483795166	297627	0.0	0.0	0.0
2021-12-22 00:00:00+08:00	20.911571205479046	20.928818256888004	20.868455221726006	20.877077102661133	252072	0.0	0.0	0.0
2021-12-23 00:00:00+08:00	20.894323751368354	20.92881785352145	20.868454819522846	20.885700225830078	493000	0.0	0.0	0.0
2021-12-24 00:00:00+08:00	20.86845391365511	20.997803501575728	20.86845391365511	20.946063995361328	523000	0.0	0.0	0.0
2021-12-27 00:00:00+08:00	20.946066665559986	21.040922164916992	20.946066665559986	21.040922164916992	626481	0.0	0.0	0.0
2021-12-28 00:00:00+08:00	21.05816903448881	21.161649703979492	21.05816903448881	21.161649703979492	625000	0.0	0.0	0.0
2021-12-29 00:00:00+08:00	21.213389099677716	21.351362228393555	21.213389099677716	21.351362228393555	916650	0.0	0.0	0.0
2021-12-30 00:00:00+08:00	21.3686081774899	21.385853584111985	21.29962161669351	21.33411407470703	442985	0.0	0.0	0.0
2022-01-03 00:00:00+08:00	21.385855949019817	21.394479475669147	21.187519770393806	21.213390350341797	1058649	0.0	0.0	0.0
2022-01-04 00:00:00+08:00	21.273751513332183	21.273751513332183	21.2047649509996	21.247880935668945	668773	0.0	0.0	0.0
2022-01-05 00:00:00+08:00	21.247881264967408	21.31686782836914	21.222012331672637	21.31686782836914	440640	0.0	0.0	0.0
2022-01-06 00:00:00+08:00	21.316865417107167	21.44621664802706	21.26512591160074	21.368606567382812	789186	0.0	0.0	0.0
2022-01-07 00:00:00+08:00	21.44621845364847	21.627307560551998	21.44621845364847	21.558320999145508	1108303	0.0	0.0	0.0
2022-01-10 00:00:00+08:00	21.601436177064546	21.601436177064546	21.489333635751205	21.5755672454834	868329	0.0	0.0	0.0
2022-01-11 00:00:00+08:00	21.584192197422194	22.153331756591797	21.584192197422194	22.153331756591797	2890040	0.0	0.0	0.0
2022-01-12 00:00:00+08:00	22.144708558730645	22.36029177811896	21.98948837760795	22.222318649291992	2160758	0.0	0.0	0.0
2022-01-13 00:00:00+08:00	22.256808869644804	22.791455923630448	22.256808869644804	22.756961822509766	5033490	0.0	0.0	0.0
2022-01-14 00:00:00+08:00	22.774210155575265	22.825949665400667	22.29130422607631	22.506887435913086	4122400	0.0	0.0	0.0
2022-01-17 00:00:00+08:00	22.48964060021136	22.506887651908468	22.248186810760007	22.274057388305664	2559031	0.0	0.0	0.0
2022-01-18 00:00:00+08:00	22.28268037125947	22.489640052274254	22.25680979434412	22.43790054321289	1488447	0.0	0.0	0.0
2022-01-19 00:00:00+08:00	22.38615956502994	22.446524244972725	22.27405702038918	22.31717300415039	2067050	0.0	0.0	0.0
2022-01-20 00:00:00+08:00	22.30854998411702	22.30854998411702	22.08434326151437	22.265432357788086	1926100	0.0	0.0	0.0
2022-01-21 00:00:00+08:00	22.11883642640803	22.11883642640803	21.817019611513558	21.834266662597656	2514139	0.0	0.0	0.0
2022-01-24 00:00:00+08:00	21.713542016727814	21.920501708984375	21.506582324471253	21.920501708984375	3035052	0.0	0.0	0.0
2022-01-25 00:00:00+08:00	21.886006754634	21.886006754634	21.489334437739018	21.558320999145508	2763240	0.0	0.0	0.0
2022-01-26 00:00:00+08:00	21.60143574391698	21.808397061032018	21.60143574391698	21.696292877197266	1027126	0.0	0.0	0.0
2022-02-07 00:00:00+08:00	21.886007272884576	22.34304428100586	21.808398828637735	22.34304428100586	2151200	0.0	0.0	0.0
2022-02-08 00:00:00+08:00	22.420654080440887	22.67935327730745	22.343043992427038	22.653484344482422	1948501	0.0	0.0	0.0
2022-02-09 00:00:00+08:00	22.679353311280483	22.791457502921467	22.550003712653435	22.687976837158203	1321273	0.0	0.0	0.0
2022-02-10 00:00:00+08:00	22.722469396821836	22.722469396821836	22.515509724126282	22.644859313964844	825841	0.0	0.0	0.0
2022-02-11 00:00:00+08:00	22.59312174321963	22.687977240020103	22.550004113065402	22.679353713989258	632486	0.0	0.0	0.0
2022-02-14 00:00:00+08:00	22.550002278634814	22.550002278634814	22.351666130368145	22.45514678955078	1083893	0.0	0.0	0.0
2022-02-15 00:00:00+08:00	22.45514803168275	22.618990087695224	22.42927745426371	22.463769912719727	857712	0.0	0.0	0.0
2022-02-16 00:00:00+08:00	22.558626874566464	22.61898990996722	22.506887364904298	22.584497451782227	689202	0.0	0.0	0.0
2022-02-17 00:00:00+08:00	22.601742455766775	22.696599592431692	22.550002947026517	22.593120574951172	603201	0.0	0.0	0.0
2022-02-18 00:00:00+08:00	22.506887364904298	22.593120977520815	22.42065375228778	22.584497451782227	509399	0.0	0.0	0.0
2022-02-21 00:00:00+08:00	22.498264346457194	22.532756805419922	22.42065425782931	22.532756805419922	540575	0.0	0.0	0.0
2022-02-22 00:00:00+08:00	22.420654038192314	22.43790108988942	22.08434475394563	22.274057388305664	1634287	0.0	0.0	0.0
2022-02-23 00:00:00+08:00	22.274056217490713	22.35166630127881	22.20506965909788	22.33441925048828	392455	0.0	0.0	0.0
2022-02-24 00:00:00+08:00	22.19644722251922	22.19644722251922	21.79977490349453	21.860137939453125	1810652	0.0	0.0	0.0
2022-02-25 00:00:00+08:00	21.92912450123	21.998111063006878	21.601437099212813	21.860137939453125	1170571	0.0	0.0	0.0
2022-03-01 00:00:00+08:00	21.782528831825505	22.101591077609235	21.704918740738773	22.06709861755371	640250	0.0	0.0	0.0
2022-03-02 00:00:00+08:00	21.989487757535755	22.118837356567383	21.825644054885355	22.118837356567383	473050	0.0	0.0	0.0
2022-03-03 00:00:00+08:00	22.12745893750723	22.213692544204996	22.058472381102867	22.08434295654297	469292	0.0	0.0	0.0
2022-03-04 00:00:00+08:00	21.877385063128052	21.877385063128052	21.670423732346567	21.782527923583984	632418	0.0	0.0	0.0
2022-03-07 00:00:00+08:00	21.52382763445838	21.52382763445838	21.040921688046275	21.127155303955078	1750560	0.0	0.0	0.0
2022-03-08 00:00:00+08:00	20.73910471491362	20.997805560895696	20.695988729634642	20.79084587097168	1320190	0.0	0.0	0.0
2022-03-09 00:00:00+08:00	20.868454314325575	21.109906444474767	20.868454314325575	20.937440872192383	378621	0.0	0.0	0.0
2022-03-10 00:00:00+08:00	21.170270599729797	21.472087423191738	21.170270599729797	21.446218490600586	459845	0.0	0.0	0.0
2022-03-11 00:00:00+08:00	21.385855091973845	21.489335762849255	21.325492052617133	21.34273910522461	266079	0.0	0.0	0.0
2022-03-14 00:00:00+08:00	21.342736661312475	21.506580352783203	21.342736661312475	21.506580352783203	290070	0.0	0.0	0.0
2022-03-15 00:00:00+08:00	21.558320100506702	21.558320100506702	21.273750340970786	21.308242797851562	1588852	0.0	0.0	0.0
2022-03-16 00:00:00+08:00	21.377231424182703	21.644554138183594	21.377231424182703	21.644554138183594	523669	0.0	0.0	0.0
2022-03-17 00:00:00+08:00	22.04985156514123	22.16195576105293	21.963617947848252	22.06709861755371	1123624	0.0	0.0	0.0
2022-03-18 00:00:00+08:00	22.26543386245711	22.377538053718926	22.222317877983723	22.274057388305664	1187372	0.0	0.0	0.0
2022-03-21 00:00:00+08:00	22.377536877464607	22.44652343585744	22.33441925048828	22.33441925048828	871930	0.0	0.0	0.0
2022-03-22 00:00:00+08:00	22.33442068216391	22.44652487471915	22.274057645296967	22.420654296875	427097	0.0	0.0	0.0
2022-03-23 00:00:00+08:00	22.524135829727253	22.825951025669344	22.524135829727253	22.81732749938965	1402575	0.0	0.0	0.0
2022-03-24 00:00:00+08:00	22.808702974190787	22.808702974190787	22.636235758125927	22.756961822509766	452560	0.0	0.0	0.0
2022-03-25 00:00:00+08:00	22.782833133541477	22.79145665909992	22.610365911911185	22.670730590820312	578343	0.0	0.0	0.0
2022-03-28 00:00:00+08:00	22.54137935221293	22.670730590820312	22.42065328393332	22.670730590820312	360000	0.0	0.0	0.0
2022-03-29 00:00:00+08:00	22.66210629773856	22.817324818225675	22.66210629773856	22.722469329833984	454200	0.0	0.0	0.0
2022-03-30 00:00:00+08:00	22.748340351802355	22.963923568969726	22.748340351802355	22.946678161621094	853001	0.0	0.0	0.0
2022-03-31 00:00:00+08:00	22.938053688057856	23.282986492323595	22.938053688057856	23.26573944091797	994399	0.0	0.0	0.0
2022-04-01 00:00:00+08:00	23.162260317364616	23.369219998988914	23.024287196281747	23.308856964111328	740258	0.0	0.0	0.0
2022-04-06 00:00:00+08:00	23.308857013064124	23.86074949855466	23.308857013064124	23.83487892150879	1999944	0.0	0.0	0.0
2022-04-07 00:00:00+08:00	23.869373240549656	24.05046234720383	23.455453872680664	23.455453872680664	3724535	0.0	0.0	0.0
2022-04-08 00:00:00+08:00	23.567556065930642	23.99009895324707	23.46407540312469	23.99009895324707	1057542	0.0	0.0	0.0
2022-04-11 00:00:00+08:00	24.102203248183894	24.136695706092066	23.593426747075945	23.800386428833008	2221599	0.0	0.0	0.0
2022-04-12 00:00:00+08:00	23.72277692634921	23.72277692634921	23.46407608420975	23.52444076538086	1478935	0.0	0.0	0.0
2022-04-13 00:00:00+08:00	23.58480416545345	23.757269751436407	23.498570550077265	23.627920150756836	2520598	0.0	0.0	0.0
2022-04-14 00:00:00+08:00	23.696907021618596	23.696907021618596	23.153638033806637	23.17088508605957	1364235	0.0	0.0	0.0
2022-04-15 00:00:00+08:00	23.127766902652745	23.28298707968038	22.860444178199252	22.98979377746582	954888	0.0	0.0	0.0
2022-04-18 00:00:00+08:00	22.94667734394658	22.94667734394658	22.420653786476134	22.618989944458008	1414846	0.0	0.0	0.0
2022-04-19 00:00:00+08:00	22.61898873808942	22.7655853785116	22.61898873808942	22.644859313964844	420450	0.0	0.0	0.0
2022-04-20 00:00:00+08:00	22.679352803727394	22.739717483520508	22.524134275710285	22.739717483520508	606211	0.0	0.0	0.0
2022-04-21 00:00:00+08:00	22.748340318107374	22.756963844153628	22.558627679398082	22.567251205444336	540096	0.0	0.0	0.0
2022-04-22 00:00:00+08:00	22.489640500318934	22.808704376220703	22.403406886985806	22.808704376220703	674887	0.0	0.0	0.0
2022-04-25 00:00:00+08:00	22.506887364904298	22.601742858490045	22.35166719114844	22.584497451782227	808094	0.0	0.0	0.0
2022-04-26 00:00:00+08:00	22.506887656594397	22.834573415060753	22.472393553193005	22.765586853027344	764210	0.0	0.0	0.0
2022-04-27 00:00:00+08:00	22.4206538230245	22.506887435913086	22.29130422607631	22.506887435913086	1374410	0.0	0.0	0.0
2022-04-28 00:00:00+08:00	22.58449655264311	22.58449655264311	22.144706626100312	22.33441925048828	638258	0.0	0.0	0.0
2022-04-29 00:00:00+08:00	22.39478281078057	22.627613067626953	22.39478281078057	22.627613067626953	577572	0.0	0.0	0.0
2022-05-03 00:00:00+08:00	22.61899012554135	22.61899012554135	22.32579682671248	22.351667404174805	337297	0.0	0.0	0.0
2022-05-04 00:00:00+08:00	22.3947841215	22.412031173706055	22.360291661857318	22.412031173706055	232300	0.0	0.0	0.0
2022-05-05 00:00:00+08:00	22.506887690446604	22.584497778447094	22.118837250444148	22.161954879760742	806328	0.0	0.0	0.0
2022-05-06 00:00:00+08:00	21.989488390075188	21.989488390075188	21.57556900335961	21.730789184570312	828677	0.0	0.0	0.0
2022-05-09 00:00:00+08:00	21.497956007834755	21.497956007834755	21.040919052112702	21.066789627075195	1107569	0.0	0.0	0.0
2022-05-10 00:00:00+08:00	20.69598945641669	21.023675232444724	20.52352221970543	20.85120964050293	912288	0.0	0.0	0.0
2022-05-11 00:00:00+08:00	20.85120949676875	20.85120949676875	20.661495208740234	20.661495208740234	549096	0.0	0.0	0.0
2022-05-12 00:00:00+08:00	20.618378191298646	20.618378191298646	19.928512573242188	19.928512573242188	1401166	0.0	0.0	0.0
2022-05-13 00:00:00+08:00	19.937136133177447	20.092354663928706	19.75604538014691	19.96300506591797	642936	0.0	0.0	0.0
2022-05-16 00:00:00+08:00	20.00612273318919	20.075109295244214	19.6956823815569	19.850902557373047	623213	0.0	0.0	0.0
2022-05-17 00:00:00+08:00	19.902640961908574	19.902640961908574	19.76466784546447	19.833654403686523	245891	0.0	0.0	0.0
2022-05-18 00:00:00+08:00	19.988875648723745	20.471781582317483	19.85090252483982	20.45453453063965	915180	0.0	0.0	0.0
2022-05-19 00:00:00+08:00	20.083733593767732	20.083733593767732	19.661189034558838	19.945758819580078	444696	0.0	0.0	0.0
2022-05-20 00:00:00+08:00	19.980253251745197	20.109602857098302	19.963006199092924	20.014745712280273	396033	0.0	0.0	0.0
2022-05-23 00:00:00+08:00	20.01474370082758	20.109600836112605	19.79916049864838	20.057861328125	419592	0.0	0.0	0.0
2022-05-24 00:00:00+08:00	20.144094534104084	20.20445756634102	20.02336682486094	20.066484451293945	206751	0.0	0.0	0.0
2022-05-25 00:00:00+08:00	19.92851370650037	19.997500272229022	19.859527140771725	19.980253219604492	251150	0.0	0.0	0.0
2022-05-26 00:00:00+08:00	20.092353923493295	20.092353923493295	19.850901788042982	19.90264129638672	406005	0.0	0.0	0.0
2022-05-27 00:00:00+08:00	20.00612204899314	20.316560745239258	19.988874997876877	20.316560745239258	487202	0.0	0.0	0.0
2022-05-30 00:00:00+08:00	20.523520479329818	20.695987701416016	20.445910393867962	20.695987701416016	772964	0.0	0.0	0.0
2022-05-31 00:00:00+08:00	20.695987997175138	20.877077102661133	20.48902831457571	20.877077102661133	345945	0.0	0.0	0.0
2022-06-01 00:00:00+08:00	20.764975695449063	20.868456364801638	20.730483235511166	20.782222747802734	223110	0.0	0.0	0.0
2022-06-02 00:00:00+08:00	20.65287171827913	20.7132347525785	20.480404496192932	20.695987701416016	150154	0.0	0.0	0.0
2022-06-06 00:00:00+08:00	20.670118552273326	20.816715207740632	20.55801600151336	20.782222747802734	274475	0.0	0.0	0.0
2022-06-07 00:00:00+08:00	20.782222526243444	20.782222526243444	20.60975529408431	20.67011833190918	104405	0.0	0.0	0.0
2022-06-08 00:00:00+08:00	20.695987701416016	20.721858278159743	20.67874065025353	20.695987701416016	202595	0.0	0.0	0.0
2022-06-09 00:00:00+08:00	20.67873917239438	20.695986222324258	20.540766062493756	20.575260162353516	148441	0.0	0.0	0.0
2022-06-10 00:00:00+08:00	20.264821791694423	20.54939156382957	20.264821791694423	20.497652053833008	153976	0.0	0.0	0.0
2022-06-13 00:00:00+08:00	20.264820935907778	20.695987338799434	20.023367158171503	20.13547134399414	818156	0.0	0.0	0.0
2022-06-14 00:00:00+08:00	20.006122014259645	20.351054812139434	20.006122014259645	20.282068252563477	239084	0.0	0.0	0.0
2022-06-15 00:00:00+08:00	20.2217057252113	20.282068760756573	20.13547211238833	20.230327606201172	1022952	0.0	0.0	0.0
2022-06-16 00:00:00+08:00	20.39417005331459	20.60112972451498	20.135470875506414	20.221704483032227	1027507	0.0	0.0	0.0
2022-06-17 00:00:00+08:00	20.092354294775856	20.11822487181044	19.78191559420759	19.859525680541992	1398090	0.0	0.0	0.0
2022-06-20 00:00:00+08:00	19.988877434018736	20.100979990398283	19.488724404076287	19.626697540283203	1501001	0.0	0.0	0.0
2022-06-21 00:00:00+08:00	19.66118799531942	20.307937622070312	19.66118799531942	20.307937622070312	1700896	0.0	0.0	0.0
2022-06-22 00:00:00+08:00	20.264823041429814	20.35105665992171	19.894019633253304	20.014745712280273	1333633	0.0	0.0	0.0
2022-06-23 00:00:00+08:00	20.07510995938742	20.204459561923677	19.919889778436136	19.988876342773438	164938	0.0	0.0	0.0
2022-06-24 00:00:00+08:00	20.00612099017907	20.29931426456114	20.00612099017907	20.187210083007812	492565	0.0	0.0	0.0
2022-06-27 00:00:00+08:00	20.420042514413662	20.420042514413662	20.316561846874322	20.33380889892578	319667	0.0	0.0	0.0
2022-06-28 00:00:00+08:00	20.42004248087309	20.42004248087309	20.15271975359222	20.29931640625	243049	0.0	0.0	0.0
2022-06-29 00:00:00+08:00	20.264821746292547	20.264821746292547	20.066485587775606	20.11822509765625	163300	0.0	0.0	0.0
2022-06-30 00:00:00+08:00	20.00612362170279	20.00612362170279	19.402489943335677	19.756046295166016	647720	0.0	0.0	0.0
2022-07-01 00:00:00+08:00	19.75604398209678	19.75604398209678	19.24726750712501	19.30763053894043	410945	0.0	0.0	0.0
2022-07-04 00:00:00+08:00	19.307630568974346	19.531837290901287	19.057554916097278	19.195528030395508	442684	0.0	0.0	0.0
2022-07-05 00:00:00+08:00	19.29038806042954	19.488724236424606	19.273141007359662	19.402490615844727	375973	0.0	0.0	0.0
2022-07-06 00:00:00+08:00	19.385243139196454	19.428360770929004	19.031686782836914	19.031686782836914	315330	0.0	0.0	0.0
2022-07-07 00:00:00+08:00	19.031684108462915	19.18690427134927	18.84197148980695	19.083423614501953	207550	0.0	0.0	0.0
2022-07-08 00:00:00+08:00	19.0834254153016	19.290386748526057	19.057556482225593	19.126543045043945	171040	0.0	0.0	0.0
2022-07-11 00:00:00+08:00	19.186905895055975	19.186905895055975	18.90233612060547	18.90233612060547	302048	0.0	0.0	0.0
2022-07-12 00:00:00+08:00	18.74711642645005	18.74711642645005	18.29007941250114	18.324573516845703	447045	0.0	0.0	0.0
2022-07-13 00:00:00+08:00	18.635010428426877	18.902333108550998	18.635010428426877	18.885086059570312	563574	0.0	0.0	0.0
2022-07-14 00:00:00+08:00	18.88508954545481	18.902336597619026	18.712623958120954	18.816102981567383	190295	0.0	0.0	0.0
2022-07-15 00:00:00+08:00	18.712621072068178	18.712621072068178	18.43667321430856	18.497037887573242	311310	0.0	0.0	0.0
2022-07-18 00:00:00+08:00	18.72124354187149	18.824724197387695	18.54015445067966	18.824724197387695	256833	0.0	0.0	0.0
2022-07-19 00:00:00+08:00	18.79023592318289	18.833351913126577	18.69537877158327	18.781612396240234	125370	0.0	0.0	0.0
2022-07-20 00:00:00+08:00	19.03168668401202	19.03168668401202	18.695377382091838	18.729869842529297	420501	0.0	0.0	0.0
2022-07-21 00:00:00+08:00	18.5487801466475	18.859220504760742	18.5487801466475	18.859220504760742	227373	0.0	0.0	0.0
2022-07-22 00:00:00+08:00	18.824725890073523	19.05755615234375	18.781609905846903	19.05755615234375	179408	0.0	0.0	0.0
2022-07-25 00:00:00+08:00	19.12654344800515	19.186906486146775	18.92820728131998	19.117919921875	186400	0.0	0.0	0.0
2022-07-26 00:00:00+08:00	19.143788523725988	19.281761638024218	19.126541473246395	19.195528030395508	192391	0.0	0.0	0.0
2022-07-27 00:00:00+08:00	19.195529061984935	19.290386199951172	19.143789552534873	19.290386199951172	111957	0.0	0.0	0.0
2022-07-28 00:00:00+08:00	19.419735323825638	19.5490849166907	19.419735323825638	19.52321434020996	186250	0.0	0.0	0.0
2022-07-29 00:00:00+08:00	19.58357925488436	19.704306978620963	19.40249013643366	19.488723754882812	665094	0.0	0.0	0.0
2022-08-01 00:00:00+08:00	19.488720717176154	19.583576202392578	19.471473667220724	19.583576202392578	87396	0.0	0.0	0.0
2022-08-02 00:00:00+08:00	19.402488638230764	19.480098724365234	19.33350207775227	19.480098724365234	153405	0.0	0.0	0.0
2022-08-03 00:00:00+08:00	19.48009809138054	19.48009809138054	19.29900734802801	19.376617431640625	149200	0.0	0.0	0.0
2022-08-04 00:00:00+08:00	19.37661776491741	19.531837934812415	19.37661776491741	19.44560432434082	158701	0.0	0.0	0.0
2022-08-05 00:00:00+08:00	19.505968037510428	19.73879663605916	19.505968037510428	19.730173110961914	717684	0.0	0.0	0.0
2022-08-08 00:00:00+08:00	19.747421091431388	19.876770684445116	19.574955515669522	19.868148803710938	321920	0.0	0.0	0.0
2022-08-09 00:00:00+08:00	19.868150119206533	20.22170646441248	19.868150119206533	20.14409637451172	862300	0.0	0.0	0.0
2022-08-10 00:00:00+08:00	20.144096188038795	20.445911374004066	20.144096188038795	20.411418914794922	387211	0.0	0.0	0.0
2022-08-11 00:00:00+08:00	20.549391928294767	20.695988579859545	20.52352135045296	20.601131439208984	924282	0.0	0.0	0.0
2022-08-12 00:00:00+08:00	20.6097556959913	20.687365787499427	20.601132169738236	20.661495208740234	183050	0.0	0.0	0.0
2022-08-15 00:00:00+08:00	20.74772750808124	20.799468662311725	20.670117421504866	20.73048210144043	192328	0.0	0.0	0.0
2022-08-16 00:00:00+08:00	20.678740981690964	20.76497459411621	20.65287204930194	20.76497459411621	261460	0.0	0.0	0.0
2022-08-17 00:00:00+08:00	20.764974924731693	20.85983206438669	20.75635139887493	20.833961486816406	200939	0.0	0.0	0.0
2022-08-18 00:00:00+08:00	20.833961120362694	20.833961120362694	20.695987998620108	20.73048210144043	122041	0.0	0.0	0.0
2022-08-19 00:00:00+08:00	20.730480698458276	20.730480698458276	20.549389960446014	20.678739547729492	178963	0.0	0.0	0.0
2022-08-22 00:00:00+08:00	20.601131439208984	20.601131439208984	20.514899469275086	20.601131439208984	205000	0.0	0.0	0.0
2022-08-23 00:00:00+08:00	20.428666337237875	20.428666337237875	20.325185668195115	20.368303298950195	173951	0.0	0.0	0.0
2022-08-24 00:00:00+08:00	20.351054847471783	20.445910339072583	20.26482123665979	20.316560745239258	152989	0.0	0.0	0.0
2022-08-25 00:00:00+08:00	20.316562468366484	20.506276757197142	20.316562468366484	20.43729019165039	100210	0.0	0.0	0.0
2022-08-26 00:00:00+08:00	20.437290950688634	20.609756548576126	20.437290950688634	20.532146453857422	303645	0.0	0.0	0.0
2022-08-29 00:00:00+08:00	20.22170495352633	20.22170495352633	20.014743632741357	20.13547134399414	207942	0.0	0.0	0.0
2022-08-30 00:00:00+08:00	20.135472552330253	20.178588537299103	20.006122952654305	20.109601974487305	149163	0.0	0.0	0.0
2022-08-31 00:00:00+08:00	20.10960230324788	20.1785888671875	20.031992213219628	20.1785888671875	117733	0.0	0.0	0.0
2022-09-01 00:00:00+08:00	20.09235506938061	20.09235506938061	19.85952644617069	19.954381942749023	169608	0.0	0.0	0.0
2022-09-02 00:00:00+08:00	19.92851264528112	19.93713617113417	19.842279031519997	19.850902557373047	89084	0.0	0.0	0.0
2022-09-05 00:00:00+08:00	19.928511837466054	19.937135362969546	19.790538718948838	19.868148803710938	424000	0.0	0.0	0.0
2022-09-06 00:00:00+08:00	19.86814946599492	20.083732676460478	19.86814946599492	20.006122589111328	167370	0.0	0.0	0.0
2022-09-07 00:00:00+08:00	19.90264191331439	19.90264191331439	19.66118812561035	19.66118812561035	162227	0.0	0.0	0.0
2022-09-08 00:00:00+08:00	20.023366688748723	20.023366688748723	19.661186853019814	19.764667510986328	783605	0.0	0.0	0.0
2022-09-12 00:00:00+08:00	19.876770583014437	20.092353785193634	19.876770583014437	20.057861328125	234921	0.0	0.0	0.0
2022-09-13 00:00:00+08:00	20.13547104517842	20.221704653430884	20.092353418667553	20.100976943969727	131029	0.0	0.0	0.0
2022-09-14 00:00:00+08:00	19.83365510350741	19.902641664163617	19.78191559420759	19.859525680541992	113300	0.0	0.0	0.0
2022-09-15 00:00:00+08:00	19.859525680541992	19.911265189841814	19.73879796581662	19.859525680541992	206278	0.0	0.0	0.0
2022-09-16 00:00:00+08:00	19.790539555041693	19.894018575916636	19.756045451570454	19.885395050048828	170922	0.0	0.0	0.0
2022-09-19 00:00:00+08:00	19.91126418706346	19.91126418706346	19.773291072699692	19.79916000366211	219003	0.0	0.0	0.0
2022-09-20 00:00:00+08:00	19.833654403686523	19.84227792906044	19.77329137083839	19.833654403686523	41018	0.0	0.0	0.0
2022-09-21 00:00:00+08:00	19.825030242262397	19.825030242262397	19.721551230633903	19.730173110961914	118010	0.0	0.0	0.0
2022-09-22 00:00:00+08:00	19.661189347011653	19.661189347011653	19.359374149593815	19.488723754882812	216772	0.0	0.0	0.0
2022-09-23 00:00:00+08:00	19.48872298278458	19.652566686869918	19.48872298278458	19.540462493896484	60823	0.0	0.0	0.0
2022-09-26 00:00:00+08:00	19.454229175010425	19.454229175010425	19.14379045884386	19.230022430419922	331507	0.0	0.0	0.0
2022-09-27 00:00:00+08:00	19.230021433962662	19.230021433962662	19.0058163457594	19.023061752319336	132467	0.0	0.0	0.0
2022-09-28 00:00:00+08:00	19.092047742614202	19.10067126802127	18.643635934831774	18.695375442504883	216221	0.0	0.0	0.0
2022-09-29 00:00:00+08:00	18.764363544046866	18.85922068655572	18.635013941842608	18.738492965698242	157509	0.0	0.0	0.0
2022-09-30 00:00:00+08:00	18.721245252121147	18.721245252121147	18.54877967019778	18.60051918029785	179838	0.0	0.0	0.0
2022-10-03 00:00:00+08:00	18.514283823346673	18.514283823346673	18.31594768266713	18.333194732666016	264511	0.0	0.0	0.0
2022-10-04 00:00:00+08:00	18.402184956684195	18.531534567925476	18.333198387704208	18.488418579101562	133135	0.0	0.0	0.0
2022-10-05 00:00:00+08:00	18.64363864164879	18.798857187203854	18.64363864164879	18.678131103515625	182301	0.0	0.0	0.0
2022-10-06 00:00:00+08:00	18.660882695538717	18.859220504760742	18.63501376220889	18.859220504760742	167914	0.0	0.0	0.0
2022-10-07 00:00:00+08:00	18.75573968787318	18.75573968787318	18.63501361390963	18.669506072998047	76753	0.0	0.0	0.0
2022-10-11 00:00:00+08:00	18.540155280727006	18.540155280727006	18.186598962769104	18.238338470458984	441001	0.0	0.0	0.0
2022-10-12 00:00:00+08:00	18.238339572283845	18.31594966089194	18.10898997286015	18.255586624145508	150718	0.0	0.0	0.0
2022-10-13 00:00:00+08:00	18.28145678759486	18.28145678759486	17.70369372147907	17.772680282592773	555910	0.0	0.0	0.0
2022-10-14 00:00:00+08:00	17.893405983683213	17.936521966700024	17.8157958984375	17.8157958984375	133503	0.0	0.0	0.0
2022-10-17 00:00:00+08:00	17.703692987683574	17.712316513061523	17.479486262164777	17.712316513061523	201271	0.0	0.0	0.0
2022-10-18 00:00:00+08:00	17.979640706121927	17.979640706121927	17.677823872035724	17.833044052124023	144765	0.0	0.0	0.0
2022-10-19 00:00:00+08:00	17.876157510566507	17.876157510566507	17.59158776889212	17.61745834350586	174086	0.0	0.0	0.0
2022-10-20 00:00:00+08:00	17.419123363749602	17.57434188744297	17.229409093508874	17.557096481323242	216645	0.0	0.0	0.0
2022-10-21 00:00:00+08:00	17.634706198227526	17.660575129252926	17.444991931938503	17.60021209716797	128945	0.0	0.0	0.0
2022-10-24 00:00:00+08:00	17.72093967617341	17.789926239420417	17.58296654967939	17.608837127685547	109661	0.0	0.0	0.0
2022-10-25 00:00:00+08:00	17.608835585958055	17.608835585958055	17.36738181334911	17.565719604492188	114560	0.0	0.0	0.0
2022-10-26 00:00:00+08:00	17.61745938272134	17.902029141181877	17.574341755821692	17.858911514282227	252953	0.0	0.0	0.0
2022-10-27 00:00:00+08:00	17.81579623016469	18.06587354167268	17.81579623016469	17.884782791137695	263685	0.0	0.0	0.0
2022-10-28 00:00:00+08:00	17.910653844643114	17.99688745934518	17.729563089291837	17.79854965209961	64100	0.0	0.0	0.0
2022-10-31 00:00:00+08:00	17.962394762364486	17.988265342232097	17.84166867918801	17.850292205810547	289528	0.0	0.0	0.0
2022-11-01 00:00:00+08:00	17.89340617636319	18.07449528070698	17.89340617636319	18.040002822875977	96733	0.0	0.0	0.0
2022-11-02 00:00:00+08:00	18.040003999411386	18.05725105183638	17.936523329630877	17.97964096069336	143000	0.0	0.0	0.0
2022-11-03 00:00:00+08:00	17.841666807318074	17.884782791137695	17.772680246345068	17.884782791137695	270350	0.0	0.0	0.0
2022-11-04 00:00:00+08:00	17.807174845740434	18.031381607055664	17.70369581422236	18.031381607055664	96798	0.0	0.0	0.0
2022-11-07 00:00:00+08:00	18.031379089372322	18.2728328704834	18.031379089372322	18.2728328704834	249229	0.0	0.0	0.0
2022-11-08 00:00:00+08:00	18.384936883305613	18.428054514507036	18.28145785796111	18.3935604095459	222844	0.0	0.0	0.0
2022-11-09 00:00:00+08:00	18.393558071432263	18.531531184199327	18.35906561562512	18.514284133911133	212893	0.0	0.0	0.0
2022-11-10 00:00:00+08:00	18.514285377896933	18.514285377896933	18.32457274628763	18.376312255859375	101250	0.0	0.0	0.0
2022-11-11 00:00:00+08:00	18.652259526088656	18.98857046873054	18.652259526088656	18.96269989013672	649885	0.0	0.0	0.0
2022-11-14 00:00:00+08:00	18.988569155135252	19.255891869700704	18.988569155135252	19.178281784057617	340114	0.0	0.0	0.0
2022-11-15 00:00:00+08:00	19.17828324504265	19.333503428153367	18.997194127926452	19.299009323120117	451832	0.0	0.0	0.0
2022-11-16 00:00:00+08:00	19.30798101515762	19.30798101515762	19.056761320595196	19.128538131713867	477174	0.87	0.0	0.0
2022-11-17 00:00:00+08:00	19.101623447366567	19.101623447366567	18.895263612073364	19.0029296875	206006	0.0	0.0	0.0
2022-11-18 00:00:00+08:00	19.14648208733659	19.14648208733659	18.841430223012853	18.86834716796875	338052	0.0	0.0	0.0
2022-11-21 00:00:00+08:00	18.841432163423587	18.984985795384226	18.75171071562462	18.95806884765625	143266	0.0	0.0	0.0
2022-11-22 00:00:00+08:00	18.931151507890153	19.074705123901367	18.877319329709472	19.074705123901367	196668	0.0	0.0	0.0
2022-11-23 00:00:00+08:00	19.155454044086124	19.397701410276486	19.12853709963362	19.388729095458984	353740	0.0	0.0	0.0
2022-11-24 00:00:00+08:00	19.451535353273023	19.451535353273023	19.3528415926173	19.397703170776367	370330	0.0	0.0	0.0
2022-11-25 00:00:00+08:00	19.433589640974816	19.469478901505656	19.37975746147269	19.451534271240234	152732	0.0	0.0	0.0
2022-11-28 00:00:00+08:00	19.28106376080289	19.433589695901787	19.083677961207783	19.343868255615234	761574	0.0	0.0	0.0
2022-11-29 00:00:00+08:00	19.290035721890124	19.6668643951416	19.22723122823056	19.6668643951416	276634	0.0	0.0	0.0
2022-11-30 00:00:00+08:00	19.666866650656267	19.94500160217285	19.57714520172677	19.94500160217285	263697	0.0	0.0	0.0
2022-12-01 00:00:00+08:00	20.043692172623523	20.1244412926611	19.891166247140767	19.91808319091797	354647	0.0	0.0	0.0
2022-12-02 00:00:00+08:00	19.918085157084384	19.918085157084384	19.74761458558923	19.8104190826416	101543	0.0	0.0	0.0
2022-12-05 00:00:00+08:00	19.810418993505984	19.810418993505984	19.666865369090985	19.71172523498535	347330	0.0	0.0	0.0
2022-12-06 00:00:00+08:00	19.657893901787915	19.747615348741846	19.523312587004153	19.568172454833984	173906	0.0	0.0	0.0
2022-12-07 00:00:00+08:00	19.505366293732816	19.738641351423112	19.505366293732816	19.65789222717285	203368	0.0	0.0	0.0
2022-12-08 00:00:00+08:00	19.70275278866993	19.70275278866993	19.406673226368962	19.523311614990234	181170	0.0	0.0	0.0
2022-12-09 00:00:00+08:00	19.604060488774245	19.666864984315286	19.577143542987734	19.6309757232666	82431	0.0	0.0	0.0
2022-12-12 00:00:00+08:00	19.59508842672095	19.59508842672095	19.34386873001636	19.523311614990234	462622	0.0	0.0	0.0
2022-12-13 00:00:00+08:00	19.568169715792383	19.66686346475654	19.460505363553324	19.51433753967285	155402	0.0	0.0	0.0
2022-12-14 00:00:00+08:00	19.559196720582456	19.64891815185547	19.541253803363023	19.64891815185547	95591	0.0	0.0	0.0
2022-12-15 00:00:00+08:00	19.613033294677734	19.657893160816652	19.51433953561908	19.613033294677734	59201	0.0	0.0	0.0
2022-12-16 00:00:00+08:00	19.460508198650313	19.63097706641252	19.415646619270042	19.469480514526367	243593	0.0	0.0	0.0
2022-12-19 00:00:00+08:00	19.379757901944973	19.505366894069542	19.3618132712717	19.424617767333984	254261	0.0	0.0	0.0
2022-12-20 00:00:00+08:00	19.352840330145224	19.406672509130168	19.200314396942794	19.254146575927734	116275	0.0	0.0	0.0
2022-12-21 00:00:00+08:00	19.254147745163284	19.33489687419136	19.245177140866137	19.299009323120117	70350	0.0	0.0	0.0
2022-12-22 00:00:00+08:00	19.334896087646484	19.370785348551973	19.236204042744696	19.334896087646484	63003	0.0	0.0	0.0
2022-12-23 00:00:00+08:00	19.245176357971065	19.370785348551973	19.236204042744696	19.334896087646484	75422	0.0	0.0	0.0
2022-12-26 00:00:00+08:00	19.379759130712415	19.39770376252346	19.290037682951457	19.361814498901367	182156	0.0	0.0	0.0
2022-12-27 00:00:00+08:00	19.397703170776367	19.46947998453665	19.388730855144555	19.397703170776367	186639	0.0	0.0	0.0
2022-12-28 00:00:00+08:00	19.460505362213866	19.460505362213866	19.290034808004062	19.316951751708984	100114	0.0	0.0	0.0
2022-12-29 00:00:00+08:00	19.29003593945048	19.29003593945048	19.056760880873924	19.155454635620117	89426	0.0	0.0	0.0
2022-12-30 00:00:00+08:00	19.245177288145452	19.361813969137373	19.236204972485424	19.290037155151367	234093	0.0	0.0	0.0
2023-01-03 00:00:00+08:00	19.25414613531043	19.307980024357537	19.047788027845414	19.281063079833984	85250	0.0	0.0	0.0
2023-01-04 00:00:00+08:00	19.28106302894302	19.397701410276486	19.23620316614958	19.388729095458984	69348	0.0	0.0	0.0
2023-01-05 00:00:00+08:00	19.469478754273844	19.4963939881743	19.397701945049086	19.460506439208984	275761	0.0	0.0	0.0
2023-01-06 00:00:00+08:00	19.4605058985925	19.59508719823846	19.4605058985925	19.58611488342285	438783	0.0	0.0	0.0
2023-01-09 00:00:00+08:00	19.666864335063796	19.97191619873047	19.666864335063796	19.97191619873047	500094	0.0	0.0	0.0
2023-01-10 00:00:00+08:00	19.97191590499994	19.98986053466797	19.86424983828583	19.98986053466797	192891	0.0	0.0	0.0
2023-01-11 00:00:00+08:00	19.989862206880648	20.007805126755585	19.882196131159947	19.9001407623291	209677	0.0	0.0	0.0
2023-01-12 00:00:00+08:00	19.9091128416063	19.936028076746346	19.783502136207357	19.8104190826416	102866	0.0	0.0	0.0
2023-01-13 00:00:00+08:00	19.89116791469703	19.962944726159545	19.81041878788993	19.8283634185791	132660	0.0	0.0	0.0
2023-01-16 00:00:00+08:00	19.85527810800725	20.08855316667723	19.85527810800725	19.95397186279297	575837	0.0	0.0	0.0
2023-01-17 00:00:00+08:00	19.918084259823797	20.07061019349187	19.918084259823797	20.06163787841797	242448	0.0	0.0	0.0
2023-01-30 00:00:00+08:00	20.321830305368408	20.53716075588199	20.070612302083045	20.34874725341797	417200	0.0	0.0	0.0
2023-01-31 00:00:00+08:00	20.348745115606313	20.348745115606313	20.06163787841797	20.06163787841797	185806	0.0	0.0	0.0
2023-02-01 00:00:00+08:00	20.124443497018554	20.124443497018554	20.043694368136016	20.09752655029297	367584	0.0	0.0	0.0
2023-02-02 00:00:00+08:00	20.097527373742864	20.1693041899911	20.052667505323075	20.15135955810547	420751	0.0	0.0	0.0
2023-02-03 00:00:00+08:00	20.17827361688459	20.17827361688459	20.05266463425797	20.106496810913086	75828	0.0	0.0	0.0
2023-02-06 00:00:00+08:00	20.070611078893428	20.070611078893428	19.918085138496775	20.00780487060547	267069	0.0	0.0	0.0
2023-02-07 00:00:00+08:00	20.007804723170626	20.070610930995773	19.962944857446846	20.01677703857422	89114	0.0	0.0	0.0
2023-02-08 00:00:00+08:00	20.007803747300258	20.025748377232205	19.962943883764495	19.97191619873047	93200	0.0	0.0	0.0
2023-02-09 00:00:00+08:00	19.971918253999647	19.989862885778237	19.909113754068855	19.96294593811035	64522	0.0	0.0	0.0
2023-02-10 00:00:00+08:00	19.98088948825403	20.01677703857422	19.918084991723063	20.01677703857422	94759	0.0	0.0	0.0
2023-02-13 00:00:00+08:00	20.052666477780146	20.223137049369775	19.918085168122737	20.21416473388672	330707	0.0	0.0	0.0
2023-02-14 00:00:00+08:00	20.21416458643786	20.276969083066923	20.187247640185042	20.22313690185547	639383	0.0	0.0	0.0
2023-02-15 00:00:00+08:00	20.22313519017555	20.276967366830668	20.097524496254895	20.106496810913086	153392	0.0	0.0	0.0
2023-02-16 00:00:00+08:00	20.097525856084797	20.259024108271408	20.097525856084797	20.232107162475586	178970	0.0	0.0	0.0
2023-02-17 00:00:00+08:00	20.232107015244353	20.339773086349982	20.223136411338515	20.241079330444336	165677	0.0	0.0	0.0
2023-02-20 00:00:00+08:00	20.276969358914926	20.492299797984288	20.276969358914926	20.402578353881836	256209	0.0	0.0	0.0
2023-02-21 00:00:00+08:00	20.366690180160536	20.366690180160536	20.22313655850447	20.232107162475586	151412	0.0	0.0	0.0
2023-02-22 00:00:00+08:00	20.20519256591797	20.21416488146653	20.007805046438094	20.20519256591797	117428	0.0	0.0	0.0
2023-02-23 00:00:00+08:00	20.23210803603677	20.29491424560547	20.196220484720318	20.29491424560547	132630	0.0	0.0	0.0
2023-02-24 00:00:00+08:00	20.19622054566021	20.241080412764695	20.11547141583675	20.18724822998047	135110	0.0	0.0	0.0
2023-03-01 00:00:00+08:00	20.169302624581896	20.169302624581896	19.998833768781942	20.14238739013672	228472	0.0	0.0	0.0
2023-03-02 00:00:00+08:00	20.142387002788954	20.142387002788954	19.936027178677477	20.06163787841797	246455	0.0	0.0	0.0
2023-03-03 00:00:00+08:00	20.12444266803673	20.12444266803673	20.016776596863668	20.04369354248047	144874	0.0	0.0	0.0
2023-03-06 00:00:00+08:00	20.097526490629473	20.232107801269436	20.097526490629473	20.20519256591797	193054	0.0	0.0	0.0
2023-03-07 00:00:00+08:00	20.21416394916823	20.276968443817324	20.142387139384393	20.250051498413086	108235	0.0	0.0	0.0
2023-03-08 00:00:00+08:00	20.303884318025556	20.303884318025556	20.187247640185042	20.22313690185547	105800	0.0	0.0	0.0
2023-03-09 00:00:00+08:00	20.223137788909945	20.24108070923801	20.16930389404297	20.16930389404297	46706	0.0	0.0	0.0
2023-03-10 00:00:00+08:00	20.142387999884576	20.142387999884576	19.873223668225645	19.90911293029785	220631	0.0	0.0	0.0
2023-03-13 00:00:00+08:00	19.738642417152622	19.90014067437276	19.648920972997633	19.80144691467285	327974	0.0	0.0	0.0
2023-03-14 00:00:00+08:00	19.702753235578744	19.702753235578744	19.469479875633322	19.496395111083984	444887	0.0	0.0	0.0
2023-03-15 00:00:00+08:00	19.532285014364472	19.586117198326523	19.469480514526367	19.469480514526367	146011	0.0	0.0	0.0
2023-03-16 00:00:00+08:00	19.200316708624243	19.227233657004522	19.0657353893115	19.13751220703125	552784	0.0	0.0	0.0
2023-03-17 00:00:00+08:00	19.24517705321638	19.24517705321638	19.146483293455063	19.200315475463867	251476	0.0	0.0	0.0
2023-03-20 00:00:00+08:00	19.236203369737503	19.236203369737503	19.029843549339056	19.074705123901367	240100	0.0	0.0	0.0
2023-03-21 00:00:00+08:00	19.23620365712883	19.379757275284753	19.182369766849774	19.254146575927734	241473	0.0	0.0	0.0
2023-03-22 00:00:00+08:00	19.307981034081532	19.55022841357978	19.307981034081532	19.532283782958984	281180	0.0	0.0	0.0
2023-03-23 00:00:00+08:00	19.51433953561908	19.64892084533003	19.42461809204705	19.613033294677734	134314	0.0	0.0	0.0
2023-03-24 00:00:00+08:00	19.613031827869673	19.613031827869673	19.505365761376463	19.58611488342285	210793	0.0	0.0	0.0
2023-03-27 00:00:00+08:00	19.586114736643236	19.630974599091015	19.48742098570525	19.5950870513916	328221	0.0	0.0	0.0
2023-03-28 00:00:00+08:00	19.64891922858775	19.684808487581222	19.5681701071465	19.5950870513916	141015	0.0	0.0	0.0
2023-03-29 00:00:00+08:00	19.550228161874823	19.69378178240464	19.550228161874823	19.63994789123535	120959	0.0	0.0	0.0
2023-03-30 00:00:00+08:00	19.69378094991606	19.702751553437597	19.58611488342285	19.58611488342285	100175	0.0	0.0	0.0
2023-03-31 00:00:00+08:00	19.604060488774245	19.711724849331983	19.586115858249904	19.6309757232666	102120	0.0	0.0	0.0
2023-04-06 00:00:00+08:00	19.711726550063766	19.756588130245287	19.648922049103945	19.747615814208984	178107	0.0	0.0	0.0
2023-04-07 00:00:00+08:00	19.73864296973743	19.74761528553353	19.648921523070683	19.675838470458984	94015	0.0	0.0	0.0
2023-04-10 00:00:00+08:00	19.756585438239544	19.78350067138672	19.702751549357053	19.78350067138672	82090	0.0	0.0	0.0
2023-04-11 00:00:00+08:00	19.783502811871983	19.936028757620182	19.783502811871983	19.87322425842285	219267	0.0	0.0	0.0
2023-04-12 00:00:00+08:00	19.87322249809523	19.882194813084997	19.855277868115703	19.86425018310547	273684	0.0	0.0	0.0
2023-04-13 00:00:00+08:00	19.828364622359473	19.980890569888942	19.828364622359473	19.96294593811035	65909	0.0	0.0	0.0
2023-04-14 00:00:00+08:00	19.989861892609596	20.133415517117506	19.96294494627904	20.11547088623047	149020	0.0	0.0	0.0
2023-04-17 00:00:00+08:00	20.11547088623047	20.187247698484423	20.097526255343432	20.11547088623047	145350	0.0	0.0	0.0
2023-04-18 00:00:00+08:00	20.11547088623047	20.178275383040905	20.052666389420033	20.11547088623047	122404	0.0	0.0	0.0
2023-04-19 00:00:00+08:00	20.115470205133136	20.17827469981705	20.05266571044922	20.05266571044922	159839	0.0	0.0	0.0
2023-04-20 00:00:00+08:00	20.097525926939607	20.097525926939607	19.918084754883978	19.92705535888672	89713	0.0	0.0	0.0
2023-04-21 00:00:00+08:00	19.953972304777437	20.079581296345797	19.92705535888672	19.92705535888672	45491	0.0	0.0	0.0
2023-04-24 00:00:00+08:00	19.927055302547412	20.043693689783257	19.927055302547412	20.03472137451172	90713	0.0	0.0	0.0
2023-04-25 00:00:00+08:00	20.061637637096094	20.14238676049575	19.962943883764495	19.97191619873047	68177	0.0	0.0	0.0
2023-04-26 00:00:00+08:00	19.95397127533191	20.052665027212	19.93602664566388	19.98986053466797	112678	0.0	0.0	0.0
2023-04-27 00:00:00+08:00	19.962944620074342	19.97191693537125	19.92705535888672	19.92705535888672	54419	0.0	0.0	0.0
2023-04-28 00:00:00+08:00	19.98986180365762	20.070610930995773	19.962944857446846	20.01677703857422	69233	0.0	0.0	0.0
2023-05-02 00:00:00+08:00	20.025747982745063	20.097524789764815	20.025747982745063	20.088552474975586	97960	0.0	0.0	0.0
2023-05-03 00:00:00+08:00	20.097526845769682	20.097526845769682	20.034722347114172	20.07958221435547	86134	0.0	0.0	0.0
2023-05-04 00:00:00+08:00	20.079579574213625	20.14238577590537	20.03471971287068	20.124441146850586	136888	0.0	0.0	0.0
2023-05-05 00:00:00+08:00	20.1423868999635	20.187246763809878	20.09752532482301	20.160329818725586	130582	0.0	0.0	0.0
2023-05-08 00:00:00+08:00	20.169303049813006	20.312856674194336	20.169303049813006	20.312856674194336	181611	0.0	0.0	0.0
2023-05-09 00:00:00+08:00	20.312857694038996	20.36669158935547	20.241080878244645	20.36669158935547	117216	0.0	0.0	0.0
2023-05-10 00:00:00+08:00	20.384633634438337	20.384633634438337	20.294913902019015	20.303884506225586	152740	0.0	0.0	0.0
2023-05-11 00:00:00+08:00	20.30388391713877	20.42052230397052	20.285940997952014	20.339773178100586	251541	0.0	0.0	0.0
2023-05-12 00:00:00+08:00	20.33977387655793	20.33977387655793	20.12444343727515	20.20519256591797	199156	0.0	0.0	0.0
2023-05-15 00:00:00+08:00	20.223135434900893	20.2321060383736	20.034720247386865	20.196218490600586	142188	0.0	0.0	0.0
2023-05-16 00:00:00+08:00	20.23210807415006	20.402578649283484	20.23210807415006	20.384634017944336	194165	0.0	0.0	0.0
2023-05-17 00:00:00+08:00	20.402576444974862	20.6807113555048	20.402576444974862	20.59996223449707	291266	0.0	0.0	0.0
2023-05-18 00:00:00+08:00	20.573048554580012	20.7614620436238	20.573048554580012	20.725574493408203	314708	0.0	0.0	0.0
2023-05-19 00:00:00+08:00	20.77043327896118	20.842210086954235	20.761460964050283	20.77940559387207	388843	0.0	0.0	0.0
2023-05-22 00:00:00+08:00	20.779407881147115	20.976793697031567	20.779407881147115	20.860157012939453	242616	0.0	0.0	0.0
2023-05-23 00:00:00+08:00	20.896046276533507	20.985766012930082	20.833240065243913	20.860157012939453	226309	0.0	0.0	0.0
2023-05-24 00:00:00+08:00	20.833239980886393	20.833239980886393	20.707630981404378	20.761463165283203	132376	0.0	0.0	0.0
2023-05-25 00:00:00+08:00	20.7614611185884	20.806322693476794	20.573047637939453	20.573047637939453	185520	0.0	0.0	0.0
2023-05-26 00:00:00+08:00	20.626881432654034	20.644826064015376	20.50127243571311	20.590993881225586	196972	0.0	0.0	0.0
2023-05-29 00:00:00+08:00	20.590994297784547	20.77940779700757	20.590994297784547	20.761463165283203	227283	0.0	0.0	0.0
2023-05-30 00:00:00+08:00	20.770434950937286	20.779407266570434	20.6448259546617	20.689685821533203	534651	0.0	0.0	0.0
2023-05-31 00:00:00+08:00	20.68968440433872	20.698656719357285	20.63585222552145	20.671741485595703	117288	0.0	0.0	0.0
2023-06-01 00:00:00+08:00	20.671741391399816	20.671741391399816	20.564075322961774	20.573047637939453	56158	0.0	0.0	0.0
2023-06-02 00:00:00+08:00	20.573050367386642	20.65379950160472	20.573050367386642	20.626882553100586	184222	0.0	0.0	0.0
2023-06-05 00:00:00+08:00	20.689683474553004	21.030624584760222	20.689683474553004	20.913986206054688	342205	0.0	0.0	0.0
2023-06-06 00:00:00+08:00	20.913989197036255	20.994738328828596	20.851184697040942	20.860157012939453	474435	0.0	0.0	0.0
2023-06-07 00:00:00+08:00	20.86912993606195	21.03960052050528	20.86912993606195	21.030628204345703	206183	0.0	0.0	0.0
2023-06-08 00:00:00+08:00	21.030625373118845	21.039597688070536	20.86912712657663	20.87809944152832	153323	0.0	0.0	0.0
2023-06-09 00:00:00+08:00	20.92296212172509	21.030628204345703	20.92296212172509	21.030628204345703	205532	0.0	0.0	0.0
2023-06-12 00:00:00+08:00	21.030625124031793	21.084457301810243	20.94987600171708	20.985763549804688	214152	0.0	0.0	0.0
2023-06-13 00:00:00+08:00	21.0216545719154	21.0216545719154	20.842211682548303	20.99473762512207	226016	0.0	0.0	0.0
2023-06-14 00:00:00+08:00	20.967820778221782	20.994736011652428	20.913986888772317	20.976791381835938	207778	0.0	0.0	0.0
2023-06-15 00:00:00+08:00	20.976790697068115	20.976790697068115	20.869126344271965	20.913986206054688	186816	0.0	0.0	0.0
2023-06-16 00:00:00+08:00	20.913987137339873	20.913987137339873	20.833238013500043	20.86912727355957	172413	0.0	0.0	0.0
2023-06-19 00:00:00+08:00	20.860157012939453	20.860157012939453	20.70763106525329	20.860157012939453	208595	0.0	0.0	0.0
2023-06-20 00:00:00+08:00	20.761461644104383	20.905015264792684	20.761461644104383	20.84221076965332	106378	0.0	0.0	0.0
2023-06-21 00:00:00+08:00	20.815295094764387	20.86912727355957	20.806322779749504	20.86912727355957	162524	0.0	0.0	0.0
2023-06-26 00:00:00+08:00	20.86912727355957	20.896044218604217	20.797350464734624	20.86912727355957	121508	0.0	0.0	0.0
2023-06-27 00:00:00+08:00	20.779406822234268	20.851183634470367	20.716602325439453	20.716602325439453	172910	0.0	0.0	0.0
2023-06-28 00:00:00+08:00	20.797351984860143	20.815296616201522	20.743519802130244	20.788379669189453	111629	0.0	0.0	0.0
2023-06-29 00:00:00+08:00	20.797351542136322	20.967822113662052	20.797351542136322	20.815296173095703	88961	0.0	0.0	0.0
2023-06-30 00:00:00+08:00	20.815296616201522	20.85118416759004	20.761462722177388	20.788379669189453	84940	0.0	0.0	0.0
2023-07-03 00:00:00+08:00	20.833240065243913	20.869129328837968	20.79735251294414	20.860157012939453	261289	0.0	0.0	0.0
2023-07-04 00:00:00+08:00	20.860155547489164	20.87810017802556	20.806323367174137	20.83323860168457	110094	0.0	0.0	0.0
2023-07-05 00:00:00+08:00	20.86912771526768	20.86912771526768	20.797350904923533	20.84221076965332	187302	0.0	0.0	0.0
2023-07-06 00:00:00+08:00	20.78837791503858	20.78837791503858	20.51024299789355	20.582019805908203	389891	0.0	0.0	0.0
2023-07-07 00:00:00+08:00	20.456409454345703	20.456409454345703	20.3577174112154	20.456409454345703	175743	0.0	0.0	0.0
2023-07-10 00:00:00+08:00	20.447437970697617	20.617906815720907	20.447437970697617	20.510242462158203	130566	0.0	0.0	0.0
2023-07-11 00:00:00+08:00	20.555103923825122	20.80632362051102	20.555103923825122	20.725574493408203	208613	0.0	0.0	0.0
2023-07-12 00:00:00+08:00	20.68071470519774	20.824268341064453	20.68071470519774	20.824268341064453	110149	0.0	0.0	0.0
2023-07-13 00:00:00+08:00	20.994736557296697	20.994736557296697	20.85118293762207	20.85118293762207	192262	0.0	0.0	0.0
2023-07-14 00:00:00+08:00	20.815293829758982	21.048567160792793	20.815293829758982	21.039596557617188	323276	0.0	0.0	0.0
2023-07-17 00:00:00+08:00	21.039598056832276	21.362592844283753	21.039598056832276	21.353620529174805	522585	0.0	0.0	0.0
2023-07-18 00:00:00+08:00	21.39848210471954	21.48820354451489	21.24595617045569	21.353620529174805	559376	0.0	0.0	0.0
2023-07-19 00:00:00+08:00	21.470260795892653	21.497176032284145	21.26390266418457	21.26390266418457	351207	0.0	0.0	0.0
2023-07-20 00:00:00+08:00	21.26390036166106	21.398481662928464	21.26390036166106	21.380537033081055	156418	0.0	0.0	0.0
2023-07-21 00:00:00+08:00	21.371565798208703	21.38951042896298	21.228012174762846	21.326705932617188	384459	0.0	0.0	0.0
2023-07-24 00:00:00+08:00	21.326705009368474	21.326705009368474	21.138289817193556	21.174179077148438	140365	0.0	0.0	0.0
2023-07-25 00:00:00+08:00	21.272872040354358	21.353621167454424	21.219039859385706	21.326705932617188	102327	0.0	0.0	0.0
2023-07-26 00:00:00+08:00	21.33567701811182	21.586894989013672	21.33567701811182	21.586894989013672	542641	0.0	0.0	0.0
2023-07-27 00:00:00+08:00	21.586895998198255	21.847088007418062	21.586895998198255	21.838115692138672	492742	0.0	0.0	0.0
2023-07-28 00:00:00+08:00	21.838115452968278	21.838115452968278	21.712506463020812	21.748394012451172	290209	0.0	0.0	0.0
2023-07-31 00:00:00+08:00	21.775310810660756	22.017558185029632	21.739421550179088	21.757366180419922	382963	0.0	0.0	0.0
2023-08-01 00:00:00+08:00	21.76633819329951	21.98166861931712	21.76633819329951	21.97269630432129	276441	0.0	0.0	0.0
2023-08-02 00:00:00+08:00	21.972697312661822	21.972697312661822	21.595868622014578	21.622785568237305	379329	0.0	0.0	0.0
2023-08-04 00:00:00+08:00	21.62278503468259	21.685589529691697	21.53306359411495	21.551008224487305	301100	0.0	0.0	0.0
2023-08-07 00:00:00+08:00	21.551008462615783	21.640729904174805	21.551008462615783	21.640729904174805	181577	0.0	0.0	0.0
2023-08-08 00:00:00+08:00	21.640730051552477	21.694562232336832	21.55998092472886	21.631757736206055	232747	0.0	0.0	0.0
2023-08-09 00:00:00+08:00	21.631758031206115	21.65867326631826	21.595868769330995	21.613813400268555	163000	0.0	0.0	0.0
2023-08-10 00:00:00+08:00	21.62278478372961	21.730449142125916	21.62278478372961	21.658672332763672	192454	0.0	0.0	0.0
2023-08-11 00:00:00+08:00	21.712506715163187	21.784283526151572	21.622785273604165	21.640729904174805	175239	0.0	0.0	0.0
2023-08-14 00:00:00+08:00	21.631756174839555	21.631756174839555	21.084456957270774	21.111373901367188	560695	0.0	0.0	0.0
2023-08-15 00:00:00+08:00	21.08445700692756	21.138289183953127	20.949875708716622	21.003707885742188	334852	0.0	0.0	0.0
2023-08-16 00:00:00+08:00	20.89604550943454	20.89604550943454	20.653798122950484	20.698657989501953	370150	0.0	0.0	0.0
2023-08-17 00:00:00+08:00	20.66277126064178	20.824267813429163	20.492300680633985	20.752490997314453	392798	0.0	0.0	0.0
2023-08-18 00:00:00+08:00	20.74351804552259	20.93193152476908	20.67174123752953	20.77940559387207	280001	0.0	0.0	0.0
2023-08-21 00:00:00+08:00	20.779405834704857	20.90501482232499	20.779405834704857	20.86912727355957	71552	0.0	0.0	0.0
2023-08-22 00:00:00+08:00	20.869129244335124	20.905016796489583	20.725575613128743	20.761463165283203	87864	0.0	0.0	0.0
2023-08-23 00:00:00+08:00	20.761463165283203	20.77940779700757	20.725575613128743	20.761463165283203	84200	0.0	0.0	0.0
2023-08-24 00:00:00+08:00	20.77043395930917	20.84221076965332	20.743518724988956	20.84221076965332	114413	0.0	0.0	0.0
2023-08-25 00:00:00+08:00	20.842209547715342	20.842209547715342	20.70762825012207	20.70762825012207	171200	0.0	0.0	0.0
2023-08-28 00:00:00+08:00	20.770433127396807	21.02165280918637	20.770433127396807	20.985763549804688	211995	0.0	0.0	0.0
2023-08-29 00:00:00+08:00	20.985764867393332	21.02165412902832	20.958849632461277	21.02165412902832	84793	0.0	0.0	0.0
2023-08-30 00:00:00+08:00	21.075486989111788	21.129319172004234	21.021654806219342	21.08445930480957	79740	0.0	0.0	0.0
2023-08-31 00:00:00+08:00	21.084458090405057	21.084458090405057	20.922959839735316	20.94987678527832	60431	0.0	0.0	0.0
2023-09-01 00:00:00+08:00	20.92295818080628	21.075484104201617	20.90501355186706	21.039596557617188	117050	0.0	0.0	0.0
2023-09-04 00:00:00+08:00	21.039597241364152	21.102401733398438	20.994735667558196	21.102401733398438	112000	0.0	0.0	0.0
2023-09-05 00:00:00+08:00	21.102405022328004	21.156237207991147	21.030628204345703	21.030628204345703	85631	0.0	0.0	0.0
2023-09-06 00:00:00+08:00	21.03062767677743	21.03959999271193	20.88707404441398	20.958850860595703	160891	0.0	0.0	0.0
2023-09-07 00:00:00+08:00	20.887071903589337	20.913987137339873	20.815295094764387	20.86912727355957	95192	0.0	0.0	0.0
2023-09-08 00:00:00+08:00	20.851184780675972	20.958850860595703	20.80632491229775	20.958850860595703	92207	0.0	0.0	0.0
2023-09-11 00:00:00+08:00	20.994736011652428	21.012680641468915	20.931931518588808	20.976791381835938	175089	0.0	0.0	0.0
2023-09-12 00:00:00+08:00	21.00371046940101	21.06651496887207	20.985765837753775	21.06651496887207	117840	0.0	0.0	0.0
2023-09-13 00:00:00+08:00	21.066512327873163	21.111373901367188	21.04856769847555	21.111373901367188	100481	0.0	0.0	0.0
2023-09-14 00:00:00+08:00	21.174179360878234	21.353620529174805	21.174179360878234	21.353620529174805	271636	0.0	0.0	0.0
2023-09-15 00:00:00+08:00	21.353620529174805	21.39848210471954	21.28184371959735	21.353620529174805	187422	0.0	0.0	0.0
2023-09-18 00:00:00+08:00	21.353621167454424	21.353621167454424	21.308761301862912	21.326705932617188	141000	0.0	0.0	0.0
2023-09-19 00:00:00+08:00	21.326704708309446	21.398481515911865	21.326704708309446	21.389509201049805	182969	0.0	0.0	0.0
2023-09-20 00:00:00+08:00	21.344652390904795	21.344652390904795	21.21904167616422	21.22801399230957	133273	0.0	0.0	0.0
2023-09-21 00:00:00+08:00	21.1741792335988	21.1741792335988	20.90501491583072	20.96782112121582	157005	0.0	0.0	0.0
2023-09-22 00:00:00+08:00	20.86912765994345	20.967821415640323	20.815295480151587	20.94987678527832	63050	0.0	0.0	0.0
2023-09-25 00:00:00+08:00	20.949876535255857	21.075485523702532	20.949876535255857	21.057540893554688	115582	0.0	0.0	0.0
2023-09-26 00:00:00+08:00	21.02165536084293	21.02165536084293	20.905016964988697	20.958850860595703	184741	0.0	0.0	0.0
2023-09-27 00:00:00+08:00	20.860154175988527	20.958847926155684	20.860154175988527	20.905014038085938	63709	0.0	0.0	0.0
2023-09-28 00:00:00+08:00	20.905014573864072	21.048568189807803	20.905014573864072	20.976791381835938	151000	0.0	0.0	0.0
2023-10-02 00:00:00+08:00	21.01268049434095	21.039597438877216	20.96782063140792	20.985763549804688	167099	0.0	0.0	0.0
2023-10-03 00:00:00+08:00	20.967820240833976	20.976790844218222	20.842209546631945	20.905014038085938	135634	0.0	0.0	0.0
2023-10-04 00:00:00+08:00	20.78837806352144	20.78837806352144	20.555103007984094	20.573047637939453	211489	0.0	0.0	0.0
2023-10-05 00:00:00+08:00	20.573047630349514	20.797350370826425	20.573047630349514	20.77043342590332	92037	0.0	0.0	0.0
2023-10-06 00:00:00+08:00	20.770435648559744	20.97679378117042	20.734548096116022	20.958850860595703	135595	0.0	0.0	0.0
2023-10-11 00:00:00+08:00	21.08445898907147	21.31773405983778	21.08445898907147	21.299789428710938	469828	0.0	0.0	0.0
2023-10-12 00:00:00+08:00	21.29978888085614	21.425397872924805	21.254929015487097	21.425397872924805	202789	0.0	0.0	0.0
2023-10-13 00:00:00+08:00	21.40745343971679	21.40745343971679	21.263899827134292	21.308759689331055	85421	0.0	0.0	0.0
2023-10-16 00:00:00+08:00	21.308761007541843	21.362593187766954	21.263901142569942	21.344650268554688	143904	0.0	0.0	0.0
2023-10-17 00:00:00+08:00	21.362594716443844	21.362594716443844	21.245958032394057	21.26390266418457	30544	0.0	0.0	0.0
2023-10-18 00:00:00+08:00	21.263902134514435	21.3356789485943	21.165208373419283	21.19212532043457	53300	0.0	0.0	0.0
2023-10-19 00:00:00+08:00	21.156235970928694	21.192125233468463	21.05754221023855	21.09343147277832	67975	0.0	0.0	0.0
2023-10-20 00:00:00+08:00	20.985763011683463	20.985763011683463	20.590991436372207	20.913986206054688	137864	0.0	0.0	0.0
2023-10-23 00:00:00+08:00	20.635853491812206	20.824266984881444	20.635853491812206	20.698657989501953	125800	0.0	0.0	0.0
2023-10-24 00:00:00+08:00	20.689685673932814	20.716602620640227	20.599964229535658	20.698657989501953	119145	0.0	0.0	0.0
2023-10-25 00:00:00+08:00	20.698658665542197	20.833239980886393	20.698658665542197	20.761463165283203	95117	0.0	0.0	0.0
2023-10-26 00:00:00+08:00	20.653796122698257	20.725572929005793	20.55510237229013	20.59996223449707	113000	0.0	0.0	0.0
2023-10-27 00:00:00+08:00	20.635851977885956	20.788377908782966	20.635851977885956	20.77940559387207	48795	0.0	0.0	0.0
2023-10-30 00:00:00+08:00	20.779406881093383	20.797351512026786	20.599963994347753	20.608936309814453	130000	0.0	0.0	0.0
2023-10-31 00:00:00+08:00	20.56407693418357	20.67174301105739	20.56407693418357	20.590993881225586	42786	0.0	0.0	0.0
2023-11-01 00:00:00+08:00	20.635852372379706	20.725573811909747	20.590992508261746	20.662769317626953	49000	0.0	0.0	0.0
2023-11-02 00:00:00+08:00	20.788377369856242	20.940903296799103	20.788377369856242	20.905014038085938	123000	0.0	0.0	0.0
2023-11-03 00:00:00+08:00	20.96782154962752	21.147262720511772	20.96782154962752	21.138290405273438	122810	0.0	0.0	0.0
2023-11-06 00:00:00+08:00	21.201095228631427	21.353621167454424	21.19212462454847	21.326705932617188	209866	0.0	0.0	0.0
2023-11-07 00:00:00+08:00	21.290817370235487	21.290817370235487	21.15623605774752	21.19212532043457	60064	0.0	0.0	0.0
2023-11-08 00:00:00+08:00	21.219041000391677	21.2639025796897	21.16520881652832	21.16520881652832	76218	0.0	0.0	0.0
2023-11-09 00:00:00+08:00	21.165206762159716	21.219038940797937	21.165206762159716	21.174179077148438	65000	0.0	0.0	0.0
2023-11-10 00:00:00+08:00	21.174179518769744	21.174179518769744	21.08445807830536	21.147262573242188	105427	0.0	0.0	0.0
2023-11-13 00:00:00+08:00	21.19212429670345	21.281844026498504	21.102402855614248	21.138290405273438	281500	0.0	0.0	0.0
2023-11-14 00:00:00+08:00	21.183151290587166	21.272871017456055	21.138289715858626	21.272871017456055	292584	0.0	0.0	0.0
2023-11-15 00:00:00+08:00	21.371565105231834	21.461286544799805	21.362592790145623	21.461286544799805	454263	0.0	0.0	0.0
2023-11-16 00:00:00+08:00	21.700562913892306	21.700562913892306	21.56251897116508	21.64534568786621	402647	0.6	0.0	0.0
2023-11-17 00:00:00+08:00	21.718970066642427	21.764984130859375	21.672954247101444	21.764984130859375	362443	0.0	0.0	0.0
2023-11-20 00:00:00+08:00	21.77418827588501	21.77418827588501	21.67295522365745	21.728174209594727	293423	0.0	0.0	0.0
2023-11-21 00:00:00+08:00	21.801795400866474	22.02266605465353	21.783389074219905	21.97665023803711	384809	0.0	0.0	0.0
2023-11-22 00:00:00+08:00	21.976650131716717	21.976650131716717	21.81099845867077	21.903026580810547	233843	0.0	0.0	0.0
2023-11-23 00:00:00+08:00	21.903027352183866	21.949043170198237	21.810999226803073	21.87541961669922	115544	0.0	0.0	0.0
2023-11-24 00:00:00+08:00	21.903027145560692	21.903027145560692	21.81099902104805	21.88462257385254	63832	0.0	0.0	0.0
2023-11-27 00:00:00+08:00	21.88462329584478	22.11469712536463	21.85701380438575	21.93063735961914	222580	0.0	0.0	0.0
2023-11-28 00:00:00+08:00	21.921434091563878	22.08708752888234	21.884623191784225	22.013463973999023	190715	0.0	0.0	0.0
2023-11-29 00:00:00+08:00	22.013464286206183	22.068681514320787	21.92143440246582	21.92143440246582	98530	0.0	0.0	0.0
2023-11-30 00:00:00+08:00	21.921434297408723	22.004261016845703	21.88462339728341	22.004261016845703	201888	0.0	0.0	0.0
2023-12-01 00:00:00+08:00	22.07788545700366	22.07788545700366	21.829405288736986	21.893827438354492	141186	0.0	0.0	0.0
2023-12-04 00:00:00+08:00	21.99505754384637	21.99505754384637	21.90302766184052	21.93984031677246	87000	0.0	0.0	0.0
2023-12-05 00:00:00+08:00	21.921433990520434	21.921433990520434	21.71896965435555	21.783390045166016	182482	0.0	0.0	0.0
2023-12-06 00:00:00+08:00	21.811001019328273	21.985855876181308	21.811001019328273	21.958248138427734	204044	0.0	0.0	0.0
2023-12-07 00:00:00+08:00	21.949042858058	21.949042858058	21.801795753153982	21.810998916625977	100054	0.0	0.0	0.0
2023-12-08 00:00:00+08:00	21.87541961669922	21.903027352183866	21.829403798684847	21.87541961669922	71853	0.0	0.0	0.0
2023-12-11 00:00:00+08:00	21.89382806037215	21.89382806037215	21.76498551280073	21.86621856689453	169917	0.0	0.0	0.0
2023-12-12 00:00:00+08:00	21.88462278030209	21.88462278030209	21.83860696228772	21.87541961669922	101000	0.0	0.0	0.0
2023-12-13 00:00:00+08:00	21.875420858531236	21.89382718678188	21.801797300852726	21.820201873779297	278467	0.0	0.0	0.0
2023-12-14 00:00:00+08:00	21.930637049117653	22.17911720275879	21.92143388542828	22.17911720275879	802511	0.0	0.0	0.0
2023-12-15 00:00:00+08:00	22.225131265881668	22.33556747483017	22.16071087538004	22.17911720275879	306680	0.0	0.0	0.0
2023-12-18 00:00:00+08:00	22.14230496073031	22.17911761617399	22.068681405166974	22.16071128845215	262300	0.0	0.0	0.0
2023-12-19 00:00:00+08:00	22.096289966211394	22.096289966211394	21.91223020739233	21.967449188232422	216195	0.0	0.0	0.0
2023-12-20 00:00:00+08:00	21.985854173187263	21.985854173187263	21.92143378298668	21.94904327392578	175349	0.0	0.0	0.0
2023-12-21 00:00:00+08:00	21.801795753153982	21.810998916625977	21.71896903722998	21.810998916625977	123582	0.0	0.0	0.0
2023-12-22 00:00:00+08:00	21.810999329611846	21.838607065226626	21.78338983867308	21.792593002319336	95484	0.0	0.0	0.0
2023-12-25 00:00:00+08:00	21.792592589681988	21.857012978662	21.774186262737995	21.810998916625977	188654	0.0	0.0	0.0
2023-12-26 00:00:00+08:00	21.83860798862096	21.995058266574453	21.83860798862096	21.985855102539062	286143	0.0	0.0	0.0
2023-12-27 00:00:00+08:00	21.985854790349222	22.09629100188168	21.985854790349222	22.077884674072266	309479	0.0	0.0	0.0
2023-12-28 00:00:00+08:00	22.09628971708295	22.2159273302397	22.087086553713366	22.206724166870117	449977	0.0	0.0	0.0
2023-12-29 00:00:00+08:00	22.179116790029205	22.252740342850153	22.16991362651109	22.19752311706543	371650	0.0	0.0	0.0
2024-01-02 00:00:00+08:00	22.197522758824462	22.24353682034846	22.142303778606948	22.206724166870117	290157	0.0	0.0	0.0
2024-01-03 00:00:00+08:00	22.151507919989736	22.151507919989736	21.995057646447194	22.013463973999023	376062	0.0	0.0	0.0
2024-01-04 00:00:00+08:00	22.041074393772803	22.06868213093947	21.97665224462771	22.050275802612305	95083	0.0	0.0	0.0
2024-01-05 00:00:00+08:00	22.050275288061293	22.096291107805417	21.985854895743557	21.995058059692383	127000	0.0	0.0	0.0
2024-01-08 00:00:00+08:00	21.99505657040622	22.243536714227776	21.99505657040622	22.133100509643555	169947	0.0	0.0	0.0
2024-01-09 00:00:00+08:00	22.142304548468754	22.15150771215832	22.004260603773204	22.022666931152344	92053	0.0	0.0	0.0
2024-01-10 00:00:00+08:00	21.995056458274238	21.995056458274238	21.847809356461898	21.903026580810547	100711	0.0	0.0	0.0
2024-01-11 00:00:00+08:00	21.912231339476996	22.068681615958944	21.912231339476996	21.995058059692383	119630	0.0	0.0	0.0
2024-01-12 00:00:00+08:00	21.903027868160112	21.93063735961914	21.829404312926723	21.93063735961914	88077	0.0	0.0	0.0
2024-01-15 00:00:00+08:00	21.93063735961914	21.93063735961914	21.93063735961914	21.93063735961914	0	0.0	0.0	0.0
2024-01-16 00:00:00+08:00	21.76498392690954	21.76498392690954	21.488896033546872	21.61773681640625	339000	0.0	0.0	0.0
2024-01-17 00:00:00+08:00	21.617737706842302	21.617737706842302	21.332446637906518	21.350852966308594	376432	0.0	0.0	0.0
2024-01-18 00:00:00+08:00	21.341649802107558	21.350852966308594	21.203605849740182	21.350852966308594	191975	0.0	0.0	0.0
2024-01-19 00:00:00+08:00	21.277227920407118	21.488895416259766	21.277227920407118	21.488895416259766	146670	0.0	0.0	0.0
2024-01-22 00:00:00+08:00	21.534909478723744	21.5717221329541	21.488895416259766	21.488895416259766	149000	0.0	0.0	0.0
2024-01-23 00:00:00+08:00	21.488897834293446	21.56252139571467	21.488897834293446	21.54411506652832	109000	0.0	0.0	0.0
2024-01-24 00:00:00+08:00	21.544112952642838	21.58092560740351	21.544112952642838	21.553316116333008	92050	0.0	0.0	0.0
2024-01-25 00:00:00+08:00	21.58092632942751	21.61773723009576	21.58092632942751	21.59933090209961	95354	0.0	0.0	0.0
2024-01-26 00:00:00+08:00	21.599329973584922	21.80179606219083	21.599329973584922	21.718969345092773	140273	0.0	0.0	0.0
2024-01-29 00:00:00+08:00	21.718971045271847	21.79259460453077	21.700564716626086	21.728174209594727	125961	0.0	0.0	0.0
2024-01-30 00:00:00+08:00	21.77418859427502	21.78339175873247	21.62694147360407	21.636144638061523	275340	0.0	0.0	0.0
2024-01-31 00:00:00+08:00	21.62693977355957	21.62693977355957	21.51650356407543	21.62693977355957	117085	0.0	0.0	0.0
2024-02-01 00:00:00+08:00	21.64534727972046	21.737377166748047	21.64534727972046	21.737377166748047	130256	0.0	0.0	0.0
2024-02-02 00:00:00+08:00	21.75578024417859	21.75578024417859	21.691359854285427	21.718969345092773	137000	0.0	0.0	0.0
2024-02-05 00:00:00+08:00	21.718970278750533	21.718970278750533	21.498099608768886	21.59933090209961	126763	0.0	0.0	0.0
2024-02-15 00:00:00+08:00	21.636143245765496	21.810999848556694	21.5993305903046	21.691360473632812	317905	0.0	0.0	0.0
2024-02-16 00:00:00+08:00	21.617737688555227	21.691361246777152	21.507303228884382	21.663753509521484	892776	0.0	0.0	0.0
2024-02-19 00:00:00+08:00	21.663752529053262	21.87542002994604	21.663752529053262	21.857013702392578	250031	0.0	0.0	0.0
2024-02-20 00:00:00+08:00	21.866217069558743	22.013464180708038	21.866217069558743	22.004261016845703	326516	0.0	0.0	0.0
2024-02-21 00:00:00+08:00	22.013463560094383	22.013463560094383	21.85701328949347	21.87541961669922	183000	0.0	0.0	0.0
2024-02-22 00:00:00+08:00	21.88462211545211	21.97665023803711	21.85701262548226	21.97665023803711	189601	0.0	0.0	0.0
2024-02-23 00:00:00+08:00	21.976650131716717	21.995056458274238	21.847809356461898	21.903026580810547	228000	0.0	0.0	0.0
2024-02-26 00:00:00+08:00	21.857012519740657	21.903026580810547	21.76498264227697	21.903026580810547	400051	0.0	0.0	0.0
2024-02-27 00:00:00+08:00	21.903027765952224	21.985854484618788	21.820201047285657	21.857013702392578	216040	0.0	0.0	0.0
2024-02-29 00:00:00+08:00	21.857012322045087	22.068679809570312	21.857012322045087	22.068679809570312	255366	0.0	0.0	0.0
2024-03-01 00:00:00+08:00	22.06868120133051	22.06868120133051	21.976651318895364	22.013463973999023	158130	0.0	0.0	0.0
2024-03-04 00:00:00+08:00	22.013464387590034	22.013464387590034	21.949043995272298	21.995058059692383	148100	0.0	0.0	0.0
2024-03-05 00:00:00+08:00	21.976651938503675	22.00426143060984	21.93984103768618	21.985855102539062	258291	0.0	0.0	0.0
2024-03-06 00:00:00+08:00	21.985854378913114	22.1515078154498	21.949043479307182	22.096290588378906	436043	0.0	0.0	0.0
2024-03-07 00:00:00+08:00	22.050273900235023	22.252739983718044	22.050273900235023	22.206724166870117	593869	0.0	0.0	0.0
2024-03-08 00:00:00+08:00	22.20672534906831	22.34477105163717	22.197523940532808	22.317161560058594	684579	0.0	0.0	0.0
2024-03-11 00:00:00+08:00	22.39998796668793	22.611655466529328	22.39998796668793	22.565641403198242	1355482	0.0	0.0	0.0
2024-03-12 00:00:00+08:00	22.54723497232523	22.685278917009363	22.54723497232523	22.648468017578125	533854	0.0	0.0	0.0
2024-03-13 00:00:00+08:00	22.731296169838295	22.896947860717773	22.676077184221032	22.896947860717773	710313	0.0	0.0	0.0
2024-03-14 00:00:00+08:00	22.92455752639813	23.375502047061676	22.92455752639813	23.35709571838379	1622209	0.0	0.0	0.0
2024-03-15 00:00:00+08:00	23.357094795674858	23.357094795674858	23.01658650520611	23.163833618164062	691115	0.0	0.0	0.0
2024-03-18 00:00:00+08:00	23.163832017351936	23.237455568742917	23.01658491456997	23.071802139282227	499310	0.0	0.0	0.0
2024-03-19 00:00:00+08:00	23.00738216277961	23.117818369503492	22.9153522830637	23.053396224975586	494320	0.0	0.0	0.0
2024-03-20 00:00:00+08:00	23.062599955040604	23.062599955040604	22.878541946411133	22.878541946411133	358485	0.0	0.0	0.0
2024-03-21 00:00:00+08:00	22.91535335223828	23.28347113295344	22.91535335223828	23.246660232543945	924190	0.0	0.0	0.0
2024-03-22 00:00:00+08:00	23.292675225457497	23.421517770337186	23.11782036972467	23.283472061157227	874328	0.0	0.0	0.0
2024-03-25 00:00:00+08:00	23.237457174643037	23.237457174643037	23.11781955361122	23.163833618164062	149241	0.0	0.0	0.0
2024-03-26 00:00:00+08:00	23.19144392880273	23.36629878453556	23.136224943001103	23.283472061157227	368053	0.0	0.0	0.0
2024-03-27 00:00:00+08:00	23.24666115928025	23.357095620235288	23.24666115928025	23.283472061157227	243361	0.0	0.0	0.0
2024-03-28 00:00:00+08:00	23.3662977511033	23.3662977511033	23.173036575317383	23.173036575317383	158001	0.0	0.0	0.0
2024-03-29 00:00:00+08:00	23.17303677684619	23.329487053743783	23.17303677684619	23.320283889770508	255000	0.0	0.0	0.0
2024-04-01 00:00:00+08:00	23.357093293091282	23.439920008217314	23.301876068115234	23.301876068115234	191137	0.0	0.0	0.0
2024-04-02 00:00:00+08:00	23.30187766817352	23.30187766817352	23.219050947360067	23.237457275390625	180652	0.0	0.0	0.0
2024-04-03 00:00:00+08:00	23.23745655409703	23.23745655409703	23.034992218017578	23.034992218017578	206500	0.0	0.0	0.0
2024-04-08 00:00:00+08:00	23.03499334347097	23.219051361083984	23.03499334347097	23.219051361083984	336264	0.0	0.0	0.0
2024-04-09 00:00:00+08:00	23.219049662738744	23.384703095200685	23.219049662738744	23.366296768188477	303169	0.0	0.0	0.0
2024-04-10 00:00:00+08:00	23.36629888272273	23.467531935127	23.33869114503002	23.35709571838379	3341628	0.0	0.0	0.0
2024-04-11 00:00:00+08:00	23.329486537915095	23.357094273900454	23.209847164231856	23.265066146850586	328583	0.0	0.0	0.0
2024-04-12 00:00:00+08:00	23.255863918211574	23.255863918211574	23.127021375577716	23.145427703857422	323472	0.0	0.0	0.0
2024-04-15 00:00:00+08:00	23.062600981922827	23.21905126165216	22.988977424128084	23.145427703857422	156391	0.0	0.0	0.0
2024-04-16 00:00:00+08:00	23.034992957497117	23.1086165143735	22.538032632088456	22.611656188964844	650763	0.0	0.0	0.0
2024-04-17 00:00:00+08:00	22.611655259872215	22.75890236757474	22.56564119696167	22.731294631958008	223060	0.0	0.0	0.0
2024-04-18 00:00:00+08:00	22.722090908094277	22.933758400782462	22.666871927574274	22.90614891052246	439530	0.0	0.0	0.0
2024-04-19 00:00:00+08:00	22.73129395702907	22.777308018573382	22.271146320290214	22.519624710083008	327579	0.0	0.0	0.0
2024-04-22 00:00:00+08:00	22.51962558223426	22.915352846007426	22.51962558223426	22.878541946411133	186457	0.0	0.0	0.0
2024-04-23 00:00:00+08:00	22.896946928402436	23.062600367860956	22.896946928402436	23.016586303710938	215649	0.0	0.0	0.0
2024-04-24 00:00:00+08:00	23.07180394656242	23.13622433966027	22.998180389404297	22.998180389404297	326001	0.0	0.0	0.0
2024-04-25 00:00:00+08:00	22.924556114191333	22.924556114191333	22.7220917771792	22.79571533203125	195626	0.0	0.0	0.0
2024-04-26 00:00:00+08:00	22.823324301885528	23.007384076628192	22.823324301885528	22.896947860717773	67010	0.0	0.0	0.0
2024-04-29 00:00:00+08:00	22.96136760831573	23.633182731788125	22.96136760831573	23.623979568481445	1186744	0.0	0.0	0.0
2024-04-30 00:00:00+08:00	23.559560775756836	23.734417379774577	23.541154447897277	23.559560775756836	831124	0.0	0.0	0.0
2024-05-02 00:00:00+08:00	23.54115367705002	23.679197620828436	23.522747349793168	23.587167739868164	308809	0.0	0.0	0.0
2024-05-03 00:00:00+08:00	23.6331844329834	23.77122838187263	23.605574941075933	23.6331844329834	543027	0.0	0.0	0.0
2024-05-06 00:00:00+08:00	23.72521333946896	24.24057821323152	23.72521333946896	24.139345169067383	1045501	0.0	0.0	0.0
2024-05-07 00:00:00+08:00	24.16695543293745	24.240578988687318	24.028911485321952	24.111738204956055	632567	0.0	0.0	0.0
2024-05-08 00:00:00+08:00	24.074926484815105	24.074926484815105	23.936882531836112	23.99209976196289	169306	0.0	0.0	0.0
2024-05-09 00:00:00+08:00	24.019709264620612	24.111739151752694	23.835649490356445	23.835649490356445	307270	0.0	0.0	0.0
2024-05-10 00:00:00+08:00	23.89086587397542	24.498262405395508	23.89086587397542	24.498262405395508	1036674	0.0	0.0	0.0
2024-05-13 00:00:00+08:00	24.52587024787931	24.553479739757254	24.387826299137682	24.415435791015625	501744	0.0	0.0	0.0
2024-05-14 00:00:00+08:00	24.41543548562468	24.44304322183326	24.194564819335938	24.194564819335938	227541	0.0	0.0	0.0
2024-05-15 00:00:00+08:00	24.194565017347482	24.72833623741141	24.194565017347482	24.498262405395508	510878	0.0	0.0	0.0
2024-05-16 00:00:00+08:00	24.55347927204658	24.783553100674716	24.55347927204658	24.66391372680664	488250	0.0	0.0	0.0
2024-05-17 00:00:00+08:00	24.663914286884193	24.847974056096007	24.553479829616347	24.801959991455078	474100	0.0	0.0	0.0
2024-05-20 00:00:00+08:00	24.801959322249537	24.940003267771676	24.719132603871454	24.90319061279297	375734	0.0	0.0	0.0
2024-05-21 00:00:00+08:00	24.903191290415137	24.903191290415137	24.452246786599705	24.645509719848633	286681	0.0	0.0	0.0
2024-05-22 00:00:00+08:00	24.66391459937388	24.829568042698515	24.59949420593076	24.709930419921875	197001	0.0	0.0	0.0
2024-05-23 00:00:00+08:00	24.709930118203424	24.709930118203424	24.38782639959677	24.489059448242188	283708	0.0	0.0	0.0
2024-05-24 00:00:00+08:00	24.387826919555664	24.489059970359413	24.268189295689123	24.387826919555664	174482	0.0	0.0	0.0
2024-05-27 00:00:00+08:00	24.387825631100437	24.553479067182394	24.30499891305946	24.516666412353516	235310	0.0	0.0	0.0
2024-05-28 00:00:00+08:00	24.525868544839078	24.64550791267854	24.433838666960394	24.562681198120117	192916	0.0	0.0	0.0
2024-05-29 00:00:00+08:00	24.489058154837558	24.53507221706937	24.111737227500047	24.148548126220703	325424	0.0	0.0	0.0
2024-05-30 00:00:00+08:00	24.05651933152302	24.14854921546169	23.872461318969727	23.872461318969727	256361	0.0	0.0	0.0
2024-05-31 00:00:00+08:00	23.936880938711056	24.258984644440414	23.936880938711056	24.212968826293945	185370	0.0	0.0	0.0
2024-06-03 00:00:00+08:00	24.27738901131055	24.38782521860527	24.222171785325173	24.37862205505371	134670	0.0	0.0	0.0
2024-06-04 00:00:00+08:00	24.2957961109741	24.2957961109741	24.084128608529557	24.194564819335938	120446	0.0	0.0	0.0
2024-06-05 00:00:00+08:00	24.222173376093522	24.360217327784852	24.120940325701973	24.3142032623291	113337	0.0	0.0	0.0
2024-06-06 00:00:00+08:00	24.32340651657311	24.55348035535216	24.32340651657311	24.54427719116211	277283	0.0	0.0	0.0
2024-06-07 00:00:00+08:00	24.544276565765546	24.755944070771132	24.544276565765546	24.728336334228516	300558	0.0	0.0	0.0
2024-06-11 00:00:00+08:00	24.746740443471193	24.986017435863346	24.746740443471193	24.820363998413086	365813	0.0	0.0	0.0
2024-06-12 00:00:00+08:00	24.82036487858892	24.82036487858892	24.627103698259557	24.709930419921875	119606	0.0	0.0	0.0
2024-06-13 00:00:00+08:00	24.737536764718207	24.83876980890241	24.737536764718207	24.765146255493164	144371	0.0	0.0	0.0
2024-06-14 00:00:00+08:00	24.774348800229603	24.792755126953125	24.737536146782563	24.792755126953125	72671	0.0	0.0	0.0
2024-06-17 00:00:00+08:00	24.79275482132713	24.893986106410733	24.783551658078817	24.884784698486328	210120	0.0	0.0	0.0
2024-06-18 00:00:00+08:00	24.88478634547587	25.124061584472656	24.88478634547587	25.124061584472656	252449	0.0	0.0	0.0
2024-06-19 00:00:00+08:00	25.21609192249745	25.344934463500977	25.05964164474779	25.344934463500977	358168	0.0	0.0	0.0
2024-06-20 00:00:00+08:00	25.344933485416654	25.400150712102107	25.216090949385283	25.381744384765625	218359	0.0	0.0	0.0
2024-06-21 00:00:00+08:00	25.354134585390813	25.473773956298828	25.30812052293325	25.473773956298828	254246	0.0	0.0	0.0
2024-06-24 00:00:00+08:00	25.473773956298828	25.58420840832657	25.280511032264332	25.473773956298828	566777	0.0	0.0	0.0
2024-06-25 00:00:00+08:00	25.482978048561016	25.667036060423083	25.41855765664309	25.51058578491211	174217	0.0	0.0	0.0
2024-06-26 00:00:00+08:00	25.51058547800411	25.519788641785098	25.25290391343248	25.289714813232422	219137	0.0	0.0	0.0
2024-06-27 00:00:00+08:00	25.124061584472656	25.142467912187495	24.995220801116847	25.124061584472656	99048	0.0	0.0	0.0
2024-06-28 00:00:00+08:00	25.179280665308376	25.482978052485386	25.179280665308376	25.354135513305664	109550	0.0	0.0	0.0
2024-07-01 00:00:00+08:00	25.354136277736437	25.54739921467091	25.354136277736437	25.48297882080078	199089	0.0	0.0	0.0
2024-07-02 00:00:00+08:00	25.482977223692714	25.63022433054568	25.390947343078615	25.54739761352539	156000	0.0	0.0	0.0
2024-07-03 00:00:00+08:00	25.52899179375565	26.237619606647826	25.52899179375565	26.228416442871094	709706	0.0	0.0	0.0
2024-07-04 00:00:00+08:00	26.513707601813998	26.513707601813998	26.228416544921366	26.302040100097656	259438	0.0	0.0	0.0
2024-07-05 00:00:00+08:00	26.35725660457712	26.467692811973915	26.348053441017054	26.4124755859375	200000	0.0	0.0	0.0
2024-07-08 00:00:00+08:00	26.44928710365421	26.58733104963687	26.366460384999815	26.541316986083984	316052	0.0	0.0	0.0
2024-07-09 00:00:00+08:00	26.596533128798843	26.688563007475615	26.403271963369164	26.50450325012207	204384	0.0	0.0	0.0
2024-07-10 00:00:00+08:00	26.50450483501962	26.964652500595125	26.50450483501962	26.909435272216797	353066	0.0	0.0	0.0
2024-07-11 00:00:00+08:00	27.01066631250815	27.470813943878568	26.98305682270932	27.148710250854492	535893	0.0	0.0	0.0
2024-07-12 00:00:00+08:00	27.148710562647857	27.434001605883285	26.973853969228237	27.213130950927734	322877	0.0	0.0	0.0
2024-07-15 00:00:00+08:00	27.249945419031157	27.259148583015982	26.909435372888804	26.98305892944336	373058	0.0	0.0	0.0
2024-07-16 00:00:00+08:00	27.05668176162842	27.157914807427208	26.918637816199887	26.937044143676758	224063	0.0	0.0	0.0
2024-07-17 00:00:00+08:00	27.019872885696234	27.148713677036074	26.854219436645508	26.854219436645508	291879	0.0	0.0	0.0
2024-07-18 00:00:00+08:00	26.835811509776903	27.06588534079716	26.660954906710778	26.918638229370117	495217	0.0	0.0	0.0
2024-07-19 00:00:00+08:00	26.90943517534328	26.90943517534328	26.302040399396144	26.67936134338379	974158	0.0	0.0	0.0
2024-07-22 00:00:00+08:00	26.412476628674256	26.412476628674256	25.869502244462222	26.053560256958008	840158	0.0	0.0	0.0
2024-07-23 00:00:00+08:00	26.265228684952007	26.48609934614828	26.24682235768799	26.40327262878418	1129303	0.0	0.0	0.0
2024-07-26 00:00:00+08:00	25.814283360873755	26.311243682717063	25.740659804525567	26.12718391418457	1206212	0.0	0.0	0.0
2024-07-29 00:00:00+08:00	26.320445809079963	26.59653369567081	26.320445809079963	26.486099243164062	558000	0.0	0.0	0.0
2024-07-30 00:00:00+08:00	26.476896909993766	26.476896909993766	26.007546083809345	26.292837142944336	348302	0.0	0.0	0.0
2024-07-31 00:00:00+08:00	26.1179816878033	26.7345796526004	26.1179816878033	26.716175079345703	865274	0.0	0.0	0.0
2024-08-01 00:00:00+08:00	26.87262323548257	26.955449952209918	26.68856347490536	26.72537612915039	388141	0.0	0.0	0.0
2024-08-02 00:00:00+08:00	26.21000980571207	26.504504021792698	26.07196586133977	26.320446014404297	372200	0.0	0.0	0.0
2024-08-05 00:00:00+08:00	25.8879075766046	25.8879075766046	24.387826919555664	24.387826919555664	1046515	0.0	0.0	0.0
2024-08-06 00:00:00+08:00	24.79275543800974	25.21609042601841	24.056518157747245	24.857175827026367	833422	0.0	0.0	0.0
2024-08-07 00:00:00+08:00	25.03203334962714	25.39094796191331	25.013627021990924	25.363338470458984	262450	0.0	0.0	0.0
2024-08-08 00:00:00+08:00	25.21609263850608	25.473775972505965	25.050439192029305	25.390949249267578	179374	0.0	0.0	0.0
2024-08-09 00:00:00+08:00	25.5934131487012	26.099576643539137	25.5934131487012	26.03515625	357505	0.0	0.0	0.0
2024-08-12 00:00:00+08:00	26.04435796468481	26.27443180449766	26.04435796468481	26.099576950073242	285146	0.0	0.0	0.0
2024-08-13 00:00:00+08:00	26.246823188701224	26.246823188701224	26.02595252051186	26.053560256958008	150569	0.0	0.0	0.0
2024-08-14 00:00:00+08:00	26.173199213600405	26.587331051578623	26.173199213600405	26.38486671447754	166010	0.0	0.0	0.0
2024-08-15 00:00:00+08:00	26.568925748445373	26.57812715664429	26.17319849358162	26.182401657104492	302189	0.0	0.0	0.0
2024-08-16 00:00:00+08:00	26.412476510601987	26.73457846986072	26.412476510601987	26.605737686157227	304967	0.0	0.0	0.0
2024-08-19 00:00:00+08:00	26.60573799920537	26.70697104777726	26.513708114624023	26.513708114624023	127395	0.0	0.0	0.0
2024-08-20 00:00:00+08:00	26.596534627803464	26.596534627803464	26.366460795806336	26.522911071777344	532314	0.0	0.0	0.0
2024-08-21 00:00:00+08:00	26.522910970295204	26.63334718157385	26.366460694922804	26.44928741455078	53455	0.0	0.0	0.0
2024-08-22 00:00:00+08:00	26.338852650921297	26.38486671447754	26.25602593226085	26.38486671447754	77407	0.0	0.0	0.0
2024-08-23 00:00:00+08:00	26.2284163389127	26.384866611849	26.13638645683417	26.311243057250977	149278	0.0	0.0	0.0
2024-08-26 00:00:00+08:00	26.4492873065141	26.854217739116425	26.4492873065141	26.68856430053711	394373	0.0	0.0	0.0
2024-08-27 00:00:00+08:00	26.688565028537255	26.688565028537255	26.532114749536312	26.578128814697266	56218	0.0	0.0	0.0
2024-08-28 00:00:00+08:00	26.688564613217743	26.688564613217743	26.48610027220654	26.596534729003906	67182	0.0	0.0	0.0
2024-08-29 00:00:00+08:00	26.44928731278537	26.504504540550226	26.37566375732422	26.37566375732422	88268	0.0	0.0	0.0
2024-08-30 00:00:00+08:00	26.504504435438328	26.54131709068492	26.37566365272328	26.4584903717041	47000	0.0	0.0	0.0
2024-09-02 00:00:00+08:00	26.47689720844175	26.771391434781158	26.47689720844175	26.67015838623047	135467	0.0	0.0	0.0
2024-09-03 00:00:00+08:00	26.68856471979618	26.68856471979618	26.504504950633482	26.513708114624023	148514	0.0	0.0	0.0
2024-09-04 00:00:00+08:00	25.970735038415437	26.07196809210132	25.676240797137382	25.915517807006836	1345297	0.0	0.0	0.0
2024-09-05 00:00:00+08:00	26.06276429314762	26.36646169148762	26.053561128916215	26.099576950073242	180204	0.0	0.0	0.0
2024-09-06 00:00:00+08:00	26.099574588051453	26.495301837567936	25.924717994127533	26.348052978515625	384035	0.0	0.0	0.0
2024-09-09 00:00:00+08:00	26.04435749983166	26.210010942392096	25.703849205967703	26.191604614257812	141439	0.0	0.0	0.0
2024-09-10 00:00:00+08:00	26.191603478478026	26.35725691385502	26.081169025109354	26.16399574279785	106561	0.0	0.0	0.0
2024-09-11 00:00:00+08:00	26.1824019665638	26.256025520293008	26.09037208557129	26.09037208557129	142159	0.0	0.0	0.0
2024-09-12 00:00:00+08:00	26.173200607299805	26.228417837572366	25.998343996891908	26.173200607299805	90311	0.0	0.0	0.0
2024-09-13 00:00:00+08:00	26.384866716427496	26.384866716427496	26.2008069515409	26.228416442871094	78100	0.0	0.0	0.0
2024-09-16 00:00:00+08:00	26.24682246038414	26.348053750084365	26.228416133048103	26.320446014404297	132050	0.0	0.0	0.0
2024-09-18 00:00:00+08:00	26.320447714643727	26.51370889818437	26.320447714643727	26.32965087890625	119090	0.0	0.0	0.0
2024-09-19 00:00:00+08:00	26.366460791492955	26.67936134338379	26.3388530550652	26.67936134338379	116069	0.0	0.0	0.0
2024-09-20 00:00:00+08:00	26.697766638466618	26.87262323548257	26.697766638466618	26.72537612915039	176045	0.0	0.0	0.0
2024-09-23 00:00:00+08:00	26.81740559419723	26.90943547908462	26.780594693436704	26.900232315063477	205355	0.0	0.0	0.0
2024-09-24 00:00:00+08:00	26.891027555311847	26.964651107788086	26.854216656735705	26.964651107788086	136221	0.0	0.0	0.0
2024-09-25 00:00:00+08:00	27.093493026580738	27.148710250854492	26.98305682270932	27.148710250854492	266193	0.0	0.0	0.0
2024-09-26 00:00:00+08:00	27.231538153039534	27.360378933740922	27.231538153039534	27.25914764404297	88050	0.0	0.0	0.0
2024-09-27 00:00:00+08:00	27.314365287362623	27.42479974241289	27.0658851305135	27.084291458129883	125764	0.0	0.0	0.0
2024-09-30 00:00:00+08:00	27.102697683313398	27.194725810399465	27.01066780090332	27.01066780090332	139379	0.0	0.0	0.0
2024-10-01 00:00:00+08:00	27.029074440602415	27.029074440602415	26.817405182017517	26.918638229370117	91382	0.0	0.0	0.0
2024-10-04 00:00:00+08:00	26.80820073113409	26.909433773626713	26.697766280527542	26.734577178955078	76000	0.0	0.0	0.0
2024-10-07 00:00:00+08:00	26.817404564705285	27.167117762787452	26.817404564705285	27.102697372436523	176457	0.0	0.0	0.0
2024-10-08 00:00:00+08:00	27.03827466026432	27.075087314164417	26.76218677730942	26.964651107788086	68311	0.0	0.0	0.0
2024-10-09 00:00:00+08:00	27.029074856035454	27.05668259277483	26.900232315063477	26.900232315063477	63000	0.0	0.0	0.0
2024-10-11 00:00:00+08:00	26.891029151042332	27.084292084838268	26.845015086260663	26.900232315063477	181169	0.0	0.0	0.0
2024-10-14 00:00:00+08:00	26.96465100275097	26.973854166190144	26.789796163378497	26.891027450561523	93003	0.0	0.0	0.0
2024-10-15 00:00:00+08:00	27.05668237503032	27.222335815429688	26.900232098578034	27.222335815429688	196269	0.0	0.0	0.0
2024-10-16 00:00:00+08:00	27.14871288695791	27.14871288695791	27.01987209936758	27.03827667236328	143123	0.0	0.0	0.0
2024-10-17 00:00:00+08:00	27.111898320341115	27.22233452715574	27.102696912153526	27.194725036621094	62704	0.0	0.0	0.0
2024-10-18 00:00:00+08:00	27.25914866640904	27.608860122282028	27.25914866640904	27.526033401489258	259248	0.0	0.0	0.0
2024-10-21 00:00:00+08:00	27.60886112945652	27.65487519587597	27.12110395091944	27.17632293701172	228745	0.0	0.0	0.0
2024-10-22 00:00:00+08:00	26.99226116364839	27.332771198061476	26.99226116364839	27.25914764404297	211203	0.0	0.0	0.0
2024-10-23 00:00:00+08:00	27.30516212355443	27.30516212355443	27.07508829432169	27.084291458129883	71100	0.0	0.0	0.0
2024-10-24 00:00:00+08:00	27.08429047763944	27.08429047763944	26.94624653616199	26.964651107788086	177152	0.0	0.0	0.0
2024-10-25 00:00:00+08:00	26.964652289759357	27.167118384436893	26.964652289759357	27.075088500976562	58000	0.0	0.0	0.0
2024-10-28 00:00:00+08:00	27.10269726894761	27.148711331787148	27.02907371520996	27.02907371520996	90778	0.0	0.0	0.0
2024-10-29 00:00:00+08:00	26.771390398969633	27.056681450282237	26.688563681600815	26.872623443603516	97669	0.0	0.0	0.0
2024-10-30 00:00:00+08:00	26.918639832315428	26.955452490026314	26.826609943362342	26.854219436645508	62000	0.0	0.0	0.0
2024-11-01 00:00:00+08:00	26.495303431248235	26.863421212711287	26.45849077543991	26.75298500061035	233110	0.0	0.0	0.0
2024-11-04 00:00:00+08:00	26.80820140103744	27.130305108116072	26.734577847018667	27.102697372436523	194367	0.0	0.0	0.0
2024-11-05 00:00:00+08:00	27.093493026580738	27.148710250854492	26.964650496176763	27.148710250854492	401184	0.0	0.0	0.0
2024-11-06 00:00:00+08:00	27.157915118447114	27.157915118447114	26.964652188374668	27.00146484375	287040	0.0	0.0	0.0
2024-11-07 00:00:00+08:00	27.001463764853106	27.268348484364267	27.001463764853106	27.12110137939453	345040	0.0	0.0	0.0
2024-11-08 00:00:00+08:00	27.24074085417884	27.31436440694727	27.14871097438731	27.194725036621094	316161	0.0	0.0	0.0
2024-11-11 00:00:00+08:00	27.194726015403567	27.194726015403567	27.01066800451992	27.157915115356445	642412	0.0	0.0	0.0
2024-11-12 00:00:00+08:00	27.13951051260835	27.13951051260835	26.780595876547867	26.854219436645508	660600	0.0	0.0	0.0
2024-11-13 00:00:00+08:00	26.872625361617327	26.881826770582624	26.578129370328774	26.716175079345703	674407	0.0	0.0	0.0
2024-11-14 00:00:00+08:00	26.826606947828804	26.826606947828804	26.45848918844565	26.50450325012207	430655	0.0	0.0	0.0
2024-11-15 00:00:00+08:00	26.504504225875852	26.98305820835371	26.504504225875852	26.780593872070312	682551	0.0	0.0	0.0
2024-11-18 00:00:00+08:00	26.828552163791464	26.838144286379688	26.512019436421394	26.598346710205078	815677	1.18	0.0	0.0
2024-11-19 00:00:00+08:00	26.761409427428696	26.818960334076188	26.655899736826676	26.809370040893555	584250	0.0	0.0	0.0
2024-11-20 00:00:00+08:00	26.847736358642578	26.847736358642578	26.847736358642578	26.847736358642578	514	0.0	0.0	0.0
2024-11-21 00:00:00+08:00	26.81896101210647	26.81896101210647	26.655900410734503	26.72304344177246	164035	0.0	0.0	0.0
2024-11-22 00:00:00+08:00	26.7997782507695	26.876513403755176	26.675082483723806	26.761409759521484	209229	0.0	0.0	0.0
2024-11-25 00:00:00+08:00	27.049168099176793	27.068350515392442	26.924472331468063	26.982023239135742	145107	0.0	0.0	0.0
2024-11-26 00:00:00+08:00	26.982021673753877	26.982021673753877	26.761408349234856	26.943655014038086	169010	0.0	0.0	0.0
2024-11-27 00:00:00+08:00	26.905287464081397	27.04916747419172	26.818960189819336	26.818960189819336	113150	0.0	0.0	0.0
2024-11-28 00:00:00+08:00	26.81895999093185	26.934063632264444	26.809369697871922	26.847736358642578	81507	0.0	0.0	0.0
2024-11-29 00:00:00+08:00	26.84773573018265	26.84773573018265	26.377732712304635	26.684673309326172	87236	0.0	0.0	0.0
2024-12-02 00:00:00+08:00	26.809370251858486	27.02998358700185	26.809370251858486	27.0203914642334	191448	0.0	0.0	0.0
2024-12-03 00:00:00+08:00	27.116310675597727	27.336924009221242	27.116310675597727	27.288965225219727	393504	0.0	0.0	0.0
2024-12-04 00:00:00+08:00	27.33692407578934	27.432843473536284	27.221820432590942	27.279373168945312	130275	0.0	0.0	0.0
2024-12-05 00:00:00+08:00	27.279372219857514	27.461617056774774	27.279372219857514	27.394474029541016	147315	0.0	0.0	0.0
2024-12-06 00:00:00+08:00	27.394473897398374	27.480801168999722	27.365699359871435	27.413658142089844	121050	0.0	0.0	0.0
2024-12-09 00:00:00+08:00	27.4136598494323	27.528763495239595	27.4136598494323	27.44243621826172	105148	0.0	0.0	0.0
2024-12-10 00:00:00+08:00	27.48080151244198	27.58631303005344	27.32733121201275	27.37529182434082	113000	0.0	0.0	0.0
2024-12-11 00:00:00+08:00	27.375292355358937	27.471209922855067	27.288965081004157	27.298555374145508	129011	0.0	0.0	0.0
2024-12-12 00:00:00+08:00	27.384881993405088	27.643863810274123	27.384881993405088	27.624679565429688	153393	0.0	0.0	0.0
2024-12-13 00:00:00+08:00	27.62468045211885	27.62468045211885	27.461618024727777	27.5191707611084	73292	0.0	0.0	0.0
2024-12-16 00:00:00+08:00	27.528762000228078	27.749375327408238	27.528762000228078	27.624679565429688	182000	0.0	0.0	0.0
2024-12-17 00:00:00+08:00	27.624680439519828	27.624680439519828	27.279373168945312	27.279373168945312	162301	0.0	0.0	0.0
2024-12-18 00:00:00+08:00	27.279373168945312	27.41365922808483	27.193045893924097	27.279373168945312	96225	0.0	0.0	0.0
2024-12-19 00:00:00+08:00	27.145085201013096	27.145085201013096	26.857328838123056	27.04916763305664	193345	0.0	0.0	0.0
2024-12-20 00:00:00+08:00	26.953247810872327	26.953247810872327	26.742224773868525	26.857328414916992	150206	0.0	0.0	0.0
2024-12-23 00:00:00+08:00	26.876512010173734	27.24100351057875	26.876512010173734	27.183452606201172	237745	0.0	0.0	0.0
2024-12-24 00:00:00+08:00	27.25059706666698	27.375292833807833	27.193046159261396	27.241004943847656	92156	0.0	0.0	0.0
2024-12-25 00:00:00+08:00	27.241005355134565	27.308148386373205	27.173862323895925	27.19304656982422	135000	0.0	0.0	0.0
2024-12-26 00:00:00+08:00	27.269781724027006	27.279373846991152	27.135495661549726	27.19304656982422	64874	0.0	0.0	0.0
2024-12-27 00:00:00+08:00	27.19304656982422	27.231413232170418	27.116311415621432	27.19304656982422	177500	0.0	0.0	0.0
2024-12-30 00:00:00+08:00	27.193046292210536	27.317740230450667	27.145085677879432	27.221820831298828	168071	0.0	0.0	0.0
2024-12-31 00:00:00+08:00	27.193044772143676	27.193044772143676	26.934062957763672	26.934062957763672	152284	0.0	0.0	0.0
2025-01-02 00:00:00+08:00	26.972431447083792	26.982021739903555	26.857327808633702	26.934062957763672	72000	0.0	0.0	0.0
2025-01-03 00:00:00+08:00	26.85732930093738	27.039575976313785	26.85732930093738	26.982023239135742	73072	0.0	0.0	0.0
2025-01-06 00:00:00+08:00	27.020391607534282	27.308147974072565	27.020391607534282	27.241004943847656	264331	0.0	0.0	0.0
2025-01-07 00:00:00+08:00	27.33692420906608	27.384882993418195	27.173861780954397	27.260189056396484	193386	0.0	0.0	0.0
2025-01-08 00:00:00+08:00	27.260189534232033	27.260189534232033	27.164270134336107	27.202638626098633	141278	0.0	0.0	0.0
2025-01-09 00:00:00+08:00	27.22181980817103	27.384882231747373	27.106717997123205	27.116310119628906	174147	0.0	0.0	0.0
2025-01-10 00:00:00+08:00	27.116310235143306	27.116310235143306	26.71345023573914	26.857328414916992	246233	0.0	0.0	0.0
2025-01-13 00:00:00+08:00	26.809369481150764	26.809369481150764	26.473652511947407	26.636714935302734	360137	0.0	0.0	0.0
2025-01-14 00:00:00+08:00	26.76140908502071	26.876512726353305	26.713450301679813	26.847736358642578	153339	0.0	0.0	0.0
2025-01-15 00:00:00+08:00	26.847736292370428	27.097125990050177	26.847736292370428	26.857328414916992	88424	0.0	0.0	0.0
2025-01-16 00:00:00+08:00	27.001207019568078	27.173861569106236	27.001207019568078	27.04916763305664	125324	0.0	0.0	0.0
2025-01-17 00:00:00+08:00	27.049167832538757	27.068350248565313	26.96284055713303	27.0203914642334	74210	0.0	0.0	0.0
2025-01-20 00:00:00+08:00	27.11631140899098	27.11631140899098	26.953248977661133	26.953248977661133	119333	0.0	0.0	0.0
2025-01-21 00:00:00+08:00	26.953247290235	27.183452738374903	26.953247290235	27.164268493652344	119100	0.0	0.0	0.0
2025-01-22 00:00:00+08:00	27.164269591941114	27.33692414240427	27.164269591941114	27.2697811126709	172872	0.0	0.0	0.0
2025-02-03 00:00:00+08:00	27.164269591941114	27.2697811126709	26.93406413449369	27.2697811126709	211176	0.0	0.0	0.0
2025-02-04 00:00:00+08:00	27.269780966573027	27.432843393413474	27.04916763305664	27.04916763305664	242085	0.0	0.0	0.0
2025-02-05 00:00:00+08:00	27.145085545164775	27.39447524993612	27.145085545164775	27.241004943847656	97135	0.0	0.0	0.0
2025-02-06 00:00:00+08:00	27.250595589968107	27.432842254638672	27.250595589968107	27.432842254638672	102025	0.0	0.0	0.0
2025-02-07 00:00:00+08:00	27.432842386781317	27.528761780728402	27.298554503451285	27.413658142089844	68000	0.0	0.0	0.0
2025-02-10 00:00:00+08:00	27.413659638625393	27.52876328354756	27.28896570034422	27.461618423461914	86259	0.0	0.0	0.0
2025-02-11 00:00:00+08:00	27.50957857196892	27.62468038543161	27.50957857196892	27.528762817382812	143032	0.0	0.0	0.0
2025-02-12 00:00:00+08:00	27.57672112513938	27.59590537022195	27.53835263497424	27.586313247680664	114670	0.0	0.0	0.0
2025-02-13 00:00:00+08:00	27.768560875732362	27.768560875732362	27.567129954431014	27.701416015625	159143	0.0	0.0	0.0
2025-02-14 00:00:00+08:00	27.70141622680563	27.72060047269684	27.6726416874792	27.682233810424805	129173	0.0	0.0	0.0
2025-02-17 00:00:00+08:00	27.720599189382828	27.912437980393072	27.720599189382828	27.845294952392578	266035	0.0	0.0	0.0
2025-02-18 00:00:00+08:00	27.960396763390484	27.960396763390484	27.835702829891037	27.845294952392578	62096	0.0	0.0	0.0
2025-02-19 00:00:00+08:00	27.864477566909297	27.91243817975957	27.758967877659323	27.816518783569336	90126	0.0	0.0	0.0
2025-02-20 00:00:00+08:00	27.75896807634029	27.81651898266222	27.624680188908695	27.787742614746094	54500	0.0	0.0	0.0
2025-02-21 00:00:00+08:00	27.787742283496343	27.845295018642528	27.758967745433555	27.835702896118164	120462	0.0	0.0	0.0
2025-02-24 00:00:00+08:00	27.854887539764682	27.854887539764682	27.72059965201226	27.77815055847168	84000	0.0	0.0	0.0
2025-02-25 00:00:00+08:00	27.68223326720579	27.76856054251182	27.576721746385005	27.74937629699707	100460	0.0	0.0	0.0
2025-02-26 00:00:00+08:00	27.74937644058121	27.989174022225345	27.72060007216018	27.969989776611328	281500	0.0	0.0	0.0
2025-02-27 00:00:00+08:00	27.969988819391236	28.037131847232093	27.854887008666992	27.854887008666992	104102	0.0	0.0	0.0
2025-03-03 00:00:00+08:00	27.85488816092906	27.941213607788086	27.720600270182015	27.941213607788086	175168	0.0	0.0	0.0
2025-03-04 00:00:00+08:00	27.81651904911818	27.845295417103056	27.605497839093417	27.77815055847168	90585	0.0	0.0	0.0
2025-03-05 00:00:00+08:00	27.77815055847168	27.81651904911818	27.75896814265876	27.77815055847168	48000	0.0	0.0	0.0
2025-03-06 00:00:00+08:00	27.778150492107383	27.91243837953898	27.778150492107383	27.787742614746094	87000	0.0	0.0	0.0
2025-03-07 00:00:00+08:00	27.720599370850657	27.720599370850657	27.53835270114891	27.57672119140625	173100	0.0	0.0	0.0
2025-03-10 00:00:00+08:00	27.62467984199953	27.672640454590788	27.44243500268366	27.595905303955078	76208	0.0	0.0	0.0
2025-03-11 00:00:00+08:00	27.336923466767928	27.43284286237795	26.991614374375985	27.356107711791992	267050	0.0	0.0	0.0
2025-03-12 00:00:00+08:00	27.35610764557759	27.365699768066406	27.288964617666185	27.365699768066406	56179	0.0	0.0	0.0
2025-03-13 00:00:00+08:00	27.461617666749664	27.57672130850012	27.317739486694336	27.317739486694336	62221	0.0	0.0	0.0
2025-03-14 00:00:00+08:00	27.317739420386967	27.4520273070216	27.317739420386967	27.32733154296875	51614	0.0	0.0	0.0
2025-03-17 00:00:00+08:00	27.327331899557592	27.528762817382812	27.116310688535766	27.528762817382812	80035	0.0	0.0	0.0
2025-03-18 00:00:00+08:00	27.528762817382812	27.74937615111159	27.480802203848075	27.528762817382812	145036	0.0	0.0	0.0
2025-03-19 00:00:00+08:00	27.576721934729264	27.701415872406088	27.480802536010742	27.480802536010742	120110	0.0	0.0	0.0
2025-03-20 00:00:00+08:00	27.567129135131836	27.624680041145925	27.442435200516254	27.567129135131836	132478	0.0	0.0	0.0
2025-03-21 00:00:00+08:00	27.490394326555023	27.538353110579422	27.490394326555023	27.528762817382812	46614	0.0	0.0	0.0
2025-03-24 00:00:00+08:00	27.528762209777923	27.653456143195363	27.528762209777923	27.605497360229492	123029	0.0	0.0	0.0
2025-03-25 00:00:00+08:00	27.605497492763234	27.672640521041924	27.57672112513938	27.586313247680664	46314	0.0	0.0	0.0
2025-03-26 00:00:00+08:00	27.586312905251102	27.711006837719367	27.586312905251102	27.624679565429688	31000	0.0	0.0	0.0
2025-03-27 00:00:00+08:00	27.576721257719235	27.576721257719235	27.452027323103653	27.567129135131836	93534	0.0	0.0	0.0
2025-03-28 00:00:00+08:00	27.50957760236264	27.547944262327814	27.260187909303045	27.40406608581543	187100	0.0	0.0	0.0
2025-03-31 00:00:00+08:00	27.145085873871174	27.145085873871174	26.72304344177246	26.72304344177246	279195	0.0	0.0	0.0
2025-04-01 00:00:00+08:00	26.742224104621826	26.991613796060392	26.742224104621826	26.943655014038086	73020	0.0	0.0	0.0
2025-04-02 00:00:00+08:00	26.94365563937973	27.11631018588363	26.905287149263174	27.106718063354492	123100	0.0	0.0	0.0
2025-04-07 00:00:00+08:00	24.40180206298828	24.40180206298828	24.40180206298828	24.40180206298828	439534	0.0	0.0	0.0
2025-04-08 00:00:00+08:00	23.02056686579147	24.785477138529636	23.02056686579147	24.488128662109375	925000	0.0	0.0	0.0
2025-04-09 00:00:00+08:00	24.50731160913522	24.584046760505693	23.13567100707679	23.212406158447266	497328	0.0	0.0	0.0
2025-04-10 00:00:00+08:00	25.533647670576222	25.533647670576222	25.466502809948604	25.514463424682617	1217264	0.0	0.0	0.0
2025-04-11 00:00:00+08:00	25.399358164583074	25.399358164583074	24.507310911838434	24.986906051635742	545267	0.0	0.0	0.0
2025-04-14 00:00:00+08:00	25.102010993171408	25.322624329847343	24.948540686830725	25.063642501831055	321211	0.0	0.0	0.0
2025-04-15 00:00:00+08:00	25.197929532785256	25.418542861938477	25.188337410277253	25.418542861938477	96154	0.0	0.0	0.0
2025-04-16 00:00:00+08:00	25.370583516678074	25.370583516678074	24.938947160934717	25.245887756347656	122000	0.0	0.0	0.0
2025-04-17 00:00:00+08:00	25.034867073043642	25.034867073043642	24.862212527169294	24.938947677612305	87000	0.0	0.0	0.0
2025-04-18 00:00:00+08:00	24.900579055501552	24.9964984504239	24.823843905465736	24.958131790161133	58021	0.0	0.0	0.0
2025-04-21 00:00:00+08:00	24.95813266606522	24.95813266606522	24.747109623928168	24.843029022216797	84040	0.0	0.0	0.0
2025-04-22 00:00:00+08:00	24.747108648921717	24.747108648921717	24.459352294903436	24.488128662109375	145779	0.0	0.0	0.0
2025-04-23 00:00:00+08:00	24.65119239688259	24.84302936660888	24.65119239688259	24.804662704467773	109061	0.0	0.0	0.0
2025-04-24 00:00:00+08:00	24.804662771132012	24.82384518749893	24.641600340195716	24.79507064819336	240148	0.0	0.0	0.0
2025-04-25 00:00:00+08:00	24.852621431228204	25.054052352905273	24.852621431228204	25.054052352905273	142118	0.0	0.0	0.0
2025-04-28 00:00:00+08:00	25.082826614379883	25.16915388992715	24.986907216048436	25.082826614379883	356129	0.0	0.0	0.0
2025-04-29 00:00:00+08:00	25.140376393968683	25.495277603023766	25.140376393968683	25.466501235961914	135090	0.0	0.0	0.0
2025-04-30 00:00:00+08:00	25.46650208335744	25.98446573064433	25.46650208335744	25.85017967224121	404070	0.0	0.0	0.0
2025-05-02 00:00:00+08:00	25.917321816690063	26.013241210636558	25.8501787897806	25.9556884765625	97010	0.0	0.0	0.0
2025-05-05 00:00:00+08:00	25.955689674493268	25.955689674493268	25.08282662536451	25.32262420654297	404350	0.0	0.0	0.0
2025-05-06 00:00:00+08:00	25.322623549525215	25.7830344543596	25.284256888877504	25.64874839782715	288001	0.0	0.0	0.0
2025-05-07 00:00:00+08:00	25.648748940942873	25.830995614031945	25.533647127052134	25.581605911254883	971900	0.0	0.0	0.0
2025-05-08 00:00:00+08:00	25.70629869604819	25.7638514299251	25.591196887314897	25.725482940673828	267260	0.0	0.0	0.0
2025-05-09 00:00:00+08:00	25.725484647997447	25.917323447965053	25.619973125064224	25.754261016845703	269001	0.0	0.0	0.0
2025-05-12 00:00:00+08:00	25.754260015524284	26.195486676980423	25.754260015524284	26.118751525878906	233003	0.0	0.0	0.0
2025-05-13 00:00:00+08:00	26.118752146540935	26.454469126654104	26.118752146540935	26.281814575195312	224259	0.0	0.0	0.0
2025-05-14 00:00:00+08:00	26.33936482320957	26.617530889043806	26.33936482320957	26.607938766479492	450822	0.0	0.0	0.0
2025-05-15 00:00:00+08:00	26.723042898671338	26.828552589796516	26.473653195948497	26.790185928344727	146036	0.0	0.0	0.0
2025-05-16 00:00:00+08:00	26.79018613827032	27.068350381884088	26.79018613827032	27.00120735168457	140066	0.0	0.0	0.0
2025-05-19 00:00:00+08:00	27.00120775623891	27.00120775623891	26.703859262538632	26.713451385498047	187005	0.0	0.0	0.0
2025-05-20 00:00:00+08:00	26.761409626541635	26.972432668336417	26.761409626541635	26.780593872070312	162220	0.0	0.0	0.0
2025-05-21 00:00:00+08:00	26.857327765544454	27.183452606201172	26.857327765544454	27.183452606201172	255800	0.0	0.0	0.0
2025-05-22 00:00:00+08:00	26.95324742147465	27.183452870735458	26.95324742147465	27.145084381103516	130000	0.0	0.0	0.0
2025-05-23 00:00:00+08:00	27.193046159261396	27.31774009689189	27.1546776679841	27.241004943847656	358382	0.0	0.0	0.0
2025-05-26 00:00:00+08:00	27.250597344531194	27.317740375440735	27.145085821953128	27.212230682373047	101136	0.0	0.0	0.0
2025-05-27 00:00:00+08:00	27.097125923210186	27.097125923210186	26.847736226145596	26.866920471191406	108220	0.0	0.0	0.0
2025-05-28 00:00:00+08:00	26.982021784002004	26.982021784002004	26.559979377852525	26.684673309326172	45100	0.0	0.0	0.0
2025-05-29 00:00:00+08:00	26.684674117142873	26.85732866557177	26.57916259765625	26.57916259765625	59000	0.0	0.0	0.0
2025-06-02 00:00:00+08:00	26.52161120993715	26.52161120993715	26.176303948857598	26.406509399414062	123000	0.0	0.0	0.0
2025-06-03 00:00:00+08:00	26.646307614133704	26.818960334076188	26.550388216714325	26.809370040893555	313557	0.0	0.0	0.0
2025-06-04 00:00:00+08:00	26.857327765544454	27.375291393473454	26.742224127279034	27.183452606201172	739164	0.0	0.0	0.0
2025-06-05 00:00:00+08:00	27.14508526769558	27.260188910840554	27.020391331339674	27.039575576782227	957325	0.0	0.0	0.0
2025-06-06 00:00:00+08:00	27.145084938823814	27.375292222324724	27.11631040051894	27.317739486694336	387020	0.0	0.0	0.0
2025-06-09 00:00:00+08:00	27.31774010704236	27.576721934729264	27.31774010704236	27.480802536010742	773803	0.0	0.0	0.0
2025-06-10 00:00:00+08:00	27.49039479207005	27.6246808532206	27.461618423461914	27.461618423461914	96156	0.0	0.0	0.0
2025-06-11 00:00:00+08:00	27.432842386781317	27.47120904665399	27.106717545067383	27.413658142089844	241939	0.0	0.0	0.0
2025-06-12 00:00:00+08:00	27.413659174409784	27.538353110579422	27.404067051702835	27.528762817382812	123416	0.0	0.0	0.0
2025-06-13 00:00:00+08:00	27.528763016888963	27.67264119951521	27.38488300475236	27.49998664855957	116000	0.0	0.0	0.0
2025-06-16 00:00:00+08:00	27.499985435619323	27.7493751282765	27.499985435619323	27.65345573425293	332653	0.0	0.0	0.0
2025-06-17 00:00:00+08:00	27.720599782990746	27.79733493513599	27.528762817382812	27.528762817382812	148100	0.0	0.0	0.0
2025-06-18 00:00:00+08:00	27.76856108742487	27.76856108742487	27.59590653342474	27.682233810424805	56000	0.0	0.0	0.0
2025-06-19 00:00:00+08:00	27.68223264358321	27.68223264358321	27.567129002598094	27.586313247680664	57035	0.0	0.0	0.0
2025-06-20 00:00:00+08:00	27.547945299788363	27.615090158899086	27.452027731508018	27.5191707611084	40845	0.0	0.0	0.0
2025-06-23 00:00:00+08:00	27.519171017076975	27.519171017076975	27.097126760578515	27.241004943847656	101301	0.0	0.0	0.0
2025-06-24 00:00:00+08:00	27.43284307792885	27.63427216373333	27.43284307792885	27.567129135131836	94000	0.0	0.0	0.0
2025-06-25 00:00:00+08:00	27.72060047269684	27.72060047269684	27.59590653342474	27.682233810424805	65034	0.0	0.0	0.0
2025-06-26 00:00:00+08:00	27.701415816038136	27.922030981494927	27.701415816038136	27.730192184448242	137000	0.0	0.0	0.0
2025-06-27 00:00:00+08:00	27.816518374957308	27.864477157592773	27.701414735317783	27.864477157592773	252320	0.0	0.0	0.0
2025-06-30 00:00:00+08:00	27.720599387379103	27.816518783569336	27.64386423632898	27.816518783569336	78184	0.0	0.0	0.0
2025-07-01 00:00:00+08:00	27.86447738589818	28.094684667063408	27.816518602869767	28.085092544555664	205399	0.0	0.0	0.0
2025-07-02 00:00:00+08:00	27.91243906867187	28.0659093756596	27.82611179230247	27.941213607788086	227467	0.0	0.0	0.0
2025-07-03 00:00:00+08:00	28.00835772483079	28.046724385804637	27.92203045075173	28.037132263183594	89014	0.0	0.0	0.0
2025-07-04 00:00:00+08:00	28.037131635755173	28.06590800297433	27.826110431345544	27.874069213867188	57100	0.0	0.0	0.0
2025-07-07 00:00:00+08:00	27.835702639589993	28.133051117063754	27.720598999868702	28.10427474975586	100792	0.0	0.0	0.0
2025-07-08 00:00:00+08:00	28.056316785777973	28.181010722063547	27.960397388129657	28.008358001708984	167200	0.0	0.0	0.0
2025-07-09 00:00:00+08:00	27.96998936681274	28.017948150634766	27.78774269517046	28.017948150634766	93000	0.0	0.0	0.0
2025-07-10 00:00:00+08:00	27.922029715007536	28.15223516331568	27.797333953730035	28.1330509185791	238489	0.0	0.0	0.0
2025-07-11 00:00:00+08:00	28.15223511907026	28.468767838685267	28.15223511907026	28.3824405670166	239120	0.0	0.0	0.0
2025-07-14 00:00:00+08:00	28.38244106002563	28.612646511970695	28.3728489375058	28.564687728881836	161692	0.0	0.0	0.0
2025-07-15 00:00:00+08:00	28.641423959367412	28.660606375619988	28.353665761454316	28.420808792114258	137610	0.0	0.0	0.0
2025-07-16 00:00:00+08:00	28.420807445690098	28.679789262689617	28.420807445690098	28.593461990356445	140399	0.0	0.0	0.0
2025-07-17 00:00:00+08:00	28.67978906383267	28.794892702648898	28.58386966973752	28.622238159179688	154464	0.0	0.0	0.0
2025-07-18 00:00:00+08:00	28.775708590897892	28.814077080517357	28.545503141711944	28.60305404663086	45000	0.0	0.0	0.0
2025-07-21 00:00:00+08:00	28.60305526694241	28.641423758198815	28.315298900560798	28.4495849609375	78400	0.0	0.0	0.0
2025-07-22 00:00:00+08:00	28.487952017089654	28.507134432241166	28.315297474154157	28.392032623291016	47358	0.0	0.0	0.0
2025-07-23 00:00:00+08:00	28.583870887696776	28.583870887696776	28.430400582409277	28.468769073486328	87305	0.0	0.0	0.0
2025-07-24 00:00:00+08:00	28.468768448647754	28.48795269376522	28.305706024169922	28.305706024169922	30060	0.0	0.0	0.0
2025-07-25 00:00:00+08:00	28.39203356399508	28.411217809292484	28.21937901533908	28.267337799072266	117000	0.0	0.0	0.0
2025-07-28 00:00:00+08:00	28.344073295486954	28.372849663783057	28.209787235792508	28.228971481323242	130672	0.0	0.0	0.0
2025-07-29 00:00:00+08:00	28.12345938776983	28.12345938776983	27.816518783569336	27.816518783569336	134047	0.0	0.0	0.0
2025-07-30 00:00:00+08:00	27.816518602869767	28.10427496006085	27.816518602869767	28.085092544555664	65030	0.0	0.0	0.0
2025-07-31 00:00:00+08:00	27.931623314422925	28.05631725278407	27.89325482292081	27.941213607788086	87170	0.0	0.0	0.0
2025-08-01 00:00:00+08:00	27.84529516759849	28.056316375732422	27.720599403625013	28.056316375732422	139998	0.0	0.0	0.0
2025-08-04 00:00:00+08:00	28.05631626049575	28.382441108687978	27.98917323225211	28.315298080444336	196250	0.0	0.0	0.0
2025-08-05 00:00:00+08:00	28.43999209763544	28.612646644773168	28.334482408448178	28.545503616333008	52455	0.0	0.0	0.0
2025-08-06 00:00:00+08:00	28.55509683553463	28.766118051523573	28.535912589669167	28.651016235351562	108053	0.0	0.0	0.0
2025-08-07 00:00:00+08:00	28.62223972225023	28.775710029379425	28.57428093733875	28.660606384277344	81158	0.0	0.0	0.0
2025-08-08 00:00:00+08:00	28.679789262689617	28.679789262689617	28.564687452585577	28.593461990356445	23518	0.0	0.0	0.0
2025-08-11 00:00:00+08:00	28.593461924225995	28.72774980838384	28.583869801821127	28.60305404663086	209505	0.0	0.0	0.0
2025-08-12 00:00:00+08:00	28.660604709463698	28.8812198638916	28.660604709463698	28.8812198638916	207035	0.0	0.0	0.0
2025-08-13 00:00:00+08:00	28.862036916048957	28.967548436841742	28.775709640765832	28.957956314086914	163532	0.0	0.0	0.0
2025-08-14 00:00:00+08:00	28.95795531851943	29.351223190395284	28.95795531851943	29.322446823120117	252583	0.0	0.0	0.0
2025-08-15 00:00:00+08:00	29.35122373306155	29.35122373306155	29.17856918523896	29.25530433654785	45262	0.0	0.0	0.0
2025-08-18 00:00:00+08:00	29.25530433654785	29.25530433654785	29.044283127825977	29.25530433654785	72231	0.0	0.0	0.0
2025-08-19 00:00:00+08:00	29.159385548096317	29.255304946610227	29.130611009199395	29.178569793701172	120000	0.0	0.0	0.0
2025-08-20 00:00:00+08:00	29.17856985007754	29.255305003134854	28.881221360669233	28.929180145263672	121172	0.0	0.0	0.0
2025-08-21 00:00:00+08:00	29.073057240870302	29.284080276015857	29.053874825456397	29.063465118408203	22620	0.0	0.0	0.0
2025-08-22 00:00:00+08:00	29.053875500767514	29.07305791662728	28.97713851928711	28.97713851928711	14000	0.0	0.0	0.0
2025-08-25 00:00:00+08:00	29.54306068066036	29.54306068066036	28.881220687044138	29.015506744384766	130726	0.0	0.0	0.0
2025-08-26 00:00:00+08:00	28.929180269296964	28.929180269296964	28.670198440551758	28.670198440551758	110472	0.0	0.0	0.0
2025-08-27 00:00:00+08:00	28.670197617250864	28.69897398501077	28.535911560058594	28.535911560058594	104118	0.0	0.0	0.0
2025-08-28 00:00:00+08:00	28.535911019307076	28.67978919635951	28.487952236793028	28.60305404663086	59022	0.0	0.0	0.0
2025-08-29 00:00:00+08:00	28.689382957455102	28.689382957455102	28.382442341008556	28.401626586914062	129100	0.0	0.0	0.0
2025-09-01 00:00:00+08:00	28.382440994224964	28.631830690631517	28.382440994224964	28.57427978515625	92150	0.0	0.0	0.0
2025-09-02 00:00:00+08:00	28.670197435195064	28.852444104163244	28.670197435195064	28.804485321044922	98500	0.0	0.0	0.0
2025-09-03 00:00:00+08:00	28.871628482114698	28.871628482114698	28.785301208496094	28.785301208496094	50000	0.0	0.0	0.0
2025-09-04 00:00:00+08:00	28.81407806565695	29.005915031782248	28.81407806565695	28.967548370361328	154003	0.0	0.0	0.0
2025-09-05 00:00:00+08:00	29.06346552786061	29.111426140846778	28.94836371571445	29.015506744384766	84200	0.0	0.0	0.0
2025-09-08 00:00:00+08:00	29.015506943550747	29.121018463334238	28.919587546430332	28.986730575561523	91696	0.0	0.0	0.0
2025-09-09 00:00:00+08:00	28.996322300550396	29.22652775277601	28.94836351740309	29.044282913208008	96000	0.0	0.0	0.0
2025-09-10 00:00:00+08:00	29.092242385414487	29.23612056777451	29.092242385414487	29.19775390625	189850	0.0	0.0	0.0
2025-09-11 00:00:00+08:00	29.351223666537905	29.351223666537905	29.101833967971654	29.264896392822266	250889	0.0	0.0	0.0
2025-09-12 00:00:00+08:00	29.31285606358309	29.42795970852516	29.31285606358309	29.389591217041016	165053	0.0	0.0	0.0
2025-09-15 00:00:00+08:00	29.4471435546875	29.73489991887245	29.399182940983113	29.4471435546875	102033	0.0	0.0	0.0
2025-09-16 00:00:00+08:00	29.504694528240485	29.54306118978028	29.37999876183787	29.437551498413086	69100	0.0	0.0	0.0
2025-09-17 00:00:00+08:00	29.437551006972843	29.437551006972843	29.23612009134305	29.25530433654785	84000	0.0	0.0	0.0
2025-09-18 00:00:00+08:00	29.399182105744625	29.399182105744625	29.140200287629703	29.30326271057129	69000	0.0	0.0	0.0
2025-09-19 00:00:00+08:00	29.22652872104861	29.44714388756197	29.2169365981993	29.39918327331543	42362	0.0	0.0	0.0
2025-09-22 00:00:00+08:00	29.39918259828526	29.543060778700593	29.39918259828526	29.485509872436523	42276	0.0	0.0	0.0
2025-09-23 00:00:00+08:00	29.485509872436523	29.504694117694655	29.379998353027133	29.485509872436523	162100	0.0	0.0	0.0
2025-09-24 00:00:00+08:00	29.485509397397507	29.658163942918403	29.485509397397507	29.543060302734375	85045	0.0	0.0	0.0
2025-09-25 00:00:00+08:00	29.591022138312052	29.638980923156865	29.3416324321962	29.389591217041016	1468514	0.0	0.0	0.0
2025-09-26 00:00:00+08:00	29.255305155867237	29.389591217041016	29.082650603209313	29.389591217041016	92098	0.0	0.0	0.0
2025-09-30 00:00:00+08:00	29.38958967341514	29.619795121697866	29.38958967341514	29.591020584106445	79065	0.0	0.0	0.0
2025-10-01 00:00:00+08:00	29.638979432653727	29.734898827030072	29.58142852783203	29.58142852783203	38034	0.0	0.0	0.0
2025-10-02 00:00:00+08:00	29.619795121697866	29.638979366432327	29.591020584106445	29.591020584106445	74036	0.0	0.0	0.0
2025-10-03 00:00:00+08:00	29.696531763602525	29.696531763602525	29.351224488579252	29.39918327331543	86200	0.0	0.0	0.0
2025-10-07 00:00:00+08:00	29.399182796960293	29.533470685164378	29.14020097275635	29.45673370361328	250296	0.0	0.0	0.0
2025-10-08 00:00:00+08:00	29.45673296398868	29.629387509122818	29.45673296398868	29.55265235900879	232412	0.0	0.0	0.0
2025-10-09 00:00:00+08:00	29.638980732408736	29.68694134645526	29.61020619349118	29.658164978027344	81358	0.0	0.0	0.0
2025-10-13 00:00:00+08:00	29.610205703760997	29.610205703760997	29.207345699984987	29.47591781616211	375654	0.0	0.0	0.0
2025-10-14 00:00:00+08:00	29.31285574349837	29.897962425669903	29.31285574349837	29.677349090576172	187840	0.0	0.0	0.0
2025-10-15 00:00:00+08:00	30.16653672201579	30.16653672201579	29.677349432363005	29.869186401367188	81100	0.0	0.0	0.0
2025-10-16 00:00:00+08:00	29.897961203378298	30.051431502344126	29.83081817626953	29.83081817626953	141032	0.0	0.0	0.0
2025-10-17 00:00:00+08:00	29.76367521513294	29.850002487181346	29.696530358365067	29.821226119995117	201360	0.0	0.0	0.0
2025-10-20 00:00:00+08:00	29.782858370892654	29.830818984062127	29.61979594513709	29.72530746459961	251020	0.0	0.0	0.0
2025-10-21 00:00:00+08:00	29.725306593819404	29.926737504209783	29.715714471466505	29.840410232543945	202028	0.0	0.0	0.0
2025-10-22 00:00:00+08:00	29.859592846293847	29.8883692135439	29.78285769647065	29.811634063720703	200533	0.0	0.0	0.0
2025-10-23 00:00:00+08:00	29.82122666190055	29.82122666190055	29.744491510853134	29.75408363342285	39494	0.0	0.0	0.0
2025-10-27 00:00:00+08:00	30.022655680461497	30.099390831337995	29.638979926079013	29.763675689697266	272200	0.0	0.0	0.0
2025-10-28 00:00:00+08:00	29.763676007150874	29.763676007150874	29.46632569351145	29.47591781616211	198665	0.0	0.0	0.0
2025-10-29 00:00:00+08:00	29.495102739112053	29.581430015441015	29.3416324321962	29.389591217041016	286893	0.0	0.0	0.0
2025-10-30 00:00:00+08:00	29.341631344712837	29.408774372811216	29.255304071583407	29.293672561645508	137058	0.0	0.0	0.0
2025-10-31 00:00:00+08:00	29.293672826957458	29.293672826957458	29.23612009134305	29.25530433654785	207416	0.0	0.0	0.0
2025-11-03 00:00:00+08:00	29.35122299194336	29.41836601895449	29.168976326120095	29.35122299194336	248441	0.0	0.0	0.0
2025-11-04 00:00:00+08:00	29.45673357086079	29.47591781616211	29.351223880724206	29.47591781616211	101082	0.0	0.0	0.0
2025-11-05 00:00:00+08:00	29.408775130125477	29.437551498413086	29.197753917880743	29.437551498413086	98051	0.0	0.0	0.0
2025-11-06 00:00:00+08:00	29.49510118994441	29.638979366432327	29.437550285251298	29.591020584106445	87878	0.0	0.0	0.0
2025-11-07 00:00:00+08:00	29.591020495813616	29.591020495813616	29.351222925879163	29.360815048217773	142033	0.0	0.0	0.0
2025-11-10 00:00:00+08:00	29.36081511430356	29.40877389659429	29.312854502502557	29.35122299194336	115255	0.0	0.0	0.0
2025-11-11 00:00:00+08:00	29.39918226802057	29.600613181947452	29.39918226802057	29.533470153808594	221859	0.0	0.0	0.0
2025-11-12 00:00:00+08:00	29.686941146850586	29.830819329002054	29.64857265587134	29.686941146850586	346587	0.0	0.0	0.0
2025-11-13 00:00:00+08:00	29.73489999766359	29.782858781984714	29.658164845043583	29.677349090576172	175100	0.0	0.0	0.0
2025-11-14 00:00:00+08:00	29.63897969796935	29.67734818786746	29.447142737009692	29.543060302734375	114215	0.0	0.0	0.0
2025-11-17 00:00:00+08:00	29.54306118978028	29.54306118978028	29.303263609247935	29.437551498413086	161200	0.0	0.0	0.0
2025-11-18 00:00:00+08:00	29.427959766773085	29.427959766773085	29.121019152333844	29.140201568603516	332163	0.0	0.0	0.0
2025-11-19 00:00:00+08:00	29.149793001813133	29.236120276270473	28.967548159745707	28.986730575561523	330108	0.0	0.0	0.0
2025-11-20 00:00:00+08:00	29.264897345073994	29.3799991607666	29.111427037810266	29.3799991607666	616352	0.0	0.0	0.0
2025-11-21 00:00:00+08:00	29.170000076293945	29.270000457763672	29.010000228881836	29.149999618530273	534000	1.25	0.0	0.0
2025-11-24 00:00:00+08:00	29.290000915527344	29.68000030517578	29.290000915527344	29.68000030517578	236100	0.0	0.0	0.0
2025-11-25 00:00:00+08:00	29.68000030517578	29.68000030517578	29.489999771118164	29.520000457763672	127374	0.0	0.0	0.0
2025-11-26 00:00:00+08:00	29.549999237060547	29.700000762939453	29.549999237060547	29.56999969482422	90301	0.0	0.0	0.0
2025-11-27 00:00:00+08:00	29.56999969482422	29.770000457763672	29.510000228881836	29.770000457763672	50600	0.0	0.0	0.0
2025-11-28 00:00:00+08:00	29.68000030517578	29.68000030517578	29.450000762939453	29.510000228881836	134200	0.0	0.0	0.0
2025-12-01 00:00:00+08:00	29.510000228881836	29.639999389648438	29.399999618530273	29.469999313354492	92164	0.0	0.0	0.0
2025-12-02 00:00:00+08:00	29.489999771118164	29.799999237060547	29.489999771118164	29.780000686645508	199134	0.0	0.0	0.0
2025-12-03 00:00:00+08:00	29.780000686645508	29.850000381469727	29.649999618530273	29.760000228881836	58000	0.0	0.0	0.0
2025-12-04 00:00:00+08:00	29.639999389648438	30.06999969482422	29.639999389648438	30.049999237060547	148000	0.0	0.0	0.0
2025-12-05 00:00:00+08:00	30.170000076293945	30.170000076293945	30.049999237060547	30.100000381469727	143623	0.0	0.0	0.0
2025-12-08 00:00:00+08:00	30.1200008392334	30.399999618530273	30.1200008392334	30.270000457763672	164406	0.0	0.0	0.0
2025-12-09 00:00:00+08:00	30.270000457763672	30.40999984741211	30.270000457763672	30.40999984741211	181383	0.0	0.0	0.0
2025-12-10 00:00:00+08:00	30.40999984741211	30.469999313354492	30.299999237060547	30.329999923706055	162000	0.0	0.0	0.0
2025-12-11 00:00:00+08:00	30.469999313354492	30.5	30.3799991607666	30.450000762939453	310214	0.0	0.0	0.0
2025-12-12 00:00:00+08:00	30.510000228881836	31.06999969482422	30.510000228881836	31.0	2221735	0.0	0.0	0.0
2025-12-15 00:00:00+08:00	30.969999313354492	31.18000030517578	30.700000762939453	31.06999969482422	180703	0.0	0.0	0.0
2025-12-16 00:00:00+08:00	31.079999923706055	31.219999313354492	30.780000686645508	31.079999923706055	216000	0.0	0.0	0.0
2025-12-17 00:00:00+08:00	31.110000610351562	32.0	31.110000610351562	31.780000686645508	381090	0.0	0.0	0.0
2025-12-18 00:00:00+08:00	31.799999237060547	32.16999816894531	31.610000610351562	31.8700008392334	919131	0.0	0.0	0.0
2025-12-19 00:00:00+08:00	32.0	32.27000045776367	31.799999237060547	32.2400016784668	489816	0.0	0.0	0.0
2025-12-22 00:00:00+08:00	32.2400016784668	32.540000915527344	32.2400016784668	32.439998626708984	366732	0.0	0.0	0.0
2025-12-23 00:00:00+08:00	32.459999084472656	32.459999084472656	32.099998474121094	32.279998779296875	174065	0.0	0.0	0.0
2025-12-24 00:00:00+08:00	32.29999923706055	32.349998474121094	32.11000061035156	32.11000061035156	123180	0.0	0.0	0.0
2025-12-26 00:00:00+08:00	32.11000061035156	32.11000061035156	31.959999084472656	32.0099983215332	234700	0.0	0.0	0.0
2025-12-29 00:00:00+08:00	32.0	32.150001525878906	32.0	32.130001068115234	230000	0.0	0.0	0.0
2025-12-30 00:00:00+08:00	32.119998931884766	32.130001068115234	31.950000762939453	32.029998779296875	183000	0.0	0.0	0.0
2025-12-31 00:00:00+08:00	32.06999969482422	32.06999969482422	31.860000610351562	31.950000762939453	124678	0.0	0.0	0.0
2026-01-02 00:00:00+08:00	31.950000762939453	32.0	31.719999313354492	31.950000762939453	254032	0.0	0.0	0.0
2026-01-05 00:00:00+08:00	31.889999389648438	32.20000076293945	31.889999389648438	32.040000915527344	173813	0.0	0.0	0.0
2026-01-06 00:00:00+08:00	32.11000061035156	32.209999084472656	32.04999923706055	32.11000061035156	241584	0.0	0.0	0.0
2026-01-07 00:00:00+08:00	32.09000015258789	32.09000015258789	31.84000015258789	31.850000381469727	126016	0.0	0.0	0.0
2026-01-08 00:00:00+08:00	31.850000381469727	32.099998474121094	31.850000381469727	31.989999771118164	185133	0.0	0.0	0.0
2026-01-09 00:00:00+08:00	32.040000915527344	32.040000915527344	31.799999237060547	31.940000534057617	61169	0.0	0.0	0.0
2026-01-12 00:00:00+08:00	32.04999923706055	32.04999923706055	31.84000015258789	31.90999984741211	200451	0.0	0.0	0.0
2026-01-13 00:00:00+08:00	31.90999984741211	31.93000030517578	31.780000686645508	31.90999984741211	152000	0.0	0.0	0.0
2026-01-14 00:00:00+08:00	31.90999984741211	31.979999542236328	31.770000457763672	31.809999465942383	142003	0.0	0.0	0.0
2026-01-15 00:00:00+08:00	31.899999618530273	32.18000030517578	31.899999618530273	32.15999984741211	143316	0.0	0.0	0.0
2026-01-16 00:00:00+08:00	32.20000076293945	32.349998474121094	32.09000015258789	32.27000045776367	146371	0.0	0.0	0.0
2026-01-19 00:00:00+08:00	32.27000045776367	32.720001220703125	32.2400016784668	32.529998779296875	157500	0.0	0.0	0.0
2026-01-20 00:00:00+08:00	32.400001525878906	32.59000015258789	32.380001068115234	32.38999938964844	112603	0.0	0.0	0.0
2026-01-21 00:00:00+08:00	32.29999923706055	32.310001373291016	32.0	32.099998474121094	335488	0.0	0.0	0.0
2026-01-22 00:00:00+08:00	32.099998474121094	32.369998931884766	32.060001373291016	32.130001068115234	98071	0.0	0.0	0.0
2026-01-23 00:00:00+08:00	32.29999923706055	32.29999923706055	32.04999923706055	32.04999923706055	94328	0.0	0.0	0.0
2026-01-26 00:00:00+08:00	32.04999923706055	32.43000030517578	32.0099983215332	32.380001068115234	136000	0.0	0.0	0.0
2026-01-27 00:00:00+08:00	32.45000076293945	32.5	32.25	32.2599983215332	97135	0.0	0.0	0.0
2026-01-28 00:00:00+08:00	32.2599983215332	32.29999923706055	32.119998931884766	32.13999938964844	110031	0.0	0.0	0.0
2026-01-29 00:00:00+08:00	32.130001068115234	32.4900016784668	32.130001068115234	32.43000030517578	163323	0.0	0.0	0.0
2026-01-30 00:00:00+08:00	32.439998626708984	32.439998626708984	31.979999542236328	32.029998779296875	178121	0.0	0.0	0.0
2026-02-02 00:00:00+08:00	32.029998779296875	32.029998779296875	31.600000381469727	31.719999313354492	145000	0.0	0.0	0.0
2026-02-03 00:00:00+08:00	32.11000061035156	32.29999923706055	32.029998779296875	32.04999923706055	94031	0.0	0.0	0.0
2026-02-04 00:00:00+08:00	32.04999923706055	32.4900016784668	31.899999618530273	32.290000915527344	130177	0.0	0.0	0.0
2026-02-05 00:00:00+08:00	32.279998779296875	32.459999084472656	32.09000015258789	32.400001525878906	161132	0.0	0.0	0.0
2026-02-06 00:00:00+08:00	32.400001525878906	32.439998626708984	32.06999969482422	32.33000183105469	94280	0.0	0.0	0.0
2026-02-09 00:00:00+08:00	32.380001068115234	32.91999816894531	32.380001068115234	32.880001068115234	261477	0.0	0.0	0.0
2026-02-10 00:00:00+08:00	33.16999816894531	33.16999816894531	32.869998931884766	32.93000030517578	136357	0.0	0.0	0.0
2026-02-11 00:00:00+08:00	33.16999816894531	33.349998474121094	33.08000183105469	33.349998474121094	221657	0.0	0.0	0.0
2026-02-23 00:00:00+08:00	33.599998474121094	34.470001220703125	33.599998474121094	34.20000076293945	546397	0.0	0.0	0.0
2026-02-24 00:00:00+08:00	34.20000076293945	34.27000045776367	33.9900016784668	34.189998626708984	925030	0.0	0.0	0.0
2026-02-25 00:00:00+08:00	34.279998779296875	34.279998779296875	33.849998474121094	34.0	291112	0.0	0.0	0.0
2026-02-26 00:00:00+08:00	34.0099983215332	34.810001373291016	34.0099983215332	34.779998779296875	419172	0.0	0.0	0.0
2026-03-02 00:00:00+08:00	34.29999923706055	34.400001525878906	33.84000015258789	34.0	500857	0.0	0.0	0.0
2026-03-03 00:00:00+08:00	33.939998626708984	34.0	33.79999923706055	33.90999984741211	228291	0.0	0.0	0.0
2026-03-04 00:00:00+08:00	33.45000076293945	33.45000076293945	32.36000061035156	32.58000183105469	515038	0.0	0.0	0.0
2026-03-05 00:00:00+08:00	33.040000915527344	33.13999938964844	32.61000061035156	32.900001525878906	219010	0.0	0.0	0.0
2026-03-06 00:00:00+08:00	32.5	32.86000061035156	32.5	32.79999923706055	169276	0.0	0.0	0.0
2026-03-09 00:00:00+08:00	31.799999237060547	32.0	31.0	31.969999313354492	353091	0.0	0.0	0.0
2026-03-10 00:00:00+08:00	32.349998474121094	32.5	32.06999969482422	32.119998931884766	238010	0.0	0.0	0.0
2026-03-11 00:00:00+08:00	32.31999969482422	32.77000045776367	32.31999969482422	32.5099983215332	368763	0.0	0.0	0.0
2026-03-12 00:00:00+08:00	32.5	32.5	32.20000076293945	32.41999816894531	66415	0.0	0.0	0.0
2026-03-13 00:00:00+08:00	32.41999816894531	32.459999084472656	32.2400016784668	32.349998474121094	88000	0.0	0.0	0.0
2026-03-16 00:00:00+08:00	32.349998474121094	32.689998626708984	32.349998474121094	32.619998931884766	216279	0.0	0.0	0.0
2026-03-17 00:00:00+08:00	32.70000076293945	32.810001373291016	32.63999938964844	32.66999816894531	254241	0.0	0.0	0.0
2026-03-18 00:00:00+08:00	32.77000045776367	32.959999084472656	32.650001525878906	32.709999084472656	95620	0.0	0.0	0.0
2026-03-19 00:00:00+08:00	32.599998474121094	32.599998474121094	32.20000076293945	32.209999084472656	192327	0.0	0.0	0.0
2026-03-20 00:00:00+08:00	32.209999084472656	32.400001525878906	32.150001525878906	32.36000061035156	77168	0.0	0.0	0.0
2026-03-23 00:00:00+08:00	31.799999237060547	32.04999923706055	31.6200008392334	32.0	145881	0.0	0.0	0.0
2026-03-24 00:00:00+08:00	32.0	32.150001525878906	31.950000762939453	32.150001525878906	98684	0.0	0.0	0.0
2026-03-25 00:00:00+08:00	32.41999816894531	32.599998474121094	32.31999969482422	32.599998474121094	186000	0.0	0.0	0.0
2026-03-26 00:00:00+08:00	32.54999923706055	32.65999984741211	32.45000076293945	32.459999084472656	70050	0.0	0.0	0.0
2026-03-27 00:00:00+08:00	32.459999084472656	32.459999084472656	32.220001220703125	32.279998779296875	51020	0.0	0.0	0.0
2026-03-30 00:00:00+08:00	31.770000457763672	32.13999938964844	31.770000457763672	31.979999542236328	169500	0.0	0.0	0.0
2026-03-31 00:00:00+08:00	31.899999618530273	32.060001373291016	31.799999237060547	31.809999465942383	48388	0.0	0.0	0.0
2026-04-01 00:00:00+08:00	31.84000015258789	32.650001525878906	31.84000015258789	32.58000183105469	389009	0.0	0.0	0.0
2026-04-02 00:00:00+08:00	32.630001068115234	32.849998474121094	32.5	32.52000045776367	43213	0.0	0.0	0.0
2026-04-07 00:00:00+08:00	32.599998474121094	32.849998474121094	32.5099983215332	32.849998474121094	206559	0.0	0.0	0.0
2026-04-08 00:00:00+08:00	33.06999969482422	33.31999969482422	32.959999084472656	33.189998626708984	223244	0.0	0.0	0.0
2026-04-09 00:00:00+08:00	33.209999084472656	33.279998779296875	33.02000045776367	33.20000076293945	150094	0.0	0.0	0.0
2026-04-10 00:00:00+08:00	33.15999984741211	33.189998626708984	32.9900016784668	33.099998474121094	140280	0.0	0.0	0.0
2026-04-13 00:00:00+08:00	33.09000015258789	33.09000015258789	32.75	32.86000061035156	245033	0.0	0.0	0.0
2026-04-14 00:00:00+08:00	33.09000015258789	33.2599983215332	33.04999923706055	33.11000061035156	204041	0.0	0.0	0.0
2026-04-15 00:00:00+08:00	33.11000061035156	33.369998931884766	33.11000061035156	33.29999923706055	415248	0.0	0.0	0.0
2026-04-16 00:00:00+08:00	33.29999923706055	33.709999084472656	33.29999923706055	33.52000045776367	995987	0.0	0.0	0.0
2026-04-17 00:00:00+08:00	33.43000030517578	33.43000030517578	33.150001525878906	33.43000030517578	388508	0.0	0.0	0.0
2026-04-20 00:00:00+08:00	33.5099983215332	33.599998474121094	33.380001068115234	33.54999923706055	406156	0.0	0.0	0.0
2026-04-21 00:00:00+08:00	33.58000183105469	33.58000183105469	33.31999969482422	33.349998474121094	216150	0.0	0.0	0.0
2026-04-22 00:00:00+08:00	33.349998474121094	33.400001525878906	33.279998779296875	33.400001525878906	191389	0.0	0.0	0.0
2026-04-23 00:00:00+08:00	33.349998474121094	33.40999984741211	33.060001373291016	33.13999938964844	208033	0.0	0.0	0.0
2026-04-24 00:00:00+08:00	33.2599983215332	33.2599983215332	33.040000915527344	33.150001525878906	110060	0.0	0.0	0.0
2026-04-27 00:00:00+08:00	33.150001525878906	33.189998626708984	32.93000030517578	33.04999923706055	253001	0.0	0.0	0.0
2026-04-28 00:00:00+08:00	33.209999084472656	33.349998474121094	33.0	33.279998779296875	490059	0.0	0.0	0.0
2026-04-29 00:00:00+08:00	33.34000015258789	33.689998626708984	33.34000015258789	33.5	346712	0.0	0.0	0.0
2026-04-30 00:00:00+08:00	33.5	33.54999923706055	33.189998626708984	33.25	185050	0.0	0.0	0.0
