Date	Open	High	Low	Close	Volume	Dividends	Stock Splits	Capital Gains
2021-04-29 00:00:00+08:00	22.785815105363373	22.906139553210622	22.722486957194082	22.874475479125977	7915445	0.0	0.0	0.0
2021-05-03 00:00:00+08:00	22.874478078810043	22.906142156493306	22.735155653840813	22.741487503051758	15736067	0.0	0.0	0.0
2021-05-04 00:00:00+08:00	22.741486850780696	22.79215130627218	21.949872852332724	22.355178833007812	43215791	0.0	0.0	0.0
2021-05-05 00:00:00+08:00	22.317180824234708	22.63382639405986	22.17785600045117	22.3868408203125	35350021	0.0	0.0	0.0
2021-05-06 00:00:00+08:00	22.424841251401507	22.545165709472485	22.139859728797397	22.355178833007812	18971657	0.0	0.0	0.0
2021-05-07 00:00:00+08:00	22.3868410438062	22.63382662001928	22.3868410438062	22.62116050720215	7973195	0.0	0.0	0.0
2021-05-10 00:00:00+08:00	22.716150324977995	22.7351507000994	22.646487919764926	22.722484588623047	6100911	0.0	0.0	0.0
2021-05-11 00:00:00+08:00	22.6211637258209	22.6211637258209	21.81688356610219	21.97520637512207	48618546	0.0	0.0	0.0
2021-05-12 00:00:00+08:00	21.696554047916276	21.804214801187122	20.309647279173404	21.215253829956055	87523302	0.0	0.0	0.0
2021-05-13 00:00:00+08:00	20.866942649385347	21.44323746538595	20.474302835887343	21.15192413330078	51625988	0.0	0.0	0.0
2021-05-14 00:00:00+08:00	21.215254684595404	21.544566390492793	21.183590608527496	21.31024932861328	25342553	0.0	0.0	0.0
2021-05-17 00:00:00+08:00	20.37931009880507	21.088595534689265	20.37931009880507	20.740285873413086	72934976	0.0	0.0	0.0
2021-05-18 00:00:00+08:00	20.90494159880774	21.538232803344727	20.873277521743734	21.538232803344727	22467176	0.0	0.0	0.0
2021-05-19 00:00:00+08:00	21.519233930287538	21.645892649001777	21.34824502239543	21.59522819519043	14183248	0.0	0.0	0.0
2021-05-20 00:00:00+08:00	21.531901503752284	21.59522965949643	21.31658239208219	21.443241119384766	12090773	0.0	0.0	0.0
2021-05-21 00:00:00+08:00	21.658559126728292	21.785217847572795	21.39257557137342	21.53190040588379	12207914	0.0	0.0	0.0
2021-05-24 00:00:00+08:00	21.43057183630148	21.59522646637863	21.310247391853324	21.563562393188477	19526033	0.0	0.0	0.0
2021-05-25 00:00:00+08:00	21.70921693739921	21.747215270996094	21.6268908383265	21.747215270996094	9807005	0.0	0.0	0.0
2021-05-26 00:00:00+08:00	21.78521492393838	21.79787862009058	21.671222332057855	21.73455047607422	8434715	0.0	0.0	0.0
2021-05-27 00:00:00+08:00	21.68389298016202	21.715557058794133	21.49390367674065	21.7092227935791	8504164	0.0	0.0	0.0
2021-05-28 00:00:00+08:00	21.848542989872556	21.880207061767578	21.73455039839942	21.880207061767578	8643030	0.0	0.0	0.0
2021-05-31 00:00:00+08:00	21.911871820601146	22.01953256739598	21.880207747713452	22.006866455078125	8490905	0.0	0.0	0.0
2021-06-01 00:00:00+08:00	22.05119700797017	22.203187942504886	22.000534973667897	22.203187942504883	16167163	0.0	0.0	0.0
2021-06-02 00:00:00+08:00	22.20319072377659	22.310849070038408	22.07653199843414	22.139860153198242	7181256	0.0	0.0	0.0
2021-06-03 00:00:00+08:00	22.22851615446112	22.247516529796354	22.10185986989968	22.13352394104004	5648187	0.0	0.0	0.0
2021-06-04 00:00:00+08:00	22.038534936415964	22.082865130489047	21.987872892824324	22.0195369720459	6819198	0.0	0.0	0.0
2021-06-07 00:00:00+08:00	22.01953715687994	22.032203271837773	21.652227070546154	21.987873077392578	13231324	0.0	0.0	0.0
2021-06-08 00:00:00+08:00	22.019534839053346	22.02586668795855	21.886544269716655	21.943540573120117	6353095	0.0	0.0	0.0
2021-06-09 00:00:00+08:00	21.918205753659667	21.918205753659667	21.766214823954638	21.816879272460938	7786983	0.0	0.0	0.0
2021-06-10 00:00:00+08:00	21.81688064058412	21.93087324105783	21.785216566188986	21.91187286376953	7437875	0.0	0.0	0.0
2021-06-11 00:00:00+08:00	21.911871133662597	21.949869469424918	21.873875213714104	21.880207061767578	7194431	0.0	0.0	0.0
2021-06-15 00:00:00+08:00	21.905542232246425	22.00053687652358	21.86754389137273	21.943540573120117	5035573	0.0	0.0	0.0
2021-06-16 00:00:00+08:00	21.924539066840083	22.02586555480957	21.899209256708236	22.02586555480957	8253408	0.0	0.0	0.0
2021-06-17 00:00:00+08:00	21.956200969513155	22.10186004638672	21.89287282672675	22.10186004638672	4610992	0.0	0.0	0.0
2021-06-18 00:00:00+08:00	22.1651887400976	22.1651887400976	22.095526331812795	22.108192443847656	4457383	0.0	0.0	0.0
2021-06-21 00:00:00+08:00	22.070193908951527	22.070193908951527	21.848542989872556	21.880207061767578	13436430	0.0	0.0	0.0
2021-06-22 00:00:00+08:00	21.975205300162635	22.019535491254555	21.79155027088797	21.804216384887695	10370784	0.0	0.0	0.0
2021-06-23 00:00:00+08:00	21.84854334487044	21.867541305153367	21.74721686367171	21.816879272460938	10083700	0.0	0.0	0.0
2021-06-24 00:00:00+08:00	21.816880502128427	21.975203288913374	21.816880502128427	21.949871063232422	3468732	0.0	0.0	0.0
2021-06-25 00:00:00+08:00	22.02586577535129	22.127192264335342	22.000535964965817	22.00053596496582	6614870	0.0	0.0	0.0
2021-06-28 00:00:00+08:00	22.03853067791591	22.228517532348633	22.03853067791591	22.228517532348633	10671324	0.0	0.0	0.0
2021-06-29 00:00:00+08:00	22.25384942576584	22.260183689780494	21.924537755606536	22.038530349731445	13696340	0.0	0.0	0.0
2021-06-30 00:00:00+08:00	22.09552733160505	22.184187704046987	22.0385310327761	22.165189743041992	9590258	0.0	0.0	0.0
2021-07-01 00:00:00+08:00	22.26651622809191	22.386840674146825	22.06386325799207	22.165189743041992	37859532	0.0	0.0	0.0
2021-07-02 00:00:00+08:00	22.21585487419005	22.342511172522855	22.190522648197874	22.29184913635254	10594572	0.0	0.0	0.0
2021-07-05 00:00:00+08:00	22.50716728036212	22.60215950012207	22.405840796463142	22.60215950012207	12318417	0.0	0.0	0.0
2021-07-06 00:00:00+08:00	22.703489160343274	22.830147886890614	22.671825082660007	22.741487503051758	11934586	0.0	0.0	0.0
2021-07-07 00:00:00+08:00	22.690823240227928	22.709821201814915	22.488167848105924	22.551498413085938	11086508	0.0	0.0	0.0
2021-07-08 00:00:00+08:00	22.690825788470367	22.72248986660932	22.47550667498546	22.671825408935547	14605192	0.0	0.0	0.0
2021-07-09 00:00:00+08:00	22.652825364493644	22.652825364493644	22.355177742535734	22.443838119506836	14486279	0.0	0.0	0.0
2021-07-12 00:00:00+08:00	22.5768349087813	22.58949860835821	22.196858694482692	22.336183547973633	18205863	0.0	0.0	0.0
2021-07-13 00:00:00+08:00	22.374178037095074	22.450172300528457	22.038532076620662	22.0701961517334	28643087	0.0	0.0	0.0
2021-07-14 00:00:00+08:00	22.09552957483043	22.101863839684484	21.753551747137777	21.835880279541016	27579796	0.0	0.0	0.0
2021-07-15 00:00:00+08:00	21.86754531983548	22.16519296992071	21.86754531983548	22.15252685546875	11383279	0.0	0.0	0.0
2021-07-16 00:00:00+08:00	22.139857748513446	22.260184611636078	22.044865526684724	22.24118423461914	11541217	0.0	0.0	0.0
2021-07-19 00:00:00+08:00	22.241184823814148	22.260185201334423	22.158858712544472	22.25385093688965	5113682	0.0	0.0	0.0
2021-07-20 00:00:00+08:00	22.133530296577185	22.139862146297904	21.848548742855307	21.886547088623047	22864398	0.0	0.0	0.0
2021-07-21 00:00:00+08:00	22.013197031369913	22.082859437185963	21.487566687527128	21.614225387573242	48272821	0.0	0.0	0.0
2021-07-22 00:00:00+08:00	21.658554626999013	21.823209238818702	21.576226113182337	21.664886474609375	16712474	0.0	0.0	0.0
2021-07-23 00:00:00+08:00	21.848545844536538	21.848545844536538	21.690223048561634	21.829547882080078	6917490	0.0	0.0	0.0
2021-07-26 00:00:00+08:00	21.854873107317697	21.956199578846384	21.78521312099031	21.848541259765625	10788752	0.0	0.0	0.0
2021-07-27 00:00:00+08:00	21.848546412225126	21.86121252612992	21.52556896300266	21.576231002807617	22426857	0.0	0.0	0.0
2021-07-28 00:00:00+08:00	21.5762270857042	21.5762270857042	21.05692858895595	21.462234497070312	42456046	0.0	0.0	0.0
2021-07-29 00:00:00+08:00	21.56989838409888	21.65855876245461	21.44323966538464	21.59522819519043	19432242	0.0	0.0	0.0
2021-07-30 00:00:00+08:00	21.658553720467705	21.671219830971943	21.455900784027012	21.46856689453125	28359398	0.0	0.0	0.0
2021-08-02 00:00:00+08:00	21.550898368475508	21.550898368475508	21.297583342600667	21.53190040588379	18615920	0.0	0.0	0.0
2021-08-03 00:00:00+08:00	21.538233105378556	21.63322775371692	21.51923514203659	21.626895904541016	6369404	0.0	0.0	0.0
2021-08-04 00:00:00+08:00	21.645891242174756	21.753549575805664	21.639556977952957	21.753549575805664	5400379	0.0	0.0	0.0
2021-08-05 00:00:00+08:00	21.785214686965883	21.785214686965883	21.620557649012284	21.65855598449707	6802345	0.0	0.0	0.0
2021-08-06 00:00:00+08:00	21.65855771230927	21.690221786499023	21.544565112574958	21.690221786499023	9229543	0.0	0.0	0.0
2021-08-09 00:00:00+08:00	21.67122487590745	21.67122487590745	21.45590577883748	21.59522819519043	12068365	0.0	0.0	0.0
2021-08-10 00:00:00+08:00	21.595225401348962	21.64588984860569	21.348242260506943	21.398906707763672	28810581	0.0	0.0	0.0
2021-08-11 00:00:00+08:00	21.354578105421968	21.398908292146924	21.05059864681628	21.208921432495117	34558108	0.0	0.0	0.0
2021-08-12 00:00:00+08:00	21.22791858410977	21.22791858410977	21.107594141275914	21.22158432006836	10911141	0.0	0.0	0.0
2021-08-13 00:00:00+08:00	21.25325033701701	21.265916449004855	21.025265152863536	21.069595336914062	24411607	0.0	0.0	0.0
2021-08-16 00:00:00+08:00	21.07592909594888	21.07592909594888	20.73395370452571	20.809947967529297	51312386	0.0	0.0	0.0
2021-08-17 00:00:00+08:00	20.83528116540761	20.949273773135808	20.569297608770427	20.600961685180664	31522477	0.0	0.0	0.0
2021-08-18 00:00:00+08:00	20.50596970067063	20.94293975830078	20.34764690091582	20.94293975830078	26262133	0.0	0.0	0.0
2021-08-19 00:00:00+08:00	20.822613810175795	20.822613810175795	20.448971932858587	20.46796989440918	44646608	0.0	0.0	0.0
2021-08-20 00:00:00+08:00	20.51863257072745	20.57562886626112	20.265315164841404	20.429969787597656	24869457	0.0	0.0	0.0
2021-08-23 00:00:00+08:00	20.594629458524594	20.83528078329444	20.594629458524594	20.822614669799805	16402007	0.0	0.0	0.0
2021-08-24 00:00:00+08:00	20.904942252732454	20.949274860985895	20.683291290536765	20.77195167541504	20358402	0.0	0.0	0.0
2021-08-25 00:00:00+08:00	20.86694698966312	20.898611068725586	20.771952336661343	20.898611068725586	10040196	0.0	0.0	0.0
2021-08-26 00:00:00+08:00	20.96193867704924	20.97460479150489	20.7592856773875	20.89227867126465	17433396	0.0	0.0	0.0
2021-08-27 00:00:00+08:00	20.873274713916764	20.974601196379897	20.790948607787524	20.96826934814453	8754077	0.0	0.0	0.0
2021-08-30 00:00:00+08:00	21.037937563906855	21.08226776123047	20.99360736658324	21.08226776123047	8532487	0.0	0.0	0.0
2021-08-31 00:00:00+08:00	21.088596789385836	21.13926124572754	20.930273987039374	21.13926124572754	9846158	0.0	0.0	0.0
2021-09-01 00:00:00+08:00	21.12026331942438	21.158261666093473	21.02527107647344	21.14559555053711	10956113	0.0	0.0	0.0
2021-09-02 00:00:00+08:00	21.14558990911457	21.15825602129175	20.95560305808467	20.99993324279785	11079786	0.0	0.0	0.0
2021-09-03 00:00:00+08:00	21.05693380869386	21.107598267674096	21.006269349713623	21.050601959228516	7031125	0.0	0.0	0.0
2021-09-06 00:00:00+08:00	21.05693236738938	21.107596822901737	20.904941416666514	20.94293975830078	18583946	0.0	0.0	0.0
2021-09-07 00:00:00+08:00	20.942936945907494	21.018931203156676	20.923938985548666	20.99993324279785	8764828	0.0	0.0	0.0
2021-09-08 00:00:00+08:00	21.050601360248823	21.050601360248823	20.727621482975902	20.77195167541504	29278034	0.0	0.0	0.0
2021-09-09 00:00:00+08:00	20.740284608969773	20.87327516712507	20.66429034942588	20.86060905456543	6914694	0.0	0.0	0.0
2021-09-10 00:00:00+08:00	20.898610414467647	21.037935256958008	20.860612071293648	21.037935256958008	6932222	0.0	0.0	0.0
2021-09-13 00:00:00+08:00	21.04426203716361	21.227917027878185	21.04426203716361	21.158254623413086	12377104	0.0	0.0	0.0
2021-09-14 00:00:00+08:00	21.25958127521951	21.27224738666526	21.094926658052266	21.126590728759766	8966281	0.0	0.0	0.0
2021-09-15 00:00:00+08:00	21.126593405394285	21.126593405394285	20.96827061598433	21.107595443725586	8778717	0.0	0.0	0.0
2021-09-16 00:00:00+08:00	21.11392607132901	21.17092236885307	21.018931436850945	21.075927734375	12508581	0.0	0.0	0.0
2021-09-17 00:00:00+08:00	21.075926655002522	21.18991924421268	21.050596847477653	21.164587020874023	7320932	0.0	0.0	0.0
2021-09-22 00:00:00+08:00	20.83527946472168	20.904939460812514	20.695954640912053	20.83527946472168	41411675	0.0	0.0	0.0
2021-09-23 00:00:00+08:00	20.917609474913142	21.00626986448687	20.917609474913142	20.949275970458984	11858161	0.0	0.0	0.0
2021-09-24 00:00:00+08:00	21.063264116358308	21.145592648267673	21.037934304536666	21.08859634399414	11014726	0.0	0.0	0.0
2021-09-27 00:00:00+08:00	21.107596722628116	21.145592648267673	21.031600039720608	21.08859634399414	15359669	0.0	0.0	0.0
2021-09-28 00:00:00+08:00	20.949275970458984	21.00626986448687	20.822617235718905	20.949275970458984	16226833	0.0	0.0	0.0
2021-09-29 00:00:00+08:00	20.7086238861084	20.784618157948074	20.638961463666057	20.7086238861084	46393401	0.0	0.0	0.0
2021-09-30 00:00:00+08:00	20.740286461992312	20.77828480306616	20.61996200564637	20.752952575683594	22194390	0.0	0.0	0.0
2021-10-01 00:00:00+08:00	20.63262516179479	20.645288857856652	20.328643308406004	20.429969787597656	78823861	0.0	0.0	0.0
2021-10-04 00:00:00+08:00	20.505965876900135	20.51863198841636	20.144988946128983	20.16398811340332	59303170	0.0	0.0	0.0
2021-10-05 00:00:00+08:00	20.012000520402836	20.2399845123291	19.8980079204862	20.2399845123291	36461680	0.0	0.0	0.0
2021-10-06 00:00:00+08:00	20.309647175775318	20.315981440189972	20.08166197312862	20.189321517944336	40669650	0.0	0.0	0.0
2021-10-07 00:00:00+08:00	20.562963130302098	20.70228553185397	20.32864368003901	20.626291275024414	68969370	0.0	0.0	0.0
2021-10-08 00:00:00+08:00	20.65162218124517	20.70861847418328	20.569293665709296	20.63895606994629	34473928	0.0	0.0	0.0
2021-10-12 00:00:00+08:00	20.64528967537298	20.64528967537298	20.391974675269935	20.417306900024414	58567817	0.0	0.0	0.0
2021-10-13 00:00:00+08:00	20.531299099671084	20.56296559163651	20.30331630189346	20.372976303100586	44298619	0.0	0.0	0.0
2021-10-14 00:00:00+08:00	20.44896919733147	20.47430141988617	20.265314207530434	20.37930679321289	34592668	0.0	0.0	0.0
2021-10-15 00:00:00+08:00	20.47430551810953	20.486969216107994	20.423641062858913	20.461639404296875	25398130	0.0	0.0	0.0
2021-10-18 00:00:00+08:00	20.55029960269394	20.55663145163695	20.423640881506262	20.493303298950195	50851787	0.0	0.0	0.0
2021-10-19 00:00:00+08:00	20.55029696106708	20.556628809196162	20.442636216361787	20.518632888793945	37194282	0.0	0.0	0.0
2021-10-20 00:00:00+08:00	20.562966266606622	20.57563238064572	20.45530550518141	20.499635696411133	69165384	0.0	0.0	0.0
2021-10-21 00:00:00+08:00	20.50596677672192	20.537630848995054	20.44897048030473	20.518632888793945	98500189	0.0	0.0	0.0
2021-10-22 00:00:00+08:00	20.59239594181323	20.699684108001552	20.511931415872713	20.679567337036133	146899858	1.8	0.0	0.0
2021-10-25 00:00:00+08:00	20.672859229408978	20.706385897974933	20.572277944750684	20.692975997924805	52930830	0.0	0.0	0.0
2021-10-26 00:00:00+08:00	20.733207248441907	20.847199706571153	20.706384891724266	20.820377349853516	34352611	0.0	0.0	0.0
2021-10-27 00:00:00+08:00	20.820377485119295	20.89413768761165	20.766734050295863	20.887432098388672	24283789	0.0	0.0	0.0
2021-10-28 00:00:00+08:00	20.920962267390102	21.06848140908859	20.90755108751919	21.048364639282227	23184973	0.0	0.0	0.0
2021-10-29 00:00:00+08:00	21.12212492217472	21.135536102091702	20.920962339262022	21.088598251342773	18517447	0.0	0.0	0.0
2021-11-01 00:00:00+08:00	21.14894552313241	21.22270444862055	21.115417576128344	21.162355422973633	21060443	0.0	0.0	0.0
2021-11-02 00:00:00+08:00	21.229410631016655	21.30317083752552	21.108712576351397	21.142240524291992	24806551	0.0	0.0	0.0
2021-11-03 00:00:00+08:00	21.15564884846048	21.30316925048828	21.15564884846048	21.30316925048828	14131097	0.0	0.0	0.0
2021-11-04 00:00:00+08:00	21.383635158198203	21.45068977450288	21.35681407905259	21.3635196685791	14396808	0.0	0.0	0.0
2021-11-05 00:00:00+08:00	21.39034023249632	21.42386817932129	21.262936592482244	21.42386817932129	16537963	0.0	0.0	0.0
2021-11-08 00:00:00+08:00	21.490921480387428	21.725613270902464	21.46409912297072	21.71890640258789	38091770	0.0	0.0	0.0
2021-11-09 00:00:00+08:00	21.77255042846855	21.792665916934165	21.658556692015047	21.69208335876465	33076572	0.0	0.0	0.0
2021-11-10 00:00:00+08:00	21.732314961832966	21.80607515687798	21.68537712097168	21.68537712097168	35673912	0.0	0.0	0.0
2021-11-11 00:00:00+08:00	21.658557681234235	21.72561357571682	21.551270807982927	21.5579776763916	22454461	0.0	0.0	0.0
2021-11-12 00:00:00+08:00	21.58479818203121	21.625031720036297	21.52444915398404	21.59150505065918	20788573	0.0	0.0	0.0
2021-11-15 00:00:00+08:00	21.725613956674046	21.799371605016983	21.698791598410683	21.745729446411133	26693210	0.0	0.0	0.0
2021-11-16 00:00:00+08:00	21.75913640715946	21.859716394266595	21.745725230627766	21.853012084960938	30669272	0.0	0.0	0.0
2021-11-17 00:00:00+08:00	21.886541464354366	21.93347930908203	21.853014797823274	21.93347930908203	20016010	0.0	0.0	0.0
2021-11-18 00:00:00+08:00	22.0273553678782	22.168171462343008	22.02065105762785	22.114526748657227	45836201	0.0	0.0	0.0
2021-11-19 00:00:00+08:00	22.221816745448077	22.248639106065756	22.047476517275364	22.081003189086914	21184052	0.0	0.0	0.0
2021-11-22 00:00:00+08:00	22.1279410412073	22.16146771301885	22.060887697584203	22.081003189086914	14244699	0.0	0.0	0.0
2021-11-23 00:00:00+08:00	22.067592261461467	22.074296572732106	21.859722801175913	21.879840850830078	16323702	0.0	0.0	0.0
2021-11-24 00:00:00+08:00	21.87313268611769	21.946892895331608	21.79266816603022	21.86642837524414	11138521	0.0	0.0	0.0
2021-11-25 00:00:00+08:00	21.92007122132107	21.940189270412652	21.873133369975797	21.893251419067383	7322564	0.0	0.0	0.0
2021-11-26 00:00:00+08:00	21.886541607001337	21.893248475103686	21.69208335876465	21.69208335876465	23538761	0.0	0.0	0.0
2021-11-29 00:00:00+08:00	21.45739520830472	21.678675824192364	21.43057285039334	21.604915618896484	26052059	0.0	0.0	0.0
2021-11-30 00:00:00+08:00	21.718908831169696	21.806080223561008	21.658559799194336	21.658559799194336	11556651	0.0	0.0	0.0
2021-12-01 00:00:00+08:00	21.64514697574867	21.81948974729569	21.56468245853052	21.792667388916016	8753984	0.0	0.0	0.0
2021-12-02 00:00:00+08:00	21.792667980604847	21.812783470975315	21.712203461202016	21.772552490234375	8379340	0.0	0.0	0.0
2021-12-03 00:00:00+08:00	21.86642905889264	21.940189270412652	21.859722189888426	21.893251419067383	11885847	0.0	0.0	0.0
2021-12-06 00:00:00+08:00	21.95359882259683	22.0340633392334	21.812782721081756	22.0340633392334	15269782	0.0	0.0	0.0
2021-12-07 00:00:00+08:00	22.094411965447	22.148054122924805	22.007240581884645	22.148054122924805	21484899	0.0	0.0	0.0
2021-12-08 00:00:00+08:00	22.295576003186042	22.33580954238921	22.22852266243508	22.248638153076172	24096650	0.0	0.0	0.0
2021-12-09 00:00:00+08:00	22.335807820347494	22.40286115592879	22.248636437755174	22.342512130737305	21755650	0.0	0.0	0.0
2021-12-10 00:00:00+08:00	22.342514650061286	22.402863682057678	22.248638946493806	22.329103469848633	15513515	0.0	0.0	0.0
2021-12-13 00:00:00+08:00	22.342513407185134	22.42968479475763	22.342513407185134	22.349220275878906	10810812	0.0	0.0	0.0
2021-12-14 00:00:00+08:00	22.33580988035384	22.33580988035384	22.09441375732422	22.09441375732422	22055575	0.0	0.0	0.0
2021-12-15 00:00:00+08:00	22.09441323872551	22.194993249013027	22.027357340612866	22.154762268066406	8159740	0.0	0.0	0.0
2021-12-16 00:00:00+08:00	22.322394914572296	22.4296817779541	22.322394914572296	22.4296817779541	31849077	0.0	0.0	0.0
2021-12-17 00:00:00+08:00	22.396159532910126	22.44309738503338	22.329103631361832	22.416275024414062	21818101	0.0	0.0	0.0
2021-12-20 00:00:00+08:00	22.429681088632137	22.429681088632137	22.342509715463237	22.40285873413086	19982260	0.0	0.0	0.0
2021-12-21 00:00:00+08:00	22.362626399267374	22.382744445180343	22.26204640138512	22.369333267211914	9573126	0.0	0.0	0.0
2021-12-22 00:00:00+08:00	22.38274819069924	22.39615937091189	22.315692289635983	22.329103469848633	8407307	0.0	0.0	0.0
2021-12-23 00:00:00+08:00	22.369337694294494	22.396160055539728	22.355926513671875	22.355926513671875	5996942	0.0	0.0	0.0
2021-12-24 00:00:00+08:00	22.402865576913527	22.436392251320335	22.32240104675293	22.32240104675293	9530439	0.0	0.0	0.0
2021-12-27 00:00:00+08:00	22.329104833368714	22.396160738526717	22.329104833368714	22.382749557495117	11027523	0.0	0.0	0.0
2021-12-28 00:00:00+08:00	22.436386873619714	22.53026256262655	22.429682563513804	22.503442764282227	17829923	0.0	0.0	0.0
2021-12-29 00:00:00+08:00	22.503445375637007	22.5570875364711	22.503445375637007	22.536972045898438	10968352	0.0	0.0	0.0
2021-12-30 00:00:00+08:00	22.557084307906653	22.563791175751582	22.5101464646746	22.51685333251953	8797535	0.0	0.0	0.0
2022-01-03 00:00:00+08:00	22.563790324140303	22.604021298009012	22.362625223114687	22.409563064575195	15161048	0.0	0.0	0.0
2022-01-04 00:00:00+08:00	22.40956304379592	22.46320775279848	22.389447556880217	22.40285873413086	8656373	0.0	0.0	0.0
2022-01-05 00:00:00+08:00	22.402859422628502	22.463208443150805	22.362625889640103	22.4296817779541	8482315	0.0	0.0	0.0
2022-01-06 00:00:00+08:00	22.396154424465795	22.46320775279848	22.335805405798173	22.40285873413086	13847084	0.0	0.0	0.0
2022-01-07 00:00:00+08:00	22.469913007595313	22.52355771885428	22.20169712506233	22.241928100585938	25533082	0.0	0.0	0.0
2022-01-10 00:00:00+08:00	22.295573578194013	22.329100244922945	22.208402198362222	22.308984756469727	9915525	0.0	0.0	0.0
2022-01-11 00:00:00+08:00	22.322395836980895	22.322395836980895	22.235224457530887	22.262046813964844	13666824	0.0	0.0	0.0
2022-01-12 00:00:00+08:00	22.335810084446315	22.3827479356953	22.161467301589195	22.19499397277832	21269312	0.0	0.0	0.0
2022-01-13 00:00:00+08:00	22.194990922879953	22.315688968912056	22.194990922879953	22.262046813964844	10983305	0.0	0.0	0.0
2022-01-14 00:00:00+08:00	22.27545728300199	22.27545728300199	22.034061198623064	22.228519439697266	27153827	0.0	0.0	0.0
2022-01-17 00:00:00+08:00	22.228525248677055	22.282167415934783	22.161469342203294	22.275463104248047	12825368	0.0	0.0	0.0
2022-01-18 00:00:00+08:00	22.3156880467806	22.476619620813604	22.288868249375593	22.4296817779541	32519423	0.0	0.0	0.0
2022-01-19 00:00:00+08:00	22.295573500867583	22.38944919055129	22.235224477796525	22.26875114440918	17169256	0.0	0.0	0.0
2022-01-20 00:00:00+08:00	22.26204640138512	22.382744445180343	22.24863522341669	22.369333267211914	12508635	0.0	0.0	0.0
2022-01-21 00:00:00+08:00	22.22181534712822	22.22181534712822	21.993830412066227	22.020652770996094	44853666	0.0	0.0	0.0
2022-01-24 00:00:00+08:00	21.87984032988888	21.940189361572266	21.631737334123244	21.940189361572266	32989391	0.0	0.0	0.0
2022-01-25 00:00:00+08:00	21.792663979786116	21.812779466463674	21.631732412604222	21.68537712097168	41840453	0.0	0.0	0.0
2022-01-26 00:00:00+08:00	21.68538100923988	21.826194557072117	21.67867669845208	21.725614547729492	19657659	0.0	0.0	0.0
2022-02-07 00:00:00+08:00	21.812784787849523	22.127941131591797	21.77925811590103	22.127941131591797	19964465	0.0	0.0	0.0
2022-02-08 00:00:00+08:00	22.168174423138975	22.3358103389155	22.154763242926325	22.329103469848633	18728380	0.0	0.0	0.0
2022-02-09 00:00:00+08:00	22.396155819711673	22.46320915222168	22.376037773622134	22.46320915222168	17525900	0.0	0.0	0.0
2022-02-10 00:00:00+08:00	22.53026437791646	22.53026437791646	22.402862012273747	22.456506729125977	11120228	0.0	0.0	0.0
2022-02-11 00:00:00+08:00	22.429686204723723	22.449801696227663	22.36263030317543	22.416275024414062	7433663	0.0	0.0	0.0
2022-02-14 00:00:00+08:00	22.32910388319329	22.32910388319329	22.16146796431358	22.215112686157227	17034890	0.0	0.0	0.0
2022-02-15 00:00:00+08:00	22.221816332898037	22.295576544266737	22.18158535063951	22.19499397277832	9921676	0.0	0.0	0.0
2022-02-16 00:00:00+08:00	22.362626911651876	22.396156136301517	22.201697888184718	22.308984756469727	21961052	0.0	0.0	0.0
2022-02-17 00:00:00+08:00	22.33581102169853	22.416275547513077	22.308988660453295	22.355926513671875	9943840	0.0	0.0	0.0
2022-02-18 00:00:00+08:00	22.302277573108725	22.46320915222168	22.215108752429856	22.46320915222168	12436343	0.0	0.0	0.0
2022-02-21 00:00:00+08:00	22.42968415861993	22.677784576913396	22.362628263188682	22.66437339782715	26838855	0.0	0.0	0.0
2022-02-22 00:00:00+08:00	22.617435763840884	22.617435763840884	22.268752778064066	22.456506729125977	22894244	0.0	0.0	0.0
2022-02-23 00:00:00+08:00	22.476619411406485	22.637548426019578	22.476619411406485	22.630844116210938	11936622	0.0	0.0	0.0
2022-02-24 00:00:00+08:00	22.463210007540894	22.490032364734468	22.201698419705505	22.255340576171875	25096822	0.0	0.0	0.0
2022-02-25 00:00:00+08:00	22.322397916945686	22.449800284997078	22.228522218600354	22.349220275878906	13899763	0.0	0.0	0.0
2022-03-01 00:00:00+08:00	22.396156961412114	22.718017578125	22.396156961412114	22.718017578125	25825750	0.0	0.0	0.0
2022-03-02 00:00:00+08:00	22.71801706472728	22.8051858878799	22.624141373380926	22.778366088867188	16177063	0.0	0.0	0.0
2022-03-03 00:00:00+08:00	22.899063209085583	22.96611654078092	22.8454184973928	22.946001052856445	22540312	0.0	0.0	0.0
2022-03-04 00:00:00+08:00	22.80518407895875	23.033168978967744	22.778364282073397	22.825302124023438	16796307	0.0	0.0	0.0
2022-03-07 00:00:00+08:00	22.684489037706115	22.69119334757722	22.24863471638719	22.4296817779541	40888766	0.0	0.0	0.0
2022-03-08 00:00:00+08:00	22.208405655852403	22.376041573515977	21.960305213928223	22.127941131591797	36030308	0.0	0.0	0.0
2022-03-09 00:00:00+08:00	22.27545757935355	22.382744445180343	22.24863522341669	22.369333267211914	10734365	0.0	0.0	0.0
2022-03-10 00:00:00+08:00	22.657664769140723	22.771655932768088	22.630842416080036	22.72471809387207	16146554	0.0	0.0	0.0
2022-03-11 00:00:00+08:00	22.724717464625392	22.76495099310236	22.67107531790974	22.73142433166504	10004074	0.0	0.0	0.0
2022-03-14 00:00:00+08:00	22.75154331780878	22.899063720336876	22.75154331780878	22.885652542114258	13626042	0.0	0.0	0.0
2022-03-15 00:00:00+08:00	22.899067740735397	22.905772052063437	22.63084924503321	22.650964736938477	13650094	0.0	0.0	0.0
2022-03-16 00:00:00+08:00	22.805185537807812	22.845419072590392	22.38944924340398	22.604022979736328	20236605	0.0	0.0	0.0
2022-03-17 00:00:00+08:00	22.80518913269043	22.838718362588295	22.6643755756354	22.80518913269043	10116487	0.0	0.0	0.0
2022-03-18 00:00:00+08:00	22.818593139818013	22.818593139818013	22.664368450870093	22.73142433166504	7991200	0.0	0.0	0.0
2022-03-21 00:00:00+08:00	22.73142885252473	22.798482188735036	22.73142885252473	22.764955520629883	5959270	0.0	0.0	0.0
2022-03-22 00:00:00+08:00	22.764954145046786	22.77165845509438	22.697898254967548	22.7113094329834	5932058	0.0	0.0	0.0
2022-03-23 00:00:00+08:00	22.76495935418979	22.805190339522444	22.744841303602218	22.771663665771484	6219300	0.0	0.0	0.0
2022-03-24 00:00:00+08:00	22.771663665771484	22.791781716359054	22.711314629851262	22.771663665771484	4233432	0.0	0.0	0.0
2022-03-25 00:00:00+08:00	22.791777686117676	22.791777686117676	22.637550409876845	22.671079635620117	9432200	0.0	0.0	0.0
2022-03-28 00:00:00+08:00	22.483328816604896	22.650964736938477	22.382748799157437	22.650964736938477	18539756	0.0	0.0	0.0
2022-03-29 00:00:00+08:00	22.664371904933635	22.684489951198273	22.536969548887498	22.557085037231445	8861297	0.0	0.0	0.0
2022-03-30 00:00:00+08:00	22.671080764274624	22.671080764274624	22.490033679515054	22.597320556640625	10324699	0.0	0.0	0.0
2022-03-31 00:00:00+08:00	22.597324285450654	22.604028597286888	22.5369752472392	22.550386428833008	6079948	0.0	0.0	0.0
2022-04-01 00:00:00+08:00	22.43638940439473	22.49673843383789	22.31569134550842	22.49673843383789	11110633	0.0	0.0	0.0
2022-04-06 00:00:00+08:00	22.469915962124023	22.469915962124023	22.315691233856686	22.443096160888672	21108129	0.0	0.0	0.0
2022-04-07 00:00:00+08:00	22.335807237085444	22.362627035865135	22.060884475708008	22.060884475708008	53938953	0.0	0.0	0.0
2022-04-08 00:00:00+08:00	22.161463591618105	22.24863496845362	22.114525748226818	22.241928100585938	14644049	0.0	0.0	0.0
2022-04-11 00:00:00+08:00	22.282163043123248	22.295574221786097	21.95359811860625	22.00053596496582	36629527	0.0	0.0	0.0
2022-04-12 00:00:00+08:00	21.94018678765975	21.987124633693533	21.799370691637638	21.920068740844727	34542810	0.0	0.0	0.0
2022-04-13 00:00:00+08:00	21.960300318978277	22.201696395874023	21.960300318978277	22.201696395874023	10375102	0.0	0.0	0.0
2022-04-14 00:00:00+08:00	22.248637373742998	22.25534168441486	22.161465987483428	22.174877166748047	6404681	0.0	0.0	0.0
2022-04-15 00:00:00+08:00	22.06758878592275	22.114526631188113	21.993828583956976	22.060884475708008	12414473	0.0	0.0	0.0
2022-04-18 00:00:00+08:00	21.993828923824314	22.00053579206342	21.84631107553391	21.91336441040039	22689241	0.0	0.0	0.0
2022-04-19 00:00:00+08:00	21.94018447212055	22.09440917251498	21.94018447212055	22.027353286743164	5452221	0.0	0.0	0.0
2022-04-20 00:00:00+08:00	22.04076824153672	22.08100177989557	21.926777053068058	22.013948440551758	8018870	0.0	0.0	0.0
2022-04-21 00:00:00+08:00	22.07429309613749	22.12793780953832	22.013946630442646	22.060884475708008	5635863	0.0	0.0	0.0
2022-04-22 00:00:00+08:00	21.89995273997022	22.00723960809938	21.866426073289993	21.980417251586914	8696045	0.0	0.0	0.0
2022-04-25 00:00:00+08:00	21.69879299262857	21.69879299262857	21.39704783757982	21.47751235961914	59627414	0.0	0.0	0.0
2022-04-26 00:00:00+08:00	21.531153747073617	21.557976102908928	21.383633347900037	21.41045570373535	28005754	0.0	0.0	0.0
2022-04-27 00:00:00+08:00	21.014835552294187	21.148944777662486	20.89413750525479	21.10871124267578	36515660	0.0	0.0	0.0
2022-04-28 00:00:00+08:00	21.155649416574587	21.269641876220703	21.04836254619711	21.269641876220703	15497678	0.0	0.0	0.0
2022-04-29 00:00:00+08:00	21.450688077652764	21.49092033266884	21.363517978624547	21.46409797668457	10509689	0.0	0.0	0.0
2022-05-03 00:00:00+08:00	21.464095543745838	21.5244445589096	21.350104380614493	21.51774024963379	8209530	0.0	0.0	0.0
2022-05-04 00:00:00+08:00	21.517745616919008	21.671970347935407	21.517745616919008	21.665266036987305	5563201	0.0	0.0	0.0
2022-05-05 00:00:00+08:00	21.79266616851302	21.879837549404876	21.725612834239737	21.819488525390625	8477001	0.0	0.0	0.0
2022-05-06 00:00:00+08:00	21.423866064974256	21.625028610229492	21.38363253275499	21.625028610229492	14895753	0.0	0.0	0.0
2022-05-09 00:00:00+08:00	21.40375218114184	21.410457770748042	21.1690616607666	21.1690616607666	25485104	0.0	0.0	0.0
2022-05-10 00:00:00+08:00	20.907550792311	21.236117020746	20.840496172863748	21.222705841064453	17866257	0.0	0.0	0.0
2022-05-11 00:00:00+08:00	21.095299632573518	21.12212198868233	20.880725899544366	20.900842666625977	28847379	0.0	0.0	0.0
2022-05-12 00:00:00+08:00	20.820378055097162	20.8539060021299	20.532045384378076	20.53874969482422	36893200	0.0	0.0	0.0
2022-05-13 00:00:00+08:00	20.585687147819907	20.69297401168542	20.552159203511746	20.652740478515625	19313298	0.0	0.0	0.0
2022-05-16 00:00:00+08:00	20.780145278135965	20.78685086737488	20.47840143614707	20.599098205566406	29439905	0.0	0.0	0.0
2022-05-17 00:00:00+08:00	20.65274606107687	20.672862833099447	20.558870349559452	20.57898712158203	15302161	0.0	0.0	0.0
2022-05-18 00:00:00+08:00	20.63933149956906	20.793556213378906	20.619214732087638	20.793556213378906	11858162	0.0	0.0	0.0
2022-05-19 00:00:00+08:00	20.458286507054922	20.57898456628199	20.411348657124503	20.57227897644043	21872252	0.0	0.0	0.0
2022-05-20 00:00:00+08:00	20.578982716810035	20.679563997473	20.578982716810035	20.599098205566406	7813395	0.0	0.0	0.0
2022-05-23 00:00:00+08:00	20.659448050398424	20.733208255996036	20.619215792327193	20.692975997924805	8031910	0.0	0.0	0.0
2022-05-24 00:00:00+08:00	20.69968201067739	20.73991426957125	20.552161596465808	20.585689544677734	10526740	0.0	0.0	0.0
2022-05-25 00:00:00+08:00	20.592392201966444	20.72650142612543	20.578982302718824	20.706384658813477	6286212	0.0	0.0	0.0
2022-05-26 00:00:00+08:00	20.786849697827666	20.827081952037158	20.6058026354445	20.652740478515625	11894659	0.0	0.0	0.0
2022-05-27 00:00:00+08:00	20.75332405431118	20.8740208228824	20.733207286735794	20.84049415588379	6261902	0.0	0.0	0.0
2022-05-30 00:00:00+08:00	21.048363417571867	21.11541803407386	21.008131159254845	21.075185775756836	10509827	0.0	0.0	0.0
2022-05-31 00:00:00+08:00	21.0818913278639	21.0818913278639	20.91425542638684	21.055068969726562	6683141	0.0	0.0	0.0
2022-06-01 00:00:00+08:00	21.05506849286984	21.189177722598345	21.04165731410491	21.135534286499023	4567842	0.0	0.0	0.0
2022-06-02 00:00:00+08:00	21.048363380192228	21.095301227972136	20.98131004276975	21.055068969726562	5604891	0.0	0.0	0.0
2022-06-06 00:00:00+08:00	21.041656629991632	21.135533599333584	20.947780939610038	21.10871124267578	11549077	0.0	0.0	0.0
2022-06-07 00:00:00+08:00	21.06177524429251	21.102007503846632	20.994720625728654	21.081892013549805	8008155	0.0	0.0	0.0
2022-06-08 00:00:00+08:00	21.189178466796875	21.202589646032827	21.142240618431487	21.189178466796875	5859529	0.0	0.0	0.0
2022-06-09 00:00:00+08:00	21.088596784612662	21.088596784612662	20.988014221191406	20.988014221191406	11131090	0.0	0.0	0.0
2022-06-10 00:00:00+08:00	20.8203773883084	20.8740208228824	20.76002836454261	20.84049415588379	12555538	0.0	0.0	0.0
2022-06-13 00:00:00+08:00	20.464991875169297	20.498518545053354	20.377820487133985	20.45828628540039	42954898	0.0	0.0	0.0
2022-06-14 00:00:00+08:00	20.2973521429425	20.43816566467285	20.223591948344566	20.43816566467285	27423268	0.0	0.0	0.0
2022-06-15 00:00:00+08:00	20.337588708024345	20.45158117886826	20.29065085749341	20.37782096862793	15752322	0.0	0.0	0.0
2022-06-16 00:00:00+08:00	20.47840293870032	20.518635198125377	20.042548558913758	20.07607650756836	63587370	0.0	0.0	0.0
2022-06-17 00:00:00+08:00	19.88832086233535	19.928553115753076	19.680452727556762	19.861499786376953	52167753	0.0	0.0	0.0
2022-06-20 00:00:00+08:00	19.861502609987635	19.87491251039311	19.325066945994344	19.35859489440918	60929282	0.0	0.0	0.0
2022-06-21 00:00:00+08:00	19.445763650456744	19.6469262111187	19.358593548559327	19.633516311645508	19412802	0.0	0.0	0.0
2022-06-22 00:00:00+08:00	19.606694819583616	19.613400409096165	19.09708152727373	19.110492706298828	50190765	0.0	0.0	0.0
2022-06-23 00:00:00+08:00	19.1373176889625	19.19096113345947	18.714874444458346	18.80875015258789	54694605	0.0	0.0	0.0
2022-06-24 00:00:00+08:00	18.9294457257067	19.043438190097554	18.788632182085284	18.842275619506836	24571557	0.0	0.0	0.0
2022-06-27 00:00:00+08:00	19.123903730872538	19.39212091440615	19.11049255195575	19.35188865661621	22080224	0.0	0.0	0.0
2022-06-28 00:00:00+08:00	19.27142497687526	19.27142497687526	19.00991335410239	19.130611419677734	22940806	0.0	0.0	0.0
2022-06-29 00:00:00+08:00	18.969681238058218	19.036734582596225	18.842277581306988	18.869098663330078	24276284	0.0	0.0	0.0
2022-06-30 00:00:00+08:00	18.775222212002635	18.775222212002635	18.419833616849658	18.480182647705078	60769535	0.0	0.0	0.0
2022-07-01 00:00:00+08:00	18.439951349447405	18.473478022134895	17.950454766030795	17.977275848388672	72582394	0.0	0.0	0.0
2022-07-04 00:00:00+08:00	17.97727056989488	18.13820085367146	17.762696858192776	17.890100479125977	43580899	0.0	0.0	0.0
2022-07-05 00:00:00+08:00	18.097972833628063	18.232082074275645	17.76940660089804	18.077856063842773	30871482	0.0	0.0	0.0
2022-07-06 00:00:00+08:00	18.06444596171377	18.07785586246074	17.6352971637984	17.64870834350586	64436978	0.0	0.0	0.0
2022-07-07 00:00:00+08:00	17.675527508549983	17.963861425349464	17.528007116349173	17.943744659423828	31205184	0.0	0.0	0.0
2022-07-08 00:00:00+08:00	18.12479493223649	18.379600951043564	18.104678162741003	18.272314071655273	30111006	0.0	0.0	0.0
2022-07-11 00:00:00+08:00	18.346074280844906	18.386306540875395	18.171732782098807	18.272314071655273	17055029	0.0	0.0	0.0
2022-07-12 00:00:00+08:00	18.004095398379995	18.004095398379995	17.709055864750095	17.849870681762695	38758196	0.0	0.0	0.0
2022-07-13 00:00:00+08:00	18.245493405948157	18.27231576776523	18.138206516601063	18.158323287963867	30486349	0.0	0.0	0.0
2022-07-14 00:00:00+08:00	18.077855711520993	18.26560838897637	17.95715893204305	18.22537612915039	14002702	0.0	0.0	0.0
2022-07-15 00:00:00+08:00	18.22537282197923	18.25219389734278	18.084558019699795	18.165023803710938	19935419	0.0	0.0	0.0
2022-07-18 00:00:00+08:00	18.25890256152697	18.426538467407227	18.171732453211842	18.426538467407227	19272118	0.0	0.0	0.0
2022-07-19 00:00:00+08:00	18.379600876632594	18.56735355428222	18.312546257546263	18.56064796447754	10766460	0.0	0.0	0.0
2022-07-20 00:00:00+08:00	18.77522087097168	18.842275487017233	18.741694202429112	18.77522087097168	20532879	0.0	0.0	0.0
2022-07-21 00:00:00+08:00	18.815455521414346	19.030029296875	18.775223258255618	19.030029296875	12605770	0.0	0.0	0.0
2022-07-22 00:00:00+08:00	19.103786983996702	19.103786983996702	18.96967903155918	19.043437957763672	15951474	0.0	0.0	0.0
2022-07-25 00:00:00+08:00	18.96967893648987	19.02332237298812	18.84227529519637	18.99650001525879	12709037	0.0	0.0	0.0
2022-07-26 00:00:00+08:00	18.922741437259884	18.949563797295145	18.781927883956328	18.855688095092773	18004111	0.0	0.0	0.0
2022-07-27 00:00:00+08:00	18.802044192462464	18.94285774230957	18.734989572980773	18.94285774230957	12585788	0.0	0.0	0.0
2022-07-28 00:00:00+08:00	19.097082378303934	19.097082378303934	18.862391850747827	18.895919799804688	19059627	0.0	0.0	0.0
2022-07-29 00:00:00+08:00	19.016615817357756	19.144018173217773	19.016615817357756	19.144018173217773	18919693	0.0	0.0	0.0
2022-08-01 00:00:00+08:00	19.190960112295333	19.29824699558046	19.016618607216863	19.284835815429688	13983705	0.0	0.0	0.0
2022-08-02 00:00:00+08:00	19.056848564237733	19.097080820864388	18.949561693926388	19.07696533203125	34163212	0.0	0.0	0.0
2022-08-03 00:00:00+08:00	19.036734957046487	19.07696849931336	18.93615365930049	19.070262908935547	19017069	0.0	0.0	0.0
2022-08-04 00:00:00+08:00	19.063556671142578	19.07696785144275	18.862392803521697	19.063556671142578	26130624	0.0	0.0	0.0
2022-08-05 00:00:00+08:00	19.13731555071308	19.35859489440918	19.13731555071308	19.35859489440918	22140807	0.0	0.0	0.0
2022-08-08 00:00:00+08:00	19.278129097174027	19.36529920513169	19.157431040801526	19.35859489440918	18605130	0.0	0.0	0.0
2022-08-09 00:00:00+08:00	19.345183350764795	19.506113663244257	19.26471755504485	19.49270248413086	15147559	0.0	0.0	0.0
2022-08-10 00:00:00+08:00	19.325066872005927	19.385415899961124	19.291540202679908	19.318361282348633	20554553	0.0	0.0	0.0
2022-08-11 00:00:00+08:00	19.49940750095946	19.546345347517278	19.48599632223997	19.526229858398438	16214572	0.0	0.0	0.0
2022-08-12 00:00:00+08:00	19.539640006683104	19.646926879882812	19.519524517308415	19.646926879882812	11267278	0.0	0.0	0.0
2022-08-15 00:00:00+08:00	19.660335398653505	19.660335398653505	19.519521876241654	19.593280792236328	22402333	0.0	0.0	0.0
2022-08-16 00:00:00+08:00	19.586578406268412	19.61340076480506	19.519525067847695	19.6066951751709	17704931	0.0	0.0	0.0
2022-08-17 00:00:00+08:00	19.5999883655616	19.633516311645508	19.553050520004504	19.633516311645508	10272297	0.0	0.0	0.0
2022-08-18 00:00:00+08:00	19.573166033180037	19.640220642089844	19.49940583548322	19.640220642089844	11747527	0.0	0.0	0.0
2022-08-19 00:00:00+08:00	19.640225891742215	19.747512783090595	19.586581167107397	19.72739601135254	10832825	0.0	0.0	0.0
2022-08-22 00:00:00+08:00	19.5731691527898	19.633518182531144	19.506114533192697	19.613401412963867	15746000	0.0	0.0	0.0
2022-08-23 00:00:00+08:00	19.492702294078725	19.50611347306136	19.378709830647136	19.398826599121094	38104843	0.0	0.0	0.0
2022-08-24 00:00:00+08:00	19.432353096415202	19.459175454144173	19.284833965787104	19.311655044555664	26461251	0.0	0.0	0.0
2022-08-25 00:00:00+08:00	19.385412257025287	19.47258362722829	19.34518000560248	19.405529022216797	11045338	0.0	0.0	0.0
2022-08-26 00:00:00+08:00	19.512821197509766	19.553053459899193	19.465883344895335	19.512821197509766	14289145	0.0	0.0	0.0
2022-08-29 00:00:00+08:00	19.070259742766744	19.123903177922415	18.969678461719905	19.07696533203125	52312931	0.0	0.0	0.0
2022-08-30 00:00:00+08:00	19.090378057466516	19.231192894944606	19.070262565655767	19.2244873046875	21274627	0.0	0.0	0.0
2022-08-31 00:00:00+08:00	19.110490569522756	19.304948806762695	19.063552727143538	19.304948806762695	21357518	0.0	0.0	0.0
2022-09-01 00:00:00+08:00	19.103789581864017	19.11720076261964	18.989797103362395	19.070262908935547	33324026	0.0	0.0	0.0
2022-09-02 00:00:00+08:00	19.043438190097554	19.076966137836294	18.842275619506836	18.842275619506836	37601889	0.0	0.0	0.0
2022-09-05 00:00:00+08:00	18.8154540010287	18.909330979427434	18.74839938187546	18.895919799804688	25082466	0.0	0.0	0.0
2022-09-06 00:00:00+08:00	18.942857519358604	18.976384189224607	18.781927201872936	18.82886505126953	29307642	0.0	0.0	0.0
2022-09-07 00:00:00+08:00	18.775220738007203	18.775220738007203	18.627701606920038	18.708166122436523	30935694	0.0	0.0	0.0
2022-09-08 00:00:00+08:00	18.788633012774028	18.962974511842223	18.66122936365487	18.94285774230957	14379579	0.0	0.0	0.0
2022-09-12 00:00:00+08:00	19.097080975420923	19.190957946923398	19.043437539831103	19.150724411010742	13592597	0.0	0.0	0.0
2022-09-13 00:00:00+08:00	19.21777986471546	19.27812889226024	19.204368685492078	19.251306533813477	11012366	0.0	0.0	0.0
2022-09-14 00:00:00+08:00	18.882506946294995	19.02332176192997	18.848980279170668	19.009910583496094	19154948	0.0	0.0	0.0
2022-09-15 00:00:00+08:00	19.003207211290025	19.211075385424614	18.983090441292283	19.17084312438965	9040411	0.0	0.0	0.0
2022-09-16 00:00:00+08:00	19.036735393614734	19.050146574677917	18.90933301039637	18.962976455688477	26261475	0.0	0.0	0.0
2022-09-19 00:00:00+08:00	19.050143085460967	19.050143085460967	18.815452575683594	18.815452575683594	22569857	0.0	0.0	0.0
2022-09-20 00:00:00+08:00	18.89592146017356	18.922742542815318	18.734991127441255	18.761812210083008	29975357	0.0	0.0	0.0
2022-09-21 00:00:00+08:00	18.755106190314088	18.755106190314088	18.46677348345333	18.53382682800293	45754023	0.0	0.0	0.0
2022-09-22 00:00:00+08:00	18.339366025518146	18.339366025518146	18.13820219668245	18.21866798400879	48604489	0.0	0.0	0.0
2022-09-23 00:00:00+08:00	18.19185057553072	18.292433156780366	18.104680454603095	18.144912719726562	34092600	0.0	0.0	0.0
2022-09-26 00:00:00+08:00	17.970567700831747	17.990684468957955	17.56153698061535	17.655412673950195	102460109	0.0	0.0	0.0
2022-09-27 00:00:00+08:00	17.655412673950195	17.74928836728504	17.541420212489143	17.655412673950195	42538325	0.0	0.0	0.0
2022-09-28 00:00:00+08:00	17.66211627720186	17.682233043065917	17.293317855749258	17.320138931274414	85051108	0.0	0.0	0.0
2022-09-29 00:00:00+08:00	17.494482942201603	17.50789412139426	17.239675653382903	17.306730270385742	45315515	0.0	0.0	0.0
2022-09-30 00:00:00+08:00	17.172624797360307	17.286617279052734	17.078747808403786	17.286617279052734	45469719	0.0	0.0	0.0
2022-10-03 00:00:00+08:00	17.125682381810268	17.273201498085427	17.072037671571717	17.212852478027344	35969229	0.0	0.0	0.0
2022-10-04 00:00:00+08:00	17.601767884170282	17.62188465074933	17.40730964412041	17.61517906188965	113427575	0.0	0.0	0.0
2022-10-05 00:00:00+08:00	17.81634273534999	17.916924016667345	17.755993710767502	17.849870681762695	107536850	0.0	0.0	0.0
2022-10-06 00:00:00+08:00	17.85657556552198	17.85657556552198	17.75599428097461	17.816343307495117	63662896	0.0	0.0	0.0
2022-10-07 00:00:00+08:00	17.735879676261316	17.735879676261316	17.615181617198836	17.62188720703125	74592539	0.0	0.0	0.0
2022-10-11 00:00:00+08:00	17.367076162480284	17.420719590606115	17.26649489461438	17.33354949951172	101430566	0.0	0.0	0.0
2022-10-12 00:00:00+08:00	17.32014400611345	17.373787451841658	17.17933044068714	17.313438415527344	72252133	0.0	0.0	0.0
2022-10-13 00:00:00+08:00	17.30672796081774	17.340255904325105	17.09885982691316	17.118976593017578	72068344	0.0	0.0	0.0
2022-10-14 00:00:00+08:00	17.414017277843012	17.474366305706408	17.30002481176331	17.3737850189209	53894920	0.0	0.0	0.0
2022-10-17 00:00:00+08:00	17.253086775614374	17.293320313059514	16.984869587448983	17.279909133911133	143826957	0.0	0.0	0.0
2022-10-18 00:00:00+08:00	17.481069876255944	17.494481054001117	17.206147127281447	17.326845169067383	148221274	0.0	0.0	0.0
2022-10-19 00:00:00+08:00	17.465520288599667	17.574998823798683	17.297653108488166	17.480117797851562	179173819	2.1	0.0	0.0
2022-10-20 00:00:00+08:00	17.385232103219664	17.385232103219664	17.049497806272406	17.26115608215332	101824551	0.0	0.0	0.0
2022-10-21 00:00:00+08:00	17.304950683484115	17.377936838544596	17.21006965637207	17.21006965637207	43693573	0.0	0.0	0.0
2022-10-24 00:00:00+08:00	17.429025931989727	17.472818458279352	17.28305502064281	17.290353775024414	29553497	0.0	0.0	0.0
2022-10-25 00:00:00+08:00	17.304949198275917	17.334144214632477	17.04949976563102	17.078693389892578	51815672	0.0	0.0	0.0
2022-10-26 00:00:00+08:00	17.08599281311035	17.151680210390087	16.991111790425762	17.08599281311035	31992233	0.0	0.0	0.0
2022-10-27 00:00:00+08:00	17.13708350131159	17.21736841108763	17.10059111982891	17.21006965637207	20199163	0.0	0.0	0.0
2022-10-28 00:00:00+08:00	17.195472816383017	17.195472816383017	16.998411999771537	17.01300811767578	35276364	0.0	0.0	0.0
2022-10-31 00:00:00+08:00	17.166279982286383	17.173578737623604	17.056801436418546	17.1370849609375	16820054	0.0	0.0	0.0
2022-11-01 00:00:00+08:00	17.15167900949398	17.21736640217453	17.115186632269207	17.18817138671875	17342562	0.0	0.0	0.0
2022-11-02 00:00:00+08:00	17.202766883228726	17.290350527261495	17.188169377207466	17.275753021240234	13193740	0.0	0.0	0.0
2022-11-03 00:00:00+08:00	17.093292365113346	17.22466716580319	17.034903719483985	17.21006965637207	18505062	0.0	0.0	0.0
2022-11-04 00:00:00+08:00	17.15167690158791	17.26115541190249	17.071392011046314	17.253856658935547	19274928	0.0	0.0	0.0
2022-11-07 00:00:00+08:00	17.356040463200657	17.574997517322032	17.356040463200657	17.560400009155273	31187925	0.0	0.0	0.0
2022-11-08 00:00:00+08:00	17.70637502537785	17.77206243011931	17.647986375840468	17.684478759765625	33136050	0.0	0.0	0.0
2022-11-09 00:00:00+08:00	17.808551463507214	17.9691212635965	17.79395395584547	17.961822509765625	33066252	0.0	0.0	0.0
2022-11-10 00:00:00+08:00	17.939929043511928	17.947227798480025	17.881540395862306	17.9034366607666	18288558	0.0	0.0	0.0
2022-11-11 00:00:00+08:00	18.46542271434126	18.49461772763956	18.173479541832492	18.2464656829834	38725474	0.0	0.0	0.0
2022-11-14 00:00:00+08:00	18.319456344909423	18.56030969567748	18.3121575897837	18.553010940551758	43331316	0.0	0.0	0.0
2022-11-15 00:00:00+08:00	18.55300717043034	18.65518693723631	18.44352864998182	18.64788818359375	39739385	0.0	0.0	0.0
2022-11-16 00:00:00+08:00	18.684383038229125	18.71357666240193	18.52381323294621	18.63329315185547	39285126	0.0	0.0	0.0
2022-11-17 00:00:00+08:00	18.61139780991936	18.684383962102764	18.465425505552556	18.66978645324707	28359303	0.0	0.0	0.0
2022-11-18 00:00:00+08:00	18.70627745055408	18.7865623512308	18.538410287407263	18.560306549072266	23036682	0.0	0.0	0.0
2022-11-21 00:00:00+08:00	18.560308801047274	18.589502428047798	18.39973898021144	18.40703773498535	20210544	0.0	0.0	0.0
2022-11-22 00:00:00+08:00	18.40704029308084	18.40704029308084	18.282964228871254	18.3194580078125	18851133	0.0	0.0	0.0
2022-11-23 00:00:00+08:00	18.40703684805026	18.487321754599687	18.40703684805026	18.465425491333008	12183419	0.0	0.0	0.0
2022-11-24 00:00:00+08:00	18.538411406562883	18.640592575073242	18.52381389790497	18.640592575073242	15864575	0.0	0.0	0.0
2022-11-25 00:00:00+08:00	18.66248801665198	18.72087666097408	18.61139812688203	18.625995635986328	19534639	0.0	0.0	0.0
2022-11-28 00:00:00+08:00	18.480022430419922	18.553008580296883	18.37054390165199	18.480022430419922	25723314	0.0	0.0	0.0
2022-11-29 00:00:00+08:00	18.465426288252214	18.611398598806392	18.377844015595805	18.589502334594727	15867201	0.0	0.0	0.0
2022-11-30 00:00:00+08:00	18.596798755604837	18.72817354019825	18.58220124796225	18.720874786376953	20156115	0.0	0.0	0.0
2022-12-01 00:00:00+08:00	18.866849801611416	18.954432075917552	18.801162399834237	18.844953536987305	29474291	0.0	0.0	0.0
2022-12-02 00:00:00+08:00	18.823058887188285	18.830356250054187	18.735475219750633	18.779266357421875	15981826	0.0	0.0	0.0
2022-12-05 00:00:00+08:00	18.779267561814446	18.939837397065627	18.779267561814446	18.88144874572754	21209979	0.0	0.0	0.0
2022-12-06 00:00:00+08:00	18.881444328683273	18.881444328683273	18.684382154481394	18.691680908203125	31818688	0.0	0.0	0.0
2022-12-07 00:00:00+08:00	18.62599844009972	18.66978958191021	18.487324866921995	18.567609786987305	26714166	0.0	0.0	0.0
2022-12-08 00:00:00+08:00	18.55300899797342	18.55300899797342	18.37054431522077	18.458127975463867	22654282	0.0	0.0	0.0
2022-12-09 00:00:00+08:00	18.54571006196336	18.625994967058578	18.538411307673332	18.618696212768555	12166363	0.0	0.0	0.0
2022-12-12 00:00:00+08:00	18.574904411507305	18.61139678955078	18.436230869171116	18.61139678955078	14211868	0.0	0.0	0.0
2022-12-13 00:00:00+08:00	18.63329315185547	18.698980546363025	18.611396889654618	18.63329315185547	13757274	0.0	0.0	0.0
2022-12-14 00:00:00+08:00	18.655189392885557	18.771966682348445	18.655189392885557	18.742773056030273	11291710	0.0	0.0	0.0
2022-12-15 00:00:00+08:00	18.742770580489953	18.823055478427346	18.70627681229345	18.757368087768555	13862971	0.0	0.0	0.0
2022-12-16 00:00:00+08:00	18.58220078461517	18.815756724788045	18.516514786051296	18.757368087768555	29589525	0.0	0.0	0.0
2022-12-19 00:00:00+08:00	18.75007272967277	18.837655005015254	18.669787817196188	18.779266357421875	13239240	0.0	0.0	0.0
2022-12-20 00:00:00+08:00	18.750071345419574	18.771966216591192	18.458128129005846	18.465425491333008	30551137	0.0	0.0	0.0
2022-12-21 00:00:00+08:00	18.50191812347936	18.53841050124701	18.472723107589257	18.494619369506836	11864912	0.0	0.0	0.0
2022-12-22 00:00:00+08:00	18.611395698457024	18.750069232663474	18.596798191257417	18.735471725463867	10837243	0.0	0.0	0.0
2022-12-23 00:00:00+08:00	18.604096589018024	18.69168023844555	18.5457079534313	18.68438148498535	8116087	0.0	0.0	0.0
2022-12-26 00:00:00+08:00	18.684383962102764	18.70627883329124	18.625995318775054	18.66978645324707	12384473	0.0	0.0	0.0
2022-12-27 00:00:00+08:00	18.68438107213947	18.75736721303391	18.68438107213947	18.706275939941406	7996512	0.0	0.0	0.0
2022-12-28 00:00:00+08:00	18.647887362603104	18.647887362603104	18.465422705857105	18.52381134033203	26543083	0.0	0.0	0.0
2022-12-29 00:00:00+08:00	18.40703669493328	18.5092178638994	18.312155672423724	18.458127975463867	18992790	0.0	0.0	0.0
2022-12-30 00:00:00+08:00	18.582203229619036	18.611398248017654	18.53841209411621	18.53841209411621	7846557	0.0	0.0	0.0
2023-01-03 00:00:00+08:00	18.450829605184495	18.611398028195087	18.385142206658553	18.60409927368164	14318894	0.0	0.0	0.0
2023-01-04 00:00:00+08:00	18.604095200377408	18.647886325775087	18.54570656914891	18.574901580810547	10789940	0.0	0.0	0.0
2023-01-05 00:00:00+08:00	18.64788839546273	18.684382164090138	18.560306134946806	18.58220100402832	11363023	0.0	0.0	0.0
2023-01-06 00:00:00+08:00	18.574904550154102	18.74277171775907	18.574904550154102	18.728174209594727	17492330	0.0	0.0	0.0
2023-01-09 00:00:00+08:00	18.903342059550642	18.94713319641567	18.830355903378834	18.932537078857422	33402543	0.0	0.0	0.0
2023-01-10 00:00:00+08:00	18.961730068822753	19.027417467960312	18.954431314241347	19.020118713378906	23754769	0.0	0.0	0.0
2023-01-11 00:00:00+08:00	19.02741813659668	19.08580678320465	19.020119381758793	19.02741813659668	12842698	0.0	0.0	0.0
2023-01-12 00:00:00+08:00	19.034713956870654	19.056610218008593	18.91793668165816	18.969026565551758	12045717	0.0	0.0	0.0
2023-01-13 00:00:00+08:00	19.012818936911426	19.06391021623525	18.961729049682617	18.961729049682617	14590572	0.0	0.0	0.0
2023-01-16 00:00:00+08:00	19.01282352565901	19.027421037560355	18.976331138000994	18.990928649902344	19122028	0.0	0.0	0.0
2023-01-17 00:00:00+08:00	19.005522596311188	19.027417467960312	18.98362633256697	19.020118713378906	11293841	0.0	0.0	0.0
2023-01-30 00:00:00+08:00	19.31935902657681	19.37774766610338	19.268269141002932	19.36315155029297	36080223	0.0	0.0	0.0
2023-01-31 00:00:00+08:00	19.377750243687775	19.472632665598855	19.363154125935818	19.370452880859375	23937475	0.0	0.0	0.0
2023-02-01 00:00:00+08:00	19.414240241470626	19.47262887740503	19.406941487966964	19.465330123901367	15782948	0.0	0.0	0.0
2023-02-02 00:00:00+08:00	19.567510183136722	19.706183717602723	19.545615314391238	19.698884963989258	27630373	0.0	0.0	0.0
2023-02-03 00:00:00+08:00	19.706180572509766	19.74267294265802	19.596702069970316	19.706180572509766	19439726	0.0	0.0	0.0
2023-02-06 00:00:00+08:00	19.691587763900053	19.691587763900053	19.59670674362941	19.647796630859375	27960135	0.0	0.0	0.0
2023-02-07 00:00:00+08:00	19.640499213236996	19.676991594571756	19.59670807721626	19.662395477294922	11461129	0.0	0.0	0.0
2023-02-08 00:00:00+08:00	19.72808392205118	19.830263708875414	19.720785166978708	19.81566619873047	18103149	0.0	0.0	0.0
2023-02-09 00:00:00+08:00	19.808367443657996	19.830263708875414	19.735382677123653	19.81566619873047	11606067	0.0	0.0	0.0
2023-02-10 00:00:00+08:00	19.81566233956733	19.81566233956733	19.68428755803886	19.720781326293945	20314059	0.0	0.0	0.0
2023-02-13 00:00:00+08:00	19.698885532550594	19.713483040198845	19.574809501730364	19.684288024902344	20469892	0.0	0.0	0.0
2023-02-14 00:00:00+08:00	19.713486980438415	19.81566677020949	19.713486980438415	19.801069259643555	11326175	0.0	0.0	0.0
2023-02-15 00:00:00+08:00	19.801068243118277	19.82296450784309	19.72808347822588	19.742679595947266	15422338	0.0	0.0	0.0
2023-02-16 00:00:00+08:00	19.75727332811778	19.96163425018952	19.75727332811778	19.947036743164062	30798453	0.0	0.0	0.0
2023-02-17 00:00:00+08:00	19.87405081000883	19.88864831718844	19.830259680564893	19.881349563598633	14427104	0.0	0.0	0.0
2023-02-20 00:00:00+08:00	19.90324853422955	20.01272706879253	19.88865102506246	20.005428314208984	16905151	0.0	0.0	0.0
2023-02-21 00:00:00+08:00	20.005426294664584	20.107606064328987	19.96893391752586	20.09300994873047	28972343	0.0	0.0	0.0
2023-02-22 00:00:00+08:00	19.983531382312187	20.012726399670235	19.88135160574912	19.99812889099121	25628208	0.0	0.0	0.0
2023-02-23 00:00:00+08:00	19.99812859467967	20.275475687091483	19.99812859467967	20.246280670166016	36408360	0.0	0.0	0.0
2023-02-24 00:00:00+08:00	20.26817657863055	20.326565219365985	20.180592921479892	20.1951904296875	44123398	0.0	0.0	0.0
2023-03-01 00:00:00+08:00	20.129500157723204	20.231679916381836	20.012722892943394	20.231679916381836	19507968	0.0	0.0	0.0
2023-03-02 00:00:00+08:00	20.238982683148247	20.282775210196522	20.122205395209683	20.275476455688477	12007896	0.0	0.0	0.0
2023-03-03 00:00:00+08:00	20.32656714309964	20.436045680827906	20.32656714309964	20.399553298950195	16134724	0.0	0.0	0.0
2023-03-06 00:00:00+08:00	20.487136392579085	20.65500358329	20.487136392579085	20.618511199951172	23790744	0.0	0.0	0.0
2023-03-07 00:00:00+08:00	20.647708147317832	20.727991676575034	20.58202073750128	20.713394165039062	15729325	0.0	0.0	0.0
2023-03-08 00:00:00+08:00	20.647704191610245	20.706092834472656	20.567419285638785	20.706092834472656	21308248	0.0	0.0	0.0
2023-03-09 00:00:00+08:00	20.706092281561965	20.713389643641733	20.589313606860408	20.611209869384766	19536578	0.0	0.0	0.0
2023-03-10 00:00:00+08:00	20.43604206956496	20.443340823069764	20.31196604417309	20.3338623046875	40503664	0.0	0.0	0.0
2023-03-13 00:00:00+08:00	20.217087279533704	20.406849323367354	20.107607356890004	20.38495445251465	46348689	0.0	0.0	0.0
2023-03-14 00:00:00+08:00	20.23898662793481	20.282779163518697	20.144105585027088	20.187896728515625	26514469	0.0	0.0	0.0
2023-03-15 00:00:00+08:00	20.29737528328464	20.37766020642642	20.187896728515625	20.187896728515625	19849962	0.0	0.0	0.0
2023-03-16 00:00:00+08:00	20.122205383205173	20.144101646716248	19.998129340832584	20.071115493774414	37097336	0.0	0.0	0.0
2023-03-17 00:00:00+08:00	20.107608451811323	20.260879516601562	20.100311089193088	20.260879516601562	20781012	0.0	0.0	0.0
2023-03-20 00:00:00+08:00	20.268178271314916	20.297371898073223	20.217088380416545	20.260879516601562	17303496	0.0	0.0	0.0
2023-03-21 00:00:00+08:00	20.29007415998163	20.363060318676997	20.29007415998163	20.31926918029785	10332191	0.0	0.0	0.0
2023-03-22 00:00:00+08:00	20.370358211792063	20.4944342586954	20.370358211792063	20.472537994384766	18874599	0.0	0.0	0.0
2023-03-23 00:00:00+08:00	20.457940837364426	20.589314240267075	20.457940837364426	20.52362823486328	16995892	0.0	0.0	0.0
2023-03-24 00:00:00+08:00	20.5528187602339	20.640402407719847	20.523625139135152	20.625804901123047	24856304	0.0	0.0	0.0
2023-03-27 00:00:00+08:00	20.625807730460306	20.7060926356609	20.582016596757725	20.66230010986328	25576723	0.0	0.0	0.0
2023-03-28 00:00:00+08:00	20.662300192185842	20.67689770084321	20.472536755925223	20.479835510253906	22648333	0.0	0.0	0.0
2023-03-29 00:00:00+08:00	20.47983529365097	20.60391133173621	20.47253653939948	20.545522689819336	12116462	0.0	0.0	0.0
2023-03-30 00:00:00+08:00	20.64040632344194	20.669599950079057	20.5820176780726	20.647705078125	19761830	0.0	0.0	0.0
2023-03-31 00:00:00+08:00	20.70609442160238	20.837467834041334	20.70609442160238	20.74988555908203	26228524	0.0	0.0	0.0
2023-04-06 00:00:00+08:00	20.749885809282464	20.77907943725586	20.64040726821567	20.77907943725586	20846631	0.0	0.0	0.0
2023-04-07 00:00:00+08:00	20.786377941632548	20.815572961349087	20.735288049223758	20.74988555908203	10572098	0.0	0.0	0.0
2023-04-10 00:00:00+08:00	20.764481512396934	20.81557140097593	20.74258524925091	20.800973892211914	12682607	0.0	0.0	0.0
2023-04-11 00:00:00+08:00	20.800974788041735	20.961543215075885	20.800974788041735	20.94694709777832	16389313	0.0	0.0	0.0
2023-04-12 00:00:00+08:00	20.94694845858603	21.056427001953125	20.94694845858603	21.056427001953125	13927846	0.0	0.0	0.0
2023-04-13 00:00:00+08:00	21.056423871398895	21.056423871398895	20.946945344308467	20.954242706298828	20157529	0.0	0.0	0.0
2023-04-14 00:00:00+08:00	20.95424471160061	20.990738485519838	20.903154820208822	20.97614097595215	12086550	0.0	0.0	0.0
2023-04-17 00:00:00+08:00	20.976138753895224	21.0345273938856	20.961541245873885	21.019929885864258	14565455	0.0	0.0	0.0
2023-04-18 00:00:00+08:00	21.041829943869793	21.056427454524542	20.881261502953254	20.925052642822266	17230793	0.0	0.0	0.0
2023-04-19 00:00:00+08:00	20.925048942600537	20.97613882876259	20.822869170276434	20.837465286254883	12183086	0.0	0.0	0.0
2023-04-20 00:00:00+08:00	20.786377941632548	20.815572961349087	20.70609442160238	20.74988555908203	13490250	0.0	0.0	0.0
2023-04-21 00:00:00+08:00	20.749880560461047	20.800970440562345	20.55281840113191	20.57471466064453	22362401	0.0	0.0	0.0
2023-04-24 00:00:00+08:00	20.567416934617324	20.662297946387433	20.49443079135845	20.63310432434082	10980808	0.0	0.0	0.0
2023-04-25 00:00:00+08:00	20.655002782394337	20.676899046805726	20.246282258047756	20.29007339477539	58938627	0.0	0.0	0.0
2023-04-26 00:00:00+08:00	20.21708939338145	20.31926918029785	20.151401989765137	20.31926918029785	26923131	0.0	0.0	0.0
2023-04-27 00:00:00+08:00	20.326563698440694	20.51632711465566	20.268175062074157	20.450639724731445	11439696	0.0	0.0	0.0
2023-04-28 00:00:00+08:00	20.567421876513954	20.61851177144247	20.530928100068422	20.603914260864258	9582386	0.0	0.0	0.0
2023-05-02 00:00:00+08:00	20.618509523765773	20.757183074951172	20.5820171433936	20.757183074951172	13815924	0.0	0.0	0.0
2023-05-03 00:00:00+08:00	20.713391117088328	20.742586135864258	20.640406354338733	20.742586135864258	11278106	0.0	0.0	0.0
2023-05-04 00:00:00+08:00	20.68419568827652	20.764480590820312	20.640404556023086	20.764480590820312	8178601	0.0	0.0	0.0
2023-05-05 00:00:00+08:00	20.76448331931675	20.793676947290145	20.749885809282464	20.77907943725586	8449176	0.0	0.0	0.0
2023-05-08 00:00:00+08:00	20.815574097102118	20.939650153477018	20.815574097102118	20.925052642822266	16123902	0.0	0.0	0.0
2023-05-09 00:00:00+08:00	20.925046818359004	20.939644324950553	20.82286705640785	20.90315055847168	9912797	0.0	0.0	0.0
2023-05-10 00:00:00+08:00	20.903152526023636	20.91045128000642	20.8009727544546	20.830167770385742	10306974	0.0	0.0	0.0
2023-05-11 00:00:00+08:00	20.830170373209356	20.85206524579859	20.713391686987748	20.727989196777344	12852646	0.0	0.0	0.0
2023-05-12 00:00:00+08:00	20.706091950450734	20.77907670684146	20.574717161595437	20.764480590820312	10345015	0.0	0.0	0.0
2023-05-15 00:00:00+08:00	20.735287381170277	20.764482399946207	20.655002471631583	20.742586135864258	12619089	0.0	0.0	0.0
2023-05-16 00:00:00+08:00	20.749883473025083	20.954243022115264	20.749883473025083	20.910451889038086	21424755	0.0	0.0	0.0
2023-05-17 00:00:00+08:00	20.910454906747304	21.041829717033323	20.888560033096446	20.990739822387695	25548066	0.0	0.0	0.0
2023-05-18 00:00:00+08:00	21.05642358205722	21.24618700938404	21.05642358205722	21.202394485473633	44286848	0.0	0.0	0.0
2023-05-19 00:00:00+08:00	21.2607837171024	21.421353525053764	21.224291338256194	21.39215850830078	37492773	0.0	0.0	0.0
2023-05-22 00:00:00+08:00	21.399458030472694	21.487041691779822	21.39215927602251	21.421354293823242	22177724	0.0	0.0	0.0
2023-05-23 00:00:00+08:00	21.435949325561523	21.487039208713735	21.341066920768927	21.435949325561523	18736281	0.0	0.0	0.0
2023-05-24 00:00:00+08:00	21.406755900778617	21.487040804319626	21.355666013832526	21.4797420501709	15695156	0.0	0.0	0.0
2023-05-25 00:00:00+08:00	21.676806512684543	21.764388787478314	21.596521600710958	21.73519515991211	29788696	0.0	0.0	0.0
2023-05-26 00:00:00+08:00	21.830070344054487	22.078222376346293	21.830070344054487	21.990638732910156	52454664	0.0	0.0	0.0
2023-05-29 00:00:00+08:00	22.3336782122993	22.43585799267015	22.297184439241782	22.37017059326172	60523146	0.0	0.0	0.0
2023-05-30 00:00:00+08:00	22.399367497522483	22.450457392009195	22.216902793158393	22.275291442871094	35589768	0.0	0.0	0.0
2023-05-31 00:00:00+08:00	22.275287527698556	22.333676167148692	22.209600134305283	22.25339126586914	20689849	0.0	0.0	0.0
2023-06-01 00:00:00+08:00	22.238798141479492	22.238798141479492	22.151215861088406	22.238798141479492	15384609	0.0	0.0	0.0
2023-06-02 00:00:00+08:00	22.333678221279715	22.727801225793687	22.333678221279715	22.57453155517578	45346829	0.0	0.0	0.0
2023-06-05 00:00:00+08:00	22.589129859557403	22.720503270956428	22.538038575457886	22.6986083984375	27740018	0.0	0.0	0.0
2023-06-06 00:00:00+08:00	22.698605507517897	22.778889016687554	22.632918114136828	22.735097885131836	25314031	0.0	0.0	0.0
2023-06-07 00:00:00+08:00	22.7423981449786	22.990550227050882	22.7423981449786	22.961355209350586	24210282	0.0	0.0	0.0
2023-06-08 00:00:00+08:00	22.96135539440644	22.97595290337424	22.786189463078102	22.8007869720459	32436980	0.0	0.0	0.0
2023-06-09 00:00:00+08:00	22.91756296312053	23.209506165485475	22.91756296312053	23.194910049438477	37151896	0.0	0.0	0.0
2023-06-12 00:00:00+08:00	23.245999935840466	23.39197084097544	23.12922265489449	23.194910049438477	51793422	0.0	0.0	0.0
2023-06-13 00:00:00+08:00	23.326286066469223	23.537945782017065	23.318988703673572	23.501453399658203	66540214	0.0	0.0	0.0
2023-06-14 00:00:00+08:00	23.501452762056484	23.69121481568846	23.479555105883012	23.589035034179688	40882302	0.0	0.0	0.0
2023-06-15 00:00:00+08:00	23.6839148360708	23.93936426161614	23.6839148360708	23.859079360961914	49836922	0.0	0.0	0.0
2023-06-16 00:00:00+08:00	23.91746917880108	24.078038978677874	23.735004509555594	23.924766540527344	39000691	0.0	0.0	0.0
2023-06-19 00:00:00+08:00	23.917468253290863	23.932065760368427	23.793390835226486	23.888273239135742	27864627	0.0	0.0	0.0
2023-06-20 00:00:00+08:00	23.851784764684382	23.85908212732181	23.610930034795608	23.705812454223633	35688747	0.0	0.0	0.0
2023-06-21 00:00:00+08:00	23.705811428317435	23.990455890092825	23.669319048329076	23.96126365661621	31632308	0.0	0.0	0.0
2023-06-26 00:00:00+08:00	23.866381043608285	23.939365802980472	23.72040874067381	23.917470932006836	25322104	0.0	0.0	0.0
2023-06-27 00:00:00+08:00	23.822586971908464	23.822586971908464	23.450360268555485	23.486852645874023	49049445	0.0	0.0	0.0
2023-06-28 00:00:00+08:00	23.559840585354067	23.705812898550832	23.559840585354067	23.574438095092773	18935722	0.0	0.0	0.0
2023-06-29 00:00:00+08:00	23.698512202052154	23.84448171052475	23.64742231724876	23.74230194091797	20554518	0.0	0.0	0.0
2023-06-30 00:00:00+08:00	23.742304548395047	23.844484329223633	23.662019639403958	23.844484329223633	15444797	0.0	0.0	0.0
2023-07-03 00:00:00+08:00	24.005055334719444	24.326194986570364	24.005055334719444	24.260507583618164	41187715	0.0	0.0	0.0
2023-07-04 00:00:00+08:00	24.45756331629336	24.815195297089097	24.413773577062408	24.749507904052734	77548352	0.0	0.0	0.0
2023-07-05 00:00:00+08:00	24.807897016021194	24.807897016021194	24.472159917281708	24.603534698486328	60542822	0.0	0.0	0.0
2023-07-06 00:00:00+08:00	24.39187953473551	24.62543691003763	24.26780487629065	24.333492279052734	71542359	0.0	0.0	0.0
2023-07-07 00:00:00+08:00	24.20941478199831	24.30429720448367	23.99045770134699	24.14373016357422	66669015	0.0	0.0	0.0
2023-07-10 00:00:00+08:00	24.14372819213269	24.32619287514147	24.14372819213269	24.216712951660156	37440402	0.0	0.0	0.0
2023-07-11 00:00:00+08:00	24.39187669665409	24.6838212936702	24.39187669665409	24.66922378540039	41501742	0.0	0.0	0.0
2023-07-12 00:00:00+08:00	24.778707327725694	25.07064918323073	24.764109817321877	25.034156799316406	67587823	0.0	0.0	0.0
2023-07-13 00:00:00+08:00	25.43557399247713	25.880788234640587	25.267706829466142	25.413679122924805	121118484	0.0	0.0	0.0
2023-07-14 00:00:00+08:00	25.800501636898936	25.98296629567245	25.457469971653754	25.939176559448242	111629595	0.0	0.0	0.0
2023-07-17 00:00:00+08:00	25.946478498148686	26.24572047996095	25.946478498148686	26.231122970581055	126652059	0.0	0.0	0.0
2023-07-18 00:00:00+08:00	26.756648583987822	26.801694478690354	25.9833793401172	26.358753204345703	98511373	1.0	0.0	0.0
2023-07-19 00:00:00+08:00	26.493888061392887	26.651544397257858	25.705603518192717	25.795692443847656	89724916	0.0	0.0	0.0
2023-07-20 00:00:00+08:00	25.780672978373925	26.141031486620214	25.713105579085568	26.058448791503906	41907361	0.0	0.0	0.0
2023-07-21 00:00:00+08:00	25.720611649043285	26.576466323128646	25.713105433109344	26.471359252929688	69920651	0.0	0.0	0.0
2023-07-24 00:00:00+08:00	26.681572164461482	27.05694598940706	26.478869955325873	27.0194091796875	147750786	0.0	0.0	0.0
2023-07-25 00:00:00+08:00	27.214599396992114	27.477359900792504	27.05694309471188	27.064449310302734	113668384	0.0	0.0	0.0
2023-07-26 00:00:00+08:00	27.06445075684611	27.25213765927067	26.824211750852665	27.041929244995117	60559938	0.0	0.0	0.0
2023-07-27 00:00:00+08:00	27.282166606971344	27.424807613223546	27.04192761545465	27.101985931396484	46936777	0.0	0.0	0.0
2023-07-28 00:00:00+08:00	27.16204874855285	27.477361369972687	26.891779150835927	27.46234893798828	78719156	0.0	0.0	0.0
2023-07-31 00:00:00+08:00	27.522406766116823	27.965347962493865	26.734122362767796	26.83172035217285	95744559	0.0	0.0	0.0
2023-08-01 00:00:00+08:00	26.771660921883207	27.00439372296502	26.38878088281312	26.8242130279541	65711584	0.0	0.0	0.0
2023-08-02 00:00:00+08:00	26.824215433132167	26.996887063401182	25.86325927724366	25.908302307128906	98869133	0.0	0.0	0.0
2023-08-04 00:00:00+08:00	25.825718375034477	26.30619637689794	25.653043908232174	26.08097267150879	63643302	0.0	0.0	0.0
2023-08-07 00:00:00+08:00	26.12601889970471	26.801692962646484	26.12601889970471	26.801692962646484	41662129	0.0	0.0	0.0
2023-08-08 00:00:00+08:00	26.899289274974088	27.10198861725602	26.47136048605955	26.71910858154297	37667787	0.0	0.0	0.0
2023-08-09 00:00:00+08:00	26.64403415013483	26.869257862144554	26.441331950163615	26.53892707824707	25230190	0.0	0.0	0.0
2023-08-10 00:00:00+08:00	26.3737676796767	26.38127389662193	25.728124195128718	25.848243713378906	58866916	0.0	0.0	0.0
2023-08-11 00:00:00+08:00	25.95334896016198	26.163557409443484	25.9007968478416	25.945842742919922	21787458	0.0	0.0	0.0
2023-08-14 00:00:00+08:00	25.863256715795433	25.990882439664144	25.585480891470915	25.735628128051758	37954890	0.0	0.0	0.0
2023-08-15 00:00:00+08:00	26.171066133627278	26.27617035683457	26.088483425714323	26.163557052612305	23416323	0.0	0.0	0.0
2023-08-16 00:00:00+08:00	25.998391329624585	26.381271362304688	25.900793335461053	26.381271362304688	29275073	0.0	0.0	0.0
2023-08-17 00:00:00+08:00	26.27617003118701	26.576470262807824	26.103498400361385	26.52391815185547	26394318	0.0	0.0	0.0
2023-08-18 00:00:00+08:00	26.508900127325617	26.61400433841988	25.990882424253964	26.156047821044922	37641767	0.0	0.0	0.0
2023-08-21 00:00:00+08:00	26.253648841540233	26.388783661056834	26.095989642854004	26.163557052612305	16557942	0.0	0.0	0.0
2023-08-22 00:00:00+08:00	26.478872726343813	26.50890332281217	26.306201092463738	26.358753204345703	22049832	0.0	0.0	0.0
2023-08-23 00:00:00+08:00	26.351241387365892	26.606495703094435	26.283673984264954	26.598989486694336	19574738	0.0	0.0	0.0
2023-08-24 00:00:00+08:00	26.81670917603877	27.252141359571887	26.734126469538893	26.846736907958984	56736449	0.0	0.0	0.0
2023-08-25 00:00:00+08:00	26.591479783080043	26.719108369890037	26.343734553434082	26.381271362304688	30955745	0.0	0.0	0.0
2023-08-28 00:00:00+08:00	26.381274912752716	26.42632080778478	26.103499053076625	26.321216583251953	25453769	0.0	0.0	0.0
2023-08-29 00:00:00+08:00	26.36625732401149	26.433824728752448	26.23863159498695	26.39628791809082	11707121	0.0	0.0	0.0
2023-08-30 00:00:00+08:00	26.6140035581669	26.71910776617978	26.501390270224597	26.53892707824707	14602462	0.0	0.0	0.0
2023-08-31 00:00:00+08:00	26.411301695515863	26.516405904871114	26.313703702311024	26.508899688720703	9549796	0.0	0.0	0.0
2023-09-01 00:00:00+08:00	26.5089025181731	26.576469926238335	26.328721808707407	26.36625862121582	11954353	0.0	0.0	0.0
2023-09-04 00:00:00+08:00	26.366258996192308	26.486378516252685	26.27617007211584	26.478872299194336	14729996	0.0	0.0	0.0
2023-09-05 00:00:00+08:00	26.47886997716767	26.598989486694336	26.41130257406673	26.598989486694336	15109845	0.0	0.0	0.0
2023-09-06 00:00:00+08:00	26.62901887027055	26.77165988639225	26.62901887027055	26.726613998413086	20147111	0.0	0.0	0.0
2023-09-07 00:00:00+08:00	26.681571536587036	26.696586832896518	26.576467326295603	26.614004135131836	10840816	0.0	0.0	0.0
2023-09-08 00:00:00+08:00	26.59898933535934	26.621510848306514	26.478869826516092	26.591480255126953	10706771	0.0	0.0	0.0
2023-09-11 00:00:00+08:00	26.591482095168274	26.591482095168274	25.92331710200075	26.118513107299805	46868844	0.0	0.0	0.0
2023-09-12 00:00:00+08:00	26.12601661682129	26.22361460935705	25.938329711723615	26.12601661682129	17514111	0.0	0.0	0.0
2023-09-13 00:00:00+08:00	26.126020389456592	26.223618396085648	26.080977358608802	26.171066284179688	11788529	0.0	0.0	0.0
2023-09-14 00:00:00+08:00	26.306197486160613	26.54643649722259	26.306197486160613	26.508899688720703	21198520	0.0	0.0	0.0
2023-09-15 00:00:00+08:00	26.629016660803288	26.75664237034255	26.561449266378194	26.711599349975586	26676413	0.0	0.0	0.0
2023-09-18 00:00:00+08:00	26.508899688720703	26.598988601900214	26.4713600163439	26.508899688720703	23246197	0.0	0.0	0.0
2023-09-19 00:00:00+08:00	26.591479783080043	26.61400415950236	26.351240769658226	26.381271362304688	15094121	0.0	0.0	0.0
2023-09-20 00:00:00+08:00	26.381272849662412	26.56145355182471	26.276168633349034	26.313705444335938	16132101	0.0	0.0	0.0
2023-09-21 00:00:00+08:00	26.08097587675823	26.103497390902515	25.88577987459063	26.050945281982422	38184563	0.0	0.0	0.0
2023-09-22 00:00:00+08:00	25.803193450615897	26.201091614338914	25.780671939718744	26.19358253479004	15060459	0.0	0.0	0.0
2023-09-25 00:00:00+08:00	26.193585435861035	26.3512417573518	26.193585435861035	26.33622932434082	12493230	0.0	0.0	0.0
2023-09-26 00:00:00+08:00	26.268659881447366	26.33622728025274	26.095985412597656	26.095985412597656	19373591	0.0	0.0	0.0
2023-09-27 00:00:00+08:00	26.05845408126589	26.216110423650715	25.990886668261616	26.178573608398438	10899842	0.0	0.0	0.0
2023-09-28 00:00:00+08:00	26.30620128490793	26.471363838941517	26.253649172641516	26.321216583251953	13096689	0.0	0.0	0.0
2023-10-02 00:00:00+08:00	26.463852769876745	26.906793966253787	26.463852769876745	26.83172035217285	39362934	0.0	0.0	0.0
2023-10-03 00:00:00+08:00	27.00439267847228	27.02691419052442	26.726613998413086	26.726613998413086	68429492	0.0	0.0	0.0
2023-10-04 00:00:00+08:00	26.39628856544115	26.576469270460866	26.336230239684678	26.568960189819336	44750537	0.0	0.0	0.0
2023-10-05 00:00:00+08:00	26.711601990270253	26.831721496246388	26.651540805344723	26.79418182373047	23107350	0.0	0.0	0.0
2023-10-06 00:00:00+08:00	26.824211086804894	26.951839666509002	26.786674280024197	26.8692569732666	29602729	0.0	0.0	0.0
2023-10-11 00:00:00+08:00	27.049434638416233	27.192078512801015	26.7941803443261	26.86174774169922	51597988	0.0	0.0	0.0
2023-10-12 00:00:00+08:00	26.87676134717348	27.02691142788107	26.846730758257046	27.01189613342285	24518745	0.0	0.0	0.0
2023-10-13 00:00:00+08:00	26.95934863697536	26.981870150570032	26.71160339580875	26.816707611083984	58635171	0.0	0.0	0.0
2023-10-16 00:00:00+08:00	26.711603202750567	26.711603202750567	26.598989907840974	26.66655731201172	71481616	0.0	0.0	0.0
2023-10-17 00:00:00+08:00	26.779169667407647	26.82421556138351	26.456350784144036	26.478872299194336	99671454	0.0	0.0	0.0
2023-10-18 00:00:00+08:00	26.478871425047487	26.478871425047487	26.035930172471055	26.201095581054688	165801475	0.0	0.0	0.0
2023-10-19 00:00:00+08:00	26.20109152285243	26.20109152285243	25.975621482572816	26.16221809387207	112544504	1.2	0.0	0.0
2023-10-20 00:00:00+08:00	25.851226470799865	26.037823094662038	25.656856346959263	25.967849731445312	58822431	0.0	0.0	0.0
2023-10-23 00:00:00+08:00	25.773480482384223	25.92897421405215	25.703507116792526	25.719057083129883	42743521	0.0	0.0	0.0
2023-10-24 00:00:00+08:00	25.7190552032025	26.02227210998535	25.649081842725487	26.02227210998535	25253445	0.0	0.0	0.0
2023-10-25 00:00:00+08:00	26.131125347895274	26.19332225819152	26.068925471745697	26.138898849487305	20723505	0.0	0.0	0.0
2023-10-26 00:00:00+08:00	25.64908351643025	25.796803746697673	25.594657151749832	25.734603881835938	59371605	0.0	0.0	0.0
2023-10-27 00:00:00+08:00	25.765706163854055	25.90565290670197	25.71128276006354	25.757932662963867	17504764	0.0	0.0	0.0
2023-10-30 00:00:00+08:00	25.773481199359118	25.89787796766566	25.742381265819255	25.835678100585938	13419759	0.0	0.0	0.0
2023-10-31 00:00:00+08:00	25.921201787998925	25.92897528856333	25.37696480704923	25.41583824157715	51187155	0.0	0.0	0.0
2023-11-01 00:00:00+08:00	25.51690953429532	25.579109397323425	25.40806273984885	25.571332931518555	16986481	0.0	0.0	0.0
2023-11-02 00:00:00+08:00	25.85900109138749	26.08447115661807	25.85900109138749	26.061147689819336	19812804	0.0	0.0	0.0
2023-11-03 00:00:00+08:00	26.23996922255923	26.24774272327948	26.146672384651193	26.19331932067871	14161900	0.0	0.0	0.0
2023-11-06 00:00:00+08:00	26.372137044992584	26.6287070327127	26.372137044992584	26.620933532714844	25855660	0.0	0.0	0.0
2023-11-07 00:00:00+08:00	26.62093373824949	26.62093373824949	26.45766057850667	26.613157272338867	12425730	0.0	0.0	0.0
2023-11-08 00:00:00+08:00	26.64425738178153	26.970797771737104	26.64425738178153	26.854177474975586	24101096	0.0	0.0	0.0
2023-11-09 00:00:00+08:00	26.854176420849775	26.900823351382208	26.784203059198468	26.861949920654297	16580079	0.0	0.0	0.0
2023-11-10 00:00:00+08:00	26.80752730148357	26.80752730148357	26.69090700591958	26.768653869628906	14388660	0.0	0.0	0.0
2023-11-13 00:00:00+08:00	26.970797771737104	27.001897703881284	26.807527576759316	26.854177474975586	14662874	0.0	0.0	0.0
2023-11-14 00:00:00+08:00	26.939702579035668	27.001899481566024	26.885279177126744	26.96302604675293	22336013	0.0	0.0	0.0
2023-11-15 00:00:00+08:00	27.188495773986777	27.328442510210817	27.040772571387553	27.079648971557617	37844602	0.0	0.0	0.0
2023-11-16 00:00:00+08:00	27.126295874116984	27.1807192752668	26.978575637546474	27.03299903869629	19335973	0.0	0.0	0.0
2023-11-17 00:00:00+08:00	27.0329992765687	27.149619580407517	27.0329992765687	27.07187271118164	17223282	0.0	0.0	0.0
2023-11-20 00:00:00+08:00	27.10296951231241	27.134069442749023	27.02521968622088	27.134069442749023	16565866	0.0	0.0	0.0
2023-11-21 00:00:00+08:00	27.328444234368718	27.47616448043472	27.328444234368718	27.445064544677734	50296478	0.0	0.0	0.0
2023-11-22 00:00:00+08:00	27.33621378826137	27.33621378826137	27.188493563524936	27.250690460205078	19764795	0.0	0.0	0.0
2023-11-23 00:00:00+08:00	27.250690625695555	27.266240591423195	27.118520365789667	27.188493728637695	12570277	0.0	0.0	0.0
2023-11-24 00:00:00+08:00	27.188493285996444	27.219590251092747	27.157393355047486	27.1651668548584	8974136	0.0	0.0	0.0
2023-11-27 00:00:00+08:00	27.18071670596037	27.204043137000266	26.994123052757086	27.017446517944336	24272998	0.0	0.0	0.0
2023-11-28 00:00:00+08:00	27.04854611697464	27.172942872868482	27.02521968622088	27.134069442749023	11396694	0.0	0.0	0.0
2023-11-29 00:00:00+08:00	27.134071455260436	27.351765052757656	27.134071455260436	27.28179168701172	22262932	0.0	0.0	0.0
2023-11-30 00:00:00+08:00	27.281792741892982	27.297342708865873	27.16516947252277	27.274019241333008	11492504	0.0	0.0	0.0
2023-12-01 00:00:00+08:00	27.26624301249322	27.336216381554443	27.196269643432	27.31289291381836	16593570	0.0	0.0	0.0
2023-12-04 00:00:00+08:00	27.367311682449266	27.437285039663905	27.343985252809407	27.359535217285156	16303272	0.0	0.0	0.0
2023-12-05 00:00:00+08:00	27.28956389136175	27.28956389136175	27.149617166515572	27.250690460205078	18844898	0.0	0.0	0.0
2023-12-06 00:00:00+08:00	27.359535295885276	27.507258475903054	27.359535295885276	27.452835083007812	28597155	0.0	0.0	0.0
2023-12-07 00:00:00+08:00	27.44506239857366	27.530585732291197	27.35953906485613	27.40618896484375	15710140	0.0	0.0	0.0
2023-12-08 00:00:00+08:00	27.654980037665716	27.670530002943874	27.52280978158032	27.53835678100586	19236535	0.0	0.0	0.0
2023-12-11 00:00:00+08:00	27.67053109769597	27.693854563609662	27.538357870528678	27.577234268188477	14261951	0.0	0.0	0.0
2023-12-12 00:00:00+08:00	27.717175538474926	27.732722535454702	27.64720218865733	27.662752151489258	25120556	0.0	0.0	0.0
2023-12-13 00:00:00+08:00	27.81047774366629	28.035947799682617	27.81047774366629	28.035947799682617	60094892	0.0	0.0	0.0
2023-12-14 00:00:00+08:00	28.35471137388393	28.416908264160156	28.284738018665436	28.416908264160156	50945291	0.0	0.0	0.0
2023-12-15 00:00:00+08:00	28.4791118349799	28.533535233264992	28.261415275986764	28.26919174194336	28704657	0.0	0.0	0.0
2023-12-18 00:00:00+08:00	28.261414017020158	28.331387378248554	28.082593864070393	28.284740447998047	23447968	0.0	0.0	0.0
2023-12-19 00:00:00+08:00	28.28474369341469	28.28474369341469	27.927100380626218	28.067047119140625	28515911	0.0	0.0	0.0
2023-12-20 00:00:00+08:00	28.09037232740029	28.44023915842396	28.09037232740029	28.432462692260742	30462694	0.0	0.0	0.0
2023-12-21 00:00:00+08:00	28.183670720871696	28.269194058285304	28.06704744878895	28.24587059020996	17543384	0.0	0.0	0.0
2023-12-22 00:00:00+08:00	28.284744469035033	28.323617905054356	28.222544598721672	28.276968002319336	20938801	0.0	0.0	0.0
2023-12-25 00:00:00+08:00	28.339164638989377	28.510208331128048	28.339164638989377	28.494661331176758	28594689	0.0	0.0	0.0
2023-12-26 00:00:00+08:00	28.53353538547782	28.76677894592285	28.517985419334444	28.76677894592285	40059719	0.0	0.0	0.0
2023-12-27 00:00:00+08:00	28.875627240963354	29.093320846557617	28.875627240963354	29.093320846557617	52857336	0.0	0.0	0.0
2023-12-28 00:00:00+08:00	29.101094716574835	29.186618044243076	28.976697957926305	29.023347854614258	29355258	0.0	0.0	0.0
2023-12-29 00:00:00+08:00	29.0233468385167	29.13219362779189	28.961146978443697	29.077770233154297	21018884	0.0	0.0	0.0
2024-01-02 00:00:00+08:00	29.116643303803997	29.155516732944083	28.766776509838163	28.89894676208496	34523905	0.0	0.0	0.0
2024-01-03 00:00:00+08:00	28.766774059892413	28.766774059892413	28.448007222727693	28.517980575561523	85387462	0.0	0.0	0.0
2024-01-04 00:00:00+08:00	28.494659385192968	28.57240624305074	28.41690956148268	28.448009490966797	34909098	0.0	0.0	0.0
2024-01-05 00:00:00+08:00	28.455781691314346	28.587954902661448	28.385808336095852	28.416908264160156	29143647	0.0	0.0	0.0
2024-01-08 00:00:00+08:00	28.51020955877585	28.657932757348537	28.40136275931356	28.432462692260742	37562482	0.0	0.0	0.0
2024-01-09 00:00:00+08:00	28.5957292162534	28.650152608989902	28.339162217045956	28.370262145996094	30569388	0.0	0.0	0.0
2024-01-10 00:00:00+08:00	28.300292456990004	28.300292456990004	28.129245791446138	28.17589569091797	38347499	0.0	0.0	0.0
2024-01-11 00:00:00+08:00	28.183668006021332	28.308064766862074	28.17589450602935	28.29251480102539	26487810	0.0	0.0	0.0
2024-01-12 00:00:00+08:00	28.24587059020996	28.300293992954437	28.137020818867995	28.24587059020996	34682398	0.0	0.0	0.0
2024-01-15 00:00:00+08:00	28.24587059020996	28.24587059020996	28.24587059020996	28.24587059020996	0	0.0	0.0	0.0
2024-01-16 00:00:00+08:00	28.339167872632697	28.346941373495337	28.05927438792868	28.276968002319336	127132417	0.0	0.0	0.0
2024-01-17 00:00:00+08:00	28.245254778318326	28.245254778318326	27.88059301305538	27.896448135375977	126085980	0.7	0.0	0.0
2024-01-18 00:00:00+08:00	27.896452881834847	27.999509682425693	27.70619742972732	27.840961456298828	40619792	0.0	0.0	0.0
2024-01-19 00:00:00+08:00	28.07085375377489	28.261112213134766	27.928160665268894	28.261112213134766	24300367	0.0	0.0	0.0
2024-01-22 00:00:00+08:00	28.36416522221969	28.649551391601562	28.36416522221969	28.649551391601562	30311870	0.0	0.0	0.0
2024-01-23 00:00:00+08:00	28.657478651009896	28.760532409163915	28.609913284438953	28.697114944458008	20955296	0.0	0.0	0.0
2024-01-24 00:00:00+08:00	28.75260410175326	28.80809551303317	28.71296781141834	28.72089385986328	19062426	0.0	0.0	0.0
2024-01-25 00:00:00+08:00	28.800175290418732	28.84773763881972	28.728828743761525	28.768465042114258	23806739	0.0	0.0	0.0
2024-01-26 00:00:00+08:00	28.76846423455033	28.76846423455033	28.54649552670565	28.59406089782715	20021021	0.0	0.0	0.0
2024-01-29 00:00:00+08:00	28.59405813240884	28.784316574438716	28.554421839002092	28.76053237915039	22106853	0.0	0.0	0.0
2024-01-30 00:00:00+08:00	28.792247193856216	28.86359374293575	28.73675576946723	28.823957443237305	24020859	0.0	0.0	0.0
2024-01-31 00:00:00+08:00	28.800171726667376	28.800171726667376	28.657478651009896	28.697114944458008	15279912	0.0	0.0	0.0
2024-02-01 00:00:00+08:00	28.697117481778307	28.784319149507493	28.697117481778307	28.776390075683594	11685932	0.0	0.0	0.0
2024-02-02 00:00:00+08:00	28.919082992066766	28.966648362560587	28.863591571851774	28.895301818847656	27897489	0.0	0.0	0.0
2024-02-05 00:00:00+08:00	28.863591571851774	28.903227868568827	28.720898484425913	28.895301818847656	19344926	0.0	0.0	0.0
2024-02-15 00:00:00+08:00	29.10934262506061	29.32338226483967	29.093487500922638	29.220325469970703	59428540	0.0	0.0	0.0
2024-02-16 00:00:00+08:00	29.283743967514845	29.497783614786147	29.283743967514845	29.38680076599121	41829926	0.0	0.0	0.0
2024-02-19 00:00:00+08:00	29.42643232293082	29.450216518164797	29.355085785339565	29.44228744506836	23371893	0.0	0.0	0.0
2024-02-20 00:00:00+08:00	29.529493379832036	29.695967650293944	29.46607288210039	29.64047622680664	37683635	0.0	0.0	0.0
2024-02-21 00:00:00+08:00	29.640475599360382	29.64840467343688	29.53741880475591	29.561203002929688	18487786	0.0	0.0	0.0
2024-02-22 00:00:00+08:00	29.727674320512776	29.886222521699928	29.688038026229844	29.846586227416992	36835896	0.0	0.0	0.0
2024-02-23 00:00:00+08:00	29.98135397762897	30.108191949610383	29.79902458190918	29.79902458190918	31288298	0.0	0.0	0.0
2024-02-26 00:00:00+08:00	29.79902241446592	29.87036895751953	29.727675871412305	29.87036895751953	24975181	0.0	0.0	0.0
2024-02-27 00:00:00+08:00	29.870368459382735	29.989280370507565	29.529490873150785	29.7356014251709	22082994	0.0	0.0	0.0
2024-02-29 00:00:00+08:00	29.727678430943207	29.965499253579587	29.64840583141636	29.886226654052734	17395546	0.0	0.0	0.0
2024-03-01 00:00:00+08:00	29.886224170926212	29.98135188726582	29.85451392412782	29.91793441772461	16535212	0.0	0.0	0.0
2024-03-04 00:00:00+08:00	30.036846556929767	30.266741335007904	30.036846556929767	30.124048233032227	38932105	0.0	0.0	0.0
2024-03-05 00:00:00+08:00	30.163683337122674	30.266740134251233	30.005135116322375	30.250885009765625	26965766	0.0	0.0	0.0
2024-03-06 00:00:00+08:00	30.219174592513966	30.607617580108794	30.17953829354856	30.54419708251953	30470899	0.0	0.0	0.0
2024-03-07 00:00:00+08:00	30.678962041654106	30.774089757513412	30.441141239978066	30.66310691833496	32224318	0.0	0.0	0.0
2024-03-08 00:00:00+08:00	30.893001877371614	31.035694964144437	30.34601070339059	30.480777740478516	47316747	0.0	0.0	0.0
2024-03-11 00:00:00+08:00	30.4728499086505	30.599687877167188	30.433213610499475	30.464923858642578	25720536	0.0	0.0	0.0
2024-03-12 00:00:00+08:00	30.52834231110591	30.908859252929688	30.52834231110591	30.908859252929688	23500827	0.0	0.0	0.0
2024-03-13 00:00:00+08:00	31.019843744761438	31.20217315101722	30.86129551460894	30.980207443237305	23660561	0.0	0.0	0.0
2024-03-14 00:00:00+08:00	30.98812687954548	31.051544343636525	30.639323266906427	30.694814682006836	24766063	0.0	0.0	0.0
2024-03-15 00:00:00+08:00	30.686888291369236	30.94056421801843	30.6313968714182	30.93263816833496	28032852	0.0	0.0	0.0
2024-03-18 00:00:00+08:00	30.964354292017305	31.20217514038086	30.94849916558558	31.20217514038086	29562983	0.0	0.0	0.0
2024-03-19 00:00:00+08:00	31.20217150585243	31.511338875117865	31.122895882928084	31.471702575683594	27457842	0.0	0.0	0.0
2024-03-20 00:00:00+08:00	31.582688276351618	31.828438193530147	31.360722560226545	31.416213989257812	28143408	0.0	0.0	0.0
2024-03-21 00:00:00+08:00	31.66195780374979	31.669886878015323	31.432066058997663	31.65403175354004	18500768	0.0	0.0	0.0
2024-03-22 00:00:00+08:00	31.654032599375793	31.772944524089993	31.471703199121656	31.550975799560547	27543789	0.0	0.0	0.0
2024-03-25 00:00:00+08:00	31.566827627318666	31.63024812029023	31.392424295702423	31.408279418945312	19968447	0.0	0.0	0.0
2024-03-26 00:00:00+08:00	31.392427394345315	31.58268586798424	30.758237522308654	31.107044219970703	31503017	0.0	0.0	0.0
2024-03-27 00:00:00+08:00	31.107040175391806	31.400352386061446	31.035693635060763	31.352787017822266	13776083	0.0	0.0	0.0
2024-03-28 00:00:00+08:00	31.352786281481286	31.535115652699503	31.233877399759173	31.503408432006836	15285722	0.0	0.0	0.0
2024-03-29 00:00:00+08:00	31.51133626423496	31.543046510777334	31.336932932307455	31.519262313842773	10729000	0.0	0.0	0.0
2024-04-01 00:00:00+08:00	31.62232900838575	31.66989439309859	31.376582080844017	31.38450813293457	21356918	0.0	0.0	0.0
2024-04-02 00:00:00+08:00	31.408283444431333	31.65403335010969	31.40035739382181	31.614397048950195	22413007	0.0	0.0	0.0
2024-04-03 00:00:00+08:00	31.463771908926198	31.646101296340472	31.455845859062816	31.511337280273438	23109129	0.0	0.0	0.0
2024-04-08 00:00:00+08:00	31.527190206579615	31.661954213253466	31.439988543882208	31.646099090576172	26952024	0.0	0.0	0.0
2024-04-09 00:00:00+08:00	31.66195979538422	31.709525171802074	31.654033744675896	31.70159912109375	16893942	0.0	0.0	0.0
2024-04-10 00:00:00+08:00	31.804653913204554	31.98698332586085	31.796727862243873	31.868074417114258	20714409	0.0	0.0	0.0
2024-04-11 00:00:00+08:00	31.757087356482618	31.79672365415254	31.582684017868154	31.780868530273438	27485881	0.0	0.0	0.0
2024-04-12 00:00:00+08:00	31.7570869528402	31.780868126328752	31.614393863797616	31.693666458129883	20002770	0.0	0.0	0.0
2024-04-15 00:00:00+08:00	31.495481084753436	31.566827627318666	31.313151703543518	31.408279418945312	61798989	0.0	0.0	0.0
2024-04-16 00:00:00+08:00	31.035696318494775	31.035696318494775	30.33808597761338	30.512489318847656	116477834	0.0	0.0	0.0
2024-04-17 00:00:00+08:00	30.599689656861575	30.916786108623658	30.575908481398976	30.869220733642578	90383327	0.0	0.0	0.0
2024-04-18 00:00:00+08:00	30.86921621334208	31.039137756825976	30.72356829416259	30.893489837646484	57782555	0.79	0.0	0.0
2024-04-19 00:00:00+08:00	30.602199544736486	30.6102928120889	29.655490985192507	30.15716552734375	115930890	0.0	0.0	0.0
2024-04-22 00:00:00+08:00	30.157166211893347	30.221896918796517	29.801139607232987	29.873960494995117	45378687	0.0	0.0	0.0
2024-04-23 00:00:00+08:00	30.092431922205158	30.213806239828717	29.890143450617305	30.035791397094727	17864829	0.0	0.0	0.0
2024-04-24 00:00:00+08:00	30.31090107281658	30.6264705657959	30.31090107281658	30.6264705657959	17367222	0.0	0.0	0.0
2024-04-25 00:00:00+08:00	30.416090289449627	30.448457181000613	30.246168738821957	30.351356506347656	17223405	0.0	0.0	0.0
2024-04-26 00:00:00+08:00	30.472731836500976	30.618379766727582	30.472731836500976	30.497005462646484	11808233	0.0	0.0	0.0
2024-04-29 00:00:00+08:00	30.747850103690315	31.071512918400106	30.747850103690315	31.02296257019043	18476451	0.0	0.0	0.0
2024-04-30 00:00:00+08:00	31.022960257889373	31.0876909640002	30.917769387947505	31.006776809692383	7182144	0.0	0.0	0.0
2024-05-02 00:00:00+08:00	30.82876126057697	31.071509891298522	30.69929676464144	31.031049728393555	13062542	0.0	0.0	0.0
2024-05-03 00:00:00+08:00	31.298072107495422	31.35471263176703	31.095783638903377	31.111967086791992	11792828	0.0	0.0	0.0
2024-05-06 00:00:00+08:00	31.322342154358466	31.476083348381824	31.289975262282315	31.45989990234375	21983838	0.0	0.0	0.0
2024-05-07 00:00:00+08:00	31.52463302086285	31.6783742266933	31.322344559866536	31.532726287841797	19078891	0.0	0.0	0.0
2024-05-08 00:00:00+08:00	31.47608736509849	31.613642043960642	31.459903916995216	31.573184967041016	13517659	0.0	0.0	0.0
2024-05-09 00:00:00+08:00	31.57318102435718	31.6217313626043	31.45989998845729	31.492263793945312	10458902	0.0	0.0	0.0
2024-05-10 00:00:00+08:00	31.492268130325744	31.63791607844562	31.370896898010617	31.58936882019043	13198046	0.0	0.0	0.0
2024-05-13 00:00:00+08:00	31.613642449318025	31.678376242561146	31.500361397819713	31.58936882019043	16581244	0.0	0.0	0.0
2024-05-14 00:00:00+08:00	31.710737332502767	31.83211164108411	31.670280258534614	31.767377853393555	16330849	0.0	0.0	0.0
2024-05-15 00:00:00+08:00	31.7754719320267	32.03440091605053	31.7754719320267	31.799745559692383	22543684	0.0	0.0	0.0
2024-05-16 00:00:00+08:00	31.96158156584081	32.09913625806332	31.96158156584081	32.04249572753906	24932077	0.0	0.0	0.0
2024-05-17 00:00:00+08:00	32.04249140506796	32.12340864252805	31.921120178893332	31.969667434692383	14438482	0.0	0.0	0.0
2024-05-20 00:00:00+08:00	31.977756718587447	32.123404641196515	31.896839491206514	32.09103775024414	18697108	0.0	0.0	0.0
2024-05-21 00:00:00+08:00	32.09104478199022	32.09104478199022	31.824025589815793	31.961580276489258	10689550	0.0	0.0	0.0
2024-05-22 00:00:00+08:00	32.12341655099412	32.42280268660983	32.12341655099412	32.398529052734375	39563407	0.0	0.0	0.0
2024-05-23 00:00:00+08:00	32.398521404763876	32.48752882353319	32.204323119569274	32.374244689941406	22070580	0.0	0.0	0.0
2024-05-24 00:00:00+08:00	32.3418794855335	32.47134397451695	32.16386465567742	32.44706726074219	17787367	0.0	0.0	0.0
2024-05-27 00:00:00+08:00	32.625081467080236	33.10248233983472	32.625081467080236	32.964927673339844	37384778	0.0	0.0	0.0
2024-05-28 00:00:00+08:00	32.98111194827531	33.09439608826026	32.92447142162143	33.02157211303711	15982540	0.0	0.0	0.0
2024-05-29 00:00:00+08:00	33.01347702101081	33.01347702101081	32.81928182226556	32.84355545043945	14922725	0.0	0.0	0.0
2024-05-30 00:00:00+08:00	32.44706333520535	32.61698796436314	32.374239376045296	32.39042282104492	20695485	0.0	0.0	0.0
2024-05-31 00:00:00+08:00	32.39852433355377	32.61699626664343	32.30951690673828	32.30951690673828	19559969	0.0	0.0	0.0
2024-06-03 00:00:00+08:00	32.62508010864258	32.73027096413787	32.406608218003136	32.62508010864258	12629510	0.0	0.0	0.0
2024-06-04 00:00:00+08:00	32.62508349859339	32.62508349859339	32.33378761414	32.374244689941406	14347728	0.0	0.0	0.0
2024-06-05 00:00:00+08:00	32.38233695761578	32.406610585012004	32.20432212557163	32.252872467041016	18557185	0.0	0.0	0.0
2024-06-06 00:00:00+08:00	32.4227958443012	32.44706947305409	32.228600640923815	32.406612396240234	18478342	0.0	0.0	0.0
2024-06-07 00:00:00+08:00	32.406611585253344	32.43897848056528	32.309513985994556	32.374244689941406	11081667	0.0	0.0	0.0
2024-06-11 00:00:00+08:00	32.349968664188204	32.38233555710128	32.2447778055591	32.3256950378418	19972304	0.0	0.0	0.0
2024-06-12 00:00:00+08:00	32.32569353793695	32.382334054568325	32.2852364670112	32.34187698364258	12146902	0.0	0.0	0.0
2024-06-13 00:00:00+08:00	32.5279819232416	32.730270364198724	32.519888657064385	32.70599365234375	22453041	0.0	0.0	0.0
2024-06-14 00:00:00+08:00	32.70600068265942	32.81928482675479	32.69791050141984	32.81119155883789	12511977	0.0	0.0	0.0
2024-06-17 00:00:00+08:00	32.819281337044266	33.05393360816911	32.811188069987935	33.00538635253906	15172045	0.0	0.0	0.0
2024-06-18 00:00:00+08:00	33.01347603040246	33.159123968429576	33.01347603040246	33.142940521240234	15858453	0.0	0.0	0.0
2024-06-19 00:00:00+08:00	33.15912173656853	33.676979665063854	33.15912173656853	33.596065521240234	21645238	0.0	0.0	0.0
2024-06-20 00:00:00+08:00	33.59606766220538	33.95209423906512	33.587974395301224	33.94400405883789	17997780	0.0	0.0	0.0
2024-06-21 00:00:00+08:00	33.71744108353207	33.9520964522177	33.6688938256503	33.90354919433594	17338064	0.0	0.0	0.0
2024-06-24 00:00:00+08:00	33.854997409145525	33.854997409145525	33.458510662145734	33.50706100463867	28252434	0.0	0.0	0.0
2024-06-25 00:00:00+08:00	33.39377904609534	33.46660301450577	33.02156902385396	33.418052673339844	24199883	0.0	0.0	0.0
2024-06-26 00:00:00+08:00	33.418053279706484	33.63652518890194	33.183397923162076	33.33713912963867	34907733	0.0	0.0	0.0
2024-06-27 00:00:00+08:00	33.183403635432114	33.21577053570174	33.01348203903282	33.10248947143555	24137333	0.0	0.0	0.0
2024-06-28 00:00:00+08:00	33.15103249786042	33.458508722459385	33.15103249786042	33.272403717041016	19262410	0.0	0.0	0.0
2024-07-01 00:00:00+08:00	33.51514805545605	33.53133150144251	33.37759339458621	33.4585075378418	68378646	0.0	0.0	0.0
2024-07-02 00:00:00+08:00	33.40996680948678	33.40996680948678	33.06203036953893	33.2562255859375	70261055	0.0	0.0	0.0
2024-07-03 00:00:00+08:00	33.450421272694875	33.52324524481776	33.36950711997038	33.51515197753906	33052473	0.0	0.0	0.0
2024-07-04 00:00:00+08:00	33.644617900961464	33.903546880919905	33.62843445387945	33.88736343383789	33043359	0.0	0.0	0.0
2024-07-05 00:00:00+08:00	33.90355308722321	33.99255743245185	33.86309291877316	33.935916900634766	36063478	0.0	0.0	0.0
2024-07-08 00:00:00+08:00	33.94401345713239	34.138208703123254	33.81454893091256	34.09775161743164	36568365	0.0	0.0	0.0
2024-07-09 00:00:00+08:00	34.14630037459607	34.28385507684707	33.82263753085146	34.05729293823242	34742122	0.0	0.0	0.0
2024-07-10 00:00:00+08:00	34.06537281063015	34.26766125507968	34.057282630989924	34.25957107543945	21494137	0.0	0.0	0.0
2024-07-11 00:00:00+08:00	34.38903220463019	34.60750407374313	34.300024803879396	34.510406494140625	28355397	0.0	0.0	0.0
2024-07-12 00:00:00+08:00	34.38094316452058	34.429490412591576	34.122011132543726	34.300025939941406	49055589	0.0	0.0	0.0
2024-07-15 00:00:00+08:00	34.38903867375658	34.421405568604946	34.11392624089945	34.28384780883789	68421697	0.0	0.0	0.0
2024-07-16 00:00:00+08:00	34.40006373757162	34.40006373757162	34.184234608015636	34.28384780883789	75284330	1.07	0.0	0.0
2024-07-17 00:00:00+08:00	34.28385135306723	34.29215430120459	33.968405823431986	34.03481674194336	51029846	0.0	0.0	0.0
2024-07-18 00:00:00+08:00	33.70276793906656	33.70276793906656	33.312614882369395	33.536746978759766	57467313	0.0	0.0	0.0
2024-07-19 00:00:00+08:00	33.47863560161181	33.49523516263539	32.922455307926455	33.046974182128906	62247567	0.0	0.0	0.0
2024-07-22 00:00:00+08:00	33.03867521727285	33.04697816543195	32.001028362668514	32.40778732299805	75113131	0.0	0.0	0.0
2024-07-23 00:00:00+08:00	32.59040910752093	32.81454119498741	32.59040910752093	32.76473617553711	29514427	0.0	0.0	0.0
2024-07-26 00:00:00+08:00	31.96782114562083	32.22515869140625	31.793497243627506	32.22515869140625	97498847	0.0	0.0	0.0
2024-07-29 00:00:00+08:00	32.38287581442432	32.55720286126079	31.826698720490135	31.89310646057129	57478483	0.0	0.0	0.0
2024-07-30 00:00:00+08:00	31.793496495705767	31.859907409177172	31.270521635381726	31.851604461669922	49617277	0.0	0.0	0.0
2024-07-31 00:00:00+08:00	31.735388529741613	31.94291788436978	31.619172597813304	31.851604461669922	25377984	0.0	0.0	0.0
2024-08-01 00:00:00+08:00	32.25005817538425	32.49909591674805	32.191950213505066	32.49909591674805	22615356	0.0	0.0	0.0
2024-08-02 00:00:00+08:00	31.89310807465594	31.934616476784484	31.494652114064497	31.54446029663086	62340146	0.0	0.0	0.0
2024-08-05 00:00:00+08:00	30.88866318604245	30.88866318604245	28.888080670677915	29.145418167114258	129727897	0.0	0.0	0.0
2024-08-06 00:00:00+08:00	29.71820233220621	30.20797172562252	28.59754510714772	29.726505279541016	79649634	0.0	0.0	0.0
2024-08-07 00:00:00+08:00	29.801218875894552	30.714346839602353	29.73480795733193	30.70604705810547	29857138	0.0	0.0	0.0
2024-08-08 00:00:00+08:00	30.307586120363283	30.56492366488207	30.133262219227994	30.523418426513672	25133816	0.0	0.0	0.0
2024-08-09 00:00:00+08:00	30.996584938879597	31.229016805772794	30.838863767294455	31.004884719848633	23848660	0.0	0.0	0.0
2024-08-12 00:00:00+08:00	31.22902049850289	31.544466045620272	31.220720716552435	31.444852828979492	18130189	0.0	0.0	0.0
2024-08-13 00:00:00+08:00	31.776893322872063	31.776893322872063	31.428245531963697	31.52785873413086	16988321	0.0	0.0	0.0
2024-08-14 00:00:00+08:00	31.76029194356491	31.942918794166193	31.718786704786456	31.843305587768555	15621276	0.0	0.0	0.0
2024-08-15 00:00:00+08:00	31.884810786466964	32.00932966929254	31.677281426188827	31.68558120727539	15770012	0.0	0.0	0.0
2024-08-16 00:00:00+08:00	32.050834789412924	32.25836414892309	32.04253184171036	32.22515869140625	31179749	0.0	0.0	0.0
2024-08-19 00:00:00+08:00	32.22516033922638	32.374581739046036	32.1255471282289	32.233463287353516	23010780	0.0	0.0	0.0
2024-08-20 00:00:00+08:00	32.25005754203237	32.407781864018126	32.25005754203237	32.29986572265625	10319550	0.0	0.0	0.0
2024-08-21 00:00:00+08:00	32.26666629146045	32.26666629146045	32.03423440512516	32.092342376708984	15894209	0.0	0.0	0.0
2024-08-22 00:00:00+08:00	32.10063984153013	32.208555995245725	32.00102663552552	32.02593231201172	8149166	0.0	0.0	0.0
2024-08-23 00:00:00+08:00	31.95952503512367	32.05913825246807	31.76029543378779	32.050838470458984	15752959	0.0	0.0	0.0
2024-08-26 00:00:00+08:00	32.12554462606595	32.50739787735394	32.12554462606595	32.39118194580078	17067879	0.0	0.0	0.0
2024-08-27 00:00:00+08:00	32.266666412353516	32.291572090730575	32.10894522698463	32.266666412353516	11284248	0.0	0.0	0.0
2024-08-28 00:00:00+08:00	32.283262155142026	32.374575567251526	32.20025168957682	32.366275787353516	7708444	0.0	0.0	0.0
2024-08-29 00:00:00+08:00	32.19195073392874	32.391180296911294	32.06743502788031	32.382877349853516	10367695	0.0	0.0	0.0
2024-08-30 00:00:00+08:00	32.41608593763783	32.49909958300609	32.41608593763783	32.42438888549805	8782871	0.0	0.0	0.0
2024-09-02 00:00:00+08:00	32.465894124858785	32.548904603580276	32.41608593763783	32.42438888549805	8523913	0.0	0.0	0.0
2024-09-03 00:00:00+08:00	32.490789829528104	32.490789829528104	32.29986323514332	32.35797119140625	11817435	0.0	0.0	0.0
2024-09-04 00:00:00+08:00	31.27052075153958	31.544461011896395	30.68944110832189	31.204113006591797	73575671	0.0	0.0	0.0
2024-09-05 00:00:00+08:00	31.378436474195585	31.544460584284277	31.121102111872297	31.23731803894043	21968150	0.0	0.0	0.0
2024-09-06 00:00:00+08:00	31.262222424612197	31.502957240366054	30.963379641834543	31.436546325683594	18110051	0.0	0.0	0.0
2024-09-09 00:00:00+08:00	30.813959997801657	31.262224197387695	30.722646568258554	31.262224197387695	33845307	0.0	0.0	0.0
2024-09-10 00:00:00+08:00	31.4033413618045	31.4033413618045	30.73094515779197	30.8637638092041	35137714	0.0	0.0	0.0
2024-09-11 00:00:00+08:00	30.86376588203797	30.97998181399793	30.789055187685616	30.838863372802734	16235073	0.0	0.0	0.0
2024-09-12 00:00:00+08:00	31.220717939910575	31.378439116118663	31.079596326127103	31.35353660583496	12789707	0.0	0.0	0.0
2024-09-13 00:00:00+08:00	31.61917259506147	31.61917259506147	31.336932546125862	31.39504051208496	12776760	0.0	0.0	0.0
2024-09-16 00:00:00+08:00	31.46145098823495	31.52785873413086	31.395040075692442	31.52785873413086	14786769	0.0	0.0	0.0
2024-09-18 00:00:00+08:00	31.51955631187239	31.544458818665557	31.179208330231585	31.312026977539062	27210585	0.0	0.0	0.0
2024-09-19 00:00:00+08:00	31.312026712952523	31.602566511905586	31.229013079932855	31.519556045532227	13155533	0.0	0.0	0.0
2024-09-20 00:00:00+08:00	31.76859284475588	31.86820604473637	31.627471242024196	31.66897964477539	12806495	0.0	0.0	0.0
2024-09-23 00:00:00+08:00	31.785194819379566	31.85160256224419	31.710484129502827	31.751989364624023	15202176	0.0	0.0	0.0
2024-09-24 00:00:00+08:00	31.751992179172653	31.751992179172653	31.51125736082554	31.74369239807129	17675575	0.0	0.0	0.0
2024-09-25 00:00:00+08:00	31.95121764352125	32.19194926421629	31.95121764352125	32.15044403076172	15494531	0.0	0.0	0.0
2024-09-26 00:00:00+08:00	32.26666643629752	32.34968008653772	32.125547980859636	32.16705322265625	20592522	0.0	0.0	0.0
2024-09-27 00:00:00+08:00	32.2500586967473	32.391180296911294	32.2500586967473	32.382877349853516	18780547	0.0	0.0	0.0
2024-09-30 00:00:00+08:00	32.374582452964816	32.374582452964816	32.050837135098675	32.092342376708984	36119199	0.0	0.0	0.0
2024-10-01 00:00:00+08:00	32.125543864224625	32.1836518286232	31.9014117872673	32.01762771606445	65277308	0.0	0.0	0.0
2024-10-04 00:00:00+08:00	31.95951795354763	32.05913114881978	31.718783162214088	31.834999084472656	74501437	0.0	0.0	0.0
2024-10-07 00:00:00+08:00	32.03423176132685	32.1006395090933	31.859907860962412	32.07573699951172	48118814	0.0	0.0	0.0
2024-10-08 00:00:00+08:00	31.959520930408924	32.00932911600756	31.67728087864334	31.901412963867188	58707919	0.0	0.0	0.0
2024-10-09 00:00:00+08:00	31.967820711352022	32.0674370825493	31.884810235334307	31.901412963867188	31523987	0.0	0.0	0.0
2024-10-11 00:00:00+08:00	32.009327770790726	32.108940971155	31.959519587285317	32.04253005981445	37783516	0.0	0.0	0.0
2024-10-14 00:00:00+08:00	32.12553787231445	32.158743321962184	31.984416294634585	32.12553787231445	47452831	0.0	0.0	0.0
2024-10-15 00:00:00+08:00	32.20855361586313	32.45758819580078	32.20855361586313	32.45758819580078	39734299	0.0	0.0	0.0
2024-10-16 00:00:00+08:00	32.25836328593337	32.407784674115035	32.12554462606595	32.39118194580078	100341584	0.0	0.0	0.0
2024-10-17 00:00:00+08:00	32.44238977221171	32.57041945345043	32.408251345687425	32.536277770996094	68080752	1.07	0.0	0.0
2024-10-18 00:00:00+08:00	32.7155207530482	32.73258833875075	32.43385675000434	32.485069274902344	57800053	0.0	0.0	0.0
2024-10-21 00:00:00+08:00	32.485068888769625	32.63870320570736	32.485068888769625	32.51067352294922	19833303	0.0	0.0	0.0
2024-10-22 00:00:00+08:00	32.510676803153416	32.604564812524984	32.39118415701884	32.5704231262207	16769859	0.0	0.0	0.0
2024-10-23 00:00:00+08:00	32.60456564270113	32.63870732987473	32.42532666893549	32.4423942565918	32316207	0.0	0.0	0.0
2024-10-24 00:00:00+08:00	32.433858488962244	32.433858488962244	32.21194404769973	32.271690368652344	58519994	0.0	0.0	0.0
2024-10-25 00:00:00+08:00	32.28875627771954	32.44238732531666	32.28875627771954	32.40824890136719	15755886	0.0	0.0	0.0
2024-10-28 00:00:00+08:00	32.43385717889553	32.51067433929328	32.30582749292256	32.38264465332031	27253630	0.0	0.0	0.0
2024-10-29 00:00:00+08:00	32.33143320577282	32.33143320577282	31.819317752308105	31.998559951782227	72480236	0.0	0.0	0.0
2024-10-30 00:00:00+08:00	32.04977301298681	32.14366102003577	31.862000254819222	31.938814163208008	34822347	0.0	0.0	0.0
2024-11-01 00:00:00+08:00	31.571797612538198	31.913204647138492	30.99140207219488	31.870529174804688	53926309	0.0	0.0	0.0
2024-11-04 00:00:00+08:00	31.95588669408436	31.998565431128732	31.751043082365573	31.990028381347656	23956065	0.0	0.0	0.0
2024-11-05 00:00:00+08:00	31.896139087525533	32.16073226928711	31.862000657564664	32.16073226928711	21306074	0.0	0.0	0.0
2024-11-06 00:00:00+08:00	32.16073159212979	32.38264603388963	31.751041137852184	32.25461959838867	22556067	0.0	0.0	0.0
2024-11-07 00:00:00+08:00	32.26315446134299	32.638706498829265	32.24608361819085	32.5704231262207	24017902	0.0	0.0	0.0
2024-11-08 00:00:00+08:00	32.689912331099805	32.817942013298016	32.519207173478875	32.54481506347656	19982557	0.0	0.0	0.0
2024-11-11 00:00:00+08:00	32.544823160600885	32.544823160600885	32.280229937661375	32.50214767456055	32465513	0.0	0.0	0.0
2024-11-12 00:00:00+08:00	32.23754674228212	32.23754674228212	32.007095265657775	32.024166107177734	68605040	0.0	0.0	0.0
2024-11-13 00:00:00+08:00	32.024164584879976	32.06684005868622	31.810783959918837	31.998559951782227	37871149	0.0	0.0	0.0
2024-11-14 00:00:00+08:00	31.964419213370302	31.97295300601133	31.571799633282037	31.648616790771484	68442232	0.0	0.0	0.0
2024-11-15 00:00:00+08:00	31.691297214937418	31.8193236601265	31.614480045451746	31.699831008911133	27684652	0.0	0.0	0.0
2024-11-18 00:00:00+08:00	31.665688485621374	31.75104270275915	31.529124994131397	31.580337524414062	53461054	0.0	0.0	0.0
2024-11-19 00:00:00+08:00	31.66568673998055	31.879067387166213	31.546194098505424	31.793716430664062	22701079	0.0	0.0	0.0
2024-11-20 00:00:00+08:00	31.665685653686523	31.665685653686523	31.665685653686523	31.665685653686523	40867	0.0	0.0	0.0
2024-11-21 00:00:00+08:00	31.580334700112346	31.716898179389137	31.460842062736422	31.665685653686523	20585206	0.0	0.0	0.0
2024-11-22 00:00:00+08:00	31.71689708120186	31.998561078918446	31.71689708120186	31.861997604370117	16221731	0.0	0.0	0.0
2024-11-25 00:00:00+08:00	32.04124091224261	32.18633819921587	31.981494587497085	31.990028381347656	17214008	0.0	0.0	0.0
2024-11-26 00:00:00+08:00	31.836387878630163	32.00709302595456	31.665682731305765	31.844924926757812	22624496	0.0	0.0	0.0
2024-11-27 00:00:00+08:00	31.844930705187327	31.844930705187327	31.290139689695764	31.332815170288086	90850473	0.0	0.0	0.0
2024-11-28 00:00:00+08:00	31.33280719424142	31.358415080822464	30.948721454822067	31.153568267822266	60681566	0.0	0.0	0.0
2024-11-29 00:00:00+08:00	30.99993875439561	31.28160275873181	30.709740957168986	31.238924026489258	31149510	0.0	0.0	0.0
2024-12-02 00:00:00+08:00	31.341350263826197	31.5974063873291	31.341350263826197	31.5974063873291	19501574	0.0	0.0	0.0
2024-12-03 00:00:00+08:00	31.861997247759618	31.9132065151858	31.580333253195516	31.623008728027344	28871915	0.0	0.0	0.0
2024-12-04 00:00:00+08:00	31.648620289667473	31.725434199719	31.563266074170667	31.657154083251953	15319572	0.0	0.0	0.0
2024-12-05 00:00:00+08:00	31.66568688399917	31.810787417829104	31.66568688399917	31.75957489013672	14280361	0.0	0.0	0.0
2024-12-06 00:00:00+08:00	31.793712161756257	31.947346467576047	31.78517836962398	31.836387634277344	24069592	0.0	0.0	0.0
2024-12-09 00:00:00+08:00	31.87906310679843	31.87906310679843	31.75103668923517	31.836387634277344	33577349	0.0	0.0	0.0
2024-12-10 00:00:00+08:00	31.84492640664088	31.84492640664088	31.605937886908606	31.623008728027344	29877552	0.0	0.0	0.0
2024-12-11 00:00:00+08:00	31.529121785449252	31.58033431052008	31.45230462580808	31.503517150878906	31089692	0.0	0.0	0.0
2024-12-12 00:00:00+08:00	31.58033554497154	31.674223549973	31.546193860256416	31.5974063873291	11743306	0.0	0.0	0.0
2024-12-13 00:00:00+08:00	31.58033278474651	31.58033278474651	31.358418365354776	31.4779109954834	41288944	0.0	0.0	0.0
2024-12-16 00:00:00+08:00	31.529122605288087	31.58033513169057	31.145040053025213	31.187715530395508	55989803	0.0	0.0	0.0
2024-12-17 00:00:00+08:00	31.20478658861398	31.21332038177505	31.136503219604492	31.136503219604492	39000102	0.0	0.0	0.0
2024-12-18 00:00:00+08:00	31.136500969984723	31.40962791442871	31.05115002081973	31.40962791442871	17942961	0.0	0.0	0.0
2024-12-19 00:00:00+08:00	31.02554355989321	31.29013672397586	30.94019260679824	31.2645320892334	35089278	0.0	0.0	0.0
2024-12-20 00:00:00+08:00	31.204788720091013	31.27306883783421	31.0426173355813	31.08529281616211	34134047	0.0	0.0	0.0
2024-12-23 00:00:00+08:00	31.332814103474302	31.503519275961914	31.315743260632505	31.452306747436523	16879678	0.0	0.0	0.0
2024-12-24 00:00:00+08:00	31.49497909228733	31.64861339076129	31.49497909228733	31.546188354492188	13340041	0.0	0.0	0.0
2024-12-25 00:00:00+08:00	31.65715500869235	31.682759646124698	31.520591515835665	31.57180404663086	19224762	0.0	0.0	0.0
2024-12-26 00:00:00+08:00	31.580336917270028	31.69129576945068	31.580336917270028	31.657154083251953	16812507	0.0	0.0	0.0
2024-12-27 00:00:00+08:00	31.66568420285917	31.67422125138355	31.588867045789872	31.623008728027344	15319231	0.0	0.0	0.0
2024-12-30 00:00:00+08:00	31.62301063629856	31.631547685338102	31.435237884521484	31.435237884521484	32261433	0.0	0.0	0.0
2024-12-31 00:00:00+08:00	31.39255997193817	31.401097021200915	31.19625016598906	31.307209014892578	41994827	0.0	0.0	0.0
2025-01-02 00:00:00+08:00	31.273065353258687	31.42669967097538	31.238923670226065	31.324277877807617	81881220	0.0	0.0	0.0
2025-01-03 00:00:00+08:00	31.469376212974563	31.503517897163892	31.307208096970555	31.392559051513672	52241559	0.0	0.0	0.0
2025-01-06 00:00:00+08:00	31.623015444949964	31.836396120362487	31.571806166646617	31.768115997314453	57066355	0.0	0.0	0.0
2025-01-07 00:00:00+08:00	31.96441730777045	31.99002194009713	31.81931679408294	31.836387634277344	40837297	0.0	0.0	0.0
2025-01-08 00:00:00+08:00	31.827853842145068	31.887600154860557	31.776641321561854	31.836387634277344	31763335	0.0	0.0	0.0
2025-01-09 00:00:00+08:00	31.81931693010425	31.836387770371626	31.315738537971104	31.34988021850586	110660795	0.0	0.0	0.0
2025-01-10 00:00:00+08:00	31.230390935836343	31.341349781487725	31.15357377437465	31.20478630065918	98213788	0.0	0.0	0.0
2025-01-13 00:00:00+08:00	31.11089430600926	31.196245249603937	30.57317424475938	30.726808547973633	172953269	0.0	0.0	0.0
2025-01-14 00:00:00+08:00	30.7524183904594	31.034082412719727	30.726813754228587	31.034082412719727	47783461	0.0	0.0	0.0
2025-01-15 00:00:00+08:00	31.093826328544786	31.11089717002119	30.795094742532946	30.829233169555664	78491178	0.0	0.0	0.0
2025-01-16 00:00:00+08:00	31.17064359543475	31.221856120041753	31.05115096061519	31.05968475341797	70979577	0.0	0.0	0.0
2025-01-17 00:00:00+08:00	31.288327457653864	31.288327457653864	31.04209889107086	31.08606719970703	109150266	1.07	0.0	0.0
2025-01-20 00:00:00+08:00	31.20917915262023	31.244351782272393	31.147619502954342	31.235559463500977	38003095	0.0	0.0	0.0
2025-01-21 00:00:00+08:00	31.26194494834983	31.385057558924217	31.226768958309417	31.341089248657227	25119599	0.0	0.0	0.0
2025-01-22 00:00:00+08:00	31.437818753257098	31.46419906616211	31.33229414707031	31.46419906616211	25694697	0.0	0.0	0.0
2025-02-03 00:00:00+08:00	30.778287808948775	31.200389639209156	30.7079358266218	31.174009323120117	104313948	0.0	0.0	0.0
2025-02-04 00:00:00+08:00	31.21797388319592	31.4378187696973	30.936572696839495	30.954160690307617	66182351	0.0	0.0	0.0
2025-02-05 00:00:00+08:00	31.11244477557042	31.411433912136882	31.103649102825553	31.32349395751953	23218985	0.0	0.0	0.0
2025-02-06 00:00:00+08:00	31.332290777335018	31.455403363740178	31.332290777335018	31.402639389038086	22993474	0.0	0.0	0.0
2025-02-07 00:00:00+08:00	31.402644230551413	31.534552510360452	31.402644230551413	31.5257568359375	13686178	0.0	0.0	0.0
2025-02-10 00:00:00+08:00	31.516965200253598	31.569729184235996	31.411440586855772	31.552141189575195	26888476	0.0	0.0	0.0
2025-02-11 00:00:00+08:00	31.560934530069357	31.73681112779693	31.552142209738168	31.675254821777344	16617435	0.0	0.0	0.0
2025-02-12 00:00:00+08:00	31.701635137338	31.833543424275447	31.675254821777344	31.675254821777344	16131562	0.0	0.0	0.0
2025-02-13 00:00:00+08:00	31.815954897401802	32.009419487126046	31.719222602539677	31.956655502319336	25914224	0.0	0.0	0.0
2025-02-14 00:00:00+08:00	31.965447932056247	31.97424360683769	31.868718991429642	31.912687301635742	19334558	0.0	0.0	0.0
2025-02-17 00:00:00+08:00	31.921478087162892	32.25564326688429	31.921478087162892	32.1852912902832	31726967	0.0	0.0	0.0
2025-02-18 00:00:00+08:00	32.21167744047344	32.26443807242221	32.13253313798315	32.255645751953125	20914856	0.0	0.0	0.0
2025-02-19 00:00:00+08:00	32.25564263532079	32.431519218812966	32.25564263532079	32.39634323120117	22230111	0.0	0.0	0.0
2025-02-20 00:00:00+08:00	32.405138809708696	32.46669511693647	32.37875849363026	32.38755416870117	20599444	0.0	0.0	0.0
2025-02-21 00:00:00+08:00	32.39634392624745	32.537044525146484	32.38755160643927	32.537044525146484	23457612	0.0	0.0	0.0
2025-02-24 00:00:00+08:00	32.40513847797048	32.537046766146574	32.32599417597825	32.51945877075195	25681813	0.0	0.0	0.0
2025-02-25 00:00:00+08:00	32.405136460746434	32.51945674641145	32.290819529648324	32.4491081237793	27032545	0.0	0.0	0.0
2025-02-26 00:00:00+08:00	32.44910714038252	32.624980368916376	32.31719886441533	32.616188049316406	24440082	0.0	0.0	0.0
2025-02-27 00:00:00+08:00	32.61618571739076	32.6865343328613	32.273228249876304	32.282020568847656	48054719	0.0	0.0	0.0
2025-03-03 00:00:00+08:00	32.07097289503418	32.16770518115814	31.92147662886987	32.12373352050781	60393136	0.0	0.0	0.0
2025-03-04 00:00:00+08:00	31.78077457922213	32.09735173581285	31.657661986007195	32.06217575073242	46998122	0.0	0.0	0.0
2025-03-05 00:00:00+08:00	32.09735491807496	32.35237580334202	32.06217892950704	32.273231506347656	17154909	0.0	0.0	0.0
2025-03-06 00:00:00+08:00	32.290819949738314	32.44031287138079	32.290819949738314	32.325992584228516	18444738	0.0	0.0	0.0
2025-03-07 00:00:00+08:00	32.21167495879205	32.352375557427344	32.123734988040695	32.1852912902832	23396087	0.0	0.0	0.0
2025-03-10 00:00:00+08:00	32.20288083736053	32.26443714257149	31.97424361151514	32.02700424194336	39491265	0.0	0.0	0.0
2025-03-11 00:00:00+08:00	31.657662701012516	31.921475885940957	31.349881211023774	31.80715560913086	93616324	0.0	0.0	0.0
2025-03-12 00:00:00+08:00	31.80715560913086	31.886299900066057	31.736806991947713	31.80715560913086	23533753	0.0	0.0	0.0
2025-03-13 00:00:00+08:00	32.02699965026131	32.04458764273816	31.596105575561523	31.596105575561523	44214637	0.0	0.0	0.0
2025-03-14 00:00:00+08:00	31.596110056715027	31.675254356802288	31.49058544145436	31.56093406677246	40223678	0.0	0.0	0.0
2025-03-17 00:00:00+08:00	31.657661919006998	31.842330808438565	31.622485934001016	31.771982192993164	23474149	0.0	0.0	0.0
2025-03-18 00:00:00+08:00	31.93906706591349	32.02700368480883	31.851130447018154	32.018211364746094	16083622	0.0	0.0	0.0
2025-03-19 00:00:00+08:00	32.0973513339199	32.10614365279664	31.76318618897307	31.789569854736328	29455437	0.0	0.0	0.0
2025-03-20 00:00:00+08:00	31.930270838530667	32.070971424285815	31.930270838530667	32.06217575073242	15342481	0.0	0.0	0.0
2025-03-21 00:00:00+08:00	32.0973551049136	32.0973551049136	31.9478621844801	32.00941848754883	17418294	0.0	0.0	0.0
2025-03-24 00:00:00+08:00	32.07976686518393	32.09735485943576	31.86871764329579	31.921478271484375	37072979	0.0	0.0	0.0
2025-03-25 00:00:00+08:00	32.05338665934617	32.10614728771295	31.807158093555863	31.87751007080078	34318697	0.0	0.0	0.0
2025-03-26 00:00:00+08:00	31.92147435451977	32.026998952515314	31.903886362426096	31.965442657470703	16585346	0.0	0.0	0.0
2025-03-27 00:00:00+08:00	31.789571179976473	31.79836349921974	31.657662909360802	31.719219207763672	59096996	0.0	0.0	0.0
2025-03-28 00:00:00+08:00	31.675249380278352	31.684041699099108	31.270735623193417	31.48178482055664	142881051	0.0	0.0	0.0
2025-03-31 00:00:00+08:00	31.08606232883204	31.147618622190805	30.408943101885626	30.567228317260742	248771173	0.0	0.0	0.0
2025-04-01 00:00:00+08:00	30.655171957398235	31.02450976191301	30.61999596994917	31.006921768188477	79124889	0.0	0.0	0.0
2025-04-02 00:00:00+08:00	31.077274517117125	31.112450505442304	30.892605610260258	30.927778244018555	78719530	0.0	0.0	0.0
2025-04-07 00:00:00+08:00	27.841156005859375	27.841156005859375	27.841156005859375	27.841156005859375	107437879	0.0	0.0	0.0
2025-04-08 00:00:00+08:00	26.39897369175135	27.164032937736074	26.3637977057237	26.909013748168945	393982118	0.0	0.0	0.0
2025-04-09 00:00:00+08:00	26.909015499376647	26.935395813330853	25.053524047748198	25.229400634765625	418060265	0.0	0.0	0.0
2025-04-10 00:00:00+08:00	27.744422912597656	27.744422912597656	27.744422912597656	27.744422912597656	29568640	0.0	0.0	0.0
2025-04-11 00:00:00+08:00	27.06730252438771	28.324813842773438	26.557262464320885	28.324813842773438	184658465	0.0	0.0	0.0
2025-04-14 00:00:00+08:00	28.88761809960391	29.371279556249426	28.597424580183507	28.720537185668945	122810007	0.0	0.0	0.0
2025-04-15 00:00:00+08:00	28.90520437581256	29.2217815451393	28.77329945830422	29.142637252807617	69163587	0.0	0.0	0.0
2025-04-16 00:00:00+08:00	28.9227911889177	29.019523470550187	28.78209060324315	28.887615203857422	87213838	0.0	0.0	0.0
2025-04-17 00:00:00+08:00	28.826062800019784	28.826062800019784	28.474312965615628	28.667774200439453	67412102	0.0	0.0	0.0
2025-04-18 00:00:00+08:00	28.71174318529993	28.878824089455605	28.632598892896354	28.746915817260742	50156779	0.0	0.0	0.0
2025-04-21 00:00:00+08:00	28.667772030972696	28.729328331199255	28.42154683006646	28.46551513671875	116071899	0.0	0.0	0.0
2025-04-22 00:00:00+08:00	28.24567119834143	28.41275546562998	28.113764596667263	28.12255859375	161446418	0.0	0.0	0.0
2025-04-23 00:00:00+08:00	28.795825310171473	28.814022140971716	28.61386220820494	28.768531799316406	59590215	1.07	0.0	0.0
2025-04-24 00:00:00+08:00	28.895906395302266	28.914103226260618	28.613862456829025	28.62295913696289	44234720	0.0	0.0	0.0
2025-04-25 00:00:00+08:00	29.023280296229476	29.232540378350784	28.986888370216175	29.08696746826172	40173146	0.0	0.0	0.0
2025-04-28 00:00:00+08:00	29.168852236583007	29.250736236572266	29.114261746360018	29.250736236572266	29434314	0.0	0.0	0.0
2025-04-29 00:00:00+08:00	29.250738365608797	29.432699738215373	29.187051191058355	29.423603057861328	25535925	0.0	0.0	0.0
2025-04-30 00:00:00+08:00	29.46909428762624	29.46909428762624	29.31442642211914	29.31442642211914	25303629	0.0	0.0	0.0
2025-05-02 00:00:00+08:00	29.496386788064196	29.732942124557802	29.496386788064196	29.696548461914062	41127413	0.0	0.0	0.0
2025-05-05 00:00:00+08:00	29.842118491055725	29.887608832260895	29.205243302111644	29.450895309448242	53373195	0.0	0.0	0.0
2025-05-06 00:00:00+08:00	29.405402781059596	29.787529254279576	29.29622527614973	29.732938766479492	38778307	0.0	0.0	0.0
2025-05-07 00:00:00+08:00	29.760235636195258	29.951297159038837	29.669254950276606	29.696548461914062	25983215	0.0	0.0	0.0
2025-05-08 00:00:00+08:00	29.823922842158044	29.89671016752284	29.751138987483944	29.87851333618164	23185201	0.0	0.0	0.0
2025-05-09 00:00:00+08:00	29.933104958399706	30.13326316931557	29.89671129434561	30.12416648864746	30764242	0.0	0.0	0.0
2025-05-12 00:00:00+08:00	30.378912887992193	30.515387382482718	30.306129036103663	30.45170021057129	31691203	0.0	0.0	0.0
2025-05-13 00:00:00+08:00	30.979395873805405	31.052183199808482	30.779237668678405	30.82472801208496	40034162	0.0	0.0	0.0
2025-05-14 00:00:00+08:00	31.033987553771702	31.343326759719734	31.033987553771702	31.334226608276367	44900765	0.0	0.0	0.0
2025-05-15 00:00:00+08:00	31.370614616109037	31.37971476591152	31.170452968737287	31.28873062133789	33379353	0.0	0.0	0.0
2025-05-16 00:00:00+08:00	31.270538627717517	31.53438748174406	31.22504828374175	31.397912979125977	37604634	0.0	0.0	0.0
2025-05-19 00:00:00+08:00	31.388815045745694	31.388815045745694	31.115869522094727	31.115869522094727	39335870	0.0	0.0	0.0
2025-05-20 00:00:00+08:00	31.24324405977424	31.34332489555371	31.097672881556107	31.106769561767578	20333517	0.0	0.0	0.0
2025-05-21 00:00:00+08:00	31.106768988010764	31.497992173010484	31.106768988010764	31.443405151367188	42820735	0.0	0.0	0.0
2025-05-22 00:00:00+08:00	31.352421341398355	31.379718323210028	31.2159503151025	31.343324661254883	19609728	0.0	0.0	0.0
2025-05-23 00:00:00+08:00	31.361521916573412	31.4161089395541	31.161360243802424	31.19775390625	25347002	0.0	0.0	0.0
2025-05-26 00:00:00+08:00	31.19775352625908	31.243243868419135	31.088572540246187	31.115869522094727	28192805	0.0	0.0	0.0
2025-05-27 00:00:00+08:00	31.115870295577047	31.115870295577047	30.83382461406856	30.87021827697754	39296853	0.0	0.0	0.0
2025-05-28 00:00:00+08:00	31.043078597242587	31.14315942080021	30.76103642615136	30.879310607910156	21642189	0.0	0.0	0.0
2025-05-29 00:00:00+08:00	31.04308498828564	31.14316583244756	30.92481078217696	31.006694793701172	16089050	0.0	0.0	0.0
2025-06-02 00:00:00+08:00	30.943000135753838	30.943000135753838	30.433502770662315	30.50628662109375	66962891	0.0	0.0	0.0
2025-06-03 00:00:00+08:00	30.806528890754556	30.897509570805134	30.63366073969179	30.742841720581055	19385420	0.0	0.0	0.0
2025-06-04 00:00:00+08:00	30.9339050269071	31.115869868262337	30.9339050269071	31.015789031982422	21004503	0.0	0.0	0.0
2025-06-05 00:00:00+08:00	31.106768798771817	31.134065780117997	30.93390411346869	30.94300079345703	27171027	0.0	0.0	0.0
2025-06-06 00:00:00+08:00	31.01578811612608	31.01578811612608	30.888413772145817	30.94300079345703	25487303	0.0	0.0	0.0
2025-06-09 00:00:00+08:00	31.061277389526367	31.097671049609634	31.024883729443097	31.061277389526367	24098202	0.0	0.0	0.0
2025-06-10 00:00:00+08:00	31.124962946189758	31.47069575768134	31.124962946189758	31.416105270385742	42358503	0.0	0.0	0.0
2025-06-11 00:00:00+08:00	31.51618965283918	31.65266415113919	31.452502479150024	31.470699310302734	30330714	0.0	0.0	0.0
2025-06-12 00:00:00+08:00	31.47979599053376	31.52528980376087	31.425208967766284	31.470699310302734	26471222	0.0	0.0	0.0
2025-06-13 00:00:00+08:00	31.407012136613574	31.54348316422292	31.288734469466277	31.470699310302734	38832521	0.0	0.0	0.0
2025-06-16 00:00:00+08:00	31.425208434092163	31.479795455932617	31.279637258033272	31.479795455932617	33784542	0.0	0.0	0.0
2025-06-17 00:00:00+08:00	31.57078178777274	31.67995930967487	31.470700946574606	31.525291442871094	28786182	0.0	0.0	0.0
2025-06-18 00:00:00+08:00	31.52528945837697	31.643563653537818	31.47979564564828	31.57077980041504	29556162	0.0	0.0	0.0
2025-06-19 00:00:00+08:00	31.570781304700358	31.57987798526516	31.297835768776018	31.30693244934082	49709251	0.0	0.0	0.0
2025-06-20 00:00:00+08:00	31.27053875882048	31.33422593479172	30.924809366602535	31.124967575073242	61197988	0.0	0.0	0.0
2025-06-23 00:00:00+08:00	30.824725380745953	30.84292221069336	30.533583042968342	30.84292221069336	69586525	0.0	0.0	0.0
2025-06-24 00:00:00+08:00	31.134066311048734	31.3888150033535	31.124966160214633	31.343324661254883	25247531	0.0	0.0	0.0
2025-06-25 00:00:00+08:00	31.57077941921583	31.652663422171898	31.461601905504605	31.488895416259766	46141573	0.0	0.0	0.0
2025-06-26 00:00:00+08:00	31.507094610772263	31.71635297387253	31.497994459377427	31.525291442871094	115104217	0.0	0.0	0.0
2025-06-27 00:00:00+08:00	31.570781898863384	31.607175563189102	31.507094721638804	31.561681747436523	58914728	0.0	0.0	0.0
2025-06-30 00:00:00+08:00	31.579877475763567	31.64356465076204	31.47979663771147	31.49799346923828	38807785	0.0	0.0	0.0
2025-07-01 00:00:00+08:00	31.49799194348607	31.743643951162625	31.434304771572585	31.579875946044922	48928394	0.0	0.0	0.0
2025-07-02 00:00:00+08:00	31.561679419219136	31.71635074584834	31.525289228268676	31.707250595092773	37168877	0.0	0.0	0.0
2025-07-03 00:00:00+08:00	31.843723417855735	31.989294586081172	31.843723417855735	31.98019790649414	38823137	0.0	0.0	0.0
2025-07-04 00:00:00+08:00	32.016590239217045	32.10757439463134	31.734548034159367	31.74364471435547	57109182	0.0	0.0	0.0
2025-07-07 00:00:00+08:00	31.743643416811015	31.789133757313387	31.507091563784385	31.689056396484375	56062406	0.0	0.0	0.0
2025-07-08 00:00:00+08:00	31.67086262897088	31.67086262897088	31.470700946574606	31.525291442871094	50457893	0.0	0.0	0.0
2025-07-09 00:00:00+08:00	31.52528941701429	31.81643177050467	31.488895755155333	31.798234939575195	27227068	0.0	0.0	0.0
2025-07-10 00:00:00+08:00	31.81643024652454	31.8983142464397	31.707249266177357	31.880117416381836	33330849	0.0	0.0	0.0
2025-07-11 00:00:00+08:00	31.880117003499567	32.04388500120891	31.843723343855178	32.02568817138672	27590354	0.0	0.0	0.0
2025-07-14 00:00:00+08:00	32.02569261033375	32.03478929116049	31.85282443840757	31.871021270751953	61292347	0.0	0.0	0.0
2025-07-15 00:00:00+08:00	31.889214974423318	32.09847331981689	31.880118294489055	32.08027648925781	49383279	0.0	0.0	0.0
2025-07-16 00:00:00+08:00	32.080275808272056	32.35322479017364	32.07117912853089	32.28043746948242	54161191	0.0	0.0	0.0
2025-07-17 00:00:00+08:00	32.298635939857014	32.41691360664142	32.24404544656637	32.33502960205078	47775941	0.0	0.0	0.0
2025-07-18 00:00:00+08:00	32.43511173482872	32.5533859356523	32.325930743881244	32.389617919921875	88926708	0.0	0.0	0.0
2025-07-21 00:00:00+08:00	32.525766332284256	32.53508981450746	32.41386320226608	32.45116424560547	66878374	0.866	0.0	0.0
2025-07-22 00:00:00+08:00	32.45116216172967	32.52576424361782	32.0688353851105	32.09680938720703	69431831	0.0	0.0	0.0
2025-07-23 00:00:00+08:00	32.19006073374479	32.44183741446024	32.18073369526111	32.43251037597656	29258867	0.0	0.0	0.0
2025-07-24 00:00:00+08:00	32.507114514660586	32.56306252021593	32.432512430955946	32.49778747558594	26554057	0.0	0.0	0.0
2025-07-25 00:00:00+08:00	32.49779082236796	32.54441890809692	32.479143856744585	32.516441345214844	23910424	0.0	0.0	0.0
2025-07-28 00:00:00+08:00	32.51643531173464	32.609687908665876	32.46981079188045	32.60036087036133	32172396	0.0	0.0	0.0
2025-07-29 00:00:00+08:00	32.59103630498779	32.59103630498779	32.26465756242124	32.35791015625	41542299	0.0	0.0	0.0
2025-07-30 00:00:00+08:00	32.35791221463826	32.45116125717615	32.27398665346498	32.423187255859375	31500629	0.0	0.0	0.0
2025-07-31 00:00:00+08:00	32.423190603610415	32.47914216924402	32.28331346813807	32.44184112548828	29520030	0.0	0.0	0.0
2025-08-01 00:00:00+08:00	32.07816438048173	32.4791417020295	32.00356229404342	32.46049118041992	37777108	0.0	0.0	0.0
2025-08-04 00:00:00+08:00	32.40454008173255	32.46981512969342	32.2646629462602	32.44184112548828	28666175	0.0	0.0	0.0
2025-08-05 00:00:00+08:00	32.572387071405466	32.7588887091989	32.49778499339895	32.740238189697266	42112549	0.0	0.0	0.0
2025-08-06 00:00:00+08:00	32.68428673459267	32.77753933239583	32.65631273386316	32.73091125488281	30245021	0.0	0.0	0.0
2025-08-07 00:00:00+08:00	32.80551492780174	32.96403901593865	32.80551492780174	32.81483840942383	40317578	0.0	0.0	0.0
2025-08-08 00:00:00+08:00	32.889443273254344	32.89876675566506	32.842818746754034	32.86146926879883	22935862	0.0	0.0	0.0
2025-08-11 00:00:00+08:00	32.82416832943961	32.87079285608868	32.63766666561996	32.852142333984375	26709494	0.0	0.0	0.0
2025-08-12 00:00:00+08:00	32.852138984558266	32.93606454685934	32.824164982865575	32.83348846435547	23365987	0.0	0.0	0.0
2025-08-13 00:00:00+08:00	32.90809408158536	32.97336913069833	32.63766684541828	32.70294189453125	34514567	0.0	0.0	0.0
2025-08-14 00:00:00+08:00	32.70293854519926	32.71226558395923	32.66563750460543	32.684288024902344	21673765	0.0	0.0	0.0
2025-08-15 00:00:00+08:00	32.69361934739066	32.721593352889855	32.6283442964102	32.66564178466797	20696052	0.0	0.0	0.0
2025-08-18 00:00:00+08:00	32.66563621503204	32.740238293274565	32.63766221430253	32.73091125488281	22755573	0.0	0.0	0.0
2025-08-19 00:00:00+08:00	32.73091348015631	32.73091348015631	32.609690430604935	32.64698791503906	19759789	0.0	0.0	0.0
2025-08-20 00:00:00+08:00	32.60036088129256	32.60968791960023	32.14343560645627	32.171409606933594	111644682	0.0	0.0	0.0
2025-08-21 00:00:00+08:00	32.227363521228924	32.43251213509899	32.227363521228924	32.36723709106445	18250735	0.0	0.0	0.0
2025-08-22 00:00:00+08:00	32.367235963565186	32.37656300222985	32.2273623986021	32.2646598815918	20208022	0.0	0.0	0.0
2025-08-25 00:00:00+08:00	32.637662374386025	32.74023845386118	32.50711229404414	32.58171081542969	22810027	0.0	0.0	0.0
2025-08-26 00:00:00+08:00	32.58171164195722	32.59103868063133	32.48846259855403	32.55373764038086	12633997	0.0	0.0	0.0
2025-08-27 00:00:00+08:00	32.59103934113223	32.768213950078156	32.581712302269096	32.674964904785156	26097940	0.0	0.0	0.0
2025-08-28 00:00:00+08:00	32.68428838642523	32.768213950078156	32.637663863778734	32.674964904785156	15700170	0.0	0.0	0.0
2025-08-29 00:00:00+08:00	32.74024124503413	32.84281733325411	32.62834167480469	32.62834167480469	17386072	0.0	0.0	0.0
2025-09-01 00:00:00+08:00	32.6190150906746	32.62834213003738	32.190063767790996	32.320613861083984	45505960	0.0	0.0	0.0
2025-09-02 00:00:00+08:00	32.320613499166036	32.497788115619244	32.18073636807657	32.32993698120117	23944128	0.0	0.0	0.0
2025-09-03 00:00:00+08:00	32.35791231823225	32.46981188108056	32.33926179822038	32.41386032104492	16767541	0.0	0.0	0.0
2025-09-04 00:00:00+08:00	32.58171164195722	32.73091224573611	32.55373764038086	32.55373764038086	20649872	0.0	0.0	0.0
2025-09-05 00:00:00+08:00	32.68428663119238	32.74956167083665	32.637662111049735	32.740238189697266	23952328	0.0	0.0	0.0
2025-09-08 00:00:00+08:00	32.917412934571125	33.057290052839946	32.85213789463844	33.019989013671875	48322619	0.0	0.0	0.0
2025-09-09 00:00:00+08:00	33.04796823177406	33.28109442754419	33.01999422659314	33.25312042236328	50076618	0.0	0.0	0.0
2025-09-10 00:00:00+08:00	33.4396195055373	33.72869368932379	33.43029246638235	33.63544464111328	92908295	0.0	0.0	0.0
2025-09-11 00:00:00+08:00	33.69139497247038	33.868569580481356	33.54219436645508	33.54219436645508	67917506	0.0	0.0	0.0
2025-09-12 00:00:00+08:00	33.663419763757766	33.86857194531194	33.65409628151589	33.73802185058594	43772934	0.0	0.0	0.0
2025-09-15 00:00:00+08:00	33.84992048799219	33.92452257275836	33.719370396874595	33.77532196044922	32481077	0.0	0.0	0.0
2025-09-16 00:00:00+08:00	33.82194426036316	33.92452034155866	33.80329374039825	33.85924530029297	33339127	0.0	0.0	0.0
2025-09-17 00:00:00+08:00	33.84059794136302	33.961820996623864	33.72869481112077	33.73802185058594	27174970	0.0	0.0	0.0
2025-09-18 00:00:00+08:00	33.8685703714725	33.96181941845123	33.738020282813025	33.943172454833984	33877613	0.0	0.0	0.0
2025-09-19 00:00:00+08:00	34.03642133204507	34.120346896796576	33.99912029055038	34.09237289428711	29374715	0.0	0.0	0.0
2025-09-22 00:00:00+08:00	34.11102113868524	34.34414729663506	34.11102113868524	34.31616973876953	35757052	0.0	0.0	0.0
2025-09-23 00:00:00+08:00	34.39077212150995	34.56794672252149	34.34414760095143	34.446720123291016	55869485	0.0	0.0	0.0
2025-09-24 00:00:00+08:00	34.50267680279349	34.5493013302715	34.306851653051794	34.40010070800781	37577548	0.0	0.0	0.0
2025-09-25 00:00:00+08:00	34.400095138876324	34.74512085502448	34.353470618946496	34.465370178222656	56761315	0.0	0.0	0.0
2025-09-26 00:00:00+08:00	34.40942182396627	34.40942182396627	33.8219429186572	34.04574203491211	74606940	0.0	0.0	0.0
2025-09-30 00:00:00+08:00	34.28819573812687	34.53997241557943	34.22292069847875	34.31616973876953	45522667	0.0	0.0	0.0
2025-10-01 00:00:00+08:00	34.38144467470053	34.64254838972822	34.250894595798115	34.325496673583984	48078265	0.0	0.0	0.0
2025-10-02 00:00:00+08:00	34.5026731717003	34.55862473311957	34.47469916960219	34.539974212646484	47274389	0.0	0.0	0.0
2025-10-03 00:00:00+08:00	34.539974212646484	34.56794821474459	34.5026731717003	34.539974212646484	38286428	0.0	0.0	0.0
2025-10-07 00:00:00+08:00	34.61457362448845	34.97824988997713	34.61457362448845	34.93162536621094	74294294	0.0	0.0	0.0
2025-10-08 00:00:00+08:00	34.8850016697687	34.93162619464062	34.791752620024845	34.90365219116211	38497659	0.0	0.0	0.0
2025-10-09 00:00:00+08:00	35.108804474402596	35.12745143862862	34.87567829212163	34.894325256347656	47476031	0.0	0.0	0.0
2025-10-13 00:00:00+08:00	34.092370921267936	34.50267168229498	34.0643933631545	34.446720123291016	137917346	0.0	0.0	0.0
2025-10-14 00:00:00+08:00	34.61457240687412	34.8104010913606	34.08304502874584	34.12034606933594	107833855	0.0	0.0	0.0
2025-10-15 00:00:00+08:00	34.17629932506575	34.204273328284074	34.01777167330778	34.1949462890625	65149401	0.0	0.0	0.0
2025-10-16 00:00:00+08:00	34.418747545582875	34.69849823772433	34.418747545582875	34.679847717285156	48610777	0.0	0.0	0.0
2025-10-17 00:00:00+08:00	34.661195498912356	34.83837365579359	34.51199489993087	34.605247497558594	132777069	0.0	0.0	0.0
2025-10-20 00:00:00+08:00	34.75445018606465	34.95960235595703	34.75445018606465	34.95960235595703	50790652	0.0	0.0	0.0
2025-10-21 00:00:00+08:00	35.11812973022461	35.24867982973991	35.080828685442114	35.11812973022461	71068688	0.0	0.0	0.0
2025-10-22 00:00:00+08:00	35.07149917828166	35.202049255371094	34.95027258217455	35.202049255371094	85152066	0.0	0.0	0.0
2025-10-23 00:00:00+08:00	35.198235402233934	35.22686620659646	35.07416251542434	35.13142776489258	100299283	0.866	0.0	0.0
2025-10-27 00:00:00+08:00	35.503643692168296	35.618170553289275	35.40820160728142	35.54182052612305	74116415	0.0	0.0	0.0
2025-10-28 00:00:00+08:00	35.55136310440938	35.55136310440938	35.35094018618976	35.43683624267578	41693186	0.0	0.0	0.0
2025-10-29 00:00:00+08:00	35.62771818147982	35.87586033183827	35.62771818147982	35.76133346557617	90348376	0.0	0.0	0.0
2025-10-30 00:00:00+08:00	35.76133049416314	35.856768934660984	35.50364233592718	35.694522857666016	56653921	0.0	0.0	0.0
2025-10-31 00:00:00+08:00	35.70406605698671	35.88540055435169	35.65634683565311	35.75178527832031	62382262	0.0	0.0	0.0
2025-11-03 00:00:00+08:00	35.713608478488325	35.77087372858835	35.579993202331494	35.627716064453125	46587802	0.0	0.0	0.0
2025-11-04 00:00:00+08:00	35.7899620511925	35.80905046784232	35.26504333592365	35.27458572387695	67933112	0.0	0.0	0.0
2025-11-05 00:00:00+08:00	34.75921041890092	35.12188306442805	34.644683556376734	35.1027946472168	128830703	0.0	0.0	0.0
2025-11-06 00:00:00+08:00	35.28412976689394	35.370025816612575	35.12188005487297	35.26504135131836	47289971	0.0	0.0	0.0
2025-11-07 00:00:00+08:00	35.093250646697534	35.1027930344931	34.85465090363384	34.88328170776367	53493759	0.0	0.0	0.0
2025-11-10 00:00:00+08:00	34.892828064995406	34.90237045288086	34.74966676151134	34.90237045288086	30555626	0.0	0.0	0.0
2025-11-11 00:00:00+08:00	34.95963323271927	35.01689483747314	34.749664306640625	34.749664306640625	27327226	0.0	0.0	0.0
2025-11-12 00:00:00+08:00	34.75920933620025	34.931001445007105	34.74966694826352	34.797386169433594	22947097	0.0	0.0	0.0
2025-11-13 00:00:00+08:00	34.816473413939754	34.931000269041	34.76875419437616	34.8451042175293	20895528	0.0	0.0	0.0
2025-11-14 00:00:00+08:00	34.51106793895413	34.654229246266034	34.3774526605261	34.48243713378906	100385476	0.0	0.0	0.0
2025-11-17 00:00:00+08:00	34.453801260653925	34.453801260653925	34.110220690675874	34.15793991088867	110559844	0.0	0.0	0.0
2025-11-18 00:00:00+08:00	33.728460801932044	33.814356857552355	33.327611328789494	33.40396499633789	182154054	0.0	0.0	0.0
2025-11-19 00:00:00+08:00	33.37533024634906	33.4803147064471	33.079465280685746	33.155818939208984	111064874	0.0	0.0	0.0
2025-11-20 00:00:00+08:00	33.66165321734144	33.89070693886852	33.642564800423635	33.88116455078125	35081044	0.0	0.0	0.0
2025-11-21 00:00:00+08:00	33.365788162563696	33.547126302619496	33.25126130198436	33.40396499633789	80731566	0.0	0.0	0.0
2025-11-24 00:00:00+08:00	33.547122955322266	33.63301900237196	33.40396166332515	33.547122955322266	26925247	0.0	0.0	0.0
2025-11-25 00:00:00+08:00	33.671192191594024	33.776176653626194	33.442138493290095	33.547122955322266	28881092	0.0	0.0	0.0
2025-11-26 00:00:00+08:00	33.78572326513285	34.08158460061496	33.78572326513285	34.062496185302734	30003098	0.0	0.0	0.0
2025-11-27 00:00:00+08:00	34.20566054804913	34.48243713378906	34.129306879951244	34.48243713378906	33281315	0.0	0.0	0.0
2025-11-28 00:00:00+08:00	34.41562586566798	34.48243349783755	34.29155298846323	34.37744903564453	26127469	0.0	0.0	0.0
2025-12-01 00:00:00+08:00	34.358360290527344	34.47288713875443	34.31064107382796	34.358360290527344	23375577	0.0	0.0	0.0
2025-12-02 00:00:00+08:00	34.37745233325112	34.58742127777813	34.37745233325112	34.463348388671875	22671783	0.0	0.0	0.0
2025-12-03 00:00:00+08:00	34.69240140261388	34.78784348488348	34.61605137754138	34.65422821044922	20042410	0.0	0.0	0.0
2025-12-04 00:00:00+08:00	34.711489304151605	34.74966613649312	34.65422769638245	34.7401237487793	18479886	0.0	0.0	0.0
2025-12-05 00:00:00+08:00	34.749666434166905	34.90237012409794	34.749666434166905	34.88328170776367	23157829	0.0	0.0	0.0
2025-12-08 00:00:00+08:00	34.92146150911009	34.97872676298103	34.9023730911531	34.95009231567383	30374895	0.0	0.0	0.0
2025-12-09 00:00:00+08:00	34.978722459698105	35.01689565017232	34.89282640983084	34.91191482543945	20859901	0.0	0.0	0.0
2025-12-10 00:00:00+08:00	34.950090002667	34.97872444807916	34.883282364610636	34.92145919799805	21381226	0.0	0.0	0.0
2025-12-11 00:00:00+08:00	34.95008989491378	34.95963592360281	34.56833248444631	34.673316955566406	33453869	0.0	0.0	0.0
2025-12-12 00:00:00+08:00	34.778297752816925	34.89282825251696	34.74012456032678	34.797386169433594	17912442	0.0	0.0	0.0
2025-12-15 00:00:00+08:00	34.38699533906746	34.70194876151614	34.34882214543942	34.62559509277344	39735314	0.0	0.0	0.0
2025-12-16 00:00:00+08:00	34.4060824819588	34.5015245643523	34.243836403004615	34.4251708984375	73996396	0.0	0.0	0.0
2025-12-17 00:00:00+08:00	34.46334787286679	34.692401590065096	34.46334787286679	34.54924392700195	22741514	0.0	0.0	0.0
2025-12-18 00:00:00+08:00	34.45380235987888	34.54924444409263	34.33927549956562	34.463348388671875	39165667	0.0	0.0	0.0
2025-12-19 00:00:00+08:00	34.501527471472926	34.7592120137901	34.47289302397053	34.721038818359375	19798143	0.0	0.0	0.0
2025-12-22 00:00:00+08:00	34.90237092115767	35.09325144811636	34.88328250438748	35.0455322265625	36178771	0.0	0.0	0.0
2025-12-23 00:00:00+08:00	35.055075653478404	35.06462168251803	34.85465273256644	34.873741149902344	36922833	0.0	0.0	0.0
2025-12-24 00:00:00+08:00	34.89282773630239	34.95963537310077	34.83556248729956	34.88328170776367	24536310	0.0	0.0	0.0
2025-12-26 00:00:00+08:00	34.9214595262421	34.940547943115234	34.83556347068466	34.940547943115234	31955828	0.0	0.0	0.0
2025-12-29 00:00:00+08:00	34.94054593052511	35.10279200348637	34.94054593052511	35.05507278442383	34991694	0.0	0.0	0.0
2025-12-30 00:00:00+08:00	35.04553355549945	35.04553355549945	34.92146066215994	35.01689910888672	32032624	0.0	0.0	0.0
2025-12-31 00:00:00+08:00	35.016895952876574	35.08370358771275	34.978722762072366	35.05507278442383	29741773	0.0	0.0	0.0
2026-01-02 00:00:00+08:00	35.09325385122895	35.39866125897923	35.09325385122895	35.32230758666992	54418981	0.0	0.0	0.0
2026-01-05 00:00:00+08:00	35.475009436091455	35.637259160895404	35.408201796684914	35.43683624267578	80814823	0.0	0.0	0.0
2026-01-06 00:00:00+08:00	35.4559208203914	35.62771291476084	35.4559208203914	35.5609016418457	59509756	0.0	0.0	0.0
2026-01-07 00:00:00+08:00	35.63725706793148	35.99992968965541	35.627714680323805	35.90448760986328	82945251	0.0	0.0	0.0
2026-01-08 00:00:00+08:00	35.90448631474671	35.98083997582625	35.68497500025746	35.704063415527344	62321611	0.0	0.0	0.0
2026-01-09 00:00:00+08:00	35.70406524541855	35.83768051841279	35.47500789118332	35.694522857666016	37923716	0.0	0.0	0.0
2026-01-12 00:00:00+08:00	35.933120883365476	36.02855931930486	35.90448643998929	35.952205657958984	45367756	0.0	0.0	0.0
2026-01-13 00:00:00+08:00	36.17171994499382	36.26715837916816	35.95220499305563	36.01901626586914	64650986	0.0	0.0	0.0
2026-01-14 00:00:00+08:00	36.08582336890366	36.24806943277001	36.08582336890366	36.228981018066406	51069293	0.0	0.0	0.0
2026-01-15 00:00:00+08:00	36.24807207708676	36.276702880859375	36.19080682879843	36.276702880859375	51889651	0.0	0.0	0.0
2026-01-16 00:00:00+08:00	36.36260086927225	36.55348139965487	36.36260086927225	36.51530456542969	62522581	0.0	0.0	0.0
2026-01-19 00:00:00+08:00	36.51530320649815	36.71572975834976	36.43895318163248	36.668006896972656	80763523	0.0	0.0	0.0
2026-01-20 00:00:00+08:00	36.62983238002869	36.78253606497998	36.51530188575794	36.69664001464844	85492094	0.0	0.0	0.0
2026-01-21 00:00:00+08:00	36.639374803468385	36.77299007283901	36.35305584899662	36.46758270263672	151198982	0.0	0.0	0.0
2026-01-22 00:00:00+08:00	37.02030244762415	37.04959719537144	36.85429391016098	36.87382125854492	94692758	0.866	0.0	0.0
2026-01-23 00:00:00+08:00	37.0886610411077	37.186316413356835	36.766407625614434	36.84452819824219	85002349	0.0	0.0	0.0
2026-01-26 00:00:00+08:00	36.99100591693991	37.33279037475586	36.9617074454334	37.33279037475586	89376380	0.0	0.0	0.0
2026-01-27 00:00:00+08:00	37.47927385334877	37.75270143635604	37.47927385334877	37.60622024536133	89822793	0.0	0.0	0.0
2026-01-28 00:00:00+08:00	37.79176259887051	37.879650566142104	37.61598666432734	37.71363830566406	55331192	0.0	0.0	0.0
2026-01-29 00:00:00+08:00	37.664813304762625	37.664813304762625	37.27419928057141	37.36208724975586	56257617	0.0	0.0	0.0
2026-01-30 00:00:00+08:00	37.08865791853503	37.08865791853503	36.61992334671759	36.69804763793945	83636801	0.0	0.0	0.0
2026-02-02 00:00:00+08:00	36.40508741468221	36.45391696215673	36.131659829647845	36.278141021728516	84567947	0.0	0.0	0.0
2026-02-03 00:00:00+08:00	36.68828254084681	36.85429480752357	36.52227399934151	36.74687576293945	35952190	0.0	0.0	0.0
2026-02-04 00:00:00+08:00	36.6980497478191	36.96170993292338	36.53203748201373	36.95194625854492	28599526	0.0	0.0	0.0
2026-02-05 00:00:00+08:00	36.7078129102514	36.903119921639735	36.61992494138522	36.66875076293945	36181641	0.0	0.0	0.0
2026-02-06 00:00:00+08:00	36.561333404414455	36.71757827568741	36.21954891262099	36.63945770263672	39114504	0.0	0.0	0.0
2026-02-09 00:00:00+08:00	37.264435620837794	37.30349776830645	37.049597534931635	37.13748550415039	66449128	0.0	0.0	0.0
2026-02-10 00:00:00+08:00	37.45974332385038	37.51833282096246	37.3816190274723	37.44021224975586	73816311	0.0	0.0	0.0
2026-02-11 00:00:00+08:00	37.48903725158439	37.860120200912476	37.48903725158439	37.79176330566406	119730309	0.0	0.0	0.0
2026-02-23 00:00:00+08:00	38.05542886562094	38.582752976849434	38.05542886562094	38.211673736572266	99724641	0.0	0.0	0.0
2026-02-24 00:00:00+08:00	38.348386684146455	38.826884961080516	38.309324535980394	38.78782653808594	87779792	0.0	0.0	0.0
2026-02-25 00:00:00+08:00	38.87571527571776	39.35421356209045	38.87571527571776	39.11008071899414	84947316	0.0	0.0	0.0
2026-02-26 00:00:00+08:00	39.11007893186115	39.41280498452929	39.01242728915344	39.34444808959961	57127391	0.0	0.0	0.0
2026-03-02 00:00:00+08:00	38.602280897435506	39.071015471992375	38.602280897435506	38.963600158691406	71484582	0.0	0.0	0.0
2026-03-03 00:00:00+08:00	38.90501011859555	39.05149131487497	38.211673736572266	38.211673736572266	88593355	0.0	0.0	0.0
2026-03-04 00:00:00+08:00	37.59645599073718	37.64528181192464	36.81523167622367	36.85429382324219	167482841	0.0	0.0	0.0
2026-03-05 00:00:00+08:00	37.59645462036133	37.84058744257147	37.225371687553974	37.59645462036133	53267764	0.0	0.0	0.0
2026-03-06 00:00:00+08:00	37.40115060621082	37.830826791744826	37.205843587801866	37.72340774536133	35583137	0.0	0.0	0.0
2026-03-09 00:00:00+08:00	36.40508527102872	36.69804763793945	35.64339205747179	36.69804763793945	147432305	0.0	0.0	0.0
2026-03-10 00:00:00+08:00	37.57692608128779	37.58669348093068	36.75663959434488	36.99100875854492	46986922	0.0	0.0	0.0
2026-03-11 00:00:00+08:00	37.35232293742751	37.801526449954146	37.35232293742751	37.73316955566406	44233813	0.0	0.0	0.0
2026-03-12 00:00:00+08:00	37.64528256926351	37.84058958311387	37.430448206682414	37.62575149536133	26637056	0.0	0.0	0.0
2026-03-13 00:00:00+08:00	37.29372857975911	37.742935803755906	37.29372857975911	37.59645462036133	30569167	0.0	0.0	0.0
2026-03-16 00:00:00+08:00	37.74293650585268	37.99683300659888	37.67457961237596	37.8991813659668	36694731	0.0	0.0	0.0
2026-03-17 00:00:00+08:00	37.98707196740296	38.26049956027489	37.98707196740296	38.211673736572266	31768548	0.0	0.0	0.0
2026-03-18 00:00:00+08:00	38.4948616027832	38.651110185100265	38.42650471060511	38.4948616027832	31581402	0.0	0.0	0.0
2026-03-19 00:00:00+08:00	38.15308036036297	38.28003048161907	37.948009666529586	37.9675407409668	47005479	0.0	0.0	0.0
2026-03-20 00:00:00+08:00	37.96753790476139	38.06518954448124	37.65504818745235	37.8601188659668	36494222	0.0	0.0	0.0
2026-03-23 00:00:00+08:00	36.9910076006701	37.205841958859715	36.91288330665834	37.078895568847656	107079651	0.0	0.0	0.0
2026-03-24 00:00:00+08:00	37.44020977082836	37.46950451744479	36.873819835102545	37.14725112915039	48257492	0.0	0.0	0.0
2026-03-25 00:00:00+08:00	37.64528114802845	37.85035182850208	37.54762950737567	37.67457962036133	30704534	0.0	0.0	0.0
2026-03-26 00:00:00+08:00	37.69410679133623	37.938239616992995	37.64528097123914	37.65504837036133	29805940	0.0	0.0	0.0
2026-03-27 00:00:00+08:00	37.34255944965559	37.54763013354913	37.17654718757174	37.528099060058594	50474140	0.0	0.0	0.0
2026-03-30 00:00:00+08:00	36.9226496481322	37.0398323606211	36.727342643869854	36.961708068847656	95247991	0.0	0.0	0.0
2026-03-31 00:00:00+08:00	36.76640651659218	36.7761701909368	36.18048547628575	36.258609771728516	144688569	0.0	0.0	0.0
2026-04-01 00:00:00+08:00	36.99100873970762	37.293731075396295	36.88358969471945	37.21561050415039	48393643	0.0	0.0	0.0
2026-04-02 00:00:00+08:00	37.615987692092986	37.615987692092986	36.81523229070485	36.93241500854492	138790121	0.0	0.0	0.0
2026-04-07 00:00:00+08:00	37.186315403695886	37.283967048122086	37.03006681233963	37.17654800415039	72664375	0.0	0.0	0.0
2026-04-08 00:00:00+08:00	37.928475929150075	38.20190350173069	37.80152581680709	38.104251861572266	83107345	0.0	0.0	0.0
2026-04-09 00:00:00+08:00	38.162845611572266	38.18237295973852	38.04565917154668	38.162845611572266	38161127	0.0	0.0	0.0
2026-04-10 00:00:00+08:00	38.367917075239745	38.64134465719191	38.367917075239745	38.48509979248047	48771639	0.0	0.0	0.0
2026-04-13 00:00:00+08:00	38.475335138526226	38.67063842056408	38.280028131317046	38.5925178527832	46305474	0.0	0.0	0.0
2026-04-14 00:00:00+08:00	38.93430416288264	39.18820440181394	38.92454048838751	39.031959533691406	68350641	0.0	0.0	0.0
2026-04-15 00:00:00+08:00	39.27609084208455	39.59834424026422	39.26632344279863	39.30538558959961	80349212	0.0	0.0	0.0
2026-04-16 00:00:00+08:00	39.578811995765285	39.92060018240361	39.578811995765285	39.84247589111328	54748478	0.0	0.0	0.0
2026-04-17 00:00:00+08:00	39.842477389573155	40.233091410373156	39.83271371538028	40.018253326416016	68231538	0.0	0.0	0.0
2026-04-20 00:00:00+08:00	40.34050883560314	40.604172730300434	40.34050883560314	40.49675369262695	71242287	0.0	0.0	0.0
2026-04-21 00:00:00+08:00	40.62370042220636	40.99478335772221	40.62370042220636	40.98501968383789	75701776	0.0	0.0	0.0
2026-04-22 00:00:00+08:00	41.014315902408214	41.61000061035156	40.98502115453277	41.61000061035156	143623428	0.0	0.0	0.0
2026-04-23 00:00:00+08:00	41.90999984741211	41.9900016784668	40.20000076293945	40.650001525878906	172748186	1.0	0.0	0.0
2026-04-24 00:00:00+08:00	40.7400016784668	41.040000915527344	40.63999938964844	40.95000076293945	65882120	0.0	0.0	0.0
2026-04-27 00:00:00+08:00	41.18000030517578	41.25	40.83000183105469	40.900001525878906	145163040	0.0	0.0	0.0
2026-04-28 00:00:00+08:00	41.0	41.33000183105469	40.970001220703125	41.11000061035156	78383832	0.0	0.0	0.0
2026-04-29 00:00:00+08:00					41431803	0.0	0.0	0.0
