Date	Open	High	Low	Close	Volume	Dividends	Stock Splits	Capital Gains
2021-04-29 00:00:00+08:00	96.5999984741211	96.80000305175781	96.0	96.0	24000	0.0	0.0	0.0
2021-05-03 00:00:00+08:00	94.44999694824219	94.44999694824219	94.05000305175781	94.05000305175781	22032	0.0	0.0	0.0
2021-05-04 00:00:00+08:00	93.6500015258789	94.0999984741211	91.8499984741211	92.75	155040	0.0	0.0	0.0
2021-05-05 00:00:00+08:00	93.05000305175781	93.05000305175781	92.44999694824219	92.44999694824219	25000	0.0	0.0	0.0
2021-05-06 00:00:00+08:00	93.1500015258789	93.1500015258789	92.19999694824219	92.55000305175781	27000	0.0	0.0	0.0
2021-05-07 00:00:00+08:00	93.55000305175781	94.25	93.55000305175781	94.25	3053	0.0	0.0	0.0
2021-05-10 00:00:00+08:00	94.19999694824219	94.19999694824219	93.6500015258789	93.6500015258789	45024	0.0	0.0	0.0
2021-05-11 00:00:00+08:00	91.9000015258789	91.9000015258789	90.0	90.1500015258789	25000	0.0	0.0	0.0
2021-05-12 00:00:00+08:00	89.19999694824219	89.6500015258789	84.9000015258789	85.80000305175781	66000	0.0	0.0	0.0
2021-05-13 00:00:00+08:00	85.25	87.30000305175781	85.0999984741211	86.0	39000	0.0	0.0	0.0
2021-05-14 00:00:00+08:00	87.0	87.0	86.80000305175781	86.80000305175781	21000	0.0	0.0	0.0
2021-05-17 00:00:00+08:00	85.8499984741211	86.69999694824219	84.4000015258789	84.44999694824219	45005	0.0	0.0	0.0
2021-05-18 00:00:00+08:00	86.8499984741211	89.19999694824219	86.75	89.0	26000	0.0	0.0	0.0
2021-05-19 00:00:00+08:00	88.8499984741211	89.19999694824219	88.5999984741211	89.19999694824219	76000	0.0	0.0	0.0
2021-05-20 00:00:00+08:00	88.55000305175781	88.6500015258789	88.0	88.0	24081	0.0	0.0	0.0
2021-05-21 00:00:00+08:00	90.19999694824219	90.19999694824219	89.4000015258789	89.4000015258789	23008	0.0	0.0	0.0
2021-05-24 00:00:00+08:00	89.30000305175781	89.5999984741211	88.69999694824219	89.5999984741211	28000	0.0	0.0	0.0
2021-05-25 00:00:00+08:00	90.0	91.4000015258789	90.0	91.25	30000	0.0	0.0	0.0
2021-05-26 00:00:00+08:00	91.25	91.30000305175781	90.80000305175781	91.0999984741211	55000	0.0	0.0	0.0
2021-05-27 00:00:00+08:00	90.1500015258789	90.8499984741211	90.1500015258789	90.8499984741211	29000	0.0	0.0	0.0
2021-05-28 00:00:00+08:00	91.19999694824219	92.1500015258789	91.0999984741211	92.1500015258789	31000	0.0	0.0	0.0
2021-05-31 00:00:00+08:00	92.80000305175781	93.5999984741211	92.44999694824219	93.25	111000	0.0	0.0	0.0
2021-06-01 00:00:00+08:00	93.75	93.8499984741211	93.75	93.8499984741211	22000	0.0	0.0	0.0
2021-06-02 00:00:00+08:00	94.19999694824219	94.19999694824219	93.4000015258789	93.4000015258789	23002	0.0	0.0	0.0
2021-06-03 00:00:00+08:00	93.6500015258789	94.1500015258789	93.5	93.5	24000	0.0	0.0	0.0
2021-06-04 00:00:00+08:00	93.0999984741211	93.19999694824219	93.0	93.0	29000	0.0	0.0	0.0
2021-06-07 00:00:00+08:00	93.19999694824219	93.19999694824219	92.69999694824219	92.69999694824219	25000	0.0	0.0	0.0
2021-06-08 00:00:00+08:00	93.44999694824219	93.44999694824219	92.94999694824219	92.94999694824219	23000	0.0	0.0	0.0
2021-06-09 00:00:00+08:00	92.44999694824219	92.44999694824219	92.0	92.0	22007	0.0	0.0	0.0
2021-06-10 00:00:00+08:00	93.0999984741211	93.1500015258789	93.0999984741211	93.1500015258789	21000	0.0	0.0	0.0
2021-06-11 00:00:00+08:00	94.0	94.0999984741211	93.6500015258789	94.05000305175781	24053	0.0	0.0	0.0
2021-06-15 00:00:00+08:00	94.94999694824219	94.94999694824219	94.55000305175781	94.80000305175781	23000	0.0	0.0	0.0
2021-06-16 00:00:00+08:00	94.5	94.6500015258789	94.44999694824219	94.5999984741211	24000	0.0	0.0	0.0
2021-06-17 00:00:00+08:00	93.25	94.05000305175781	93.25	94.05000305175781	25000	0.0	0.0	0.0
2021-06-18 00:00:00+08:00	94.69999694824219	94.69999694824219	94.4000015258789	94.4000015258789	21000	0.0	0.0	0.0
2021-06-21 00:00:00+08:00	93.0999984741211	93.1500015258789	92.1500015258789	92.1500015258789	24024	0.0	0.0	0.0
2021-06-22 00:00:00+08:00	92.55000305175781	92.55000305175781	92.30000305175781	92.30000305175781	21000	0.0	0.0	0.0
2021-06-23 00:00:00+08:00	92.55000305175781	93.30000305175781	92.55000305175781	93.30000305175781	22000	0.0	0.0	0.0
2021-06-24 00:00:00+08:00	93.75	93.75	93.75	93.75	20000	0.0	0.0	0.0
2021-06-25 00:00:00+08:00	94.05000305175781	94.25	94.05000305175781	94.05000305175781	47003	0.0	0.0	0.0
2021-06-28 00:00:00+08:00	94.05000305175781	94.1500015258789	94.0	94.05000305175781	23035	0.0	0.0	0.0
2021-06-29 00:00:00+08:00	94.5999984741211	94.80000305175781	94.5	94.69999694824219	30000	0.0	0.0	0.0
2021-06-30 00:00:00+08:00	94.8499984741211	95.44999694824219	94.8499984741211	95.44999694824219	22000	0.0	0.0	0.0
2021-07-01 00:00:00+08:00	95.1500015258789	95.1500015258789	94.75	94.94999694824219	31050	0.0	0.0	0.0
2021-07-02 00:00:00+08:00	95.0	95.0	94.6500015258789	94.6500015258789	23065	0.0	0.0	0.0
2021-07-05 00:00:00+08:00	95.3499984741211	95.80000305175781	95.3499984741211	95.69999694824219	24000	0.0	0.0	0.0
2021-07-06 00:00:00+08:00	96.1500015258789	96.1500015258789	95.80000305175781	96.05000305175781	26000	0.0	0.0	0.0
2021-07-07 00:00:00+08:00	95.1500015258789	95.6500015258789	95.1500015258789	95.6500015258789	42052	0.0	0.0	0.0
2021-07-08 00:00:00+08:00	95.75	95.75	95.4000015258789	95.4000015258789	21055	0.0	0.0	0.0
2021-07-09 00:00:00+08:00	94.69999694824219	94.75	94.1500015258789	94.1500015258789	23000	0.0	0.0	0.0
2021-07-12 00:00:00+08:00	95.3499984741211	95.44999694824219	95.19999694824219	95.19999694824219	150000	0.0	0.0	0.0
2021-07-13 00:00:00+08:00	96.3499984741211	96.5	96.19999694824219	96.5	23000	0.0	0.0	0.0
2021-07-14 00:00:00+08:00	96.80000305175781	96.80000305175781	95.9000015258789	96.0999984741211	164000	0.0	0.0	0.0
2021-07-15 00:00:00+08:00	96.80000305175781	96.9000015258789	96.80000305175781	96.8499984741211	21000	0.0	0.0	0.0
2021-07-16 00:00:00+08:00	95.6500015258789	95.69999694824219	95.4000015258789	95.69999694824219	26000	0.0	0.0	0.0
2021-07-19 00:00:00+08:00	94.8499984741211	94.9000015258789	94.44999694824219	94.8499984741211	27000	0.0	0.0	0.0
2021-07-20 00:00:00+08:00	94.69999694824219	94.69999694824219	93.8499984741211	93.8499984741211	25000	0.0	0.0	0.0
2021-07-21 00:00:00+08:00	94.0999984741211	94.4000015258789	93.4000015258789	93.4000015258789	33000	0.0	0.0	0.0
2021-07-22 00:00:00+08:00	94.6500015258789	94.6500015258789	94.3499984741211	94.3499984741211	21000	0.0	0.0	0.0
2021-07-23 00:00:00+08:00	94.6500015258789	94.6500015258789	94.0999984741211	94.25	27000	0.0	0.0	0.0
2021-07-26 00:00:00+08:00	94.44999694824219	94.44999694824219	93.80000305175781	93.80000305175781	42000	0.0	0.0	0.0
2021-07-27 00:00:00+08:00	93.75	93.75	93.3499984741211	93.3499984741211	23000	0.0	0.0	0.0
2021-07-28 00:00:00+08:00	91.75	92.25	91.75	92.25	51000	0.0	0.0	0.0
2021-07-29 00:00:00+08:00	93.44999694824219	93.44999694824219	92.6500015258789	93.25	24000	0.0	0.0	0.0
2021-07-30 00:00:00+08:00	93.69999694824219	93.75	93.69999694824219	93.75	20001	0.0	0.0	0.0
2021-08-02 00:00:00+08:00	94.4000015258789	94.4000015258789	94.4000015258789	94.4000015258789	20000	0.0	0.0	0.0
2021-08-03 00:00:00+08:00	94.9000015258789	94.9000015258789	94.80000305175781	94.8499984741211	23000	0.0	0.0	0.0
2021-08-04 00:00:00+08:00	95.05000305175781	95.55000305175781	95.05000305175781	95.55000305175781	31000	0.0	0.0	0.0
2021-08-05 00:00:00+08:00	95.55000305175781	95.80000305175781	95.44999694824219	95.80000305175781	41000	0.0	0.0	0.0
2021-08-06 00:00:00+08:00	95.25	95.5	95.0999984741211	95.5	26000	0.0	0.0	0.0
2021-08-09 00:00:00+08:00	95.0	95.0	94.30000305175781	94.80000305175781	24000	0.0	0.0	0.0
2021-08-10 00:00:00+08:00	95.0999984741211	95.0999984741211	94.5	94.6500015258789	24000	0.0	0.0	0.0
2021-08-11 00:00:00+08:00	94.0	94.0	93.6500015258789	93.6500015258789	21000	0.0	0.0	0.0
2021-08-12 00:00:00+08:00	94.0999984741211	94.0999984741211	93.55000305175781	93.80000305175781	33000	0.0	0.0	0.0
2021-08-13 00:00:00+08:00	93.19999694824219	93.19999694824219	93.05000305175781	93.05000305175781	23000	0.0	0.0	0.0
2021-08-16 00:00:00+08:00	92.9000015258789	92.9000015258789	92.30000305175781	92.55000305175781	22000	0.0	0.0	0.0
2021-08-17 00:00:00+08:00	92.25	92.3499984741211	91.9000015258789	91.9000015258789	26000	0.0	0.0	0.0
2021-08-18 00:00:00+08:00	91.0	91.75	91.0	91.75	22000	0.0	0.0	0.0
2021-08-19 00:00:00+08:00	91.30000305175781	91.44999694824219	89.94999694824219	89.94999694824219	27001	0.0	0.0	0.0
2021-08-20 00:00:00+08:00	90.05000305175781	90.05000305175781	90.05000305175781	90.05000305175781	22000	0.0	0.0	0.0
2021-08-23 00:00:00+08:00	90.5999984741211	91.69999694824219	90.5999984741211	91.6500015258789	27000	0.0	0.0	0.0
2021-08-24 00:00:00+08:00	92.05000305175781	92.05000305175781	91.9000015258789	91.9000015258789	21000	0.0	0.0	0.0
2021-08-25 00:00:00+08:00	92.19999694824219	93.05000305175781	92.19999694824219	93.05000305175781	47000	0.0	0.0	0.0
2021-08-26 00:00:00+08:00	94.0	94.0	93.44999694824219	93.69999694824219	33010	0.0	0.0	0.0
2021-08-27 00:00:00+08:00	93.69999694824219	94.5	93.69999694824219	94.5	23000	0.0	0.0	0.0
2021-08-30 00:00:00+08:00	95.19999694824219	95.25	94.9000015258789	95.25	26036	0.0	0.0	0.0
2021-08-31 00:00:00+08:00	95.6500015258789	96.25	94.8499984741211	96.25	23000	0.0	0.0	0.0
2021-09-01 00:00:00+08:00	96.5999984741211	96.5999984741211	96.5999984741211	96.5999984741211	20000	0.0	0.0	0.0
2021-09-02 00:00:00+08:00	96.75	96.75	96.1500015258789	96.1500015258789	21000	0.0	0.0	0.0
2021-09-03 00:00:00+08:00	96.3499984741211	97.1500015258789	95.94999694824219	97.1500015258789	27000	0.0	0.0	0.0
2021-09-06 00:00:00+08:00	97.3499984741211	98.05000305175781	97.3499984741211	98.0	25000	0.0	0.0	0.0
2021-09-07 00:00:00+08:00	97.6500015258789	97.6500015258789	97.0999984741211	97.0999984741211	23000	0.0	0.0	0.0
2021-09-08 00:00:00+08:00	96.80000305175781	96.9000015258789	96.0999984741211	96.0999984741211	22000	0.0	0.0	0.0
2021-09-09 00:00:00+08:00	95.8499984741211	96.0999984741211	95.8499984741211	96.0999984741211	22000	0.0	0.0	0.0
2021-09-10 00:00:00+08:00	96.80000305175781	96.8499984741211	96.80000305175781	96.8499984741211	21000	0.0	0.0	0.0
2021-09-13 00:00:00+08:00	96.5999984741211	96.94999694824219	96.5999984741211	96.80000305175781	29000	0.0	0.0	0.0
2021-09-14 00:00:00+08:00	97.19999694824219	97.25	96.94999694824219	96.94999694824219	23000	0.0	0.0	0.0
2021-09-15 00:00:00+08:00	96.44999694824219	96.44999694824219	96.25	96.44999694824219	23000	0.0	0.0	0.0
2021-09-16 00:00:00+08:00	96.44999694824219	96.44999694824219	95.75	95.80000305175781	26000	0.0	0.0	0.0
2021-09-17 00:00:00+08:00	95.8499984741211	96.5	95.8499984741211	96.5	22000	0.0	0.0	0.0
2021-09-22 00:00:00+08:00	93.6500015258789	93.94999694824219	93.3499984741211	93.6500015258789	47000	0.0	0.0	0.0
2021-09-23 00:00:00+08:00	94.3499984741211	94.6500015258789	94.3499984741211	94.44999694824219	24000	0.0	0.0	0.0
2021-09-24 00:00:00+08:00	94.80000305175781	95.3499984741211	94.75	95.19999694824219	53000	0.0	0.0	0.0
2021-09-27 00:00:00+08:00	95.44999694824219	95.5	95.44999694824219	95.5	25000	0.0	0.0	0.0
2021-09-28 00:00:00+08:00	94.75	94.8499984741211	94.69999694824219	94.69999694824219	26000	0.0	0.0	0.0
2021-09-29 00:00:00+08:00	93.05000305175781	93.05000305175781	92.80000305175781	92.80000305175781	27000	0.0	0.0	0.0
2021-09-30 00:00:00+08:00	93.05000305175781	93.3499984741211	93.05000305175781	93.3499984741211	21000	0.0	0.0	0.0
2021-10-01 00:00:00+08:00	92.0999984741211	92.0999984741211	91.0	91.19999694824219	162000	0.0	0.0	0.0
2021-10-04 00:00:00+08:00	91.55000305175781	91.55000305175781	90.75	90.75	24000	0.0	0.0	0.0
2021-10-05 00:00:00+08:00	89.80000305175781	90.5	89.80000305175781	90.5	24000	0.0	0.0	0.0
2021-10-06 00:00:00+08:00	91.05000305175781	91.05000305175781	90.0	90.55000305175781	26000	0.0	0.0	0.0
2021-10-07 00:00:00+08:00	91.6500015258789	92.0999984741211	91.6500015258789	91.94999694824219	24000	0.0	0.0	0.0
2021-10-08 00:00:00+08:00	92.25	92.44999694824219	91.6500015258789	91.6500015258789	62000	0.0	0.0	0.0
2021-10-12 00:00:00+08:00	90.25	90.5999984741211	90.25	90.5999984741211	23000	0.0	0.0	0.0
2021-10-13 00:00:00+08:00	90.75	90.8499984741211	90.4000015258789	90.5	28000	0.0	0.0	0.0
2021-10-14 00:00:00+08:00	91.0999984741211	91.0999984741211	90.6500015258789	90.6500015258789	23100	0.0	0.0	0.0
2021-10-15 00:00:00+08:00	91.8499984741211	92.8499984741211	91.69999694824219	92.75	60025	0.0	0.0	0.0
2021-10-18 00:00:00+08:00	93.25	93.30000305175781	92.75	92.75	32000	0.0	0.0	0.0
2021-10-19 00:00:00+08:00	93.0	93.4000015258789	93.0	93.4000015258789	23000	0.0	0.0	0.0
2021-10-20 00:00:00+08:00	93.6500015258789	93.6500015258789	93.44999694824219	93.44999694824219	50000	0.0	0.0	0.0
2021-10-21 00:00:00+08:00	93.69999694824219	93.69999694824219	93.5	93.5	21000	0.0	0.0	0.0
2021-10-22 00:00:00+08:00	93.05000305175781	93.44999694824219	93.05000305175781	93.44999694824219	21000	0.0	0.0	0.0
2021-10-25 00:00:00+08:00	93.30000305175781	93.5	93.30000305175781	93.44999694824219	24000	0.0	0.0	0.0
2021-10-26 00:00:00+08:00	93.69999694824219	94.25	93.5	93.9000015258789	30000	0.0	0.0	0.0
2021-10-27 00:00:00+08:00	94.25	94.30000305175781	93.94999694824219	94.0	24005	0.0	0.0	0.0
2021-10-28 00:00:00+08:00	94.0	94.4000015258789	93.55000305175781	93.8499984741211	30000	0.0	0.0	0.0
2021-10-29 00:00:00+08:00	93.55000305175781	93.55000305175781	93.55000305175781	93.55000305175781	22000	0.0	0.0	0.0
2021-11-01 00:00:00+08:00	93.8499984741211	93.8499984741211	93.69999694824219	93.69999694824219	21013	0.0	0.0	0.0
2021-11-02 00:00:00+08:00	94.55000305175781	94.55000305175781	93.94999694824219	93.94999694824219	22000	0.0	0.0	0.0
2021-11-03 00:00:00+08:00	94.44999694824219	94.44999694824219	94.0999984741211	94.0999984741211	23000	0.0	0.0	0.0
2021-11-04 00:00:00+08:00	94.3499984741211	94.3499984741211	94.3499984741211	94.3499984741211	1000	0.0	0.0	0.0
2021-11-05 00:00:00+08:00	94.3499984741211	94.9000015258789	94.3499984741211	94.9000015258789	24000	0.0	0.0	0.0
2021-11-08 00:00:00+08:00	95.30000305175781	95.5999984741211	95.30000305175781	95.5999984741211	25052	0.0	0.0	0.0
2021-11-09 00:00:00+08:00	97.0	97.0	96.75	96.75	23000	0.0	0.0	0.0
2021-11-10 00:00:00+08:00	96.4000015258789	96.4000015258789	96.25	96.25	2000	0.0	0.0	0.0
2021-11-11 00:00:00+08:00	95.80000305175781	95.94999694824219	95.80000305175781	95.94999694824219	22000	0.0	0.0	0.0
2021-11-12 00:00:00+08:00	96.19999694824219	96.30000305175781	96.19999694824219	96.19999694824219	23004	0.0	0.0	0.0
2021-11-15 00:00:00+08:00	96.80000305175781	97.1500015258789	96.80000305175781	96.9000015258789	4000	0.0	0.0	0.0
2021-11-16 00:00:00+08:00	97.05000305175781	97.30000305175781	96.8499984741211	97.0999984741211	58000	0.0	0.0	0.0
2021-11-17 00:00:00+08:00	97.5999984741211	97.5999984741211	97.5	97.5	23067	0.0	0.0	0.0
2021-11-18 00:00:00+08:00	97.5	98.05000305175781	97.5	98.05000305175781	24000	0.0	0.0	0.0
2021-11-19 00:00:00+08:00	98.80000305175781	98.80000305175781	98.0	98.25	23000	0.0	0.0	0.0
2021-11-22 00:00:00+08:00	98.05000305175781	98.1500015258789	98.05000305175781	98.1500015258789	43000	0.0	0.0	0.0
2021-11-23 00:00:00+08:00	97.6500015258789	97.6500015258789	97.4000015258789	97.4000015258789	25000	0.0	0.0	0.0
2021-11-24 00:00:00+08:00	97.4000015258789	97.4000015258789	96.75	96.75	21165	0.0	0.0	0.0
2021-11-25 00:00:00+08:00	97.0	97.0	96.9000015258789	96.9000015258789	21000	0.0	0.0	0.0
2021-11-26 00:00:00+08:00	96.5	96.5	95.1500015258789	95.1500015258789	27000	0.0	0.0	0.0
2021-11-29 00:00:00+08:00	94.8499984741211	95.5999984741211	94.8499984741211	95.44999694824219	23032	0.0	0.0	0.0
2021-11-30 00:00:00+08:00	96.25	96.25	95.25	95.25	25155	0.0	0.0	0.0
2021-12-01 00:00:00+08:00	95.5	96.5	95.5	96.5	24000	0.0	0.0	0.0
2021-12-02 00:00:00+08:00	97.5	97.5	97.44999694824219	97.44999694824219	23000	0.0	0.0	0.0
2021-12-03 00:00:00+08:00	97.5	97.80000305175781	97.4000015258789	97.55000305175781	25000	0.0	0.0	0.0
2021-12-06 00:00:00+08:00	96.5999984741211	97.69999694824219	96.5999984741211	97.5	22001	0.0	0.0	0.0
2021-12-07 00:00:00+08:00	97.19999694824219	97.30000305175781	96.94999694824219	97.30000305175781	23000	0.0	0.0	0.0
2021-12-08 00:00:00+08:00	98.1500015258789	98.44999694824219	97.8499984741211	98.1500015258789	23050	0.0	0.0	0.0
2021-12-09 00:00:00+08:00	97.80000305175781	98.05000305175781	97.75	97.75	30000	0.0	0.0	0.0
2021-12-10 00:00:00+08:00	97.80000305175781	97.80000305175781	97.80000305175781	97.80000305175781	20001	0.0	0.0	0.0
2021-12-13 00:00:00+08:00	98.25	98.25	97.69999694824219	97.94999694824219	25000	0.0	0.0	0.0
2021-12-14 00:00:00+08:00	96.69999694824219	96.9000015258789	96.55000305175781	96.55000305175781	23000	0.0	0.0	0.0
2021-12-15 00:00:00+08:00	96.3499984741211	96.69999694824219	96.3499984741211	96.69999694824219	21000	0.0	0.0	0.0
2021-12-16 00:00:00+08:00	97.6500015258789	97.69999694824219	97.5	97.5	25000	0.0	0.0	0.0
2021-12-17 00:00:00+08:00	97.69999694824219	97.69999694824219	97.6500015258789	97.6500015258789	22000	0.0	0.0	0.0
2021-12-20 00:00:00+08:00	97.6500015258789	97.6500015258789	97.0999984741211	97.0999984741211	23031	0.0	0.0	0.0
2021-12-21 00:00:00+08:00	96.80000305175781	97.5999984741211	96.5999984741211	97.5999984741211	58000	0.0	0.0	0.0
2021-12-22 00:00:00+08:00	97.80000305175781	97.80000305175781	97.44999694824219	97.80000305175781	22000	0.0	0.0	0.0
2021-12-23 00:00:00+08:00	98.55000305175781	98.55000305175781	98.1500015258789	98.4000015258789	24000	0.0	0.0	0.0
2021-12-24 00:00:00+08:00	98.6500015258789	98.6500015258789	98.6500015258789	98.6500015258789	20000	0.0	0.0	0.0
2021-12-27 00:00:00+08:00	98.6500015258789	99.19999694824219	98.5999984741211	99.19999694824219	25000	0.0	0.0	0.0
2021-12-28 00:00:00+08:00	99.5999984741211	100.0999984741211	99.5999984741211	100.0999984741211	26101	0.0	0.0	0.0
2021-12-29 00:00:00+08:00	100.19999694824219	100.44999694824219	100.19999694824219	100.44999694824219	24000	0.0	0.0	0.0
2021-12-30 00:00:00+08:00	100.44999694824219	100.44999694824219	100.4000015258789	100.4000015258789	21000	0.0	0.0	0.0
2022-01-03 00:00:00+08:00	101.25	101.25	100.6500015258789	100.75	26000	0.0	0.0	0.0
2022-01-04 00:00:00+08:00	102.30000305175781	102.55000305175781	102.30000305175781	102.44999694824219	26099	0.0	0.0	0.0
2022-01-05 00:00:00+08:00	102.8499984741211	102.8499984741211	102.25	102.25	24010	0.0	0.0	0.0
2022-01-06 00:00:00+08:00	101.69999694824219	102.05000305175781	101.19999694824219	101.44999694824219	25000	0.0	0.0	0.0
2022-01-07 00:00:00+08:00	101.80000305175781	101.80000305175781	100.44999694824219	100.44999694824219	25000	0.0	0.0	0.0
2022-01-10 00:00:00+08:00	99.4000015258789	101.05000305175781	99.4000015258789	101.05000305175781	23100	0.0	0.0	0.0
2022-01-11 00:00:00+08:00	100.6500015258789	101.19999694824219	100.6500015258789	101.19999694824219	23000	0.0	0.0	0.0
2022-01-12 00:00:00+08:00	101.9000015258789	101.9000015258789	101.9000015258789	101.9000015258789	22000	0.0	0.0	0.0
2022-01-13 00:00:00+08:00	102.9000015258789	102.9000015258789	102.6500015258789	102.6500015258789	23010	0.0	0.0	0.0
2022-01-14 00:00:00+08:00	102.80000305175781	103.0999984741211	102.1500015258789	102.69999694824219	24000	0.0	0.0	0.0
2022-01-17 00:00:00+08:00	103.5999984741211	103.80000305175781	103.5	103.6500015258789	26000	0.0	0.0	0.0
2022-01-18 00:00:00+08:00	103.80000305175781	104.0	103.19999694824219	103.19999694824219	27000	0.0	0.0	0.0
2022-01-19 00:00:00+08:00	102.0	102.0	101.5	101.5	2008	0.0	0.0	0.0
2022-01-20 00:00:00+08:00	101.75	101.75	101.75	101.75	20000	0.0	0.0	0.0
2022-01-21 00:00:00+08:00	100.30000305175781	100.30000305175781	99.3499984741211	99.5	33000	0.0	0.0	0.0
2022-01-24 00:00:00+08:00	99.05000305175781	100.4000015258789	99.0	100.4000015258789	44000	0.0	0.0	0.0
2022-01-25 00:00:00+08:00	98.94999694824219	99.0999984741211	98.80000305175781	98.80000305175781	24100	0.0	0.0	0.0
2022-01-26 00:00:00+08:00	98.5999984741211	99.0999984741211	98.5999984741211	98.9000015258789	26000	0.0	0.0	0.0
2022-02-07 00:00:00+08:00	99.0999984741211	99.25	99.0999984741211	99.19999694824219	29000	0.0	0.0	0.0
2022-02-08 00:00:00+08:00	99.6500015258789	99.9000015258789	99.5999984741211	99.75	40000	0.0	0.0	0.0
2022-02-09 00:00:00+08:00	100.0	100.0	99.80000305175781	99.8499984741211	26004	0.0	0.0	0.0
2022-02-10 00:00:00+08:00	100.30000305175781	101.4000015258789	100.30000305175781	101.4000015258789	34045	0.0	0.0	0.0
2022-02-11 00:00:00+08:00	101.19999694824219	101.44999694824219	101.05000305175781	101.25	37012	0.0	0.0	0.0
2022-02-14 00:00:00+08:00	99.8499984741211	99.8499984741211	99.55000305175781	99.55000305175781	25000	0.0	0.0	0.0
2022-02-15 00:00:00+08:00	99.75	99.75	99.55000305175781	99.5999984741211	25011	0.0	0.0	0.0
2022-02-16 00:00:00+08:00	100.55000305175781	100.5999984741211	100.4000015258789	100.4000015258789	26000	0.0	0.0	0.0
2022-02-17 00:00:00+08:00	101.0999984741211	101.0999984741211	100.8499984741211	100.8499984741211	24000	0.0	0.0	0.0
2022-02-18 00:00:00+08:00	100.4000015258789	100.75	100.30000305175781	100.75	23100	0.0	0.0	0.0
2022-02-21 00:00:00+08:00	100.1500015258789	100.5	100.1500015258789	100.5	22000	0.0	0.0	0.0
2022-02-22 00:00:00+08:00	99.44999694824219	99.44999694824219	99.0	99.0	22000	0.0	0.0	0.0
2022-02-23 00:00:00+08:00	99.0	99.30000305175781	98.80000305175781	99.25	45000	0.0	0.0	0.0
2022-02-24 00:00:00+08:00	98.30000305175781	98.30000305175781	96.5999984741211	97.05000305175781	23000	0.0	0.0	0.0
2022-02-25 00:00:00+08:00	96.94999694824219	96.94999694824219	96.69999694824219	96.69999694824219	3000	0.0	0.0	0.0
2022-03-01 00:00:00+08:00	98.0	98.19999694824219	98.0	98.19999694824219	26000	0.0	0.0	0.0
2022-03-02 00:00:00+08:00	97.80000305175781	97.80000305175781	97.3499984741211	97.75	25000	0.0	0.0	0.0
2022-03-03 00:00:00+08:00	98.05000305175781	98.05000305175781	97.9000015258789	97.9000015258789	24010	0.0	0.0	0.0
2022-03-04 00:00:00+08:00	96.55000305175781	97.0999984741211	96.55000305175781	96.8499984741211	25003	0.0	0.0	0.0
2022-03-07 00:00:00+08:00	94.4000015258789	94.4000015258789	93.4000015258789	93.5	35011	0.0	0.0	0.0
2022-03-08 00:00:00+08:00	92.75	92.75	91.44999694824219	91.6500015258789	25000	0.0	0.0	0.0
2022-03-09 00:00:00+08:00	92.1500015258789	92.80000305175781	92.1500015258789	92.55000305175781	25000	0.0	0.0	0.0
2022-03-10 00:00:00+08:00	94.9000015258789	95.19999694824219	94.9000015258789	95.0	23015	0.0	0.0	0.0
2022-03-11 00:00:00+08:00	94.5999984741211	94.5999984741211	94.05000305175781	94.05000305175781	22000	0.0	0.0	0.0
2022-03-14 00:00:00+08:00	94.19999694824219	94.19999694824219	93.69999694824219	93.69999694824219	25000	0.0	0.0	0.0
2022-03-15 00:00:00+08:00	92.4000015258789	92.4000015258789	91.9000015258789	91.9000015258789	24000	0.0	0.0	0.0
2022-03-16 00:00:00+08:00	92.05000305175781	92.19999694824219	91.5999984741211	92.19999694824219	27000	0.0	0.0	0.0
2022-03-17 00:00:00+08:00	94.75	95.05000305175781	94.55000305175781	95.05000305175781	29000	0.0	0.0	0.0
2022-03-18 00:00:00+08:00	95.19999694824219	95.3499984741211	94.75	95.05000305175781	44000	0.0	0.0	0.0
2022-03-21 00:00:00+08:00	96.0	96.0	95.80000305175781	95.80000305175781	23000	0.0	0.0	0.0
2022-03-22 00:00:00+08:00	95.5	95.5	95.30000305175781	95.44999694824219	57000	0.0	0.0	0.0
2022-03-23 00:00:00+08:00	96.5	96.5999984741211	96.3499984741211	96.5999984741211	23000	0.0	0.0	0.0
2022-03-24 00:00:00+08:00	96.55000305175781	96.5999984741211	96.55000305175781	96.5999984741211	21000	0.0	0.0	0.0
2022-03-25 00:00:00+08:00	96.75	96.9000015258789	96.69999694824219	96.69999694824219	33000	0.0	0.0	0.0
2022-03-28 00:00:00+08:00	95.4000015258789	95.5999984741211	95.0999984741211	95.5999984741211	25000	0.0	0.0	0.0
2022-03-29 00:00:00+08:00	95.5999984741211	95.94999694824219	95.55000305175781	95.55000305175781	27000	0.0	0.0	0.0
2022-03-30 00:00:00+08:00	96.4000015258789	96.9000015258789	96.4000015258789	96.6500015258789	22000	0.0	0.0	0.0
2022-03-31 00:00:00+08:00	96.69999694824219	96.94999694824219	96.69999694824219	96.94999694824219	21000	0.0	0.0	0.0
2022-04-01 00:00:00+08:00	95.75	95.75	95.75	95.75	2000	0.0	0.0	0.0
2022-04-06 00:00:00+08:00	94.80000305175781	95.1500015258789	94.80000305175781	95.0999984741211	26000	0.0	0.0	0.0
2022-04-07 00:00:00+08:00	94.44999694824219	94.44999694824219	93.94999694824219	93.94999694824219	24000	0.0	0.0	0.0
2022-04-08 00:00:00+08:00	93.69999694824219	93.69999694824219	93.5999984741211	93.6500015258789	23002	0.0	0.0	0.0
2022-04-11 00:00:00+08:00	93.4000015258789	93.4000015258789	92.6500015258789	92.6500015258789	12005	0.0	0.0	0.0
2022-04-12 00:00:00+08:00	92.75	92.75	92.30000305175781	92.30000305175781	25003	0.0	0.0	0.0
2022-04-13 00:00:00+08:00	93.30000305175781	94.0	93.30000305175781	94.0	23050	0.0	0.0	0.0
2022-04-14 00:00:00+08:00	94.0999984741211	94.0999984741211	93.9000015258789	93.9000015258789	23000	0.0	0.0	0.0
2022-04-15 00:00:00+08:00	92.4000015258789	92.75	92.19999694824219	92.3499984741211	26000	0.0	0.0	0.0
2022-04-18 00:00:00+08:00	92.0	92.0	91.69999694824219	91.75	25002	0.0	0.0	0.0
2022-04-19 00:00:00+08:00	92.6500015258789	92.6500015258789	92.19999694824219	92.19999694824219	23000	0.0	0.0	0.0
2022-04-20 00:00:00+08:00	92.05000305175781	92.5999984741211	91.9000015258789	92.5999984741211	50045	0.0	0.0	0.0
2022-04-21 00:00:00+08:00	92.8499984741211	92.8499984741211	92.6500015258789	92.69999694824219	23010	0.0	0.0	0.0
2022-04-22 00:00:00+08:00	91.5	91.80000305175781	91.5	91.80000305175781	31000	0.0	0.0	0.0
2022-04-25 00:00:00+08:00	90.5	90.5	89.9000015258789	89.9000015258789	44000	0.0	0.0	0.0
2022-04-26 00:00:00+08:00	90.0999984741211	90.19999694824219	89.94999694824219	89.94999694824219	25000	0.0	0.0	0.0
2022-04-27 00:00:00+08:00	88.0	88.30000305175781	87.9000015258789	88.30000305175781	26000	0.0	0.0	0.0
2022-04-28 00:00:00+08:00	87.9000015258789	88.44999694824219	87.9000015258789	88.44999694824219	21000	0.0	0.0	0.0
2022-04-29 00:00:00+08:00	89.94999694824219	90.1500015258789	89.5999984741211	89.6500015258789	68000	0.0	0.0	0.0
2022-05-03 00:00:00+08:00	89.69999694824219	89.69999694824219	89.0999984741211	89.0999984741211	44000	0.0	0.0	0.0
2022-05-04 00:00:00+08:00	89.69999694824219	89.69999694824219	89.05000305175781	89.0999984741211	63000	0.0	0.0	0.0
2022-05-05 00:00:00+08:00	90.3499984741211	90.4000015258789	89.80000305175781	90.0	36000	0.0	0.0	0.0
2022-05-06 00:00:00+08:00	88.05000305175781	88.5999984741211	87.9000015258789	88.19999694824219	62000	0.0	0.0	0.0
2022-05-09 00:00:00+08:00	87.6500015258789	87.6500015258789	86.6500015258789	86.6500015258789	65000	0.0	0.0	0.0
2022-05-10 00:00:00+08:00	85.4000015258789	86.4000015258789	84.69999694824219	86.4000015258789	73000	0.0	0.0	0.0
2022-05-11 00:00:00+08:00	86.44999694824219	87.05000305175781	86.44999694824219	86.6500015258789	29000	0.0	0.0	0.0
2022-05-12 00:00:00+08:00	85.8499984741211	85.8499984741211	84.80000305175781	84.80000305175781	32001	0.0	0.0	0.0
2022-05-13 00:00:00+08:00	85.30000305175781	85.3499984741211	85.0999984741211	85.1500015258789	38001	0.0	0.0	0.0
2022-05-16 00:00:00+08:00	86.44999694824219	86.44999694824219	85.80000305175781	85.80000305175781	37000	0.0	0.0	0.0
2022-05-17 00:00:00+08:00	86.94999694824219	87.1500015258789	86.80000305175781	86.80000305175781	45000	0.0	0.0	0.0
2022-05-18 00:00:00+08:00	87.69999694824219	88.4000015258789	87.5999984741211	88.0999984741211	107000	0.0	0.0	0.0
2022-05-19 00:00:00+08:00	86.0	86.44999694824219	85.94999694824219	86.3499984741211	35000	0.0	0.0	0.0
2022-05-20 00:00:00+08:00	87.0999984741211	87.4000015258789	87.05000305175781	87.0999984741211	61001	0.0	0.0	0.0
2022-05-23 00:00:00+08:00	87.55000305175781	87.55000305175781	86.69999694824219	87.0	232005	0.0	0.0	0.0
2022-05-24 00:00:00+08:00	87.3499984741211	87.3499984741211	86.19999694824219	86.19999694824219	74000	0.0	0.0	0.0
2022-05-25 00:00:00+08:00	86.25	87.0	85.0	87.0	3065789	0.0	0.0	0.0
2022-05-26 00:00:00+08:00	87.0	87.0	85.80000305175781	85.80000305175781	3008001	0.0	0.0	0.0
2022-05-27 00:00:00+08:00	87.75	88.19999694824219	87.55000305175781	87.6500015258789	1847000	0.0	0.0	0.0
2022-05-30 00:00:00+08:00	88.8499984741211	89.6500015258789	88.8499984741211	89.6500015258789	23001	0.0	0.0	0.0
2022-05-31 00:00:00+08:00	89.44999694824219	90.4000015258789	89.44999694824219	90.4000015258789	23090	0.0	0.0	0.0
2022-06-01 00:00:00+08:00	91.0999984741211	91.0999984741211	90.69999694824219	90.9000015258789	22000	0.0	0.0	0.0
2022-06-02 00:00:00+08:00	90.0999984741211	90.0999984741211	90.0999984741211	90.0999984741211	22000	0.0	0.0	0.0
2022-06-06 00:00:00+08:00	89.94999694824219	90.3499984741211	89.9000015258789	90.3499984741211	23003	0.0	0.0	0.0
2022-06-07 00:00:00+08:00	89.25	89.44999694824219	89.25	89.4000015258789	23002	0.0	0.0	0.0
2022-06-08 00:00:00+08:00	90.05000305175781	90.3499984741211	90.05000305175781	90.30000305175781	23000	0.0	0.0	0.0
2022-06-09 00:00:00+08:00	90.05000305175781	90.05000305175781	90.0	90.0	23055	0.0	0.0	0.0
2022-06-10 00:00:00+08:00	89.0999984741211	89.1500015258789	89.0999984741211	89.1500015258789	22000	0.0	0.0	0.0
2022-06-13 00:00:00+08:00	87.0999984741211	87.0999984741211	86.9000015258789	86.9000015258789	24000	0.0	0.0	0.0
2022-06-14 00:00:00+08:00	86.0	86.69999694824219	85.94999694824219	86.5999984741211	24017	0.0	0.0	0.0
2022-06-15 00:00:00+08:00	86.5999984741211	86.6500015258789	86.1500015258789	86.19999694824219	23000	0.0	0.0	0.0
2022-06-16 00:00:00+08:00	87.1500015258789	87.25	86.3499984741211	86.3499984741211	24004	0.0	0.0	0.0
2022-06-17 00:00:00+08:00	84.69999694824219	84.8499984741211	84.3499984741211	84.5999984741211	25010	0.0	0.0	0.0
2022-06-20 00:00:00+08:00	84.3499984741211	84.3499984741211	83.9000015258789	83.9000015258789	22005	0.0	0.0	0.0
2022-06-21 00:00:00+08:00	84.25	85.19999694824219	84.25	85.19999694824219	24000	0.0	0.0	0.0
2022-06-22 00:00:00+08:00	84.4000015258789	84.44999694824219	83.3499984741211	83.5	44000	0.0	0.0	0.0
2022-06-23 00:00:00+08:00	83.1500015258789	83.1500015258789	82.1500015258789	82.55000305175781	36000	0.0	0.0	0.0
2022-06-24 00:00:00+08:00	83.3499984741211	83.3499984741211	82.55000305175781	82.5999984741211	22000	0.0	0.0	0.0
2022-06-27 00:00:00+08:00	84.0	84.6500015258789	84.0	84.55000305175781	22000	0.0	0.0	0.0
2022-06-28 00:00:00+08:00	84.05000305175781	84.05000305175781	83.44999694824219	83.55000305175781	26000	0.0	0.0	0.0
2022-06-29 00:00:00+08:00	82.5999984741211	83.0	82.5999984741211	82.8499984741211	29000	0.0	0.0	0.0
2022-06-30 00:00:00+08:00	81.25	81.25	80.80000305175781	80.9000015258789	23013	0.0	0.0	0.0
2022-07-01 00:00:00+08:00	79.5999984741211	79.5999984741211	78.0999984741211	78.25	36000	0.0	0.0	0.0
2022-07-04 00:00:00+08:00	77.4000015258789	77.44999694824219	76.94999694824219	77.0	44000	0.0	0.0	0.0
2022-07-05 00:00:00+08:00	77.9000015258789	77.9000015258789	76.3499984741211	77.05000305175781	66007	0.0	0.0	0.0
2022-07-06 00:00:00+08:00	77.44999694824219	77.44999694824219	76.19999694824219	76.19999694824219	23000	0.0	0.0	0.0
2022-07-07 00:00:00+08:00	76.4000015258789	78.19999694824219	75.9000015258789	78.19999694824219	26000	0.0	0.0	0.0
2022-07-08 00:00:00+08:00	79.4000015258789	79.4000015258789	78.8499984741211	78.94999694824219	22000	0.0	0.0	0.0
2022-07-11 00:00:00+08:00	78.94999694824219	78.94999694824219	78.5	78.5	2000	0.0	0.0	0.0
2022-07-12 00:00:00+08:00	77.0999984741211	77.0999984741211	76.55000305175781	76.55000305175781	4000	0.0	0.0	0.0
2022-07-13 00:00:00+08:00	78.8499984741211	79.0	78.69999694824219	79.0	6000	0.0	0.0	0.0
2022-07-14 00:00:00+08:00	79.1500015258789	79.55000305175781	79.1500015258789	79.4000015258789	121000	0.0	0.0	0.0
2022-07-15 00:00:00+08:00	79.80000305175781	81.19999694824219	79.69999694824219	81.19999694824219	11000	0.0	0.0	0.0
2022-07-18 00:00:00+08:00	81.3499984741211	81.4000015258789	81.0	81.4000015258789	63000	0.0	0.0	0.0
2022-07-19 00:00:00+08:00	80.9000015258789	81.55000305175781	80.9000015258789	81.19999694824219	25010	0.0	0.0	0.0
2022-07-20 00:00:00+08:00	82.30000305175781	82.3499984741211	82.1500015258789	82.1500015258789	23000	0.0	0.0	0.0
2022-07-21 00:00:00+08:00	82.1500015258789	82.4000015258789	82.1500015258789	82.4000015258789	22000	0.0	0.0	0.0
2022-07-22 00:00:00+08:00	83.0999984741211	83.0999984741211	82.80000305175781	82.80000305175781	21010	0.0	0.0	0.0
2022-07-25 00:00:00+08:00	82.55000305175781	83.1500015258789	82.55000305175781	83.0999984741211	24000	0.0	0.0	0.0
2022-07-26 00:00:00+08:00	82.75	82.75	82.05000305175781	82.1500015258789	7015	0.0	0.0	0.0
2022-07-27 00:00:00+08:00	82.30000305175781	82.44999694824219	82.19999694824219	82.44999694824219	3000	0.0	0.0	0.0
2022-07-28 00:00:00+08:00	83.55000305175781	83.55000305175781	83.0	83.0	43000	0.0	0.0	0.0
2022-07-29 00:00:00+08:00	83.8499984741211	83.8499984741211	83.55000305175781	83.55000305175781	2000	0.0	0.0	0.0
2022-08-01 00:00:00+08:00	83.19999694824219	83.25	83.19999694824219	83.25	3000	0.0	0.0	0.0
2022-08-02 00:00:00+08:00	82.4000015258789	82.4000015258789	81.8499984741211	82.1500015258789	23000	0.0	0.0	0.0
2022-08-03 00:00:00+08:00	82.25	82.30000305175781	82.05000305175781	82.05000305175781	21000	0.0	0.0	0.0
2022-08-04 00:00:00+08:00	82.5999984741211	82.5999984741211	82.05000305175781	82.4000015258789	22000	0.0	0.0	0.0
2022-08-05 00:00:00+08:00	83.5999984741211	84.5999984741211	83.5999984741211	84.5999984741211	3000	0.0	0.0	0.0
2022-08-08 00:00:00+08:00	84.30000305175781	85.0	84.25	84.44999694824219	105000	0.0	0.0	0.0
2022-08-09 00:00:00+08:00	83.94999694824219	84.5999984741211	83.94999694824219	84.55000305175781	7000	0.0	0.0	0.0
2022-08-10 00:00:00+08:00	83.94999694824219	83.94999694824219	83.80000305175781	83.80000305175781	2000	0.0	0.0	0.0
2022-08-11 00:00:00+08:00	85.0999984741211	85.44999694824219	85.0999984741211	85.44999694824219	4000	0.0	0.0	0.0
2022-08-12 00:00:00+08:00	85.44999694824219	86.0	85.44999694824219	86.0	4000	0.0	0.0	0.0
2022-08-15 00:00:00+08:00	86.25	86.9000015258789	86.25	86.9000015258789	3000	0.0	0.0	0.0
2022-08-16 00:00:00+08:00	86.80000305175781	86.9000015258789	86.5999984741211	86.8499984741211	9000	0.0	0.0	0.0
2022-08-17 00:00:00+08:00	87.0999984741211	87.0999984741211	86.9000015258789	86.9000015258789	5000	0.0	0.0	0.0
2022-08-18 00:00:00+08:00	86.0999984741211	86.4000015258789	86.0999984741211	86.4000015258789	2100	0.0	0.0	0.0
2022-08-19 00:00:00+08:00	86.4000015258789	86.69999694824219	86.4000015258789	86.6500015258789	3000	0.0	0.0	0.0
2022-08-22 00:00:00+08:00	86.0	86.0999984741211	85.30000305175781	85.4000015258789	30000	0.0	0.0	0.0
2022-08-23 00:00:00+08:00	84.55000305175781	84.5999984741211	84.4000015258789	84.4000015258789	3000	0.0	0.0	0.0
2022-08-24 00:00:00+08:00	84.69999694824219	84.69999694824219	84.0999984741211	84.0999984741211	2000	0.0	0.0	0.0
2022-08-25 00:00:00+08:00	84.6500015258789	85.0	84.6500015258789	84.80000305175781	3253	0.0	0.0	0.0
2022-08-26 00:00:00+08:00	85.5	85.5999984741211	85.5	85.5999984741211	10002	0.0	0.0	0.0
2022-08-29 00:00:00+08:00	83.25	83.5	83.05000305175781	83.5	5015	0.0	0.0	0.0
2022-08-30 00:00:00+08:00	83.30000305175781	83.75	83.0999984741211	83.6500015258789	32000	0.0	0.0	0.0
2022-08-31 00:00:00+08:00	83.1500015258789	83.1500015258789	83.1500015258789	83.1500015258789	1000	0.0	0.0	0.0
2022-09-01 00:00:00+08:00	82.55000305175781	82.55000305175781	82.44999694824219	82.44999694824219	4000	0.0	0.0	0.0
2022-09-02 00:00:00+08:00	81.9000015258789	81.9000015258789	81.55000305175781	81.55000305175781	2000	0.0	0.0	0.0
2022-09-05 00:00:00+08:00	81.5999984741211	81.6500015258789	81.5	81.6500015258789	3000	0.0	0.0	0.0
2022-09-06 00:00:00+08:00	82.05000305175781	82.05000305175781	81.8499984741211	82.05000305175781	6000	0.0	0.0	0.0
2022-09-07 00:00:00+08:00	80.3499984741211	80.3499984741211	80.3499984741211	80.3499984741211	3002	0.0	0.0	0.0
2022-09-08 00:00:00+08:00	80.75	80.80000305175781	80.5	80.80000305175781	3000	0.0	0.0	0.0
2022-09-12 00:00:00+08:00	82.5999984741211	82.5999984741211	82.5999984741211	82.5999984741211	1100	0.0	0.0	0.0
2022-09-13 00:00:00+08:00	83.1500015258789	83.1500015258789	83.05000305175781	83.05000305175781	4000	0.0	0.0	0.0
2022-09-14 00:00:00+08:00	83.05000305175781	83.05000305175781	83.05000305175781	83.05000305175781	0	0.0	0.0	0.0
2022-09-15 00:00:00+08:00	81.6500015258789	81.9000015258789	81.5999984741211	81.5999984741211	6000	0.0	0.0	0.0
2022-09-16 00:00:00+08:00	80.75	80.8499984741211	80.69999694824219	80.8499984741211	15000	0.0	0.0	0.0
2022-09-19 00:00:00+08:00	80.69999694824219	80.69999694824219	80.19999694824219	80.30000305175781	4000	0.0	0.0	0.0
2022-09-20 00:00:00+08:00	80.69999694824219	80.69999694824219	80.69999694824219	80.69999694824219	1000	0.0	0.0	0.0
2022-09-21 00:00:00+08:00	80.69999694824219	80.69999694824219	80.5999984741211	80.5999984741211	2000	0.0	0.0	0.0
2022-09-22 00:00:00+08:00	80.5999984741211	80.5999984741211	80.5999984741211	80.5999984741211	0	0.0	0.0	0.0
2022-09-23 00:00:00+08:00	78.80000305175781	78.9000015258789	78.3499984741211	78.4000015258789	8000	0.0	0.0	0.0
2022-09-26 00:00:00+08:00	76.69999694824219	76.69999694824219	76.5999984741211	76.69999694824219	20023	0.0	0.0	0.0
2022-09-27 00:00:00+08:00	76.75	76.75	76.69999694824219	76.69999694824219	3006	0.0	0.0	0.0
2022-09-28 00:00:00+08:00	76.19999694824219	76.19999694824219	76.19999694824219	76.19999694824219	1092	0.0	0.0	0.0
2022-09-29 00:00:00+08:00	75.19999694824219	75.19999694824219	75.05000305175781	75.05000305175781	4000	0.0	0.0	0.0
2022-09-30 00:00:00+08:00	73.9000015258789	74.0	73.80000305175781	74.0	22000	0.0	0.0	0.0
2022-10-03 00:00:00+08:00	73.19999694824219	73.19999694824219	73.19999694824219	73.19999694824219	2000	0.0	0.0	0.0
2022-10-04 00:00:00+08:00	74.55000305175781	74.69999694824219	74.55000305175781	74.69999694824219	3000	0.0	0.0	0.0
2022-10-05 00:00:00+08:00	76.25	77.05000305175781	76.25	77.05000305175781	2000	0.0	0.0	0.0
2022-10-06 00:00:00+08:00	77.05000305175781	77.0999984741211	76.8499984741211	76.8499984741211	42000	0.0	0.0	0.0
2022-10-07 00:00:00+08:00	76.3499984741211	76.3499984741211	76.3499984741211	76.3499984741211	2007	0.0	0.0	0.0
2022-10-11 00:00:00+08:00	72.5	72.5	72.1500015258789	72.1500015258789	3000	0.0	0.0	0.0
2022-10-12 00:00:00+08:00	71.5999984741211	71.94999694824219	71.5	71.94999694824219	4007	0.0	0.0	0.0
2022-10-13 00:00:00+08:00	71.9000015258789	71.9000015258789	70.8499984741211	70.8499984741211	14000	0.0	0.0	0.0
2022-10-14 00:00:00+08:00	72.80000305175781	72.80000305175781	72.80000305175781	72.80000305175781	10000	0.0	0.0	0.0
2022-10-17 00:00:00+08:00	71.30000305175781	71.30000305175781	71.0	71.30000305175781	8000	0.0	0.0	0.0
2022-10-18 00:00:00+08:00	72.0	72.1500015258789	71.6500015258789	72.1500015258789	7000	0.0	0.0	0.0
2022-10-19 00:00:00+08:00	72.25	72.25	72.25	72.25	1000	0.0	0.0	0.0
2022-10-20 00:00:00+08:00	72.25	72.25	72.25	72.25	0	0.0	0.0	0.0
2022-10-21 00:00:00+08:00	71.30000305175781	71.30000305175781	71.30000305175781	71.30000305175781	1000	0.0	0.0	0.0
2022-10-24 00:00:00+08:00	70.8499984741211	71.0	70.8499984741211	70.8499984741211	21000	0.0	0.0	0.0
2022-10-25 00:00:00+08:00	69.9000015258789	69.9000015258789	69.4000015258789	69.4000015258789	3000	0.0	0.0	0.0
2022-10-26 00:00:00+08:00	69.1500015258789	69.80000305175781	69.1500015258789	69.80000305175781	5015	0.0	0.0	0.0
2022-10-27 00:00:00+08:00	71.0999984741211	71.0999984741211	71.0999984741211	71.0999984741211	2000	0.0	0.0	0.0
2022-10-28 00:00:00+08:00	70.5	70.5	70.5	70.5	1000	0.0	0.0	0.0
2022-10-31 00:00:00+08:00	70.5	70.94999694824219	70.5	70.94999694824219	2000	0.0	0.0	0.0
2022-11-01 00:00:00+08:00	71.30000305175781	71.44999694824219	71.30000305175781	71.44999694824219	3000	0.0	0.0	0.0
2022-11-02 00:00:00+08:00	71.44999694824219	71.44999694824219	71.44999694824219	71.44999694824219	0	0.0	0.0	0.0
2022-11-03 00:00:00+08:00	70.75	70.80000305175781	70.75	70.80000305175781	3000	0.0	0.0	0.0
2022-11-04 00:00:00+08:00	70.5999984741211	70.5999984741211	70.5999984741211	70.5999984741211	1000	0.0	0.0	0.0
2022-11-07 00:00:00+08:00	71.5999984741211	72.25	71.5999984741211	72.25	2000	0.0	0.0	0.0
2022-11-08 00:00:00+08:00	72.8499984741211	73.05000305175781	72.8499984741211	72.94999694824219	6000	0.0	0.0	0.0
2022-11-09 00:00:00+08:00	74.6500015258789	74.6500015258789	74.6500015258789	74.6500015258789	1000	0.0	0.0	0.0
2022-11-10 00:00:00+08:00	74.05000305175781	74.05000305175781	74.05000305175781	74.05000305175781	1000	0.0	0.0	0.0
2022-11-11 00:00:00+08:00	77.75	77.80000305175781	77.1500015258789	77.80000305175781	7000	0.0	0.0	0.0
2022-11-14 00:00:00+08:00	78.3499984741211	78.75	78.3499984741211	78.75	8000	0.0	0.0	0.0
2022-11-15 00:00:00+08:00	80.0999984741211	81.6500015258789	80.0999984741211	81.6500015258789	6000	0.0	0.0	0.0
2022-11-16 00:00:00+08:00	82.19999694824219	82.25	81.55000305175781	81.75	6000	0.0	0.0	0.0
2022-11-17 00:00:00+08:00	81.19999694824219	81.69999694824219	81.05000305175781	81.69999694824219	5000	0.0	0.0	0.0
2022-11-18 00:00:00+08:00	82.44999694824219	82.44999694824219	81.44999694824219	81.44999694824219	2000	0.0	0.0	0.0
2022-11-21 00:00:00+08:00	81.3499984741211	81.44999694824219	80.80000305175781	80.80000305175781	22000	0.0	0.0	0.0
2022-11-22 00:00:00+08:00	80.5999984741211	81.55000305175781	80.5999984741211	81.55000305175781	4000	0.0	0.0	0.0
2022-11-23 00:00:00+08:00	82.3499984741211	82.3499984741211	82.0999984741211	82.0999984741211	3000	0.0	0.0	0.0
2022-11-24 00:00:00+08:00	82.5	82.9000015258789	82.5	82.9000015258789	5000	0.0	0.0	0.0
2022-11-25 00:00:00+08:00	82.9000015258789	82.94999694824219	82.9000015258789	82.94999694824219	2000	0.0	0.0	0.0
2022-11-28 00:00:00+08:00	81.69999694824219	81.8499984741211	81.69999694824219	81.8499984741211	4000	0.0	0.0	0.0
2022-11-29 00:00:00+08:00	80.80000305175781	82.0	80.80000305175781	82.0	4000	0.0	0.0	0.0
2022-11-30 00:00:00+08:00	82.19999694824219	82.69999694824219	82.19999694824219	82.69999694824219	2015	0.0	0.0	0.0
2022-12-01 00:00:00+08:00	84.5999984741211	84.5999984741211	83.9000015258789	83.9000015258789	5000	0.0	0.0	0.0
2022-12-02 00:00:00+08:00	83.3499984741211	83.44999694824219	83.3499984741211	83.44999694824219	2001	0.0	0.0	0.0
2022-12-05 00:00:00+08:00	83.9000015258789	84.05000305175781	83.69999694824219	83.69999694824219	14000	0.0	0.0	0.0
2022-12-06 00:00:00+08:00	83.19999694824219	83.19999694824219	82.55000305175781	82.55000305175781	3000	0.0	0.0	0.0
2022-12-07 00:00:00+08:00	81.75	81.8499984741211	81.75	81.8499984741211	3010	0.0	0.0	0.0
2022-12-08 00:00:00+08:00	80.69999694824219	80.94999694824219	80.5999984741211	80.94999694824219	3000	0.0	0.0	0.0
2022-12-09 00:00:00+08:00	81.9000015258789	81.9000015258789	81.9000015258789	81.9000015258789	1001	0.0	0.0	0.0
2022-12-12 00:00:00+08:00	81.19999694824219	81.19999694824219	81.19999694824219	81.19999694824219	1000	0.0	0.0	0.0
2022-12-13 00:00:00+08:00	81.19999694824219	81.19999694824219	80.69999694824219	80.69999694824219	4000	0.0	0.0	0.0
2022-12-14 00:00:00+08:00	81.69999694824219	81.75	81.5	81.75	4000	0.0	0.0	0.0
2022-12-15 00:00:00+08:00	81.75	82.05000305175781	81.75	82.05000305175781	2000	0.0	0.0	0.0
2022-12-16 00:00:00+08:00	80.4000015258789	80.75	80.4000015258789	80.75	6000	0.0	0.0	0.0
2022-12-19 00:00:00+08:00	80.19999694824219	80.19999694824219	80.19999694824219	80.19999694824219	2000	0.0	0.0	0.0
2022-12-20 00:00:00+08:00	80.25	80.25	78.80000305175781	78.80000305175781	6000	0.0	0.0	0.0
2022-12-21 00:00:00+08:00	79.3499984741211	79.3499984741211	78.94999694824219	78.94999694824219	2000	0.0	0.0	0.0
2022-12-22 00:00:00+08:00	80.25	80.25	80.25	80.25	1000	0.0	0.0	0.0
2022-12-23 00:00:00+08:00	78.80000305175781	79.05000305175781	78.80000305175781	79.05000305175781	2013	0.0	0.0	0.0
2022-12-26 00:00:00+08:00	78.75	79.0999984741211	78.69999694824219	79.0999984741211	24000	0.0	0.0	0.0
2022-12-27 00:00:00+08:00	79.5	79.80000305175781	79.5	79.5	4000	0.0	0.0	0.0
2022-12-28 00:00:00+08:00	78.19999694824219	78.19999694824219	78.0999984741211	78.0999984741211	2000	0.0	0.0	0.0
2022-12-29 00:00:00+08:00	77.55000305175781	77.6500015258789	77.44999694824219	77.6500015258789	42000	0.0	0.0	0.0
2022-12-30 00:00:00+08:00	78.75	78.75	78.5999984741211	78.5999984741211	3001	0.0	0.0	0.0
2023-01-03 00:00:00+08:00	78.5999984741211	78.6500015258789	78.30000305175781	78.6500015258789	22000	0.0	0.0	0.0
2023-01-04 00:00:00+08:00	78.5	78.9000015258789	78.5	78.5999984741211	3000	0.0	0.0	0.0
2023-01-05 00:00:00+08:00	79.4000015258789	79.4000015258789	79.05000305175781	79.05000305175781	3000	0.0	0.0	0.0
2023-01-06 00:00:00+08:00	79.4000015258789	79.5999984741211	79.19999694824219	79.5999984741211	3000	0.0	0.0	0.0
2023-01-09 00:00:00+08:00	81.4000015258789	81.69999694824219	81.30000305175781	81.69999694824219	5000	0.0	0.0	0.0
2023-01-10 00:00:00+08:00	82.3499984741211	82.5	82.3499984741211	82.5	11050	0.0	0.0	0.0
2023-01-11 00:00:00+08:00	82.69999694824219	82.69999694824219	82.0999984741211	82.44999694824219	13952	0.0	0.0	0.0
2023-01-12 00:00:00+08:00	82.6500015258789	82.69999694824219	82.25	82.25	74032	0.0	0.0	0.0
2023-01-13 00:00:00+08:00	83.9000015258789	83.9000015258789	83.19999694824219	83.19999694824219	10000	0.0	0.0	0.0
2023-01-16 00:00:00+08:00	84.0	84.0	83.8499984741211	83.8499984741211	2013	0.0	0.0	0.0
2023-01-17 00:00:00+08:00	83.75	84.05000305175781	83.69999694824219	83.94999694824219	115000	0.0	0.0	0.0
2023-01-30 00:00:00+08:00	87.19999694824219	87.44999694824219	87.19999694824219	87.44999694824219	3000	0.0	0.0	0.0
2023-01-31 00:00:00+08:00	87.19999694824219	87.19999694824219	86.0	86.0	7000	0.0	0.0	0.0
2023-02-01 00:00:00+08:00	86.19999694824219	86.4000015258789	86.0	86.4000015258789	5039	0.0	0.0	0.0
2023-02-02 00:00:00+08:00	87.75	87.75	87.75	87.75	1000	0.0	0.0	0.0
2023-02-03 00:00:00+08:00	87.4000015258789	87.9000015258789	87.30000305175781	87.9000015258789	9000	0.0	0.0	0.0
2023-02-06 00:00:00+08:00	86.75	86.80000305175781	86.4000015258789	86.4000015258789	4001	0.0	0.0	0.0
2023-02-07 00:00:00+08:00	86.55000305175781	86.55000305175781	86.05000305175781	86.30000305175781	4019	0.0	0.0	0.0
2023-02-08 00:00:00+08:00	86.94999694824219	87.8499984741211	86.94999694824219	87.8499984741211	6000	0.0	0.0	0.0
2023-02-09 00:00:00+08:00	87.3499984741211	87.6500015258789	87.3499984741211	87.6500015258789	3000	0.0	0.0	0.0
2023-02-10 00:00:00+08:00	87.80000305175781	87.80000305175781	87.80000305175781	87.80000305175781	1000	0.0	0.0	0.0
2023-02-13 00:00:00+08:00	87.4000015258789	87.4000015258789	86.94999694824219	87.4000015258789	30000	0.0	0.0	0.0
2023-02-14 00:00:00+08:00	88.0	88.3499984741211	87.9000015258789	88.3499984741211	27029	0.0	0.0	0.0
2023-02-15 00:00:00+08:00	87.19999694824219	87.19999694824219	86.4000015258789	86.5	3000	0.0	0.0	0.0
2023-02-16 00:00:00+08:00	87.05000305175781	87.3499984741211	87.05000305175781	87.0999984741211	6000	0.0	0.0	0.0
2023-02-17 00:00:00+08:00	86.19999694824219	86.55000305175781	86.19999694824219	86.55000305175781	15000	0.0	0.0	0.0
2023-02-20 00:00:00+08:00	86.19999694824219	86.8499984741211	86.19999694824219	86.8499984741211	7000	0.0	0.0	0.0
2023-02-21 00:00:00+08:00	86.5	86.6500015258789	86.44999694824219	86.6500015258789	3000	0.0	0.0	0.0
2023-02-22 00:00:00+08:00	85.6500015258789	85.6500015258789	85.6500015258789	85.6500015258789	1000	0.0	0.0	0.0
2023-02-23 00:00:00+08:00	86.44999694824219	86.9000015258789	86.44999694824219	86.9000015258789	2000	0.0	0.0	0.0
2023-02-24 00:00:00+08:00	87.0	87.0	86.5999984741211	86.5999984741211	3000	0.0	0.0	0.0
2023-03-01 00:00:00+08:00	86.75	86.75	86.75	86.75	1000	0.0	0.0	0.0
2023-03-02 00:00:00+08:00	86.55000305175781	86.8499984741211	86.0999984741211	86.8499984741211	26012	0.0	0.0	0.0
2023-03-03 00:00:00+08:00	87.0999984741211	87.0999984741211	86.8499984741211	86.8499984741211	3000	0.0	0.0	0.0
2023-03-06 00:00:00+08:00	87.5999984741211	87.75	87.5999984741211	87.75	2000	0.0	0.0	0.0
2023-03-07 00:00:00+08:00	87.8499984741211	88.25	87.80000305175781	88.25	5000	0.0	0.0	0.0
2023-03-08 00:00:00+08:00	87.5999984741211	87.5999984741211	87.44999694824219	87.44999694824219	2000	0.0	0.0	0.0
2023-03-09 00:00:00+08:00	87.75	87.75	87.75	87.75	1000	0.0	0.0	0.0
2023-03-10 00:00:00+08:00	86.25	86.25	85.94999694824219	85.94999694824219	2000	0.0	0.0	0.0
2023-03-13 00:00:00+08:00	85.6500015258789	86.19999694824219	85.6500015258789	86.19999694824219	92000	0.0	0.0	0.0
2023-03-14 00:00:00+08:00	85.4000015258789	85.4000015258789	85.0999984741211	85.0999984741211	65000	0.0	0.0	0.0
2023-03-15 00:00:00+08:00	85.5	88.0999984741211	85.5	85.5999984741211	114000	0.0	0.0	0.0
2023-03-16 00:00:00+08:00	84.69999694824219	84.94999694824219	84.55000305175781	84.55000305175781	10000	0.0	0.0	0.0
2023-03-17 00:00:00+08:00	85.5999984741211	85.94999694824219	85.55000305175781	85.94999694824219	14000	0.0	0.0	0.0
2023-03-20 00:00:00+08:00	86.0	86.0	85.69999694824219	85.69999694824219	2000	0.0	0.0	0.0
2023-03-21 00:00:00+08:00	86.0	86.0	85.9000015258789	85.94999694824219	3000	0.0	0.0	0.0
2023-03-22 00:00:00+08:00	87.5999984741211	87.5999984741211	87.5999984741211	87.5999984741211	1000	0.0	0.0	0.0
2023-03-23 00:00:00+08:00	87.6500015258789	88.3499984741211	87.6500015258789	88.3499984741211	2000	0.0	0.0	0.0
2023-03-24 00:00:00+08:00	88.3499984741211	88.75	88.3499984741211	88.75	2000	0.0	0.0	0.0
2023-03-27 00:00:00+08:00	88.25	88.30000305175781	88.19999694824219	88.30000305175781	6139	0.0	0.0	0.0
2023-03-28 00:00:00+08:00	87.75	87.75	87.30000305175781	87.30000305175781	3000	0.0	0.0	0.0
2023-03-29 00:00:00+08:00	87.6500015258789	87.6500015258789	87.55000305175781	87.55000305175781	2000	0.0	0.0	0.0
2023-03-30 00:00:00+08:00	88.0999984741211	88.19999694824219	87.5999984741211	88.19999694824219	4000	0.0	0.0	0.0
2023-03-31 00:00:00+08:00	88.3499984741211	88.5	88.30000305175781	88.5	3200	0.0	0.0	0.0
2023-04-06 00:00:00+08:00	87.6500015258789	87.6500015258789	87.6500015258789	87.6500015258789	1010	0.0	0.0	0.0
2023-04-07 00:00:00+08:00	87.9000015258789	87.9000015258789	87.69999694824219	87.69999694824219	6000	0.0	0.0	0.0
2023-04-10 00:00:00+08:00	87.94999694824219	87.94999694824219	87.80000305175781	87.80000305175781	2000	0.0	0.0	0.0
2023-04-11 00:00:00+08:00	87.5999984741211	87.75	87.5999984741211	87.75	2000	0.0	0.0	0.0
2023-04-12 00:00:00+08:00	87.75	87.75	87.5	87.55000305175781	4000	0.0	0.0	0.0
2023-04-13 00:00:00+08:00	87.25	87.30000305175781	87.05000305175781	87.05000305175781	3000	0.0	0.0	0.0
2023-04-14 00:00:00+08:00	87.3499984741211	87.75	87.3499984741211	87.75	2000	0.0	0.0	0.0
2023-04-17 00:00:00+08:00	87.30000305175781	87.30000305175781	87.19999694824219	87.19999694824219	2000	0.0	0.0	0.0
2023-04-18 00:00:00+08:00	87.25	87.25	87.0	87.0	5000	0.0	0.0	0.0
2023-04-19 00:00:00+08:00	87.19999694824219	87.19999694824219	86.55000305175781	86.55000305175781	2000	0.0	0.0	0.0
2023-04-20 00:00:00+08:00	86.55000305175781	86.55000305175781	86.55000305175781	86.55000305175781	1000	0.0	0.0	0.0
2023-04-21 00:00:00+08:00	86.8499984741211	86.8499984741211	86.19999694824219	86.19999694824219	2000	0.0	0.0	0.0
2023-04-24 00:00:00+08:00	85.5	85.75	85.5	85.75	27000	0.0	0.0	0.0
2023-04-25 00:00:00+08:00	85.5999984741211	85.5999984741211	84.5999984741211	84.5999984741211	3000	0.0	0.0	0.0
2023-04-26 00:00:00+08:00	84.0	84.0	83.94999694824219	83.94999694824219	8000	0.0	0.0	0.0
2023-04-27 00:00:00+08:00	84.25	84.4000015258789	84.25	84.25	4000	0.0	0.0	0.0
2023-04-28 00:00:00+08:00	85.1500015258789	85.1500015258789	85.1500015258789	85.1500015258789	1000	0.0	0.0	0.0
2023-05-02 00:00:00+08:00	85.3499984741211	85.3499984741211	85.3499984741211	85.3499984741211	1000	0.0	0.0	0.0
2023-05-03 00:00:00+08:00	85.19999694824219	85.19999694824219	85.05000305175781	85.05000305175781	5000	0.0	0.0	0.0
2023-05-04 00:00:00+08:00	85.0	85.3499984741211	85.0	85.3499984741211	2000	0.0	0.0	0.0
2023-05-05 00:00:00+08:00	85.69999694824219	85.69999694824219	85.19999694824219	85.3499984741211	3000	0.0	0.0	0.0
2023-05-08 00:00:00+08:00	86.19999694824219	86.19999694824219	86.0999984741211	86.0999984741211	3000	0.0	0.0	0.0
2023-05-09 00:00:00+08:00	86.19999694824219	86.19999694824219	86.05000305175781	86.19999694824219	4000	0.0	0.0	0.0
2023-05-10 00:00:00+08:00	85.44999694824219	85.44999694824219	85.44999694824219	85.44999694824219	1000	0.0	0.0	0.0
2023-05-11 00:00:00+08:00	85.55000305175781	85.55000305175781	85.4000015258789	85.4000015258789	2000	0.0	0.0	0.0
2023-05-12 00:00:00+08:00	84.9000015258789	85.0999984741211	84.9000015258789	85.0999984741211	5000	0.0	0.0	0.0
2023-05-15 00:00:00+08:00	84.8499984741211	84.8499984741211	84.6500015258789	84.75	12000	0.0	0.0	0.0
2023-05-16 00:00:00+08:00	85.5	86.0999984741211	85.5	86.0999984741211	4000	0.0	0.0	0.0
2023-05-17 00:00:00+08:00	86.55000305175781	86.55000305175781	86.55000305175781	86.55000305175781	1005	0.0	0.0	0.0
2023-05-18 00:00:00+08:00	88.4000015258789	88.55000305175781	88.4000015258789	88.55000305175781	3045	0.0	0.0	0.0
2023-05-19 00:00:00+08:00	88.55000305175781	88.6500015258789	88.55000305175781	88.6500015258789	22100	0.0	0.0	0.0
2023-05-22 00:00:00+08:00	88.6500015258789	88.6500015258789	88.6500015258789	88.6500015258789	0	0.0	0.0	0.0
2023-05-23 00:00:00+08:00	88.30000305175781	88.69999694824219	88.30000305175781	88.55000305175781	5100	0.0	0.0	0.0
2023-05-24 00:00:00+08:00	88.25	88.25	87.94999694824219	87.94999694824219	3000	0.0	0.0	0.0
2023-05-25 00:00:00+08:00	89.0	89.25	89.0	89.25	4010	0.0	0.0	0.0
2023-05-26 00:00:00+08:00	91.1500015258789	91.25	90.75	91.25	8010	0.0	0.0	0.0
2023-05-29 00:00:00+08:00	92.0	92.0999984741211	91.9000015258789	92.0	6020	0.0	0.0	0.0
2023-05-30 00:00:00+08:00	92.0999984741211	92.0999984741211	91.69999694824219	91.94999694824219	5000	0.0	0.0	0.0
2023-05-31 00:00:00+08:00	91.4000015258789	91.4000015258789	90.9000015258789	90.9000015258789	3000	0.0	0.0	0.0
2023-06-01 00:00:00+08:00	90.75	90.75	90.75	90.75	1000	0.0	0.0	0.0
2023-06-02 00:00:00+08:00	91.5999984741211	91.94999694824219	91.5999984741211	91.69999694824219	31000	0.0	0.0	0.0
2023-06-05 00:00:00+08:00	91.69999694824219	92.0	91.69999694824219	91.9000015258789	8000	0.0	0.0	0.0
2023-06-06 00:00:00+08:00	91.9000015258789	92.1500015258789	91.8499984741211	92.1500015258789	27000	0.0	0.0	0.0
2023-06-07 00:00:00+08:00	92.44999694824219	92.44999694824219	92.44999694824219	92.44999694824219	2000	0.0	0.0	0.0
2023-06-08 00:00:00+08:00	92.5	92.5999984741211	92.5	92.5999984741211	7000	0.0	0.0	0.0
2023-06-09 00:00:00+08:00	92.5999984741211	92.5999984741211	92.5999984741211	92.5999984741211	3000	0.0	0.0	0.0
2023-06-12 00:00:00+08:00	93.6500015258789	93.6500015258789	93.6500015258789	93.6500015258789	1000	0.0	0.0	0.0
2023-06-13 00:00:00+08:00	95.05000305175781	95.44999694824219	95.0	95.44999694824219	10000	0.0	0.0	0.0
2023-06-14 00:00:00+08:00	95.05000305175781	95.25	95.05000305175781	95.25	6000	0.0	0.0	0.0
2023-06-15 00:00:00+08:00	95.25	96.0	95.25	96.0	9000	0.0	0.0	0.0
2023-06-16 00:00:00+08:00	95.5	95.69999694824219	95.25	95.5	8000	0.0	0.0	0.0
2023-06-19 00:00:00+08:00	95.44999694824219	95.5	95.44999694824219	95.5	3000	0.0	0.0	0.0
2023-06-20 00:00:00+08:00	95.1500015258789	95.1500015258789	94.94999694824219	94.94999694824219	14110	0.0	0.0	0.0
2023-06-21 00:00:00+08:00	94.9000015258789	94.9000015258789	94.69999694824219	94.8499984741211	13000	0.0	0.0	0.0
2023-06-26 00:00:00+08:00	94.0999984741211	94.44999694824219	94.0999984741211	94.30000305175781	6000	0.0	0.0	0.0
2023-06-27 00:00:00+08:00	93.8499984741211	94.0	93.8499984741211	93.9000015258789	4000	0.0	0.0	0.0
2023-06-28 00:00:00+08:00	93.80000305175781	93.80000305175781	93.80000305175781	93.80000305175781	1000	0.0	0.0	0.0
2023-06-29 00:00:00+08:00	94.19999694824219	94.55000305175781	94.05000305175781	94.05000305175781	22132	0.0	0.0	0.0
2023-06-30 00:00:00+08:00	93.5	93.5	93.5	93.5	10000	0.0	0.0	0.0
2023-07-03 00:00:00+08:00	94.94999694824219	95.0	94.94999694824219	95.0	2000	0.0	0.0	0.0
2023-07-04 00:00:00+08:00	95.3499984741211	95.75	95.25	95.75	4000	0.0	0.0	0.0
2023-07-05 00:00:00+08:00	95.5	95.5	95.25	95.25	5000	0.0	0.0	0.0
2023-07-06 00:00:00+08:00	94.19999694824219	94.19999694824219	93.44999694824219	93.44999694824219	7000	0.0	0.0	0.0
2023-07-07 00:00:00+08:00	93.0999984741211	93.1500015258789	93.05000305175781	93.1500015258789	4000	0.0	0.0	0.0
2023-07-10 00:00:00+08:00	93.3499984741211	93.3499984741211	92.5999984741211	92.94999694824219	100000	0.0	0.0	0.0
2023-07-11 00:00:00+08:00	93.80000305175781	94.0999984741211	93.80000305175781	94.0999984741211	2000	0.0	0.0	0.0
2023-07-12 00:00:00+08:00	94.25	94.69999694824219	94.1500015258789	94.4000015258789	24000	0.0	0.0	0.0
2023-07-13 00:00:00+08:00	96.0	96.55000305175781	96.0	96.55000305175781	5000	0.0	0.0	0.0
2023-07-14 00:00:00+08:00	96.5	96.80000305175781	96.5	96.80000305175781	3000	0.0	0.0	0.0
2023-07-17 00:00:00+08:00	96.69999694824219	97.0999984741211	96.5999984741211	96.94999694824219	24000	0.0	0.0	0.0
2023-07-18 00:00:00+08:00	97.25	97.25	96.75	96.75	12000	0.0	0.0	0.0
2023-07-19 00:00:00+08:00	96.69999694824219	96.69999694824219	96.25	96.25	6000	0.0	0.0	0.0
2023-07-20 00:00:00+08:00	96.1500015258789	96.1500015258789	96.1500015258789	96.1500015258789	1000	0.0	0.0	0.0
2023-07-21 00:00:00+08:00	94.5999984741211	94.6500015258789	94.5999984741211	94.6500015258789	3000	0.0	0.0	0.0
2023-07-24 00:00:00+08:00	94.75	94.94999694824219	94.75	94.94999694824219	2000	0.0	0.0	0.0
2023-07-25 00:00:00+08:00	95.55000305175781	96.4000015258789	95.55000305175781	96.4000015258789	26000	0.0	0.0	0.0
2023-07-26 00:00:00+08:00	96.25	96.25	95.75	96.0	3000	0.0	0.0	0.0
2023-07-27 00:00:00+08:00	96.19999694824219	96.19999694824219	96.19999694824219	96.19999694824219	2000	0.0	0.0	0.0
2023-07-28 00:00:00+08:00	96.0	96.3499984741211	96.0	96.3499984741211	13286	0.0	0.0	0.0
2023-07-31 00:00:00+08:00	95.30000305175781	95.55000305175781	95.30000305175781	95.55000305175781	2000	0.0	0.0	0.0
2023-08-01 00:00:00+08:00	96.25	96.25	96.19999694824219	96.19999694824219	2000	0.0	0.0	0.0
2023-08-02 00:00:00+08:00	95.8499984741211	95.8499984741211	94.44999694824219	94.44999694824219	7000	0.0	0.0	0.0
2023-08-04 00:00:00+08:00	93.94999694824219	94.0999984741211	93.9000015258789	94.0999984741211	8000	0.0	0.0	0.0
2023-08-07 00:00:00+08:00	94.5999984741211	94.94999694824219	94.5999984741211	94.94999694824219	3000	0.0	0.0	0.0
2023-08-08 00:00:00+08:00	94.8499984741211	94.8499984741211	94.4000015258789	94.4000015258789	3000	0.0	0.0	0.0
2023-08-09 00:00:00+08:00	94.4000015258789	94.4000015258789	94.4000015258789	94.4000015258789	0	0.0	0.0	0.0
2023-08-10 00:00:00+08:00	94.4000015258789	94.4000015258789	94.4000015258789	94.4000015258789	0	0.0	0.0	0.0
2023-08-11 00:00:00+08:00	93.80000305175781	93.80000305175781	93.1500015258789	93.1500015258789	7000	0.0	0.0	0.0
2023-08-14 00:00:00+08:00	92.05000305175781	92.05000305175781	91.5999984741211	91.5999984741211	3000	0.0	0.0	0.0
2023-08-15 00:00:00+08:00	92.4000015258789	92.4000015258789	92.4000015258789	92.4000015258789	3000	0.0	0.0	0.0
2023-08-16 00:00:00+08:00	91.3499984741211	91.8499984741211	91.3499984741211	91.69999694824219	16000	0.0	0.0	0.0
2023-08-17 00:00:00+08:00	91.19999694824219	91.19999694824219	91.19999694824219	91.19999694824219	1000	0.0	0.0	0.0
2023-08-18 00:00:00+08:00	91.55000305175781	92.0	91.19999694824219	91.19999694824219	23000	0.0	0.0	0.0
2023-08-21 00:00:00+08:00	91.4000015258789	91.4000015258789	91.30000305175781	91.30000305175781	42000	0.0	0.0	0.0
2023-08-22 00:00:00+08:00	91.8499984741211	91.8499984741211	91.80000305175781	91.80000305175781	3000	0.0	0.0	0.0
2023-08-23 00:00:00+08:00	92.0	92.5	92.0	92.5	12000	0.0	0.0	0.0
2023-08-24 00:00:00+08:00	93.8499984741211	93.8499984741211	93.8499984741211	93.8499984741211	1000	0.0	0.0	0.0
2023-08-25 00:00:00+08:00	92.3499984741211	92.3499984741211	92.25	92.25	2000	0.0	0.0	0.0
2023-08-28 00:00:00+08:00	92.30000305175781	92.55000305175781	92.30000305175781	92.44999694824219	4000	0.0	0.0	0.0
2023-08-29 00:00:00+08:00	92.55000305175781	92.55000305175781	92.4000015258789	92.4000015258789	3000	0.0	0.0	0.0
2023-08-30 00:00:00+08:00	93.5	93.5999984741211	93.19999694824219	93.19999694824219	14000	0.0	0.0	0.0
2023-08-31 00:00:00+08:00	92.3499984741211	92.3499984741211	92.3499984741211	92.3499984741211	2000	0.0	0.0	0.0
2023-09-01 00:00:00+08:00	92.8499984741211	92.8499984741211	92.8499984741211	92.8499984741211	1000	0.0	0.0	0.0
2023-09-04 00:00:00+08:00	92.80000305175781	93.4000015258789	92.80000305175781	93.3499984741211	4000	0.0	0.0	0.0
2023-09-05 00:00:00+08:00	93.25	93.25	92.94999694824219	93.0999984741211	8000	0.0	0.0	0.0
2023-09-06 00:00:00+08:00	93.4000015258789	93.4000015258789	93.25	93.25	4000	0.0	0.0	0.0
2023-09-07 00:00:00+08:00	92.5	92.5	92.19999694824219	92.19999694824219	6080	0.0	0.0	0.0
2023-09-08 00:00:00+08:00	91.69999694824219	91.80000305175781	91.5999984741211	91.80000305175781	13000	0.0	0.0	0.0
2023-09-11 00:00:00+08:00	91.5999984741211	91.5999984741211	91.0	91.19999694824219	6000	0.0	0.0	0.0
2023-09-12 00:00:00+08:00	91.1500015258789	91.1500015258789	91.1500015258789	91.1500015258789	2000	0.0	0.0	0.0
2023-09-13 00:00:00+08:00	92.3499984741211	92.4000015258789	92.05000305175781	92.05000305175781	3000	0.0	0.0	0.0
2023-09-14 00:00:00+08:00	92.6500015258789	92.6500015258789	92.6500015258789	92.6500015258789	2000	0.0	0.0	0.0
2023-09-15 00:00:00+08:00	93.4000015258789	94.1500015258789	93.4000015258789	94.1500015258789	13000	0.0	0.0	0.0
2023-09-18 00:00:00+08:00	93.0999984741211	93.1500015258789	92.94999694824219	92.94999694824219	5000	0.0	0.0	0.0
2023-09-19 00:00:00+08:00	92.9000015258789	92.9000015258789	92.6500015258789	92.6500015258789	3000	0.0	0.0	0.0
2023-09-20 00:00:00+08:00	91.9000015258789	91.94999694824219	91.80000305175781	91.94999694824219	26000	0.0	0.0	0.0
2023-09-21 00:00:00+08:00	91.05000305175781	91.05000305175781	91.05000305175781	91.05000305175781	1000	0.0	0.0	0.0
2023-09-22 00:00:00+08:00	90.05000305175781	90.1500015258789	90.05000305175781	90.1500015258789	2000	0.0	0.0	0.0
2023-09-25 00:00:00+08:00	91.0	91.1500015258789	90.80000305175781	91.1500015258789	4000	0.0	0.0	0.0
2023-09-26 00:00:00+08:00	90.55000305175781	90.5999984741211	90.19999694824219	90.19999694824219	9000	0.0	0.0	0.0
2023-09-27 00:00:00+08:00	89.55000305175781	89.94999694824219	89.55000305175781	89.6500015258789	3000	0.0	0.0	0.0
2023-09-28 00:00:00+08:00	90.0999984741211	90.0999984741211	90.0999984741211	90.0999984741211	2000	0.0	0.0	0.0
2023-10-02 00:00:00+08:00	91.6500015258789	91.6500015258789	91.6500015258789	91.6500015258789	1000	0.0	0.0	0.0
2023-10-03 00:00:00+08:00	91.25	91.44999694824219	91.25	91.3499984741211	4000	0.0	0.0	0.0
2023-10-04 00:00:00+08:00	89.9000015258789	89.9000015258789	89.9000015258789	89.9000015258789	1000	0.0	0.0	0.0
2023-10-05 00:00:00+08:00	90.4000015258789	91.0999984741211	90.4000015258789	91.0999984741211	13000	0.0	0.0	0.0
2023-10-06 00:00:00+08:00	91.30000305175781	91.55000305175781	91.30000305175781	91.44999694824219	3000	0.0	0.0	0.0
2023-10-11 00:00:00+08:00	92.8499984741211	92.8499984741211	92.69999694824219	92.69999694824219	3000	0.0	0.0	0.0
2023-10-12 00:00:00+08:00	92.94999694824219	92.94999694824219	92.9000015258789	92.9000015258789	3000	0.0	0.0	0.0
2023-10-13 00:00:00+08:00	93.19999694824219	93.44999694824219	93.19999694824219	93.4000015258789	3000	0.0	0.0	0.0
2023-10-16 00:00:00+08:00	92.55000305175781	92.55000305175781	92.55000305175781	92.55000305175781	1000	0.0	0.0	0.0
2023-10-17 00:00:00+08:00	93.0999984741211	93.30000305175781	93.05000305175781	93.05000305175781	5000	0.0	0.0	0.0
2023-10-18 00:00:00+08:00	92.4000015258789	92.4000015258789	91.80000305175781	91.80000305175781	4031	0.0	0.0	0.0
2023-10-19 00:00:00+08:00	91.75	91.75	91.5999984741211	91.5999984741211	3000	0.0	0.0	0.0
2023-10-20 00:00:00+08:00	91.44999694824219	91.44999694824219	91.44999694824219	91.44999694824219	10000	0.0	0.0	0.0
2023-10-23 00:00:00+08:00	91.25	91.25	90.80000305175781	90.80000305175781	2000	0.0	0.0	0.0
2023-10-24 00:00:00+08:00	90.5	90.5	90.0	90.0	27000	0.0	0.0	0.0
2023-10-25 00:00:00+08:00	91.1500015258789	91.1500015258789	91.1500015258789	91.1500015258789	2000	0.0	0.0	0.0
2023-10-26 00:00:00+08:00	89.44999694824219	89.69999694824219	89.30000305175781	89.30000305175781	3000	0.0	0.0	0.0
2023-10-27 00:00:00+08:00	89.5999984741211	89.5999984741211	89.5999984741211	89.5999984741211	4010	0.0	0.0	0.0
2023-10-30 00:00:00+08:00	89.3499984741211	89.3499984741211	89.3499984741211	89.3499984741211	10000	0.0	0.0	0.0
2023-10-31 00:00:00+08:00	89.5	89.5	88.94999694824219	88.94999694824219	17000	0.0	0.0	0.0
2023-11-01 00:00:00+08:00	88.94999694824219	89.19999694824219	88.9000015258789	89.19999694824219	5000	0.0	0.0	0.0
2023-11-02 00:00:00+08:00	90.25	90.25	90.25	90.25	10000	0.0	0.0	0.0
2023-11-03 00:00:00+08:00	91.75	91.80000305175781	91.75	91.80000305175781	3000	0.0	0.0	0.0
2023-11-06 00:00:00+08:00	92.5999984741211	93.0999984741211	92.5999984741211	93.0999984741211	2000	0.0	0.0	0.0
2023-11-07 00:00:00+08:00	92.5	92.69999694824219	92.5	92.69999694824219	3000	0.0	0.0	0.0
2023-11-08 00:00:00+08:00	92.9000015258789	92.9000015258789	92.9000015258789	92.9000015258789	1000	0.0	0.0	0.0
2023-11-09 00:00:00+08:00	92.9000015258789	92.9000015258789	92.9000015258789	92.9000015258789	0	0.0	0.0	0.0
2023-11-10 00:00:00+08:00	92.9000015258789	92.9000015258789	92.9000015258789	92.9000015258789	0	0.0	0.0	0.0
2023-11-13 00:00:00+08:00	94.55000305175781	94.55000305175781	94.30000305175781	94.30000305175781	2000	0.0	0.0	0.0
2023-11-14 00:00:00+08:00	94.5999984741211	94.5999984741211	94.5	94.5	3000	0.0	0.0	0.0
2023-11-15 00:00:00+08:00	95.6500015258789	95.6500015258789	95.5	95.5	3092	0.0	0.0	0.0
2023-11-16 00:00:00+08:00	96.05000305175781	96.05000305175781	95.69999694824219	95.75	5000	0.0	0.0	0.0
2023-11-17 00:00:00+08:00	95.80000305175781	96.1500015258789	95.80000305175781	96.1500015258789	20000	0.0	0.0	0.0
2023-11-20 00:00:00+08:00	95.5999984741211	95.6500015258789	95.5999984741211	95.6500015258789	6001	0.0	0.0	0.0
2023-11-21 00:00:00+08:00	96.80000305175781	96.8499984741211	96.80000305175781	96.8499984741211	3000	0.0	0.0	0.0
2023-11-22 00:00:00+08:00	96.19999694824219	96.44999694824219	96.19999694824219	96.44999694824219	3000	0.0	0.0	0.0
2023-11-23 00:00:00+08:00	96.0999984741211	96.0999984741211	96.0	96.0	2000	0.0	0.0	0.0
2023-11-24 00:00:00+08:00	96.19999694824219	96.19999694824219	96.1500015258789	96.1500015258789	2000	0.0	0.0	0.0
2023-11-27 00:00:00+08:00	95.44999694824219	95.44999694824219	95.44999694824219	95.44999694824219	1000	0.0	0.0	0.0
2023-11-28 00:00:00+08:00	95.44999694824219	96.05000305175781	95.44999694824219	96.05000305175781	4000	0.0	0.0	0.0
2023-11-29 00:00:00+08:00	96.4000015258789	96.4000015258789	96.4000015258789	96.4000015258789	1000	0.0	0.0	0.0
2023-11-30 00:00:00+08:00	96.4000015258789	96.4000015258789	96.05000305175781	96.05000305175781	2000	0.0	0.0	0.0
2023-12-01 00:00:00+08:00	96.5999984741211	96.5999984741211	96.5999984741211	96.5999984741211	1000	0.0	0.0	0.0
2023-12-04 00:00:00+08:00	96.3499984741211	96.4000015258789	96.19999694824219	96.4000015258789	3000	0.0	0.0	0.0
2023-12-05 00:00:00+08:00	95.3499984741211	95.55000305175781	95.3499984741211	95.44999694824219	11000	0.0	0.0	0.0
2023-12-06 00:00:00+08:00	96.0	96.1500015258789	96.0	96.0	15000	0.0	0.0	0.0
2023-12-07 00:00:00+08:00	95.8499984741211	95.94999694824219	95.5	95.5	39000	0.0	0.0	0.0
2023-12-08 00:00:00+08:00	96.4000015258789	96.5	96.3499984741211	96.3499984741211	16000	0.0	0.0	0.0
2023-12-11 00:00:00+08:00	96.3499984741211	96.3499984741211	96.1500015258789	96.3499984741211	5000	0.0	0.0	0.0
2023-12-12 00:00:00+08:00	96.80000305175781	96.80000305175781	96.4000015258789	96.4000015258789	12000	0.0	0.0	0.0
2023-12-13 00:00:00+08:00	96.69999694824219	96.8499984741211	96.6500015258789	96.6500015258789	4030	0.0	0.0	0.0
2023-12-14 00:00:00+08:00	97.55000305175781	97.75	97.55000305175781	97.75	11000	0.0	0.0	0.0
2023-12-15 00:00:00+08:00	98.3499984741211	98.44999694824219	98.1500015258789	98.1500015258789	17000	0.0	0.0	0.0
2023-12-18 00:00:00+08:00	97.55000305175781	98.05000305175781	97.55000305175781	98.05000305175781	10000	0.0	0.0	0.0
2023-12-19 00:00:00+08:00	98.0999984741211	98.0999984741211	98.05000305175781	98.05000305175781	3100	0.0	0.0	0.0
2023-12-20 00:00:00+08:00	98.1500015258789	98.25	98.1500015258789	98.25	11000	0.0	0.0	0.0
2023-12-21 00:00:00+08:00	97.19999694824219	97.19999694824219	97.19999694824219	97.19999694824219	1000	0.0	0.0	0.0
2023-12-22 00:00:00+08:00	97.8499984741211	97.94999694824219	97.69999694824219	97.94999694824219	19000	0.0	0.0	0.0
2023-12-25 00:00:00+08:00	98.25	98.25	98.25	98.25	4000	0.0	0.0	0.0
2023-12-26 00:00:00+08:00	98.8499984741211	98.8499984741211	98.80000305175781	98.8499984741211	5001	0.0	0.0	0.0
2023-12-27 00:00:00+08:00	99.55000305175781	99.5999984741211	99.55000305175781	99.5999984741211	4000	0.0	0.0	0.0
2023-12-28 00:00:00+08:00	99.5999984741211	99.5999984741211	99.5999984741211	99.5999984741211	1000	0.0	0.0	0.0
2023-12-29 00:00:00+08:00	100.05000305175781	100.05000305175781	99.80000305175781	100.0	16000	0.0	0.0	0.0
2024-01-02 00:00:00+08:00	100.0	100.0	99.25	99.25	2000	0.0	0.0	0.0
2024-01-03 00:00:00+08:00	98.0999984741211	98.0999984741211	97.69999694824219	97.69999694824219	9000	0.0	0.0	0.0
2024-01-04 00:00:00+08:00	97.4000015258789	97.6500015258789	97.4000015258789	97.5	11000	0.0	0.0	0.0
2024-01-05 00:00:00+08:00	97.5	97.8499984741211	97.4000015258789	97.4000015258789	19000	0.0	0.0	0.0
2024-01-08 00:00:00+08:00	98.30000305175781	98.30000305175781	98.0	98.0	2000	0.0	0.0	0.0
2024-01-09 00:00:00+08:00	98.4000015258789	98.4000015258789	98.4000015258789	98.4000015258789	3000	0.0	0.0	0.0
2024-01-10 00:00:00+08:00	97.5	97.5	97.5	97.5	1000	0.0	0.0	0.0
2024-01-11 00:00:00+08:00	97.75	98.19999694824219	97.75	98.19999694824219	3000	0.0	0.0	0.0
2024-01-12 00:00:00+08:00	97.4000015258789	97.5999984741211	97.30000305175781	97.5999984741211	3000	0.0	0.0	0.0
2024-01-15 00:00:00+08:00	97.5999984741211	97.5999984741211	97.5999984741211	97.5999984741211	0	0.0	0.0	0.0
2024-01-16 00:00:00+08:00	97.1500015258789	97.25	96.9000015258789	97.25	5000	0.0	0.0	0.0
2024-01-17 00:00:00+08:00	96.80000305175781	96.80000305175781	96.80000305175781	96.80000305175781	1000	0.0	0.0	0.0
2024-01-18 00:00:00+08:00	96.0999984741211	96.44999694824219	96.0999984741211	96.44999694824219	3000	0.0	0.0	0.0
2024-01-19 00:00:00+08:00	98.9000015258789	99.8499984741211	98.9000015258789	99.8499984741211	5000	0.0	0.0	0.0
2024-01-22 00:00:00+08:00	100.6500015258789	100.6500015258789	100.6500015258789	100.6500015258789	1000	0.0	0.0	0.0
2024-01-23 00:00:00+08:00	100.69999694824219	100.69999694824219	100.55000305175781	100.55000305175781	24000	0.0	0.0	0.0
2024-01-24 00:00:00+08:00	100.80000305175781	100.80000305175781	100.80000305175781	100.80000305175781	4000	0.0	0.0	0.0
2024-01-25 00:00:00+08:00	101.4000015258789	101.9000015258789	101.4000015258789	101.9000015258789	4000	0.0	0.0	0.0
2024-01-26 00:00:00+08:00	101.3499984741211	102.0999984741211	101.3499984741211	102.0	16000	0.0	0.0	0.0
2024-01-29 00:00:00+08:00	102.44999694824219	102.44999694824219	102.44999694824219	102.44999694824219	4000	0.0	0.0	0.0
2024-01-30 00:00:00+08:00	102.25	102.6500015258789	102.0999984741211	102.4000015258789	6000	0.0	0.0	0.0
2024-01-31 00:00:00+08:00	101.5	101.5	101.30000305175781	101.30000305175781	2000	0.0	0.0	0.0
2024-02-01 00:00:00+08:00	100.4000015258789	100.5999984741211	100.30000305175781	100.5	5076	0.0	0.0	0.0
2024-02-02 00:00:00+08:00	101.30000305175781	101.30000305175781	101.25	101.25	3000	0.0	0.0	0.0
2024-02-05 00:00:00+08:00	101.80000305175781	102.4000015258789	101.80000305175781	102.4000015258789	13000	0.0	0.0	0.0
2024-02-15 00:00:00+08:00	106.1500015258789	106.5	106.1500015258789	106.5	17000	0.0	0.0	0.0
2024-02-16 00:00:00+08:00	106.55000305175781	106.55000305175781	105.75	105.9000015258789	6000	0.0	0.0	0.0
2024-02-19 00:00:00+08:00	105.3499984741211	105.5999984741211	105.3499984741211	105.5999984741211	5010	0.0	0.0	0.0
2024-02-20 00:00:00+08:00	105.94999694824219	106.30000305175781	105.94999694824219	106.30000305175781	2000	0.0	0.0	0.0
2024-02-21 00:00:00+08:00	105.6500015258789	105.9000015258789	105.5999984741211	105.5999984741211	50004	0.0	0.0	0.0
2024-02-22 00:00:00+08:00	106.8499984741211	106.9000015258789	106.8499984741211	106.9000015258789	3516	0.0	0.0	0.0
2024-02-23 00:00:00+08:00	107.80000305175781	107.80000305175781	107.4000015258789	107.75	6000	0.0	0.0	0.0
2024-02-26 00:00:00+08:00	107.55000305175781	107.55000305175781	107.0	107.55000305175781	6000	0.0	0.0	0.0
2024-02-27 00:00:00+08:00	107.75	107.9000015258789	106.6500015258789	106.94999694824219	13000	0.0	0.0	0.0
2024-02-29 00:00:00+08:00	106.75	107.0999984741211	106.75	107.0999984741211	7000	0.0	0.0	0.0
2024-03-01 00:00:00+08:00	107.69999694824219	107.69999694824219	107.19999694824219	107.19999694824219	2004	0.0	0.0	0.0
2024-03-04 00:00:00+08:00	109.6500015258789	110.0	109.6500015258789	110.0	2000	0.0	0.0	0.0
2024-03-05 00:00:00+08:00	110.5	111.05000305175781	110.5	111.0	10000	0.0	0.0	0.0
2024-03-06 00:00:00+08:00	109.9000015258789	111.3499984741211	109.9000015258789	111.3499984741211	2003	0.0	0.0	0.0
2024-03-07 00:00:00+08:00	113.4000015258789	113.5	113.0	113.5	4000	0.0	0.0	0.0
2024-03-08 00:00:00+08:00	115.8499984741211	115.8499984741211	114.5999984741211	114.8499984741211	4000	0.0	0.0	0.0
2024-03-11 00:00:00+08:00	113.55000305175781	113.6500015258789	113.55000305175781	113.6500015258789	11000	0.0	0.0	0.0
2024-03-12 00:00:00+08:00	114.0	114.5999984741211	113.6500015258789	114.5999984741211	145000	0.0	0.0	0.0
2024-03-13 00:00:00+08:00	115.8499984741211	115.9000015258789	115.05000305175781	115.05000305175781	5000	0.0	0.0	0.0
2024-03-14 00:00:00+08:00	114.3499984741211	115.30000305175781	114.3499984741211	115.30000305175781	3000	0.0	0.0	0.0
2024-03-15 00:00:00+08:00	114.5999984741211	114.5999984741211	114.30000305175781	114.30000305175781	2000	0.0	0.0	0.0
2024-03-18 00:00:00+08:00	114.0	114.30000305175781	114.0	114.30000305175781	5000	0.0	0.0	0.0
2024-03-19 00:00:00+08:00	113.9000015258789	114.75	113.9000015258789	114.75	4100	0.0	0.0	0.0
2024-03-20 00:00:00+08:00	115.0999984741211	115.0999984741211	114.4000015258789	114.4000015258789	2000	0.0	0.0	0.0
2024-03-21 00:00:00+08:00	115.9000015258789	116.55000305175781	115.9000015258789	116.55000305175781	13010	0.0	0.0	0.0
2024-03-22 00:00:00+08:00	117.05000305175781	117.05000305175781	116.5	116.5	31000	0.0	0.0	0.0
2024-03-25 00:00:00+08:00	116.5	116.80000305175781	116.0999984741211	116.30000305175781	29000	0.0	0.0	0.0
2024-03-26 00:00:00+08:00	117.3499984741211	117.5	116.3499984741211	116.5	15000	0.0	0.0	0.0
2024-03-27 00:00:00+08:00	116.25	116.44999694824219	116.19999694824219	116.44999694824219	5000	0.0	0.0	0.0
2024-03-28 00:00:00+08:00	115.80000305175781	116.05000305175781	115.5999984741211	116.05000305175781	12011	0.0	0.0	0.0
2024-03-29 00:00:00+08:00	116.8499984741211	116.8499984741211	116.8499984741211	116.8499984741211	1000	0.0	0.0	0.0
2024-04-01 00:00:00+08:00	117.8499984741211	117.8499984741211	116.1500015258789	116.1500015258789	14000	0.0	0.0	0.0
2024-04-02 00:00:00+08:00	117.5	117.75	117.5	117.75	9000	0.0	0.0	0.0
2024-04-03 00:00:00+08:00	117.25	117.4000015258789	117.0	117.25	11009	0.0	0.0	0.0
2024-04-08 00:00:00+08:00	117.44999694824219	117.80000305175781	117.44999694824219	117.80000305175781	10001	0.0	0.0	0.0
2024-04-09 00:00:00+08:00	119.0	120.1500015258789	119.0	120.05000305175781	12000	0.0	0.0	0.0
2024-04-10 00:00:00+08:00	120.19999694824219	120.19999694824219	120.19999694824219	120.19999694824219	8000	0.0	0.0	0.0
2024-04-11 00:00:00+08:00	119.9000015258789	119.9000015258789	119.4000015258789	119.55000305175781	13000	0.0	0.0	0.0
2024-04-12 00:00:00+08:00	119.8499984741211	120.05000305175781	119.8499984741211	120.05000305175781	9000	0.0	0.0	0.0
2024-04-15 00:00:00+08:00	118.44999694824219	118.5999984741211	117.69999694824219	117.69999694824219	54004	0.0	0.0	0.0
2024-04-16 00:00:00+08:00	116.94999694824219	116.94999694824219	114.6500015258789	114.6500015258789	99000	0.0	0.0	0.0
2024-04-17 00:00:00+08:00	115.8499984741211	116.5	115.8499984741211	116.5	10000	0.0	0.0	0.0
2024-04-18 00:00:00+08:00	115.55000305175781	116.9000015258789	115.55000305175781	116.75	14000	0.0	0.0	0.0
2024-04-19 00:00:00+08:00	112.8499984741211	112.8499984741211	111.0999984741211	111.4000015258789	24073	0.0	0.0	0.0
2024-04-22 00:00:00+08:00	110.80000305175781	111.5999984741211	110.80000305175781	111.44999694824219	22000	0.0	0.0	0.0
2024-04-23 00:00:00+08:00	112.25	112.4000015258789	112.1500015258789	112.4000015258789	10000	0.0	0.0	0.0
2024-04-24 00:00:00+08:00	114.44999694824219	115.3499984741211	114.44999694824219	115.3499984741211	12000	0.0	0.0	0.0
2024-04-25 00:00:00+08:00	114.1500015258789	114.25	113.44999694824219	113.44999694824219	27000	0.0	0.0	0.0
2024-04-26 00:00:00+08:00	115.80000305175781	116.0	115.5999984741211	116.0	7000	0.0	0.0	0.0
2024-04-29 00:00:00+08:00	116.80000305175781	117.3499984741211	116.80000305175781	117.30000305175781	29000	0.0	0.0	0.0
2024-04-30 00:00:00+08:00	117.80000305175781	117.9000015258789	117.69999694824219	117.8499984741211	11000	0.0	0.0	0.0
2024-05-02 00:00:00+08:00	115.55000305175781	115.94999694824219	115.4000015258789	115.4000015258789	16010	0.0	0.0	0.0
2024-05-03 00:00:00+08:00	117.05000305175781	117.19999694824219	116.0999984741211	116.0999984741211	13000	0.0	0.0	0.0
2024-05-06 00:00:00+08:00	117.3499984741211	117.9000015258789	117.3499984741211	117.8499984741211	10000	0.0	0.0	0.0
2024-05-07 00:00:00+08:00	118.0999984741211	118.69999694824219	118.0999984741211	118.69999694824219	20000	0.0	0.0	0.0
2024-05-08 00:00:00+08:00	118.6500015258789	118.94999694824219	118.3499984741211	118.94999694824219	11000	0.0	0.0	0.0
2024-05-09 00:00:00+08:00	119.5	119.5	119.0	119.05000305175781	10000	0.0	0.0	0.0
2024-05-10 00:00:00+08:00	119.0999984741211	119.0999984741211	119.0999984741211	119.0999984741211	9010	0.0	0.0	0.0
2024-05-13 00:00:00+08:00	120.9000015258789	121.0	120.75	120.75	12010	0.0	0.0	0.0
2024-05-14 00:00:00+08:00	120.80000305175781	121.25	120.55000305175781	121.25	11000	0.0	0.0	0.0
2024-05-15 00:00:00+08:00	123.05000305175781	123.4000015258789	123.05000305175781	123.05000305175781	14015	0.0	0.0	0.0
2024-05-16 00:00:00+08:00	125.0	125.0999984741211	123.5999984741211	123.5999984741211	43000	0.0	0.0	0.0
2024-05-17 00:00:00+08:00	123.5999984741211	123.69999694824219	123.1500015258789	123.30000305175781	21000	0.0	0.0	0.0
2024-05-20 00:00:00+08:00	123.44999694824219	123.44999694824219	122.5	122.5	17025	0.0	0.0	0.0
2024-05-21 00:00:00+08:00	123.3499984741211	123.3499984741211	122.6500015258789	123.25	36000	0.0	0.0	0.0
2024-05-22 00:00:00+08:00	124.8499984741211	125.5	124.6500015258789	125.44999694824219	67000	0.0	0.0	0.0
2024-05-23 00:00:00+08:00	126.19999694824219	126.69999694824219	126.05000305175781	126.69999694824219	23025	0.0	0.0	0.0
2024-05-24 00:00:00+08:00	126.05000305175781	126.25	125.8499984741211	126.25	14000	0.0	0.0	0.0
2024-05-27 00:00:00+08:00	127.19999694824219	127.94999694824219	127.19999694824219	127.19999694824219	19000	0.0	0.0	0.0
2024-05-28 00:00:00+08:00	127.75	127.75	127.4000015258789	127.44999694824219	34000	0.0	0.0	0.0
2024-05-29 00:00:00+08:00	126.69999694824219	126.69999694824219	125.5999984741211	125.5999984741211	16000	0.0	0.0	0.0
2024-05-30 00:00:00+08:00	124.69999694824219	124.69999694824219	123.9000015258789	123.9000015258789	22000	0.0	0.0	0.0
2024-05-31 00:00:00+08:00	124.69999694824219	124.69999694824219	122.80000305175781	122.80000305175781	27000	0.0	0.0	0.0
2024-06-03 00:00:00+08:00	123.9000015258789	125.1500015258789	123.9000015258789	125.1500015258789	11000	0.0	0.0	0.0
2024-06-04 00:00:00+08:00	124.55000305175781	124.5999984741211	123.5	123.55000305175781	18025	0.0	0.0	0.0
2024-06-05 00:00:00+08:00	123.1500015258789	124.4000015258789	123.1500015258789	124.4000015258789	24001	0.0	0.0	0.0
2024-06-06 00:00:00+08:00	127.30000305175781	128.39999389648438	127.30000305175781	128.25	13018	0.0	0.0	0.0
2024-06-07 00:00:00+08:00	127.6500015258789	127.6500015258789	127.3499984741211	127.3499984741211	12000	0.0	0.0	0.0
2024-06-11 00:00:00+08:00	127.80000305175781	128.1999969482422	127.75	127.9000015258789	11150	0.0	0.0	0.0
2024-06-12 00:00:00+08:00	128.60000610351562	129.5500030517578	128.60000610351562	129.5	17000	0.0	0.0	0.0
2024-06-13 00:00:00+08:00	132.64999389648438	132.64999389648438	131.4499969482422	131.64999389648438	16000	0.0	0.0	0.0
2024-06-14 00:00:00+08:00	131.64999389648438	132.60000610351562	131.64999389648438	132.60000610351562	19000	0.0	0.0	0.0
2024-06-17 00:00:00+08:00	132.60000610351562	132.60000610351562	132.0500030517578	132.5	12000	0.0	0.0	0.0
2024-06-18 00:00:00+08:00	134.1999969482422	134.60000610351562	134.10000610351562	134.5500030517578	18001	0.0	0.0	0.0
2024-06-19 00:00:00+08:00	136.5	138.64999389648438	136.5	138.64999389648438	42022	0.0	0.0	0.0
2024-06-20 00:00:00+08:00	138.3000030517578	138.6999969482422	138.3000030517578	138.64999389648438	21015	0.0	0.0	0.0
2024-06-21 00:00:00+08:00	137.6999969482422	138.35000610351562	137.6999969482422	138.0500030517578	66014	0.0	0.0	0.0
2024-06-24 00:00:00+08:00	136.39999389648438	136.39999389648438	134.9499969482422	134.9499969482422	24100	0.0	0.0	0.0
2024-06-25 00:00:00+08:00	133.60000610351562	135.14999389648438	133.5500030517578	135.14999389648438	16000	0.0	0.0	0.0
2024-06-26 00:00:00+08:00	136.4499969482422	136.64999389648438	135.9499969482422	135.9499969482422	12023	0.0	0.0	0.0
2024-06-27 00:00:00+08:00	135.3000030517578	136.25	135.3000030517578	136.25	23000	0.0	0.0	0.0
2024-06-28 00:00:00+08:00	136.3000030517578	137.60000610351562	136.3000030517578	137.3000030517578	18000	0.0	0.0	0.0
2024-07-01 00:00:00+08:00	137.8000030517578	138.35000610351562	137.39999389648438	137.39999389648438	28010	0.0	0.0	0.0
2024-07-02 00:00:00+08:00	136.89999389648438	136.89999389648438	136.39999389648438	136.39999389648438	13000	0.0	0.0	0.0
2024-07-03 00:00:00+08:00	137.3000030517578	138.4499969482422	137.3000030517578	138.1999969482422	54059	0.0	0.0	0.0
2024-07-04 00:00:00+08:00	141.1999969482422	141.25	140.89999389648438	141.25	25013	0.0	0.0	0.0
2024-07-05 00:00:00+08:00	141.25	141.25	140.8000030517578	141.0500030517578	23029	0.0	0.0	0.0
2024-07-08 00:00:00+08:00	141.8000030517578	145.0500030517578	141.8000030517578	144.85000610351562	175000	0.0	0.0	0.0
2024-07-09 00:00:00+08:00	144.8000030517578	146.1999969482422	143.6999969482422	144.75	190000	0.0	0.0	0.0
2024-07-10 00:00:00+08:00	144.3000030517578	144.9499969482422	143.6999969482422	144.89999389648438	16000	0.0	0.0	0.0
2024-07-11 00:00:00+08:00	146.8000030517578	148.14999389648438	146.8000030517578	148.14999389648438	19011	0.0	0.0	0.0
2024-07-12 00:00:00+08:00	145.39999389648438	145.39999389648438	144.25	144.25	19100	0.0	0.0	0.0
2024-07-15 00:00:00+08:00	144.85000610351562	144.85000610351562	144.25	144.5500030517578	31010	0.0	0.0	0.0
2024-07-16 00:00:00+08:00	145.10000610351562	145.10000610351562	144.6999969482422	144.9499969482422	15004	0.0	0.0	0.0
2024-07-17 00:00:00+08:00	144.4499969482422	144.4499969482422	143.5500030517578	143.5500030517578	4000	0.0	0.0	0.0
2024-07-18 00:00:00+08:00	139.89999389648438	140.6999969482422	139.89999389648438	139.9499969482422	29004	0.0	0.0	0.0
2024-07-19 00:00:00+08:00	139.75	139.75	137.6999969482422	137.6999969482422	20000	0.0	0.0	0.0
2024-07-22 00:00:00+08:00	136.35000610351562	136.35000610351562	133.25	133.39999389648438	16023	0.0	0.0	0.0
2024-07-23 00:00:00+08:00	135.5	137.39999389648438	135.5	137.39999389648438	61049	0.0	0.0	0.0
2024-07-26 00:00:00+08:00	132.14999389648438	132.25	131.75	132.1999969482422	35050	0.0	0.0	0.0
2024-07-29 00:00:00+08:00	134.35000610351562	134.35000610351562	132.85000610351562	133.25	20000	0.0	0.0	0.0
2024-07-30 00:00:00+08:00	131.8000030517578	133.25	131.1999969482422	133.25	32005	0.0	0.0	0.0
2024-07-31 00:00:00+08:00	132.6999969482422	133.10000610351562	132.5	133.10000610351562	14000	0.0	0.0	0.0
2024-08-01 00:00:00+08:00	135.14999389648438	135.85000610351562	135.14999389648438	135.85000610351562	13000	0.0	0.0	0.0
2024-08-02 00:00:00+08:00	131.4499969482422	131.85000610351562	130.25	130.25	16000	0.0	0.0	0.0
2024-08-05 00:00:00+08:00	122.4000015258789	122.4000015258789	118.1500015258789	118.30000305175781	50048	0.0	0.0	0.0
2024-08-06 00:00:00+08:00	123.3499984741211	125.05000305175781	119.0	123.94999694824219	82024	0.0	0.0	0.0
2024-08-07 00:00:00+08:00	125.5999984741211	128.5	125.3499984741211	128.5	43000	0.0	0.0	0.0
2024-08-08 00:00:00+08:00	125.8499984741211	126.8499984741211	125.19999694824219	126.6500015258789	204001	0.0	0.0	0.0
2024-08-09 00:00:00+08:00	129.8000030517578	130.35000610351562	129.8000030517578	130.35000610351562	17000	0.0	0.0	0.0
2024-08-12 00:00:00+08:00	132.14999389648438	132.14999389648438	131.89999389648438	132.10000610351562	53000	0.0	0.0	0.0
2024-08-13 00:00:00+08:00	131.9499969482422	132.1999969482422	131.6999969482422	131.75	14000	0.0	0.0	0.0
2024-08-14 00:00:00+08:00	133.5	134.25	133.5	133.5	13000	0.0	0.0	0.0
2024-08-15 00:00:00+08:00	132.5500030517578	133.3000030517578	132.5500030517578	133.14999389648438	21001	0.0	0.0	0.0
2024-08-16 00:00:00+08:00	134.75	135.60000610351562	134.75	135.60000610351562	17012	0.0	0.0	0.0
2024-08-19 00:00:00+08:00	135.60000610351562	135.89999389648438	135.60000610351562	135.8000030517578	13020	0.0	0.0	0.0
2024-08-20 00:00:00+08:00	136.0	136.39999389648438	136.0	136.25	16050	0.0	0.0	0.0
2024-08-21 00:00:00+08:00	135.39999389648438	135.39999389648438	134.35000610351562	134.35000610351562	39026	0.0	0.0	0.0
2024-08-22 00:00:00+08:00	133.8000030517578	133.8000030517578	133.60000610351562	133.60000610351562	11015	0.0	0.0	0.0
2024-08-23 00:00:00+08:00	133.5	133.5500030517578	132.9499969482422	133.25	35008	0.0	0.0	0.0
2024-08-26 00:00:00+08:00	135.39999389648438	135.39999389648438	134.1999969482422	134.3000030517578	15000	0.0	0.0	0.0
2024-08-27 00:00:00+08:00	133.3000030517578	133.3000030517578	133.3000030517578	133.3000030517578	13002	0.0	0.0	0.0
2024-08-28 00:00:00+08:00	134.1999969482422	135.0500030517578	134.1999969482422	134.75	13001	0.0	0.0	0.0
2024-08-29 00:00:00+08:00	133.0500030517578	134.14999389648438	133.0500030517578	134.10000610351562	33002	0.0	0.0	0.0
2024-08-30 00:00:00+08:00	134.0500030517578	134.1999969482422	133.89999389648438	134.0500030517578	13009	0.0	0.0	0.0
2024-09-02 00:00:00+08:00	134.64999389648438	134.64999389648438	133.6999969482422	133.8000030517578	12000	0.0	0.0	0.0
2024-09-03 00:00:00+08:00	133.85000610351562	134.0	133.0500030517578	133.1999969482422	25000	0.0	0.0	0.0
2024-09-04 00:00:00+08:00	128.0	128.0500030517578	127.5	127.5	17012	0.0	0.0	0.0
2024-09-05 00:00:00+08:00	129.25	129.25	127.75	127.75	12000	0.0	0.0	0.0
2024-09-06 00:00:00+08:00	128.0500030517578	129.35000610351562	127.8499984741211	129.35000610351562	154100	0.0	0.0	0.0
2024-09-09 00:00:00+08:00	126.3499984741211	127.19999694824219	126.3499984741211	127.19999694824219	113024	0.0	0.0	0.0
2024-09-10 00:00:00+08:00	127.9000015258789	127.9000015258789	127.5	127.5	5000	0.0	0.0	0.0
2024-09-11 00:00:00+08:00	127.25	127.5999984741211	127.25	127.44999694824219	14001	0.0	0.0	0.0
2024-09-12 00:00:00+08:00	130.8000030517578	132.1999969482422	130.5500030517578	131.85000610351562	166099	0.0	0.0	0.0
2024-09-13 00:00:00+08:00	132.25	132.35000610351562	131.6999969482422	131.9499969482422	14000	0.0	0.0	0.0
2024-09-16 00:00:00+08:00	132.0500030517578	132.39999389648438	132.0500030517578	132.39999389648438	11022	0.0	0.0	0.0
2024-09-18 00:00:00+08:00	131.8000030517578	132.3000030517578	130.89999389648438	130.89999389648438	15000	0.0	0.0	0.0
2024-09-19 00:00:00+08:00	131.3000030517578	132.89999389648438	131.3000030517578	132.89999389648438	14000	0.0	0.0	0.0
2024-09-20 00:00:00+08:00	135.35000610351562	135.35000610351562	134.85000610351562	135.10000610351562	14000	0.0	0.0	0.0
2024-09-23 00:00:00+08:00	134.8000030517578	135.0500030517578	134.8000030517578	135.0500030517578	47009	0.0	0.0	0.0
2024-09-24 00:00:00+08:00	135.25	135.60000610351562	135.0	135.60000610351562	16000	0.0	0.0	0.0
2024-09-25 00:00:00+08:00	136.85000610351562	138.25	136.85000610351562	138.14999389648438	15000	0.0	0.0	0.0
2024-09-26 00:00:00+08:00	139.5500030517578	139.64999389648438	139.5	139.5500030517578	19001	0.0	0.0	0.0
2024-09-27 00:00:00+08:00	140.85000610351562	141.0	139.35000610351562	139.8000030517578	38000	0.0	0.0	0.0
2024-09-30 00:00:00+08:00	137.5	137.5	134.5	134.5	18000	0.0	0.0	0.0
2024-10-01 00:00:00+08:00	136.39999389648438	136.39999389648438	136.14999389648438	136.25	12000	0.0	0.0	0.0
2024-10-04 00:00:00+08:00	136.1999969482422	136.9499969482422	135.6999969482422	135.6999969482422	19000	0.0	0.0	0.0
2024-10-07 00:00:00+08:00	138.6999969482422	138.6999969482422	138.25	138.39999389648438	24000	0.0	0.0	0.0
2024-10-08 00:00:00+08:00	138.25	138.25	137.64999389648438	138.10000610351562	17300	0.0	0.0	0.0
2024-10-09 00:00:00+08:00	140.5	140.64999389648438	140.3000030517578	140.3000030517578	13000	0.0	0.0	0.0
2024-10-11 00:00:00+08:00	140.0	142.0500030517578	140.0	141.75	18020	0.0	0.0	0.0
2024-10-14 00:00:00+08:00	141.39999389648438	142.25	141.39999389648438	142.25	5011	0.0	0.0	0.0
2024-10-15 00:00:00+08:00	143.5500030517578	144.4499969482422	143.5500030517578	144.4499969482422	18000	0.0	0.0	0.0
2024-10-16 00:00:00+08:00	141.60000610351562	143.6999969482422	141.60000610351562	142.25	27000	0.0	0.0	0.0
2024-10-17 00:00:00+08:00	142.39999389648438	142.39999389648438	141.9499969482422	142.25	13000	0.0	0.0	0.0
2024-10-18 00:00:00+08:00	146.3000030517578	146.8000030517578	145.85000610351562	145.85000610351562	17021	0.0	0.0	0.0
2024-10-21 00:00:00+08:00	146.39999389648438	146.4499969482422	146.1999969482422	146.35000610351562	37000	0.0	0.0	0.0
2024-10-22 00:00:00+08:00	144.35000610351562	145.25	144.10000610351562	145.25	24000	0.0	0.0	0.0
2024-10-23 00:00:00+08:00	145.0	145.0	144.4499969482422	144.4499969482422	15011	0.0	0.0	0.0
2024-10-24 00:00:00+08:00	144.5500030517578	145.0	143.3000030517578	143.3000030517578	18000	0.0	0.0	0.0
2024-10-25 00:00:00+08:00	144.35000610351562	144.5	144.1999969482422	144.35000610351562	16028	0.0	0.0	0.0
2024-10-28 00:00:00+08:00	145.5	145.5	143.6999969482422	144.0	21002	0.0	0.0	0.0
2024-10-29 00:00:00+08:00	141.89999389648438	141.89999389648438	140.60000610351562	140.75	15039	0.0	0.0	0.0
2024-10-30 00:00:00+08:00	142.25	142.3000030517578	141.5500030517578	141.5500030517578	13029	0.0	0.0	0.0
2024-11-01 00:00:00+08:00	138.35000610351562	139.8000030517578	138.35000610351562	139.75	13014	0.0	0.0	0.0
2024-11-04 00:00:00+08:00	140.85000610351562	141.85000610351562	140.85000610351562	141.85000610351562	6000	0.0	0.0	0.0
2024-11-05 00:00:00+08:00	142.4499969482422	142.89999389648438	142.25	142.39999389648438	19029	0.0	0.0	0.0
2024-11-06 00:00:00+08:00	143.5	145.10000610351562	143.5	145.10000610351562	18043	0.0	0.0	0.0
2024-11-07 00:00:00+08:00	143.60000610351562	145.35000610351562	143.60000610351562	145.1999969482422	27000	0.0	0.0	0.0
2024-11-08 00:00:00+08:00	146.8000030517578	146.8000030517578	146.35000610351562	146.5	13000	0.0	0.0	0.0
2024-11-11 00:00:00+08:00	144.75	145.5	144.75	145.5	13017	0.0	0.0	0.0
2024-11-12 00:00:00+08:00	143.75	144.0	143.0	143.0	23019	0.0	0.0	0.0
2024-11-13 00:00:00+08:00	142.0	142.5500030517578	142.0	142.5500030517578	15034	0.0	0.0	0.0
2024-11-14 00:00:00+08:00	140.6999969482422	140.9499969482422	140.3000030517578	140.9499969482422	13021	0.0	0.0	0.0
2024-11-15 00:00:00+08:00	141.39999389648438	141.39999389648438	140.9499969482422	141.0500030517578	13017	0.0	0.0	0.0
2024-11-18 00:00:00+08:00	140.0	140.0	139.3000030517578	139.3000030517578	20030	0.0	0.0	0.0
2024-11-19 00:00:00+08:00	140.10000610351562	141.5	140.0	141.5	29038	0.0	0.0	0.0
2024-11-20 00:00:00+08:00	140.9499969482422	140.9499969482422	140.9499969482422	140.9499969482422	0	0.0	0.0	0.0
2024-11-21 00:00:00+08:00	138.9499969482422	139.10000610351562	138.9499969482422	139.0	24019	0.0	0.0	0.0
2024-11-22 00:00:00+08:00	141.0	142.0	140.6999969482422	141.75	58029	0.0	0.0	0.0
2024-11-25 00:00:00+08:00	142.8000030517578	142.8000030517578	141.75	141.8000030517578	12000	0.0	0.0	0.0
2024-11-26 00:00:00+08:00	139.35000610351562	139.85000610351562	139.35000610351562	139.6999969482422	16000	0.0	0.0	0.0
2024-11-27 00:00:00+08:00	139.1999969482422	139.1999969482422	138.14999389648438	138.14999389648438	16000	0.0	0.0	0.0
2024-11-28 00:00:00+08:00	137.4499969482422	137.4499969482422	136.5500030517578	137.1999969482422	17041	0.0	0.0	0.0
2024-11-29 00:00:00+08:00	137.64999389648438	137.6999969482422	137.5500030517578	137.64999389648438	14035	0.0	0.0	0.0
2024-12-02 00:00:00+08:00	139.0	140.8000030517578	139.0	140.8000030517578	16021	0.0	0.0	0.0
2024-12-03 00:00:00+08:00	142.8000030517578	143.0	142.64999389648438	142.64999389648438	16004	0.0	0.0	0.0
2024-12-04 00:00:00+08:00	142.85000610351562	143.35000610351562	142.85000610351562	143.35000610351562	2000	0.0	0.0	0.0
2024-12-05 00:00:00+08:00	144.5500030517578	144.5500030517578	144.5	144.5500030517578	13038	0.0	0.0	0.0
2024-12-06 00:00:00+08:00	144.6999969482422	144.6999969482422	143.64999389648438	143.64999389648438	13017	0.0	0.0	0.0
2024-12-09 00:00:00+08:00	144.60000610351562	144.60000610351562	144.0	144.14999389648438	20158	0.0	0.0	0.0
2024-12-10 00:00:00+08:00	144.1999969482422	144.1999969482422	143.14999389648438	143.35000610351562	13023	0.0	0.0	0.0
2024-12-11 00:00:00+08:00	142.25	142.35000610351562	141.75	141.75	16000	0.0	0.0	0.0
2024-12-12 00:00:00+08:00	142.85000610351562	143.64999389648438	142.85000610351562	143.64999389648438	9000	0.0	0.0	0.0
2024-12-13 00:00:00+08:00	143.25	143.64999389648438	143.10000610351562	143.64999389648438	7009	0.0	0.0	0.0
2024-12-16 00:00:00+08:00	145.25	145.25	143.85000610351562	143.85000610351562	14012	0.0	0.0	0.0
2024-12-17 00:00:00+08:00	144.85000610351562	144.9499969482422	144.14999389648438	144.14999389648438	25000	0.0	0.0	0.0
2024-12-18 00:00:00+08:00	143.5	144.5	143.5	144.5	26008	0.0	0.0	0.0
2024-12-19 00:00:00+08:00	142.8000030517578	142.8000030517578	142.3000030517578	142.5500030517578	25000	0.0	0.0	0.0
2024-12-20 00:00:00+08:00	142.0	142.0	140.89999389648438	140.89999389648438	55001	0.0	0.0	0.0
2024-12-23 00:00:00+08:00	142.5	144.3000030517578	142.5	144.3000030517578	18021	0.0	0.0	0.0
2024-12-24 00:00:00+08:00	145.39999389648438	145.4499969482422	145.0	145.0	22000	0.0	0.0	0.0
2024-12-25 00:00:00+08:00	145.0500030517578	145.1999969482422	144.9499969482422	145.1999969482422	14000	0.0	0.0	0.0
2024-12-26 00:00:00+08:00	145.35000610351562	145.5	145.35000610351562	145.5	15064	0.0	0.0	0.0
2024-12-27 00:00:00+08:00	145.3000030517578	145.85000610351562	145.25	145.85000610351562	6021	0.0	0.0	0.0
2024-12-30 00:00:00+08:00	145.64999389648438	145.64999389648438	145.64999389648438	145.64999389648438	11000	0.0	0.0	0.0
2024-12-31 00:00:00+08:00	144.5500030517578	144.5500030517578	144.14999389648438	144.25	4002	0.0	0.0	0.0
2025-01-02 00:00:00+08:00	143.85000610351562	143.85000610351562	141.9499969482422	141.9499969482422	15000	0.0	0.0	0.0
2025-01-03 00:00:00+08:00	144.1999969482422	144.1999969482422	143.89999389648438	143.89999389648438	16021	0.0	0.0	0.0
2025-01-06 00:00:00+08:00	146.0500030517578	148.0	146.0500030517578	148.0	32005	0.0	0.0	0.0
2025-01-07 00:00:00+08:00	150.75	150.75	149.1999969482422	149.1999969482422	36024	0.0	0.0	0.0
2025-01-08 00:00:00+08:00	148.85000610351562	148.85000610351562	147.8000030517578	147.85000610351562	13031	0.0	0.0	0.0
2025-01-09 00:00:00+08:00	147.10000610351562	147.4499969482422	145.89999389648438	145.89999389648438	22014	0.0	0.0	0.0
2025-01-10 00:00:00+08:00	145.85000610351562	145.85000610351562	145.3000030517578	145.39999389648438	14021	0.0	0.0	0.0
2025-01-13 00:00:00+08:00	145.0	145.0	142.0	142.10000610351562	21000	0.0	0.0	0.0
2025-01-14 00:00:00+08:00	142.39999389648438	143.14999389648438	142.39999389648438	143.14999389648438	46021	0.0	0.0	0.0
2025-01-15 00:00:00+08:00	142.25	142.35000610351562	141.64999389648438	141.64999389648438	29134	0.0	0.0	0.0
2025-01-16 00:00:00+08:00	144.1999969482422	145.35000610351562	144.0	145.35000610351562	40000	0.0	0.0	0.0
2025-01-17 00:00:00+08:00	145.4499969482422	145.5	144.5	145.25	36100	0.0	0.0	0.0
2025-01-20 00:00:00+08:00	146.8000030517578	147.0	146.8000030517578	146.8000030517578	29149	0.0	0.0	0.0
2025-01-21 00:00:00+08:00	146.60000610351562	147.14999389648438	145.8000030517578	147.14999389648438	45000	0.0	0.0	0.0
2025-01-22 00:00:00+08:00	148.85000610351562	149.0	148.85000610351562	148.89999389648438	19020	0.0	0.0	0.0
2025-02-03 00:00:00+08:00	142.8000030517578	142.8000030517578	142.3000030517578	142.5	23044	0.0	0.0	0.0
2025-02-04 00:00:00+08:00	143.9499969482422	144.35000610351562	143.10000610351562	143.10000610351562	11067	0.0	0.0	0.0
2025-02-05 00:00:00+08:00	145.6999969482422	146.5	145.6999969482422	146.5	24088	0.0	0.0	0.0
2025-02-06 00:00:00+08:00	147.0	147.0	146.5500030517578	146.64999389648438	14009	0.0	0.0	0.0
2025-02-07 00:00:00+08:00	146.75	147.5	146.75	147.5	20062	0.0	0.0	0.0
2025-02-10 00:00:00+08:00	146.75	146.9499969482422	145.5	145.5	33085	0.0	0.0	0.0
2025-02-11 00:00:00+08:00	147.0	147.5	146.5	146.5	20014	0.0	0.0	0.0
2025-02-12 00:00:00+08:00	147.4499969482422	147.4499969482422	146.4499969482422	146.4499969482422	14031	0.0	0.0	0.0
2025-02-13 00:00:00+08:00	145.5500030517578	146.0500030517578	145.4499969482422	146.0500030517578	18000	0.0	0.0	0.0
2025-02-14 00:00:00+08:00	144.85000610351562	144.85000610351562	144.1999969482422	144.1999969482422	24001	0.0	0.0	0.0
2025-02-17 00:00:00+08:00	144.75	146.39999389648438	144.75	146.39999389648438	15284	0.0	0.0	0.0
2025-02-18 00:00:00+08:00	146.3000030517578	146.64999389648438	146.25	146.64999389648438	20000	0.0	0.0	0.0
2025-02-19 00:00:00+08:00	146.75	147.3000030517578	146.5500030517578	146.6999969482422	38000	0.0	0.0	0.0
2025-02-20 00:00:00+08:00	145.4499969482422	146.0	145.25	145.75	19125	0.0	0.0	0.0
2025-02-21 00:00:00+08:00	145.64999389648438	147.25	145.64999389648438	147.1999969482422	16000	0.0	0.0	0.0
2025-02-24 00:00:00+08:00	146.0	146.1999969482422	146.0	146.1999969482422	11016	0.0	0.0	0.0
2025-02-25 00:00:00+08:00	145.0	145.0	143.85000610351562	144.25	18000	0.0	0.0	0.0
2025-02-26 00:00:00+08:00	143.1999969482422	144.5	143.1999969482422	144.5	22042	0.0	0.0	0.0
2025-02-27 00:00:00+08:00	144.8000030517578	145.10000610351562	143.25	143.25	24000	0.0	0.0	0.0
2025-03-03 00:00:00+08:00	139.85000610351562	140.14999389648438	139.64999389648438	140.14999389648438	19010	0.0	0.0	0.0
2025-03-04 00:00:00+08:00	138.35000610351562	139.75	138.1999969482422	139.75	16000	0.0	0.0	0.0
2025-03-05 00:00:00+08:00	141.3000030517578	141.35000610351562	141.25	141.35000610351562	12043	0.0	0.0	0.0
2025-03-06 00:00:00+08:00	141.10000610351562	141.10000610351562	140.3000030517578	140.35000610351562	16017	0.0	0.0	0.0
2025-03-07 00:00:00+08:00	139.39999389648438	139.5	139.14999389648438	139.14999389648438	16000	0.0	0.0	0.0
2025-03-10 00:00:00+08:00	138.0	138.5500030517578	137.8000030517578	138.5500030517578	5000	0.0	0.0	0.0
2025-03-11 00:00:00+08:00	133.75	135.8000030517578	133.75	135.8000030517578	40000	0.0	0.0	0.0
2025-03-12 00:00:00+08:00	136.5	137.35000610351562	136.5	136.5	30000	0.0	0.0	0.0
2025-03-13 00:00:00+08:00	138.14999389648438	138.1999969482422	136.0	136.0	23000	0.0	0.0	0.0
2025-03-14 00:00:00+08:00	135.3000030517578	135.3000030517578	134.6999969482422	134.85000610351562	17000	0.0	0.0	0.0
2025-03-17 00:00:00+08:00	136.10000610351562	136.75	135.6999969482422	135.6999969482422	20014	0.0	0.0	0.0
2025-03-18 00:00:00+08:00	136.6999969482422	137.35000610351562	136.64999389648438	136.6999969482422	17000	0.0	0.0	0.0
2025-03-19 00:00:00+08:00	136.35000610351562	136.35000610351562	134.75	134.75	23000	0.0	0.0	0.0
2025-03-20 00:00:00+08:00	137.14999389648438	137.39999389648438	136.25	137.35000610351562	32005	0.0	0.0	0.0
2025-03-21 00:00:00+08:00	137.1999969482422	137.3000030517578	136.64999389648438	137.0	16000	0.0	0.0	0.0
2025-03-24 00:00:00+08:00	136.35000610351562	136.35000610351562	136.3000030517578	136.3000030517578	11000	0.0	0.0	0.0
2025-03-25 00:00:00+08:00	137.89999389648438	137.89999389648438	137.39999389648438	137.5	15016	0.0	0.0	0.0
2025-03-26 00:00:00+08:00	137.8000030517578	137.8000030517578	137.3000030517578	137.4499969482422	16000	0.0	0.0	0.0
2025-03-27 00:00:00+08:00	134.85000610351562	135.35000610351562	134.85000610351562	135.0	17000	0.0	0.0	0.0
2025-03-28 00:00:00+08:00	133.85000610351562	133.89999389648438	133.0	133.10000610351562	20000	0.0	0.0	0.0
2025-03-31 00:00:00+08:00	130.0500030517578	130.0500030517578	128.5	128.5500030517578	21000	0.0	0.0	0.0
2025-04-01 00:00:00+08:00	129.60000610351562	131.3000030517578	129.60000610351562	131.3000030517578	15000	0.0	0.0	0.0
2025-04-02 00:00:00+08:00	132.3000030517578	132.3000030517578	131.5500030517578	131.5500030517578	13000	0.0	0.0	0.0
2025-04-07 00:00:00+08:00	118.4000015258789	118.4000015258789	118.4000015258789	118.4000015258789	6030	0.0	0.0	0.0
2025-04-08 00:00:00+08:00	114.3499984741211	116.1500015258789	113.25	114.55000305175781	59092	0.0	0.0	0.0
2025-04-09 00:00:00+08:00	113.25	113.5999984741211	108.30000305175781	109.75	25000	0.0	0.0	0.0
2025-04-10 00:00:00+08:00	120.69999694824219	120.69999694824219	118.6500015258789	120.69999694824219	13000	0.0	0.0	0.0
2025-04-11 00:00:00+08:00	120.44999694824219	121.30000305175781	117.80000305175781	121.30000305175781	24000	0.0	0.0	0.0
2025-04-14 00:00:00+08:00	124.3499984741211	124.6500015258789	122.44999694824219	122.44999694824219	22105	0.0	0.0	0.0
2025-04-15 00:00:00+08:00	122.30000305175781	123.30000305175781	122.30000305175781	123.25	16141	0.0	0.0	0.0
2025-04-16 00:00:00+08:00	122.0	122.0	120.75	120.9000015258789	15017	0.0	0.0	0.0
2025-04-17 00:00:00+08:00	119.69999694824219	120.19999694824219	119.4000015258789	120.19999694824219	15000	0.0	0.0	0.0
2025-04-18 00:00:00+08:00	120.1500015258789	120.75	120.1500015258789	120.4000015258789	21000	0.0	0.0	0.0
2025-04-21 00:00:00+08:00	118.69999694824219	118.69999694824219	118.19999694824219	118.4000015258789	39000	0.0	0.0	0.0
2025-04-22 00:00:00+08:00	117.05000305175781	117.75	116.6500015258789	116.75	28000	0.0	0.0	0.0
2025-04-23 00:00:00+08:00	120.3499984741211	121.75	120.05000305175781	121.5999984741211	47005	0.0	0.0	0.0
2025-04-24 00:00:00+08:00	122.0	122.05000305175781	120.8499984741211	120.8499984741211	13000	0.0	0.0	0.0
2025-04-25 00:00:00+08:00	124.4000015258789	124.4000015258789	123.8499984741211	124.30000305175781	16467	0.0	0.0	0.0
2025-04-28 00:00:00+08:00	124.8499984741211	124.8499984741211	124.6500015258789	124.6500015258789	15040	0.0	0.0	0.0
2025-04-29 00:00:00+08:00	124.5999984741211	125.5	124.5999984741211	125.5	21003	0.0	0.0	0.0
2025-04-30 00:00:00+08:00	125.55000305175781	126.05000305175781	125.55000305175781	125.80000305175781	23000	0.0	0.0	0.0
2025-05-02 00:00:00+08:00	128.1999969482422	129.0500030517578	128.1999969482422	129.0500030517578	14000	0.0	0.0	0.0
2025-05-05 00:00:00+08:00	129.5	129.5	126.8499984741211	128.39999389648438	21000	0.0	0.0	0.0
2025-05-06 00:00:00+08:00	127.1500015258789	128.3000030517578	126.9000015258789	127.69999694824219	17000	0.0	0.0	0.0
2025-05-07 00:00:00+08:00	127.3499984741211	127.9000015258789	127.3499984741211	127.9000015258789	18002	0.0	0.0	0.0
2025-05-08 00:00:00+08:00	128.60000610351562	129.14999389648438	127.8499984741211	127.8499984741211	23000	0.0	0.0	0.0
2025-05-09 00:00:00+08:00	129.10000610351562	130.10000610351562	128.85000610351562	130.10000610351562	124011	0.0	0.0	0.0
2025-05-12 00:00:00+08:00	131.5500030517578	131.5500030517578	131.35000610351562	131.5	12011	0.0	0.0	0.0
2025-05-13 00:00:00+08:00	134.0500030517578	134.5500030517578	133.5500030517578	133.5500030517578	19016	0.0	0.0	0.0
2025-05-14 00:00:00+08:00	135.4499969482422	135.8000030517578	135.1999969482422	135.8000030517578	38000	0.0	0.0	0.0
2025-05-15 00:00:00+08:00	136.10000610351562	136.10000610351562	135.85000610351562	136.10000610351562	21174	0.0	0.0	0.0
2025-05-16 00:00:00+08:00	135.64999389648438	136.1999969482422	135.64999389648438	136.0500030517578	19023	0.0	0.0	0.0
2025-05-19 00:00:00+08:00	135.5500030517578	135.5500030517578	134.10000610351562	134.10000610351562	22000	0.0	0.0	0.0
2025-05-20 00:00:00+08:00	135.3000030517578	135.3000030517578	134.35000610351562	134.35000610351562	29000	0.0	0.0	0.0
2025-05-21 00:00:00+08:00	134.6999969482422	135.4499969482422	134.5	135.39999389648438	37000	0.0	0.0	0.0
2025-05-22 00:00:00+08:00	134.75	134.75	134.25	134.5	18000	0.0	0.0	0.0
2025-05-23 00:00:00+08:00	134.89999389648438	134.89999389648438	134.0500030517578	134.0500030517578	13000	0.0	0.0	0.0
2025-05-26 00:00:00+08:00	133.6999969482422	134.1999969482422	133.64999389648438	133.89999389648438	15000	0.0	0.0	0.0
2025-05-27 00:00:00+08:00	133.39999389648438	133.4499969482422	132.35000610351562	132.35000610351562	16000	0.0	0.0	0.0
2025-05-28 00:00:00+08:00	134.10000610351562	134.1999969482422	132.89999389648438	132.89999389648438	13000	0.0	0.0	0.0
2025-05-29 00:00:00+08:00	133.5	133.5	133.39999389648438	133.39999389648438	11000	0.0	0.0	0.0
2025-06-02 00:00:00+08:00	131.10000610351562	131.10000610351562	130.3000030517578	130.3000030517578	5000	0.0	0.0	0.0
2025-06-03 00:00:00+08:00	131.8000030517578	132.3000030517578	131.5	131.5500030517578	15000	0.0	0.0	0.0
2025-06-04 00:00:00+08:00	133.89999389648438	134.4499969482422	133.89999389648438	134.4499969482422	15000	0.0	0.0	0.0
2025-06-05 00:00:00+08:00	135.14999389648438	135.1999969482422	135.14999389648438	135.1999969482422	11000	0.0	0.0	0.0
2025-06-06 00:00:00+08:00	135.1999969482422	135.1999969482422	135.0	135.0500030517578	13000	0.0	0.0	0.0
2025-06-09 00:00:00+08:00	136.14999389648438	136.25	136.14999389648438	136.25	24000	0.0	0.0	0.0
2025-06-10 00:00:00+08:00	138.10000610351562	140.0500030517578	138.10000610351562	139.75	26000	0.0	0.0	0.0
2025-06-11 00:00:00+08:00	140.6999969482422	141.35000610351562	140.6999969482422	141.35000610351562	25000	0.0	0.0	0.0
2025-06-12 00:00:00+08:00	140.5500030517578	140.6999969482422	140.35000610351562	140.35000610351562	23010	0.0	0.0	0.0
2025-06-13 00:00:00+08:00	138.85000610351562	139.1999969482422	138.8000030517578	138.89999389648438	36020	0.0	0.0	0.0
2025-06-16 00:00:00+08:00	138.14999389648438	138.5	138.14999389648438	138.4499969482422	12186	0.0	0.0	0.0
2025-06-17 00:00:00+08:00	140.14999389648438	140.14999389648438	139.64999389648438	139.64999389648438	21014	0.0	0.0	0.0
2025-06-18 00:00:00+08:00	140.4499969482422	140.89999389648438	140.4499969482422	140.60000610351562	17000	0.0	0.0	0.0
2025-06-19 00:00:00+08:00	139.8000030517578	139.8000030517578	139.3000030517578	139.3000030517578	12000	0.0	0.0	0.0
2025-06-20 00:00:00+08:00	138.8000030517578	138.85000610351562	137.89999389648438	138.5500030517578	39177	0.0	0.0	0.0
2025-06-23 00:00:00+08:00	137.0500030517578	137.5	136.5500030517578	137.5	43000	0.0	0.0	0.0
2025-06-24 00:00:00+08:00	140.10000610351562	140.39999389648438	139.75	140.39999389648438	17000	0.0	0.0	0.0
2025-06-25 00:00:00+08:00	141.60000610351562	142.25	141.60000610351562	142.1999969482422	15033	0.0	0.0	0.0
2025-06-26 00:00:00+08:00	142.35000610351562	142.9499969482422	142.35000610351562	142.60000610351562	18000	0.0	0.0	0.0
2025-06-27 00:00:00+08:00	142.89999389648438	142.89999389648438	142.14999389648438	142.6999969482422	47200	0.0	0.0	0.0
2025-06-30 00:00:00+08:00	142.85000610351562	142.85000610351562	142.60000610351562	142.60000610351562	16000	0.0	0.0	0.0
2025-07-01 00:00:00+08:00	144.4499969482422	144.60000610351562	143.4499969482422	143.4499969482422	16000	0.0	0.0	0.0
2025-07-02 00:00:00+08:00	143.0	143.64999389648438	142.75	143.64999389648438	192000	0.0	0.0	0.0
2025-07-03 00:00:00+08:00	145.75	146.10000610351562	145.4499969482422	146.0	19003	0.0	0.0	0.0
2025-07-04 00:00:00+08:00	145.60000610351562	145.60000610351562	145.60000610351562	145.60000610351562	10000	0.0	0.0	0.0
2025-07-07 00:00:00+08:00	143.60000610351562	143.85000610351562	143.35000610351562	143.75	124000	0.0	0.0	0.0
2025-07-08 00:00:00+08:00	143.25	143.39999389648438	142.5500030517578	143.0500030517578	365001	0.0	0.0	0.0
2025-07-09 00:00:00+08:00	143.14999389648438	144.3000030517578	143.14999389648438	144.3000030517578	18014	0.0	0.0	0.0
2025-07-10 00:00:00+08:00	145.14999389648438	145.85000610351562	145.10000610351562	145.85000610351562	128000	0.0	0.0	0.0
2025-07-11 00:00:00+08:00	145.8000030517578	146.60000610351562	145.6999969482422	146.60000610351562	92000	0.0	0.0	0.0
2025-07-14 00:00:00+08:00	145.64999389648438	145.9499969482422	145.5	145.75	106005	0.0	0.0	0.0
2025-07-15 00:00:00+08:00	145.0500030517578	147.75	145.0500030517578	147.5500030517578	142040	0.0	0.0	0.0
2025-07-16 00:00:00+08:00	148.0	149.3000030517578	147.85000610351562	148.6999969482422	80102	0.0	0.0	0.0
2025-07-17 00:00:00+08:00	149.39999389648438	149.5	148.39999389648438	149.39999389648438	32030	0.0	0.0	0.0
2025-07-18 00:00:00+08:00	151.1999969482422	151.64999389648438	151.10000610351562	151.10000610351562	57000	0.0	0.0	0.0
2025-07-21 00:00:00+08:00	150.89999389648438	151.0	150.3000030517578	150.5500030517578	95019	0.0	0.0	0.0
2025-07-22 00:00:00+08:00	151.5	151.5500030517578	149.3000030517578	149.3000030517578	45041	0.0	0.0	0.0
2025-07-23 00:00:00+08:00	149.5	150.5	149.5	150.0500030517578	39000	0.0	0.0	0.0
2025-07-24 00:00:00+08:00	150.64999389648438	151.14999389648438	150.64999389648438	150.89999389648438	47122	0.0	0.0	0.0
2025-07-25 00:00:00+08:00	151.10000610351562	151.25	150.75	150.75	168056	0.0	0.0	0.0
2025-07-28 00:00:00+08:00	151.0500030517578	151.5500030517578	151.0500030517578	151.5500030517578	54016	0.0	0.0	0.0
2025-07-29 00:00:00+08:00	150.6999969482422	151.0	149.8000030517578	149.8000030517578	73000	0.0	0.0	0.0
2025-07-30 00:00:00+08:00	150.3000030517578	151.60000610351562	150.3000030517578	151.14999389648438	98016	0.0	0.0	0.0
2025-07-31 00:00:00+08:00	151.64999389648438	152.75	151.5500030517578	152.75	198030	0.0	0.0	0.0
2025-08-01 00:00:00+08:00	150.9499969482422	151.3000030517578	150.60000610351562	150.89999389648438	78003	0.0	0.0	0.0
2025-08-04 00:00:00+08:00	149.35000610351562	150.0500030517578	149.25	149.9499969482422	151003	0.0	0.0	0.0
2025-08-05 00:00:00+08:00	151.8000030517578	152.5	151.64999389648438	152.5	131000	0.0	0.0	0.0
2025-08-06 00:00:00+08:00	151.25	151.25	150.75	151.14999389648438	75000	0.0	0.0	0.0
2025-08-07 00:00:00+08:00	154.64999389648438	156.14999389648438	154.64999389648438	156.0	47013	0.0	0.0	0.0
2025-08-08 00:00:00+08:00	155.8000030517578	155.8000030517578	155.5	155.6999969482422	77013	0.0	0.0	0.0
2025-08-11 00:00:00+08:00	155.60000610351562	157.3000030517578	155.60000610351562	157.0	63530	0.0	0.0	0.0
2025-08-12 00:00:00+08:00	156.0	156.9499969482422	155.85000610351562	156.89999389648438	129000	0.0	0.0	0.0
2025-08-13 00:00:00+08:00	157.3000030517578	157.75	157.0500030517578	157.6999969482422	61000	0.0	0.0	0.0
2025-08-14 00:00:00+08:00	156.60000610351562	157.1999969482422	156.60000610351562	157.1999969482422	12000	0.0	0.0	0.0
2025-08-15 00:00:00+08:00	156.5500030517578	157.5500030517578	156.5500030517578	157.5500030517578	14326	0.0	0.0	0.0
2025-08-18 00:00:00+08:00	156.64999389648438	157.5500030517578	156.64999389648438	157.5500030517578	46014	0.0	0.0	0.0
2025-08-19 00:00:00+08:00	157.4499969482422	157.64999389648438	157.1999969482422	157.3000030517578	36000	0.0	0.0	0.0
2025-08-20 00:00:00+08:00	154.89999389648438	154.89999389648438	152.64999389648438	152.64999389648438	64000	0.0	0.0	0.0
2025-08-21 00:00:00+08:00	153.4499969482422	153.75	153.14999389648438	153.6999969482422	56014	0.0	0.0	0.0
2025-08-22 00:00:00+08:00	153.25	153.5	153.10000610351562	153.14999389648438	81000	0.0	0.0	0.0
2025-08-25 00:00:00+08:00	155.1999969482422	156.85000610351562	155.1999969482422	156.85000610351562	45000	0.0	0.0	0.0
2025-08-26 00:00:00+08:00	155.60000610351562	156.39999389648438	155.1999969482422	156.39999389648438	16014	0.0	0.0	0.0
2025-08-27 00:00:00+08:00	157.0	157.5500030517578	157.0	157.5500030517578	16000	0.0	0.0	0.0
2025-08-28 00:00:00+08:00	157.14999389648438	157.14999389648438	155.6999969482422	155.89999389648438	42000	0.0	0.0	0.0
2025-08-29 00:00:00+08:00	156.1999969482422	156.1999969482422	156.0500030517578	156.0500030517578	13000	0.0	0.0	0.0
2025-09-01 00:00:00+08:00	154.8000030517578	155.39999389648438	153.60000610351562	153.8000030517578	24000	0.0	0.0	0.0
2025-09-02 00:00:00+08:00	155.39999389648438	155.39999389648438	154.0	154.4499969482422	48000	0.0	0.0	0.0
2025-09-03 00:00:00+08:00	154.25	154.5500030517578	153.8000030517578	154.35000610351562	19000	0.0	0.0	0.0
2025-09-04 00:00:00+08:00	156.10000610351562	156.10000610351562	155.5	155.5500030517578	13000	0.0	0.0	0.0
2025-09-05 00:00:00+08:00	156.3000030517578	157.0500030517578	156.1999969482422	157.0500030517578	82000	0.0	0.0	0.0
2025-09-08 00:00:00+08:00	158.3000030517578	158.75	158.14999389648438	158.60000610351562	142000	0.0	0.0	0.0
2025-09-09 00:00:00+08:00	159.0500030517578	160.0500030517578	159.0500030517578	159.8000030517578	32000	0.0	0.0	0.0
2025-09-10 00:00:00+08:00	161.75	162.9499969482422	161.5500030517578	162.6999969482422	182000	0.0	0.0	0.0
2025-09-11 00:00:00+08:00	164.60000610351562	165.39999389648438	163.35000610351562	163.35000610351562	24000	0.0	0.0	0.0
2025-09-12 00:00:00+08:00	165.14999389648438	165.5	165.14999389648438	165.5	13062	0.0	0.0	0.0
2025-09-15 00:00:00+08:00	165.5	165.8000030517578	165.35000610351562	165.35000610351562	15000	0.0	0.0	0.0
2025-09-16 00:00:00+08:00	165.6999969482422	167.64999389648438	165.6999969482422	167.5	22017	0.0	0.0	0.0
2025-09-17 00:00:00+08:00	166.64999389648438	166.64999389648438	166.4499969482422	166.4499969482422	12002	0.0	0.0	0.0
2025-09-18 00:00:00+08:00	166.0	167.9499969482422	165.85000610351562	167.9499969482422	25000	0.0	0.0	0.0
2025-09-19 00:00:00+08:00	168.0500030517578	168.0500030517578	166.6999969482422	167.5500030517578	38011	0.0	0.0	0.0
2025-09-22 00:00:00+08:00	167.4499969482422	168.9499969482422	167.4499969482422	168.9499969482422	24000	0.0	0.0	0.0
2025-09-23 00:00:00+08:00	170.5500030517578	172.1999969482422	170.14999389648438	171.4499969482422	191000	0.0	0.0	0.0
2025-09-24 00:00:00+08:00	171.85000610351562	171.85000610351562	170.85000610351562	171.0	14000	0.0	0.0	0.0
2025-09-25 00:00:00+08:00	170.6999969482422	171.1999969482422	170.5500030517578	171.1999969482422	23040	0.0	0.0	0.0
2025-09-26 00:00:00+08:00	169.9499969482422	169.9499969482422	167.0500030517578	167.35000610351562	23000	0.0	0.0	0.0
2025-09-30 00:00:00+08:00	170.4499969482422	170.4499969482422	169.1999969482422	169.75	37000	0.0	0.0	0.0
2025-10-01 00:00:00+08:00	172.3000030517578	172.3000030517578	170.75	170.85000610351562	45000	0.0	0.0	0.0
2025-10-02 00:00:00+08:00	173.5500030517578	174.0	173.5500030517578	173.89999389648438	11000	0.0	0.0	0.0
2025-10-03 00:00:00+08:00	174.10000610351562	176.39999389648438	174.10000610351562	176.39999389648438	11189	0.0	0.0	0.0
2025-10-07 00:00:00+08:00	179.3000030517578	180.85000610351562	178.75	180.85000610351562	40030	0.0	0.0	0.0
2025-10-08 00:00:00+08:00	178.39999389648438	178.89999389648438	177.8000030517578	178.85000610351562	15000	0.0	0.0	0.0
2025-10-09 00:00:00+08:00	180.89999389648438	180.89999389648438	180.35000610351562	180.5	10000	0.0	0.0	0.0
2025-10-13 00:00:00+08:00	177.0	177.14999389648438	176.64999389648438	177.10000610351562	39000	0.0	0.0	0.0
2025-10-14 00:00:00+08:00	177.5500030517578	181.0	177.3000030517578	177.3000030517578	36000	0.0	0.0	0.0
2025-10-15 00:00:00+08:00	178.4499969482422	180.25	178.4499969482422	180.25	22005	0.0	0.0	0.0
2025-10-16 00:00:00+08:00	181.75	184.1999969482422	181.75	184.0	20010	0.0	0.0	0.0
2025-10-17 00:00:00+08:00	182.0	182.0	181.35000610351562	181.6999969482422	12010	0.0	0.0	0.0
2025-10-20 00:00:00+08:00	184.14999389648438	184.64999389648438	183.60000610351562	184.0	12000	0.0	0.0	0.0
2025-10-21 00:00:00+08:00	185.5500030517578	185.60000610351562	185.14999389648438	185.39999389648438	18000	0.0	0.0	0.0
2025-10-22 00:00:00+08:00	181.9499969482422	183.8000030517578	181.9499969482422	183.8000030517578	46076	0.0	0.0	0.0
2025-10-23 00:00:00+08:00	181.5500030517578	182.0	181.14999389648438	182.0	25004	0.0	0.0	0.0
2025-10-27 00:00:00+08:00	185.0	186.6999969482422	185.0	186.6999969482422	17000	0.0	0.0	0.0
2025-10-28 00:00:00+08:00	185.85000610351562	185.85000610351562	185.0	185.0	13000	0.0	0.0	0.0
2025-10-29 00:00:00+08:00	187.10000610351562	188.10000610351562	186.60000610351562	187.89999389648438	5000	0.0	0.0	0.0
2025-10-30 00:00:00+08:00	188.0500030517578	188.0500030517578	186.89999389648438	187.64999389648438	34090	0.0	0.0	0.0
2025-10-31 00:00:00+08:00	188.0	188.9499969482422	188.0	188.89999389648438	7000	0.0	0.0	0.0
2025-11-03 00:00:00+08:00	187.0	187.0500030517578	186.89999389648438	187.0500030517578	11020	0.0	0.0	0.0
2025-11-04 00:00:00+08:00	189.0	189.4499969482422	186.4499969482422	186.5500030517578	28000	0.0	0.0	0.0
2025-11-05 00:00:00+08:00	182.9499969482422	184.0500030517578	182.4499969482422	183.85000610351562	89005	0.0	0.0	0.0
2025-11-06 00:00:00+08:00	184.60000610351562	185.3000030517578	184.4499969482422	185.3000030517578	27000	0.0	0.0	0.0
2025-11-07 00:00:00+08:00	182.6999969482422	182.9499969482422	182.5500030517578	182.85000610351562	22083	0.0	0.0	0.0
2025-11-10 00:00:00+08:00	184.35000610351562	184.64999389648438	183.39999389648438	184.64999389648438	4000	0.0	0.0	0.0
2025-11-11 00:00:00+08:00	185.5500030517578	185.5500030517578	184.60000610351562	184.60000610351562	105000	0.0	0.0	0.0
2025-11-12 00:00:00+08:00	184.5	185.0	184.5	185.0	31001	0.0	0.0	0.0
2025-11-13 00:00:00+08:00	183.4499969482422	184.25	182.75	184.25	13001	0.0	0.0	0.0
2025-11-14 00:00:00+08:00	180.0500030517578	180.4499969482422	180.0	180.0	5000	0.0	0.0	0.0
2025-11-17 00:00:00+08:00	181.4499969482422	182.25	181.0500030517578	181.0500030517578	48123	0.0	0.0	0.0
2025-11-18 00:00:00+08:00	179.0	179.10000610351562	176.6999969482422	176.6999969482422	16000	0.0	0.0	0.0
2025-11-19 00:00:00+08:00	177.3000030517578	177.3000030517578	175.5500030517578	175.5500030517578	61100	0.0	0.0	0.0
2025-11-20 00:00:00+08:00	180.1999969482422	181.0500030517578	180.1999969482422	181.0	31010	0.0	0.0	0.0
2025-11-21 00:00:00+08:00	176.10000610351562	176.3000030517578	174.14999389648438	174.14999389648438	34000	0.0	0.0	0.0
2025-11-24 00:00:00+08:00	175.0	176.0	174.9499969482422	174.9499969482422	13030	0.0	0.0	0.0
2025-11-25 00:00:00+08:00	177.64999389648438	177.64999389648438	177.0	177.10000610351562	12000	0.0	0.0	0.0
2025-11-26 00:00:00+08:00	180.3000030517578	180.64999389648438	179.89999389648438	179.89999389648438	15000	0.0	0.0	0.0
2025-11-27 00:00:00+08:00	182.10000610351562	182.5	181.25	181.25	4000	0.0	0.0	0.0
2025-11-28 00:00:00+08:00	182.60000610351562	183.39999389648438	182.60000610351562	183.39999389648438	19000	0.0	0.0	0.0
2025-12-01 00:00:00+08:00	181.64999389648438	181.64999389648438	181.39999389648438	181.39999389648438	11173	0.0	0.0	0.0
2025-12-02 00:00:00+08:00	183.0	183.0500030517578	181.35000610351562	181.35000610351562	16000	0.0	0.0	0.0
2025-12-03 00:00:00+08:00	183.0500030517578	184.0	182.89999389648438	182.89999389648438	17005	0.0	0.0	0.0
2025-12-04 00:00:00+08:00	183.75	183.75	182.60000610351562	182.85000610351562	12000	0.0	0.0	0.0
2025-12-05 00:00:00+08:00	183.25	184.3000030517578	183.14999389648438	184.3000030517578	164000	0.0	0.0	0.0
2025-12-08 00:00:00+08:00	184.85000610351562	186.60000610351562	184.85000610351562	186.60000610351562	4000	0.0	0.0	0.0
2025-12-09 00:00:00+08:00	186.60000610351562	186.60000610351562	186.0	186.0	8000	0.0	0.0	0.0
2025-12-10 00:00:00+08:00	186.4499969482422	187.9499969482422	186.4499969482422	187.9499969482422	21000	0.0	0.0	0.0
2025-12-11 00:00:00+08:00	188.14999389648438	188.14999389648438	185.0	185.10000610351562	19000	0.0	0.0	0.0
2025-12-12 00:00:00+08:00	186.5500030517578	186.5500030517578	185.4499969482422	185.64999389648438	16001	0.0	0.0	0.0
2025-12-15 00:00:00+08:00	183.10000610351562	183.5500030517578	182.89999389648438	183.5500030517578	27000	0.0	0.0	0.0
2025-12-16 00:00:00+08:00	181.5	181.75	180.1999969482422	181.75	52002	0.0	0.0	0.0
2025-12-17 00:00:00+08:00	182.5	182.5500030517578	181.3000030517578	181.3000030517578	19000	0.0	0.0	0.0
2025-12-18 00:00:00+08:00	180.35000610351562	181.8000030517578	180.35000610351562	180.89999389648438	149000	0.0	0.0	0.0
2025-12-19 00:00:00+08:00	183.10000610351562	183.4499969482422	182.6999969482422	182.75	47000	0.0	0.0	0.0
2025-12-22 00:00:00+08:00	185.0	185.8000030517578	185.0	185.60000610351562	57000	0.0	0.0	0.0
2025-12-23 00:00:00+08:00	186.14999389648438	186.75	186.14999389648438	186.6999969482422	22000	0.0	0.0	0.0
2025-12-24 00:00:00+08:00	187.6999969482422	187.6999969482422	186.89999389648438	186.89999389648438	11000	0.0	0.0	0.0
2025-12-26 00:00:00+08:00	187.8000030517578	188.64999389648438	187.8000030517578	188.60000610351562	25000	0.0	0.0	0.0
2025-12-29 00:00:00+08:00	188.75	191.10000610351562	188.75	190.6999969482422	13000	0.0	0.0	0.0
2025-12-30 00:00:00+08:00	189.9499969482422	190.9499969482422	189.3000030517578	190.9499969482422	14000	0.0	0.0	0.0
2025-12-31 00:00:00+08:00	189.6999969482422	191.10000610351562	189.60000610351562	191.10000610351562	42000	0.0	0.0	0.0
2026-01-02 00:00:00+08:00	193.0	195.64999389648438	193.0	195.64999389648438	2000	0.0	0.0	0.0
2026-01-05 00:00:00+08:00	200.0	203.75	200.0	202.6999969482422	114162	0.0	0.0	0.0
2026-01-06 00:00:00+08:00	203.14999389648438	205.0500030517578	203.14999389648438	205.0500030517578	6170	0.0	0.0	0.0
2026-01-07 00:00:00+08:00	205.0500030517578	205.0500030517578	203.39999389648438	203.75	5000	0.0	0.0	0.0
2026-01-08 00:00:00+08:00	203.14999389648438	204.39999389648438	203.14999389648438	204.39999389648438	2000	0.0	0.0	0.0
2026-01-09 00:00:00+08:00	202.0500030517578	203.9499969482422	201.0	203.3000030517578	33000	0.0	0.0	0.0
2026-01-12 00:00:00+08:00	204.75	204.75	204.6999969482422	204.75	3000	0.0	0.0	0.0
2026-01-13 00:00:00+08:00	206.6999969482422	206.75	205.0	205.4499969482422	26000	0.0	0.0	0.0
2026-01-14 00:00:00+08:00	206.25	207.0	205.6999969482422	205.6999969482422	6000	0.0	0.0	0.0
2026-01-15 00:00:00+08:00	205.5	205.5	204.9499969482422	205.4499969482422	39000	0.0	0.0	0.0
2026-01-16 00:00:00+08:00	207.8000030517578	210.0	207.8000030517578	210.0	14025	0.0	0.0	0.0
2026-01-19 00:00:00+08:00	208.5500030517578	211.0500030517578	208.5500030517578	211.0500030517578	15000	0.0	0.0	0.0
2026-01-20 00:00:00+08:00	210.14999389648438	211.1999969482422	209.4499969482422	211.14999389648438	48000	0.0	0.0	0.0
2026-01-21 00:00:00+08:00	210.10000610351562	211.10000610351562	209.0500030517578	209.10000610351562	26000	0.0	0.0	0.0
2026-01-22 00:00:00+08:00	211.89999389648438	213.14999389648438	211.89999389648438	212.4499969482422	53008	0.0	0.0	0.0
2026-01-23 00:00:00+08:00	213.5500030517578	214.0	212.4499969482422	213.4499969482422	21000	0.0	0.0	0.0
2026-01-26 00:00:00+08:00	214.5500030517578	214.5500030517578	213.85000610351562	214.0500030517578	5000	0.0	0.0	0.0
2026-01-27 00:00:00+08:00	214.25	216.4499969482422	213.89999389648438	216.0	33000	0.0	0.0	0.0
2026-01-28 00:00:00+08:00	218.60000610351562	218.75	218.5	218.6999969482422	5173	0.0	0.0	0.0
2026-01-29 00:00:00+08:00	217.5	218.39999389648438	217.5	217.89999389648438	15000	0.0	0.0	0.0
2026-01-30 00:00:00+08:00	214.6999969482422	215.5	214.6999969482422	215.1999969482422	23000	0.0	0.0	0.0
2026-02-02 00:00:00+08:00	210.9499969482422	210.9499969482422	209.85000610351562	210.9499969482422	6000	0.0	0.0	0.0
2026-02-03 00:00:00+08:00	216.0	216.1999969482422	215.64999389648438	215.75	19000	0.0	0.0	0.0
2026-02-04 00:00:00+08:00	215.60000610351562	216.60000610351562	215.60000610351562	216.4499969482422	59005	0.0	0.0	0.0
2026-02-05 00:00:00+08:00	214.1999969482422	214.1999969482422	213.25	213.25	12000	0.0	0.0	0.0
2026-02-06 00:00:00+08:00	211.6999969482422	213.1999969482422	209.85000610351562	213.1999969482422	5005	0.0	0.0	0.0
2026-02-09 00:00:00+08:00	218.64999389648438	222.25	217.9499969482422	219.85000610351562	123200	0.0	0.0	0.0
2026-02-10 00:00:00+08:00	222.25	223.60000610351562	221.9499969482422	222.3000030517578	249000	0.0	0.0	0.0
2026-02-11 00:00:00+08:00	225.39999389648438	227.9499969482422	224.60000610351562	227.0	59072	0.0	0.0	0.0
2026-02-23 00:00:00+08:00	229.85000610351562	230.85000610351562	228.8000030517578	229.3000030517578	5080	0.0	0.0	0.0
2026-02-24 00:00:00+08:00	230.9499969482422	234.14999389648438	230.0500030517578	234.0500030517578	62000	0.0	0.0	0.0
2026-02-25 00:00:00+08:00	237.5500030517578	238.9499969482422	237.14999389648438	238.8000030517578	28020	0.0	0.0	0.0
2026-02-26 00:00:00+08:00	238.8000030517578	239.6999969482422	238.14999389648438	239.6999969482422	5079	0.0	0.0	0.0
2026-03-02 00:00:00+08:00	234.4499969482422	237.85000610351562	234.4499969482422	237.85000610351562	74000	0.0	0.0	0.0
2026-03-03 00:00:00+08:00	235.0500030517578	236.14999389648438	231.89999389648438	231.89999389648438	122000	0.0	0.0	0.0
2026-03-04 00:00:00+08:00	225.60000610351562	226.4499969482422	221.1999969482422	221.1999969482422	99000	0.0	0.0	0.0
2026-03-05 00:00:00+08:00	231.5500030517578	231.5500030517578	226.5	226.6999969482422	17004	0.0	0.0	0.0
2026-03-06 00:00:00+08:00	225.60000610351562	227.5	225.60000610351562	226.5	38000	0.0	0.0	0.0
2026-03-09 00:00:00+08:00	213.89999389648438	215.75	212.3000030517578	215.75	176000	0.0	0.0	0.0
2026-03-10 00:00:00+08:00	223.25	225.4499969482422	219.4499969482422	221.8000030517578	65000	0.0	0.0	0.0
2026-03-11 00:00:00+08:00	225.4499969482422	232.0	225.4499969482422	231.64999389648438	38000	0.0	0.0	0.0
2026-03-12 00:00:00+08:00	229.0500030517578	229.0500030517578	227.4499969482422	227.60000610351562	45000	0.0	0.0	0.0
2026-03-13 00:00:00+08:00	225.14999389648438	226.35000610351562	224.35000610351562	225.10000610351562	25000	0.0	0.0	0.0
2026-03-16 00:00:00+08:00	224.10000610351562	224.89999389648438	224.10000610351562	224.39999389648438	3093	0.0	0.0	0.0
2026-03-17 00:00:00+08:00	227.35000610351562	228.4499969482422	227.35000610351562	227.6999969482422	4000	0.0	0.0	0.0
2026-03-18 00:00:00+08:00	230.0	230.85000610351562	229.60000610351562	230.25	23010	0.0	0.0	0.0
2026-03-19 00:00:00+08:00	226.8000030517578	227.14999389648438	224.6999969482422	224.6999969482422	44000	0.0	0.0	0.0
2026-03-20 00:00:00+08:00	225.6999969482422	226.64999389648438	225.25	225.3000030517578	11000	0.0	0.0	0.0
2026-03-23 00:00:00+08:00	218.9499969482422	220.75	218.5500030517578	220.0500030517578	156005	0.0	0.0	0.0
2026-03-24 00:00:00+08:00	222.35000610351562	222.85000610351562	221.8000030517578	222.85000610351562	37006	0.0	0.0	0.0
2026-03-25 00:00:00+08:00	227.64999389648438	228.25	226.9499969482422	227.39999389648438	12000	0.0	0.0	0.0
2026-03-26 00:00:00+08:00	228.8000030517578	229.3000030517578	225.64999389648438	226.5	8033	0.0	0.0	0.0
2026-03-27 00:00:00+08:00	221.5500030517578	222.6999969482422	221.5500030517578	222.60000610351562	23000	0.0	0.0	0.0
2026-03-30 00:00:00+08:00	219.9499969482422	220.85000610351562	218.64999389648438	220.85000610351562	79000	0.0	0.0	0.0
2026-03-31 00:00:00+08:00	218.0	218.1999969482422	214.89999389648438	215.4499969482422	95001	0.0	0.0	0.0
2026-04-01 00:00:00+08:00	223.5500030517578	225.35000610351562	223.5500030517578	225.35000610351562	53005	0.0	0.0	0.0
2026-04-02 00:00:00+08:00	223.10000610351562	223.10000610351562	219.0	219.4499969482422	115005	0.0	0.0	0.0
2026-04-07 00:00:00+08:00	223.89999389648438	224.1999969482422	223.39999389648438	223.39999389648438	3000	0.0	0.0	0.0
2026-04-08 00:00:00+08:00	234.64999389648438	235.10000610351562	234.64999389648438	235.10000610351562	45000	0.0	0.0	0.0
2026-04-09 00:00:00+08:00	234.89999389648438	235.10000610351562	234.0500030517578	235.0500030517578	17000	0.0	0.0	0.0
2026-04-10 00:00:00+08:00	239.0500030517578	240.5500030517578	239.0500030517578	240.4499969482422	4008	0.0	0.0	0.0
2026-04-13 00:00:00+08:00	240.4499969482422	240.75	238.85000610351562	238.85000610351562	6011	0.0	0.0	0.0
2026-04-14 00:00:00+08:00	244.64999389648438	246.60000610351562	243.3000030517578	246.60000610351562	16005	0.0	0.0	0.0
2026-04-15 00:00:00+08:00	250.64999389648438	252.25	249.5	249.5	32105	0.0	0.0	0.0
2026-04-16 00:00:00+08:00	250.39999389648438	251.8000030517578	249.9499969482422	251.8000030517578	17000	0.0	0.0	0.0
2026-04-17 00:00:00+08:00	250.3000030517578	250.39999389648438	249.4499969482422	249.6999969482422	108200	0.0	0.0	0.0
2026-04-20 00:00:00+08:00	251.9499969482422	252.35000610351562	251.1999969482422	251.6999969482422	46057	0.0	0.0	0.0
2026-04-21 00:00:00+08:00	252.8000030517578	256.0	252.8000030517578	256.0	15000	0.0	0.0	0.0
2026-04-22 00:00:00+08:00	255.5500030517578	258.25	255.5500030517578	257.6499938964844	56000	0.0	0.0	0.0
2026-04-23 00:00:00+08:00	265.1499938964844	265.20001220703125	257.0	257.0	41000	0.0	0.0	0.0
2026-04-24 00:00:00+08:00	264.5	268.75	264.5	268.75	5034	0.0	0.0	0.0
2026-04-27 00:00:00+08:00	277.5	279.6000061035156	275.6000061035156	275.6000061035156	74030	0.0	0.0	0.0
2026-04-28 00:00:00+08:00	276.75	277.1000061035156	272.45001220703125	272.54998779296875	22000	0.0	0.0	0.0
2026-04-29 00:00:00+08:00					69113	0.0	0.0	0.0
