Date	Open	High	Low	Close	Volume	Dividends	Stock Splits
2021-04-29 00:00:00+08:00	40.35697084518437	40.433116627793176	39.67166519165039	39.67166519165039	48703273	0.0	0.0
2021-05-03 00:00:00+08:00	39.595525618706695	39.595525618706695	38.5294908849452	38.98636245727539	64650501	0.0	0.0
2021-05-04 00:00:00+08:00	39.13865387678505	39.59552544713558	37.311167595382926	38.224910736083984	86049267	0.0	0.0
2021-05-05 00:00:00+08:00	38.07261805882339	39.13864947304657	37.76803491621155	38.68177795410156	46391033	0.0	0.0
2021-05-06 00:00:00+08:00	38.7579267138937	40.35697555541992	38.7579267138937	40.35697555541992	47622589	0.0	0.0
2021-05-07 00:00:00+08:00	40.509268298706985	40.66155669108815	39.36708778349627	39.82395935058594	47845764	0.0	0.0
2021-05-10 00:00:00+08:00	39.976246621753226	40.585409710426546	39.7478124603587	40.280826568603516	34970257	0.0	0.0
2021-05-11 00:00:00+08:00	39.97624886333533	40.50926619644069	38.75792581264659	39.29094314575195	61176646	0.0	0.0
2021-05-12 00:00:00+08:00	38.91021631292991	39.290942056024974	36.16898712867804	37.768035888671875	106188324	0.0	0.0
2021-05-13 00:00:00+08:00	36.13091193046176	38.072618294212475	35.97862355318705	37.46345520019531	59659955	0.0	0.0
2021-05-14 00:00:00+08:00	37.768035888671875	38.301053206994105	37.53960172080397	37.768035888671875	42035926	0.0	0.0
2021-05-17 00:00:00+08:00	36.39742217319889	37.349239748834464	36.16898799982902	36.473567962646484	57739179	0.0	0.0
2021-05-18 00:00:00+08:00	36.7020025560489	38.0726203918457	36.7020025560489	38.0726203918457	35800174	0.0	0.0
2021-05-19 00:00:00+08:00	37.996478473638916	38.68178426640191	37.69189528132356	38.45335006713867	32608362	0.0	0.0
2021-05-20 00:00:00+08:00	38.834069525407486	39.06250368739361	38.07261805882339	38.68177795410156	33427533	0.0	0.0
2021-05-21 00:00:00+08:00	41.042286130247845	41.042286130247845	38.6817824740463	38.98636245727539	32059875	0.0	0.0
2021-05-24 00:00:00+08:00	38.68177808016444	39.2147953864995	38.37719813153274	39.062503814697266	17586350	0.0	0.0
2021-05-25 00:00:00+08:00	39.1386552958245	39.29094688978731	38.83407530287211	38.910221099853516	16457043	0.0	0.0
2021-05-26 00:00:00+08:00	38.910219774228516	39.214799756804226	38.52949080229248	38.60563659667969	20615939	0.0	0.0
2021-05-27 00:00:00+08:00	38.072617932278995	38.37719787890573	37.95839765669282	38.30105209350586	45282547	0.0	0.0
2021-05-28 00:00:00+08:00	38.37720302829973	38.60563722017754	38.14876564144874	38.52949142456055	18262166	0.0	0.0
2021-05-31 00:00:00+08:00	38.529488443470186	39.29094314575195	38.45334584871764	39.29094314575195	26507130	0.0	0.0
2021-06-01 00:00:00+08:00	39.29094758666202	39.29094758666202	38.986364393334235	39.21480178833008	10704778	0.0	0.0
2021-06-02 00:00:00+08:00	39.2909400793726	39.67166580331408	39.138648511806934	39.59552001953125	24660210	0.0	0.0
2021-06-03 00:00:00+08:00	39.59552516452765	39.900105144263065	39.443233577173395	39.82395935058594	26155232	0.0	0.0
2021-06-04 00:00:00+08:00	39.82395863638245	39.82395863638245	39.367087077486325	39.519378662109375	13497911	0.0	0.0
2021-06-07 00:00:00+08:00	39.519381786684576	39.59552758501653	38.681784394979736	39.21480178833008	13523595	0.0	0.0
2021-06-08 00:00:00+08:00	39.443232775055144	39.443232775055144	38.91021862010082	39.13865280151367	9568559	0.0	0.0
2021-06-09 00:00:00+08:00	38.9102154378678	39.138649600598384	38.68177808016444	39.062503814697266	12775840	0.0	0.0
2021-06-10 00:00:00+08:00	39.062510191666185	39.21480178833008	38.75793019331168	39.21480178833008	10207843	0.0	0.0
2021-06-11 00:00:00+08:00	39.21479859364229	39.29094438577092	38.98636121725642	39.13865280151367	9355649	0.0	0.0
2021-06-15 00:00:00+08:00	38.9102154378678	39.138649600598384	38.83406965196668	39.062503814697266	10222716	0.0	0.0
2021-06-16 00:00:00+08:00	39.13865289552478	39.595524454420904	39.06250710321325	39.519378662109375	19098136	0.0	0.0
2021-06-17 00:00:00+08:00	39.29094758666202	39.44323598835263	39.13865598999813	39.21480178833008	16666703	0.0	0.0
2021-06-18 00:00:00+08:00	39.062506290244485	39.13865208097127	38.83407211303711	38.83407211303711	26264671	0.0	0.0
2021-06-21 00:00:00+08:00	38.453348202878395	38.986362373642606	38.377202408491186	38.60563659667969	22656123	0.0	0.0
2021-06-22 00:00:00+08:00	38.60563535703371	38.98636112177134	38.52948956509159	38.75792694091797	16728829	0.0	0.0
2021-06-23 00:00:00+08:00	38.75792632231033	38.91021790376389	38.45334635437617	38.83407211303711	18068311	0.0	0.0
2021-06-24 00:00:00+08:00	38.83407530287211	38.98636370186169	38.6817837089093	38.910221099853516	14860368	0.0	0.0
2021-06-25 00:00:00+08:00	38.91021790376389	39.062506290244485	38.68178053158355	38.83407211303711	17567861	0.0	0.0
2021-06-28 00:00:00+08:00	38.83407530287211	38.98636370186169	38.6817837089093	38.910221099853516	17603235	0.0	0.0
2021-06-29 00:00:00+08:00	38.91021985769797	38.98636245727539	38.75792826859686	38.98636245727539	12209089	0.0	0.0
2021-06-30 00:00:00+08:00	38.91021790376389	38.98636049951771	38.75792632231033	38.83407211303711	15206444	0.0	0.0
2021-07-01 00:00:00+08:00	38.75792881141153	38.834074607028526	38.52949142456055	38.52949142456055	23240318	0.0	0.0
2021-07-02 00:00:00+08:00	38.52949267024423	38.75793006448075	38.45335006713867	38.45335006713867	18885463	0.0	0.0
2021-07-05 00:00:00+08:00	38.75792881141153	38.834074607028526	38.45334882391673	38.52949142456055	27241285	0.0	0.0
2021-07-06 00:00:00+08:00	38.75792826859686	39.062508251825946	38.605636679495746	38.98636245727539	26374406	0.0	0.0
2021-07-07 00:00:00+08:00	38.9102154378678	39.062503814697266	38.83406965196668	39.062503814697266	26604917	0.0	0.0
2021-07-08 00:00:00+08:00	39.214800080617515	40.280831625921735	39.214800080617515	40.204689025878906	58789169	0.0	0.0
2021-07-09 00:00:00+08:00	39.976245743472724	40.20468309482122	39.44322845196559	39.59552001953125	41556484	0.0	0.0
2021-07-12 00:00:00+08:00	39.7478141784668	39.900102560988266	39.443231023478084	39.7478141784668	29330407	0.0	0.0
2021-07-13 00:00:00+08:00	39.9762502210055	39.9762502210055	39.367087077486325	39.519378662109375	25647312	0.0	0.0
2021-07-14 00:00:00+08:00	39.519381786684576	39.59552758501653	39.062510191666185	39.21480178833008	22269104	0.0	0.0
2021-07-15 00:00:00+08:00	39.21479735602649	39.443231530229966	39.06250577657555	39.29094314575195	13065336	0.0	0.0
2021-07-16 00:00:00+08:00	39.21480178833008	39.29094758666202	39.062510191666185	39.21480178833008	13353443	0.0	0.0
2021-07-19 00:00:00+08:00	39.138648511806934	39.59552001953125	39.06250272802411	39.59552001953125	12361354	0.0	0.0
2021-07-20 00:00:00+08:00	39.290945718133486	39.443234112581834	39.138654128712005	39.367088317871094	11098745	0.0	0.0
2021-07-21 00:00:00+08:00	39.59552507700787	39.90010505607006	39.36708769648142	39.443233489990234	27146960	0.0	0.0
2021-07-22 00:00:00+08:00	39.82395356189537	39.82395356189537	39.51937362643279	39.67166519165039	18146309	0.0	0.0
2021-07-23 00:00:00+08:00	39.82395820992018	40.433121346916025	39.74781561339707	40.35697555541992	37737934	0.0	0.0
2021-07-26 00:00:00+08:00	40.661554283020514	40.966137439690925	40.356974321323	40.5092658996582	27085059	0.0	0.0
2021-07-27 00:00:00+08:00	40.58541292990824	40.58541292990824	40.0523955844085	40.35697555541992	20444315	0.0	0.0
2021-07-28 00:00:00+08:00	40.204687692668834	40.35697608267767	39.59552454771437	39.90010452270508	39954406	0.0	0.0
2021-07-29 00:00:00+08:00	39.976246621753226	40.280826568603516	39.671666674902944	40.280826568603516	20790001	0.0	0.0
2021-07-30 00:00:00+08:00	40.28082520591275	40.28082520591275	39.97624526936633	40.052391052246094	13669323	0.0	0.0
2021-08-02 00:00:00+08:00	40.12854323086293	40.204689025878906	39.97625164083098	40.204689025878906	15366985	0.0	0.0
2021-08-03 00:00:00+08:00	40.433119002812475	41.04228210449219	40.35697321573091	41.04228210449219	49972057	0.0	0.0
2021-08-04 00:00:00+08:00	41.270716890298694	41.499154254972574	40.813845355923796	40.96613693237305	25816343	0.0	0.0
2021-08-05 00:00:00+08:00	40.96613732766994	40.96613732766994	40.05239425010311	40.1285400390625	42347743	0.0	0.0
2021-08-06 00:00:00+08:00	40.50926392497079	40.50926392497079	39.90010083629747	40.280826568603516	35673351	0.0	0.0
2021-08-09 00:00:00+08:00	40.05239610768696	40.05239610768696	39.367087170241554	39.90010452270508	36859847	0.0	0.0
2021-08-10 00:00:00+08:00	39.747816039043954	39.90010442869398	39.367087077486325	39.519378662109375	37592383	0.0	0.0
2021-08-11 00:00:00+08:00	39.29094688978731	39.36708949179548	38.6817837089093	38.910221099853516	65313387	0.0	0.0
2021-08-12 00:00:00+08:00	37.37613945105506	38.92498811261856	37.21310166970494	38.802711486816406	82318666	3.062126	0.0
2021-08-13 00:00:00+08:00	39.169538670331605	39.6178908279985	39.088023205683655	39.45485305786133	25994453	0.0	0.0
2021-08-16 00:00:00+08:00	39.45485785084177	39.49561900853805	38.88422900646226	39.08802795410156	29155120	0.0	0.0
2021-08-17 00:00:00+08:00	39.08802795410156	39.08802795410156	39.08802795410156	39.08802795410156	0	0.0	0.0
2021-08-18 00:00:00+08:00	38.23208441407946	38.55815657121222	37.824493362558236	38.517398834228516	27554796	0.0	0.0
2021-08-19 00:00:00+08:00	38.51739645463763	38.51739645463763	37.49841546836583	37.66145324707031	28382327	0.0	0.0
2021-08-20 00:00:00+08:00	37.416901107999905	38.10980655739172	37.25386332446504	37.62069320678711	21003672	0.0	0.0
2021-08-23 00:00:00+08:00	38.06904720544349	38.517399421201965	37.94677057220793	38.15056610107422	11465302	0.0	0.0
2021-08-24 00:00:00+08:00	38.31360541244022	38.395120890884016	37.86525317889323	38.10980987548828	12004915	0.0	0.0
2021-08-25 00:00:00+08:00	38.15055906260659	38.51739231505658	37.94676357133891	38.47663116455078	9503303	0.0	0.0
2021-08-26 00:00:00+08:00	38.476634099341396	38.55815298615038	37.98752419890821	38.2728385925293	14354153	0.0	0.0
2021-08-27 00:00:00+08:00	38.27284033379875	38.72119252143612	38.109805973184045	38.6804313659668	10256833	0.0	0.0
2021-08-30 00:00:00+08:00	38.68043144059338	38.802711486816406	38.43587818898908	38.802711486816406	10065986	0.0	0.0
2021-08-31 00:00:00+08:00	38.802711472982146	39.4956169128418	38.5173970659316	39.4956169128418	20166018	0.0	0.0
2021-09-01 00:00:00+08:00	39.41409532553735	39.45485305786133	39.00650432061507	39.45485305786133	16269235	0.0	0.0
2021-09-02 00:00:00+08:00	39.45485127088564	39.45485127088564	38.884222521670914	39.04726028442383	8637424	0.0	0.0
2021-09-03 00:00:00+08:00	39.0472632336472	39.57713087198414	39.006505500090796	39.536373138427734	13234550	0.0	0.0
2021-09-06 00:00:00+08:00	39.5363763036711	40.025486247609294	39.25106188467206	39.78092956542969	14302763	0.0	0.0
2021-09-07 00:00:00+08:00	39.780923440993824	39.943961204013235	39.57712794742981	39.74016571044922	9048687	0.0	0.0
2021-09-08 00:00:00+08:00	39.699413227348636	39.90320874785022	39.29181876592453	39.57713317871094	13526575	0.0	0.0
2021-09-09 00:00:00+08:00	39.12878615467072	39.29182052612305	38.9657483627973	39.29182052612305	11783586	0.0	0.0
2021-09-10 00:00:00+08:00	39.29181445092868	39.94396209716797	39.16953783614024	39.94396209716797	17499396	0.0	0.0
2021-09-13 00:00:00+08:00	39.94396301352468	40.92218279511472	39.94396301352468	40.84066390991211	29386144	0.0	0.0
2021-09-14 00:00:00+08:00	41.655848836867314	42.389511953961375	41.32977330000719	41.9004020690918	57585584	0.0	0.0
2021-09-15 00:00:00+08:00	41.90040732623955	42.22647948359059	41.49281627444549	41.737369537353516	25000502	0.0	0.0
2021-09-16 00:00:00+08:00	41.73736746454197	42.14495849609375	41.41129532338472	42.14495849609375	25839927	0.0	0.0
2021-09-17 00:00:00+08:00	42.14495883354671	42.14495883354671	41.329776763916016	41.329776763916016	20824329	0.0	0.0
2021-09-22 00:00:00+08:00	40.59611358533257	41.329776763916016	40.35155691219083	41.329776763916016	23916262	0.0	0.0
2021-09-23 00:00:00+08:00	41.655854063331525	42.06344511512559	41.41129738000247	41.737369537353516	15403894	0.0	0.0
2021-09-24 00:00:00+08:00	41.90040087040833	42.14495409563666	41.73736310664245	41.81888198852539	14877255	0.0	0.0
2021-09-27 00:00:00+08:00	41.73736492179465	41.81888380722284	41.24825502964617	41.65584945678711	15322108	0.0	0.0
2021-09-28 00:00:00+08:00	41.2482576286595	41.90040533275557	40.9221854868219	41.57433319091797	15741102	0.0	0.0
2021-09-29 00:00:00+08:00	41.0852223263776	41.57433223813521	41.003703437681196	41.24825668334961	14373647	0.0	0.0
2021-09-30 00:00:00+08:00	41.085223267951136	41.81888644219095	41.00370437738652	41.57433319091797	17193158	0.0	0.0
2021-10-01 00:00:00+08:00	41.41129389556076	41.57433167072843	40.67763074814777	40.922183990478516	22409036	0.0	0.0
2021-10-04 00:00:00+08:00	41.00370471200896	41.24825796527769	40.67763256751036	40.759151458740234	15043248	0.0	0.0
2021-10-05 00:00:00+08:00	40.759150821599015	41.00370407104492	40.51459415173227	41.00370407104492	11141277	0.0	0.0
2021-10-06 00:00:00+08:00	41.0037035131387	41.08522240198512	40.59611248932741	40.67763137817383	12628124	0.0	0.0
2021-10-07 00:00:00+08:00	40.75914821833859	41.166739221663086	40.63686818100474	41.08522033691406	10905463	0.0	0.0
2021-10-08 00:00:00+08:00	41.08522033691406	41.166739221663086	40.922182567416016	41.08522033691406	5768942	0.0	0.0
2021-10-12 00:00:00+08:00	40.759149635731596	41.00370287806235	40.43307408539628	40.922183990478516	14630243	0.0	0.0
2021-10-13 00:00:00+08:00	41.08522533750683	41.57433528511123	40.75915317924424	41.166744232177734	14966666	0.0	0.0
2021-10-14 00:00:00+08:00	41.24825675925715	41.24825675925715	40.67763137817383	40.67763137817383	10840407	0.0	0.0
2021-10-15 00:00:00+08:00	40.759148445130144	40.92218279511472	40.59611067472492	40.84066390991211	10700715	0.0	0.0
2021-10-18 00:00:00+08:00	40.84066453654689	40.92218342300028	40.59611129760742	40.59611129760742	9755289	0.0	0.0
2021-10-19 00:00:00+08:00	40.63686869038481	40.840664194601615	39.86244440619266	40.025482177734375	27772958	0.0	0.0
2021-10-20 00:00:00+08:00	39.821687852779235	39.821687852779235	39.12878243383855	39.41409683227539	31318270	0.0	0.0
2021-10-21 00:00:00+08:00	39.41409360483089	39.74016571044922	39.41409360483089	39.74016571044922	24991535	0.0	0.0
2021-10-22 00:00:00+08:00	39.740171828610265	39.943967353549425	39.61789519773097	39.78092956542969	10461004	0.0	0.0
2021-10-25 00:00:00+08:00	39.617891141496415	39.658648874142905	39.169538980281686	39.332576751708984	16042263	0.0	0.0
2021-10-26 00:00:00+08:00	39.57713238306692	39.86244679011747	39.4956169128418	39.4956169128418	15450701	0.0	0.0
2021-10-27 00:00:00+08:00	39.495615720460314	39.61789234252731	39.291816789787624	39.41409683227539	10276871	0.0	0.0
2021-10-28 00:00:00+08:00	39.41409651733778	39.69941091349483	39.33257762980424	39.536373138427734	7267683	0.0	0.0
2021-10-29 00:00:00+08:00	39.536372255782766	39.536372255782766	39.291815598641826	39.332576751708984	13774183	0.0	0.0
2021-11-01 00:00:00+08:00	39.332576751708984	39.332576751708984	39.210300133348845	39.332576751708984	9347376	0.0	0.0
2021-11-02 00:00:00+08:00	39.45485216901257	39.74016655011466	39.21029893973681	39.25105667114258	10881205	0.0	0.0
2021-11-03 00:00:00+08:00	39.25105667114258	39.332575554374685	39.16953778791047	39.25105667114258	7075200	0.0	0.0
2021-11-04 00:00:00+08:00	39.291819734126435	39.414099785777275	39.16954310289662	39.210304260253906	7817757	0.0	0.0
2021-11-05 00:00:00+08:00	39.16953778791047	39.25105667114258	39.00650344186682	39.25105667114258	15485091	0.0	0.0
2021-11-08 00:00:00+08:00	39.37333858417712	39.9032096862793	39.33258084728665	39.9032096862793	12993317	0.0	0.0
2021-11-09 00:00:00+08:00	39.943967353549425	39.98472851078987	39.45485740961123	39.78092956542969	9148392	0.0	0.0
2021-11-10 00:00:00+08:00	39.740171035566625	39.740171035566625	39.45485662226125	39.69941329956055	9762737	0.0	0.0
2021-11-11 00:00:00+08:00	39.740171828610265	39.90320961673	39.57713404049053	39.78092956542969	11699306	0.0	0.0
2021-11-12 00:00:00+08:00	39.69941329956055	39.7809287715727	39.373337729828144	39.69941329956055	13359766	0.0	0.0
2021-11-15 00:00:00+08:00	39.69941210898251	39.74016984376627	39.37333654902905	39.61789321899414	15427865	0.0	0.0
2021-11-16 00:00:00+08:00	39.57713055769389	39.82168721835246	39.41409620434223	39.65864944458008	15375291	0.0	0.0
2021-11-17 00:00:00+08:00	39.57713317871094	39.617894335063816	39.33257992227742	39.57713317871094	14277618	0.0	0.0
2021-11-18 00:00:00+08:00	39.49561683793972	39.536374572974985	39.332579056956924	39.37333679199219	11929136	0.0	0.0
2021-11-19 00:00:00+08:00	39.37333679199219	39.45485568248359	39.12878354093886	39.37333679199219	15556319	0.0	0.0
2021-11-22 00:00:00+08:00	39.12877916580029	39.291813508132726	39.00650255394584	39.04726028442383	13649522	0.0	0.0
2021-11-23 00:00:00+08:00	39.04726290540296	39.08802405903745	38.92498628534091	38.96574401855469	11334204	0.0	0.0
2021-11-24 00:00:00+08:00	38.88422688205082	38.924988037520144	38.55815474040055	38.6804313659668	21568089	0.0	0.0
2021-11-25 00:00:00+08:00	38.63967427313334	38.68043200885921	38.35435986178943	38.43587875366211	16206700	0.0	0.0
2021-11-26 00:00:00+08:00	38.31360029930464	38.35435803308722	37.906005859375	37.906005859375	27222067	0.0	0.0
2021-11-29 00:00:00+08:00	37.53917599406946	38.02828590156427	37.45765710608353	37.906005859375	20348871	0.0	0.0
2021-11-30 00:00:00+08:00	37.906004086381955	38.558151739345455	37.4984130859375	37.4984130859375	37037887	0.0	0.0
2021-12-01 00:00:00+08:00	37.49841601709148	38.1913214560938	37.49841601709148	37.987525939941406	17740509	0.0	0.0
2021-12-02 00:00:00+08:00	37.98752658299102	38.0690454749161	37.74297332763672	37.74297332763672	15982110	0.0	0.0
2021-12-03 00:00:00+08:00	37.94676621269367	38.191319451069276	37.82448959350586	37.82448959350586	15814749	0.0	0.0
2021-12-06 00:00:00+08:00	37.86524586915897	38.59891239689153	37.82448813780518	38.55815124511719	16636635	0.0	0.0
2021-12-07 00:00:00+08:00	38.59891328226062	38.76194763183594	38.23208000998004	38.76194763183594	14438737	0.0	0.0
2021-12-08 00:00:00+08:00	38.924985090371436	38.96574282233398	38.72118958971749	38.88422393798828	11407503	0.0	0.0
2021-12-09 00:00:00+08:00	38.96574344788047	39.00650460091799	38.395114668720446	38.639671325683594	10251908	0.0	0.0
2021-12-10 00:00:00+08:00	38.639670128245314	38.802707894501566	38.39511347886094	38.55815124511719	10916177	0.0	0.0
2021-12-13 00:00:00+08:00	38.55815650186257	38.924989815740304	38.395118713378906	38.395118713378906	8582527	0.0	0.0
2021-12-14 00:00:00+08:00	38.35435636482228	38.47663298127224	38.27283748038211	38.3135986328125	10316981	0.0	0.0
2021-12-15 00:00:00+08:00	38.31359974614414	38.55815298615038	38.15056197252618	38.2728385925293	12313640	0.0	0.0
2021-12-16 00:00:00+08:00	38.313601256966884	38.43587788179174	38.150563476919835	38.23208236694336	8276670	0.0	0.0
2021-12-17 00:00:00+08:00	38.27284033379875	38.80271141195391	38.23208259875029	38.6804313659668	20359806	0.0	0.0
2021-12-20 00:00:00+08:00	38.680429058300454	38.72119021133798	38.395114668720446	38.639671325683594	12445690	0.0	0.0
2021-12-21 00:00:00+08:00	38.639675465600675	38.68043320258438	38.395118782435325	38.517398834228516	6240365	0.0	0.0
2021-12-22 00:00:00+08:00	38.639671325683594	38.680429058300454	38.47663355437483	38.639671325683594	6011561	0.0	0.0
2021-12-23 00:00:00+08:00	38.55815182102609	38.88422393798828	38.55815182102609	38.88422393798828	10316971	0.0	0.0
2021-12-24 00:00:00+08:00	38.92498367256938	39.088021435322304	38.92498367256938	39.04726028442383	6587581	0.0	0.0
2021-12-27 00:00:00+08:00	39.0472664716668	39.210304260253906	39.0472664716668	39.210304260253906	6293217	0.0	0.0
2021-12-28 00:00:00+08:00	39.21029893973681	39.25105667114258	39.088022325098926	39.25105667114258	8563478	0.0	0.0
2021-12-29 00:00:00+08:00	39.25105667114258	39.332575554374685	39.16953778791047	39.25105667114258	5849463	0.0	0.0
2021-12-30 00:00:00+08:00	39.251056980592125	39.29181471231922	39.128780364990234	39.128780364990234	5085536	0.0	0.0
2022-01-03 00:00:00+08:00	39.16954128865263	39.251060179170416	38.59891589586988	38.6804313659668	13591954	0.0	0.0
2022-01-04 00:00:00+08:00	38.72118901137344	38.802707894501566	38.31359801615337	38.55815124511719	12594043	0.0	0.0
2022-01-05 00:00:00+08:00	38.39511759751531	38.55815538126066	38.31360212606355	38.43587875366211	10688966	0.0	0.0
2022-01-06 00:00:00+08:00	38.55815481479123	38.802711486816406	38.43587818898908	38.802711486816406	13608960	0.0	0.0
2022-01-07 00:00:00+08:00	38.80271141195391	38.84346914700237	38.47663584988277	38.6804313659668	12026649	0.0	0.0
2022-01-10 00:00:00+08:00	38.6804278595991	38.72118901137344	38.31359801615337	38.55815124511719	13125558	0.0	0.0
2022-01-11 00:00:00+08:00	38.395115853569976	38.72119140625	38.395115853569976	38.72119140625	12165218	0.0	0.0
2022-01-12 00:00:00+08:00	38.72119140625	38.72119140625	38.395115853569976	38.72119140625	11903221	0.0	0.0
2022-01-13 00:00:00+08:00	38.7211946369403	39.08802795410156	38.63967574196879	39.08802795410156	15242384	0.0	0.0
2022-01-14 00:00:00+08:00	39.00650700329361	39.00650700329361	38.68043144059338	38.802711486816406	10410405	0.0	0.0
2022-01-17 00:00:00+08:00	38.76195033126844	38.88422695707059	38.59891597033919	38.802711486816406	9988289	0.0	0.0
2022-01-18 00:00:00+08:00	38.802711168170724	38.92498779296875	38.68043112295186	38.92498779296875	8907608	0.0	0.0
2022-01-19 00:00:00+08:00	38.802711486816406	38.88422695707059	38.72119259614134	38.802711486816406	5631759	0.0	0.0
2022-01-20 00:00:00+08:00	38.76194914012462	38.884225762169244	38.68043025195461	38.72119140625	6966518	0.0	0.0
2022-01-21 00:00:00+08:00	38.72119021133798	38.84346682960922	38.43587582175797	38.639671325683594	10421904	0.0	0.0
2022-01-24 00:00:00+08:00	38.39511759751531	38.55815538126066	38.31360212606355	38.43587875366211	6028033	0.0	0.0
2022-01-25 00:00:00+08:00	38.31360389233568	38.354361629940506	37.98752830981276	38.15056610107422	17776152	0.0	0.0
2022-01-26 00:00:00+08:00	38.06904189578181	38.31359854856458	37.94676527960073	38.19131851196289	8556346	0.0	0.0
2022-02-07 00:00:00+08:00	37.946769925680364	38.395118713378906	37.4984177175608	38.395118713378906	18744849	0.0	0.0
2022-02-08 00:00:00+08:00	38.39511521253242	38.51739525295624	38.23208085933516	38.2728385925293	10722743	0.0	0.0
2022-02-09 00:00:00+08:00	38.27283686437903	38.55815124511719	38.23207913302525	38.55815124511719	8774696	0.0	0.0
2022-02-10 00:00:00+08:00	38.43587551226466	38.76194763183594	38.35435662726668	38.76194763183594	8233846	0.0	0.0
2022-02-11 00:00:00+08:00	38.55815212955131	38.76194763183594	38.43587551226466	38.76194763183594	7531645	0.0	0.0
2022-02-14 00:00:00+08:00	38.476636489387985	38.55815538126066	38.27284096991675	38.43587875366211	10056219	0.0	0.0
2022-02-15 00:00:00+08:00	38.35435636482228	38.39511409683206	38.15056086393215	38.3135986328125	5994658	0.0	0.0
2022-02-16 00:00:00+08:00	38.3135986328125	38.43587524926245	38.3135986328125	38.3135986328125	9642969	0.0	0.0
2022-02-17 00:00:00+08:00	38.43587811483431	38.76195025648458	38.395116959364984	38.6804313659668	11739864	0.0	0.0
2022-02-18 00:00:00+08:00	38.517397005352095	38.76195025648458	38.47663584988277	38.6804313659668	9664053	0.0	0.0
2022-02-21 00:00:00+08:00	38.59891597033919	38.92498811261856	38.43587818898908	38.802711486816406	9028933	0.0	0.0
2022-02-22 00:00:00+08:00	38.63967070537179	38.88422393798828	38.39511405233469	38.88422393798828	11738616	0.0	0.0
2022-02-23 00:00:00+08:00	38.8842254459455	39.00650548741646	38.680429937388226	38.843467712402344	8850832	0.0	0.0
2022-02-24 00:00:00+08:00	38.72118901137344	38.72118901137344	38.39511347886094	38.55815124511719	14445239	0.0	0.0
2022-02-25 00:00:00+08:00	38.47663505663153	38.72119172314299	38.23208181054086	38.598915100097656	16016499	0.0	0.0
2022-03-01 00:00:00+08:00	38.96574401855469	39.00650517218918	38.72119077843058	38.96574401855469	15422502	0.0	0.0
2022-03-02 00:00:00+08:00	38.965742597240656	39.128780364990234	38.80270824991166	39.128780364990234	8953161	0.0	0.0
2022-03-03 00:00:00+08:00	39.088024937014914	39.16954040527344	38.965744893785555	39.16954040527344	8252732	0.0	0.0
2022-03-04 00:00:00+08:00	38.96574433345256	39.00650548741646	38.721191091352125	38.843467712402344	12086160	0.0	0.0
2022-03-07 00:00:00+08:00	38.68043313301481	38.68043313301481	38.23208434531627	38.395118713378906	18520400	0.0	0.0
2022-03-08 00:00:00+08:00	38.31359974614414	38.43587636614726	38.19131970572031	38.2728385925293	17198589	0.0	0.0
2022-03-09 00:00:00+08:00	38.55815657121222	38.639675465600675	38.35436104545162	38.517398834228516	6072009	0.0	0.0
2022-03-10 00:00:00+08:00	38.517397079664136	38.88422695707059	38.47663592411617	38.802711486816406	10353101	0.0	0.0
2022-03-11 00:00:00+08:00	38.63967363091834	38.80271141195391	38.55815474040055	38.6804313659668	7235168	0.0	0.0
2022-03-14 00:00:00+08:00	38.68042874683796	38.88422424912258	38.639671014549286	38.76194763183594	8911848	0.0	0.0
2022-03-15 00:00:00+08:00	38.7211946369403	39.12878569137679	38.63967574196879	39.08802795410156	11720722	0.0	0.0
2022-03-16 00:00:00+08:00	39.08802294335939	39.128780675409836	38.84346628979489	39.00650405883789	12388851	0.0	0.0
2022-03-17 00:00:00+08:00	39.21029924886502	39.29181471231922	39.006503749388344	39.128780364990234	18560397	0.0	0.0
2022-03-18 00:00:00+08:00	39.21030421619423	39.9032096862793	39.21030421619423	39.9032096862793	34317330	0.0	0.0
2022-03-21 00:00:00+08:00	40.02548361146455	40.63687014601511	39.9847258773295	40.55535125732422	26480386	0.0	0.0
2022-03-22 00:00:00+08:00	40.51459503173828	40.555352767390936	40.18852288525427	40.51459503173828	12081765	0.0	0.0
2022-03-23 00:00:00+08:00	40.51459233011332	40.51459233011332	40.310796824597844	40.47383117675781	13757535	0.0	0.0
2022-03-24 00:00:00+08:00	40.4738309462814	40.718387603759766	40.31079659504983	40.718387603759766	15427811	0.0	0.0
2022-03-25 00:00:00+08:00	40.67763281519074	40.67763281519074	40.39231840435939	40.51459503173828	9623317	0.0	0.0
2022-03-28 00:00:00+08:00	40.2700417769805	40.555352767390936	40.025485101801806	40.51459503173828	9362265	0.0	0.0
2022-03-29 00:00:00+08:00	40.59611129760742	40.92218342300028	40.35155463824726	40.59611129760742	8824319	0.0	0.0
2022-03-30 00:00:00+08:00	40.636871337890625	40.75915138472383	40.51459471147831	40.636871337890625	10573785	0.0	0.0
2022-03-31 00:00:00+08:00	40.71838911238664	40.922184624292285	40.63687022354022	40.67763137817383	16625565	0.0	0.0
2022-04-01 00:00:00+08:00	40.51459352318916	40.75915018926186	40.31079801167231	40.55535125732422	10837725	0.0	0.0
2022-04-06 00:00:00+08:00	40.55535070656165	40.922183990478516	40.43307408539628	40.922183990478516	12014013	0.0	0.0
2022-04-07 00:00:00+08:00	40.59611424631178	40.92218639538893	40.3515575691882	40.39231872558594	12276446	0.0	0.0
2022-04-08 00:00:00+08:00	40.433073524700646	40.59611129760742	40.27003917221457	40.59611129760742	7088065	0.0	0.0
2022-04-11 00:00:00+08:00	40.59611304971003	40.71838967445715	40.02548424032903	40.31079864501953	8811942	0.0	0.0
2022-04-12 00:00:00+08:00	40.27003789839611	40.27003789839611	38.965742597240656	39.128780364990234	39669129	0.0	0.0
2022-04-13 00:00:00+08:00	39.251056980592125	39.61789024781838	38.92498486551355	39.128780364990234	22132205	0.0	0.0
2022-04-14 00:00:00+08:00	39.37333382364187	39.37333382364187	38.80270847406319	38.88422393798828	19779754	0.0	0.0
2022-04-15 00:00:00+08:00	38.72119429034623	38.76195202725664	38.3543609764685	38.395118713378906	24353625	0.0	0.0
2022-04-18 00:00:00+08:00	38.558153542841666	38.558153542841666	37.82449039180983	37.906005859375	27278910	0.0	0.0
2022-04-19 00:00:00+08:00	37.90600234897009	37.9875212294067	37.66144912808069	37.78372573852539	20583395	0.0	0.0
2022-04-20 00:00:00+08:00	37.90600704939627	38.10980598596954	37.82449157927201	37.987525939941406	18032933	0.0	0.0
2022-04-21 00:00:00+08:00	38.19132383867904	38.435880525571235	37.90600941418202	38.15056610107422	15939418	0.0	0.0
2022-04-22 00:00:00+08:00	38.0690425178373	38.0690425178373	37.824489281479096	37.9467658996582	12114588	0.0	0.0
2022-04-25 00:00:00+08:00	37.78372867321416	37.82448982680864	37.539175433330136	37.579933166503906	19355262	0.0	0.0
2022-04-26 00:00:00+08:00	37.70221098153603	37.8244910257748	37.57993435771807	37.66145324707031	13594900	0.0	0.0
2022-04-27 00:00:00+08:00	37.620691532052874	37.620691532052874	37.2538616660607	37.33538055419922	23345601	0.0	0.0
2022-04-28 00:00:00+08:00	37.49841427973566	37.579933166503906	37.09082326631515	37.579933166503906	20432476	0.0	0.0
2022-04-29 00:00:00+08:00	37.661453886554	37.8652494031846	37.416900634765625	37.416900634765625	20838643	0.0	0.0
2022-05-03 00:00:00+08:00	37.41690000230626	37.41690000230626	36.764752307859084	36.96854782104492	24895658	0.0	0.0
2022-05-04 00:00:00+08:00	36.968543702295776	37.1723391927763	36.88702482201948	37.0908203125	11119741	0.0	0.0
2022-05-05 00:00:00+08:00	37.29462466170998	37.29462466170998	37.090829122821155	37.17234802246094	10213241	0.0	0.0
2022-05-06 00:00:00+08:00	36.96855077851283	36.96855077851283	36.76475524902344	36.76475524902344	16169639	0.0	0.0
2022-05-09 00:00:00+08:00	36.68323253310166	36.72399026658676	35.990327120909846	36.07184600830078	21643021	0.0	0.0
2022-05-10 00:00:00+08:00	35.86804993437735	35.94956540006201	35.58273554321901	35.74577331542969	21323094	0.0	0.0
2022-05-11 00:00:00+08:00	34.64527519142046	35.01210848676659	34.64527519142046	34.767555236816406	36564232	0.0	0.0
2022-05-12 00:00:00+08:00	34.64527115875201	34.686032309279724	33.25946044921875	33.25946044921875	46067650	0.0	0.0
2022-05-13 00:00:00+08:00	33.34098087911825	34.07464741850408	33.25946199469531	33.9116096496582	25471016	0.0	0.0
2022-05-16 00:00:00+08:00	33.91161139704185	33.99313028566526	33.42250148572218	33.62629699707031	26057643	0.0	0.0
2022-05-17 00:00:00+08:00	33.83009338378906	33.95237000967775	33.62629786716762	33.83009338378906	24913174	0.0	0.0
2022-05-18 00:00:00+08:00	33.9116096496582	33.99312853408114	33.50401864796412	33.9116096496582	30322648	0.0	0.0
2022-05-19 00:00:00+08:00	33.74857009613656	33.74857009613656	33.46325572595444	33.5040168762207	21869326	0.0	0.0
2022-05-20 00:00:00+08:00	33.78933357368433	34.196924581897704	33.544776916503906	33.544776916503906	40009896	0.0	0.0
2022-05-23 00:00:00+08:00	33.83009402791808	33.87085176385005	33.54477961513146	33.585540771484375	18872536	0.0	0.0
2022-05-24 00:00:00+08:00	33.585540771484375	33.748575135633196	33.54477961513146	33.585540771484375	19884534	0.0	0.0
2022-05-25 00:00:00+08:00	33.667055285274074	34.15616520464366	33.62629755050196	33.952369689941406	19521425	0.0	0.0
2022-05-26 00:00:00+08:00	34.07464861751602	34.604516254279076	33.99312973022461	33.99312973022461	19828340	0.0	0.0
2022-05-27 00:00:00+08:00	33.870851419409234	34.5637602865739	33.870851419409234	34.40072250366211	22004391	0.0	0.0
2022-05-30 00:00:00+08:00	34.68603602973226	35.09362705620524	34.68603602973226	34.88983154296875	23593485	0.0	0.0
2022-05-31 00:00:00+08:00	34.889832982015285	34.97135187475633	34.563760831472074	34.7267951965332	39471182	0.0	0.0
2022-06-01 00:00:00+08:00	34.76755460035793	34.80831233446323	34.278444688990405	34.3192024230957	21546209	0.0	0.0
2022-06-02 00:00:00+08:00	34.237682971678105	34.237682971678105	33.952368576368535	33.99312973022461	17020993	0.0	0.0
2022-06-06 00:00:00+08:00	34.03388738357417	34.156164004013185	33.74857298893598	33.870849609375	16608263	0.0	0.0
2022-06-07 00:00:00+08:00	33.83009370468527	34.03388922323982	33.70781707763672	33.70781707763672	21507425	0.0	0.0
2022-06-08 00:00:00+08:00	33.78933651247828	34.115408663324644	33.74857535585938	34.03388977050781	13542588	0.0	0.0
2022-06-09 00:00:00+08:00	34.07464853733432	34.07464853733432	33.870849609375	33.870849609375	10278838	0.0	0.0
2022-06-10 00:00:00+08:00	33.748573303222656	33.83009219108139	33.707815569503666	33.748573303222656	9509865	0.0	0.0
2022-06-13 00:00:00+08:00	33.422498210488705	33.46325594059597	33.13718383847651	33.25946044921875	30325928	0.0	0.0
2022-06-14 00:00:00+08:00	33.01491109909523	33.055668833981784	32.64807780343283	32.688838958740234	28333838	0.0	0.0
2022-06-15 00:00:00+08:00	32.77035554771364	32.8518744406917	32.64807891845703	32.64807891845703	24410400	0.0	0.0
2022-06-16 00:00:00+08:00	33.01490989384315	33.34098202229446	32.60731887817383	32.60731887817383	22893930	0.0	0.0
2022-06-17 00:00:00+08:00	32.48503826915348	32.52579942226016	32.24048503219605	32.281246185302734	37139406	0.0	0.0
2022-06-20 00:00:00+08:00	32.24048581920406	32.24048581920406	31.669857025146484	31.669857025146484	28876774	0.0	0.0
2022-06-21 00:00:00+08:00	31.792132789531117	32.2812461030409	31.751375056948962	32.158966064453125	19084833	0.0	0.0
2022-06-22 00:00:00+08:00	32.322006547861314	32.5258020687145	32.15896876301039	32.199729919433594	17635322	0.0	0.0
2022-06-23 00:00:00+08:00	32.40352521742297	32.525801845009696	31.79213523864746	31.79213523864746	19806973	0.0	0.0
2022-06-24 00:00:00+08:00	32.199729919433594	32.36276428386358	31.955173242157205	32.199729919433594	16399270	0.0	0.0
2022-06-27 00:00:00+08:00	32.607316479483494	32.81111197232636	32.40352098664063	32.444278717041016	17590116	0.0	0.0
2022-06-28 00:00:00+08:00	32.68883719384555	32.68883719384555	32.281246185302734	32.281246185302734	11570137	0.0	0.0
2022-06-29 00:00:00+08:00	32.362762767718785	32.44428165632522	32.11820952232028	32.24048614501953	17235391	0.0	0.0
2022-06-30 00:00:00+08:00	32.36276428386358	32.40352544028678	31.99593439858041	32.199729919433594	23672220	0.0	0.0
2022-07-01 00:00:00+08:00	32.44428314772415	33.38174185873925	32.36276425537046	32.892635345458984	29111037	0.0	0.0
2022-07-04 00:00:00+08:00	32.933391006625136	33.09642878106116	32.44428110373781	32.60731887817383	20770243	0.0	0.0
2022-07-05 00:00:00+08:00	33.014908723025414	33.300223107959894	32.811113222418015	33.21870422363281	17519427	0.0	0.0
2022-07-06 00:00:00+08:00	33.30022428889582	33.42250090951247	32.60731887817383	32.60731887817383	14619707	0.0	0.0
2022-07-07 00:00:00+08:00	32.89263556418712	33.422503237378194	32.811116671291344	33.34098434448242	14471819	0.0	0.0
2022-07-08 00:00:00+08:00	33.422498210488705	33.46325594059597	33.01490722773427	33.25946044921875	15452920	0.0	0.0
2022-07-11 00:00:00+08:00	33.30022138615068	33.585535756332796	33.21870250603858	33.5040168762207	13952032	0.0	0.0
2022-07-12 00:00:00+08:00	33.38174326694201	33.62629995431966	33.17795115809226	33.42250442504883	14632235	0.0	0.0
2022-07-13 00:00:00+08:00	34.237680337713314	34.40071809975335	33.83008935303369	34.07464599609375	20215880	0.0	0.0
2022-07-14 00:00:00+08:00	33.952368576368535	34.156164084386695	33.74857306835038	33.99312973022461	12425753	0.0	0.0
2022-07-15 00:00:00+08:00	33.95236643046284	33.99312758174266	33.01490783691406	33.01490783691406	22130863	0.0	0.0
2022-07-18 00:00:00+08:00	33.014914017942054	33.17795181274414	32.64808068984793	33.17795181274414	22532002	0.0	0.0
2022-07-19 00:00:00+08:00	33.17794878632533	33.952369689941406	33.01491100639519	33.952369689941406	28107723	0.0	0.0
2022-07-20 00:00:00+08:00	34.23768176692934	34.40071953577522	33.83009076523526	33.9116096496582	31908922	0.0	0.0
2022-07-21 00:00:00+08:00	34.997107547095474	35.365499558153005	34.812911541566706	35.043155670166016	44785056	0.999283	1.0999282000000001
2022-07-22 00:00:00+08:00	35.08920608781888	35.18130585322922	34.62871780050762	34.72081756591797	32787745	0.0	0.0
2022-07-25 00:00:00+08:00	34.72081483063568	34.99710707860695	34.53661882757265	34.85895919799805	14455125	0.0	0.0
2022-07-26 00:00:00+08:00	34.85896011096482	34.95105987153173	34.67476761632428	34.81291198730469	14496880	0.0	0.0
2022-07-27 00:00:00+08:00	34.81291107554392	34.951058956152835	34.766862953089806	34.85895919799805	12392630	0.0	0.0
2022-07-28 00:00:00+08:00	35.04315324404942	35.18130111694336	34.951057004284365	35.18130111694336	13635296	0.0	0.0
2022-07-29 00:00:00+08:00	35.45759538219821	35.68783950805664	35.31944750138453	35.68783950805664	13558751	0.0	0.0
2022-08-01 00:00:00+08:00	35.91807855533648	36.37856674194336	35.687834462033045	36.37856674194336	16972353	0.0	0.0
2022-08-02 00:00:00+08:00	35.964128886752924	36.332520864029945	35.91808076790487	36.05622863769531	19807281	0.0	0.0
2022-08-03 00:00:00+08:00	35.964129492680804	36.01017761230469	35.68783726169117	36.01017761230469	15852481	0.0	0.0
2022-08-04 00:00:00+08:00	35.964131756437446	36.10227963725112	35.503643504720586	35.68783950805664	18632159	0.0	0.0
2022-08-05 00:00:00+08:00	36.01017804356654	36.05622967698827	35.733885809267996	35.77993392944336	11432774	0.0	0.0
2022-08-08 00:00:00+08:00	35.77993666846458	35.77993666846458	35.27340028126655	35.64179229736328	12486982	0.0	0.0
2022-08-09 00:00:00+08:00	35.549691627242964	35.68783950805664	35.1813031338174	35.68783950805664	14679518	0.0	0.0
2022-08-10 00:00:00+08:00	35.549691627242964	35.73388763057901	35.31944750138453	35.68783950805664	12888723	0.0	0.0
2022-08-11 00:00:00+08:00	35.4115446119977	36.240421295166016	35.4115446119977	36.240421295166016	21657321	0.0	0.0
2022-08-12 00:00:00+08:00	36.056229723767345	36.24042220470776	35.91808184981566	36.194374084472656	12222260	0.0	0.0
2022-08-15 00:00:00+08:00	36.194374084472656	36.332521958424344	35.91808184981566	36.194374084472656	12057811	0.0	0.0
2022-08-16 00:00:00+08:00	36.378569165650546	36.424617284729955	36.010177186522654	36.240421295166016	12974227	0.0	0.0
2022-08-17 00:00:00+08:00	36.28647345882637	36.83905792236328	36.10227746656528	36.83905792236328	16377741	0.0	0.0
2022-08-18 00:00:00+08:00	36.74696502602535	36.74696502602535	36.378573007987576	36.65486526489258	14016349	0.0	0.0
2022-08-19 00:00:00+08:00	36.6548637131494	36.70091183514307	36.24042358871343	36.332523345947266	12721978	0.0	0.0
2022-08-22 00:00:00+08:00	36.14832487539144	36.14832487539144	35.964128886752924	36.05622863769531	6397000	0.0	0.0
2022-08-23 00:00:00+08:00	36.378569165650546	36.378569165650546	36.010177186522654	36.240421295166016	14274197	0.0	0.0
2022-08-24 00:00:00+08:00	36.24041929215068	36.24041929215068	36.010175196232964	36.14832305908203	10879337	0.0	0.0
2022-08-25 00:00:00+08:00	36.33252152795494	36.424617767333984	36.14832553595051	36.424617767333984	11560116	0.0	0.0
2022-08-26 00:00:00+08:00	36.56276412119511	36.56276412119511	36.37856813684035	36.51671600341797	10766729	0.0	0.0
2022-08-29 00:00:00+08:00	36.010177186522654	36.378569165650546	35.91808094836383	36.240421295166016	14266276	0.0	0.0
2022-08-30 00:00:00+08:00	36.194371175616354	36.37856715499975	36.05622682601338	36.14832305908203	12283152	0.0	0.0
2022-08-31 00:00:00+08:00	36.14832596423755	36.28647383818924	36.01017809028587	36.194374084472656	18976520	0.0	0.0
2022-09-01 00:00:00+08:00	36.01017743240936	36.05622906504951	35.73388520279999	35.825984954833984	19338905	0.0	0.0
2022-09-02 00:00:00+08:00	35.82598398213937	35.918080218426596	35.36549577421082	35.45759201049805	23401911	0.0	0.0
2022-09-05 00:00:00+08:00	35.503641269949306	36.10227736479879	35.45759315032542	36.01017761230469	22392775	0.0	0.0
2022-09-06 00:00:00+08:00	36.102279852728984	36.70091247558594	36.102279852728984	36.70091247558594	26842640	0.0	0.0
2022-09-07 00:00:00+08:00	36.7009113931258	36.839059270689475	36.378571029805855	36.562767028808594	19868088	0.0	0.0
2022-09-08 00:00:00+08:00	36.65486435278872	36.74696411162972	36.42462022555607	36.70091247558594	12389171	0.0	0.0
2022-09-12 00:00:00+08:00	36.79301314996841	36.83906127391147	36.47066925587369	36.65486526489258	13128666	0.0	0.0
2022-09-13 00:00:00+08:00	36.8390559207828	36.8390559207828	36.56276370402615	36.7469596862793	23184397	0.0	0.0
2022-09-14 00:00:00+08:00	36.33252001906321	36.70090847452654	36.28647190128607	36.51671600341797	14338818	0.0	0.0
2022-09-15 00:00:00+08:00	36.424617767333984	36.60881375933841	36.286473408265415	36.424617767333984	19908652	0.0	0.0
2022-09-16 00:00:00+08:00	36.24041870851397	36.28647033755275	35.549686431884766	35.549686431884766	41626394	0.0	0.0
2022-09-19 00:00:00+08:00	35.82599029922036	36.01018280427287	35.641794280921005	35.733890533447266	18825234	0.0	0.0
2022-09-20 00:00:00+08:00	35.64179091487808	35.9641312815247	35.50364303588867	35.50364303588867	22933234	0.0	0.0
2022-09-21 00:00:00+08:00	35.411546760464894	35.50364300421133	34.99710663711294	35.089202880859375	32548682	0.0	0.0
2022-09-22 00:00:00+08:00	34.81290859888321	34.81290859888321	34.30637226143081	34.582664489746094	37904245	0.0	0.0
2022-09-23 00:00:00+08:00	34.1682261564459	34.306374034366094	34.07612991333008	34.07612991333008	29391851	0.0	0.0
2022-09-26 00:00:00+08:00	33.70773829124088	33.70773829124088	33.017005920410156	33.017005920410156	39630908	0.0	0.0
2022-09-27 00:00:00+08:00	32.878858658983745	33.339346865655095	32.78675890970175	32.97095489501953	30244818	0.0	0.0
2022-09-28 00:00:00+08:00	32.97095898113961	32.97095898113961	32.14208221435547	32.14208221435547	32035948	0.0	0.0
2022-09-29 00:00:00+08:00	31.7736877051028	32.003931818907894	31.221103237269126	31.45134735107422	78593145	0.0	0.0
2022-09-30 00:00:00+08:00	31.12900733947754	31.35925148180096	30.94481132296944	31.12900733947754	44017318	0.0	0.0
2022-10-03 00:00:00+08:00	30.99085807800293	31.221102184040856	30.760613971965007	30.99085807800293	20987202	0.0	0.0
2022-10-04 00:00:00+08:00	31.22110236754889	31.497394593769112	30.898758509253412	31.175050735473633	27779151	0.0	0.0
2022-10-05 00:00:00+08:00	31.54344359129771	31.68159146487931	31.359247597604362	31.45134735107422	28429106	0.0	0.0
2022-10-06 00:00:00+08:00	31.635539009418036	31.77368687940963	31.497394652672718	31.58949089050293	17771524	0.0	0.0
2022-10-07 00:00:00+08:00	31.45134934110747	31.77368971553162	31.45134934110747	31.543445587158203	12762165	0.0	0.0
2022-10-11 00:00:00+08:00	31.405299607616286	31.405299607616286	31.03691108784689	31.12900733947754	23423998	0.0	0.0
2022-10-12 00:00:00+08:00	31.08295440673828	31.31319851345486	30.94480653740983	31.08295440673828	16900474	0.0	0.0
2022-10-13 00:00:00+08:00	31.08295606485429	31.17505230715528	30.069883346557617	30.069883346557617	40997521	0.0	0.0
2022-10-14 00:00:00+08:00	30.39222220940191	30.43827032828205	29.839637756347656	29.839637756347656	31767869	0.0	0.0
2022-10-17 00:00:00+08:00	29.747540321891712	29.747540321891712	28.91866182113937	29.194955825805664	42383090	0.0	0.0
2022-10-18 00:00:00+08:00	29.333100466566094	29.471246583602092	28.734466121661313	28.964710235595703	33720258	0.0	0.0
2022-10-19 00:00:00+08:00	28.964711466813434	29.517295958446415	28.91866158809518	29.10285758972168	38708947	0.0	0.0
2022-10-20 00:00:00+08:00	28.734465832396197	28.872611948041502	28.181879613191814	28.458171844482422	44849794	0.0	0.0
2022-10-21 00:00:00+08:00	28.596318200627724	28.872612190865176	28.181879850206315	28.550270080566406	15026476	0.0	0.0
2022-10-24 00:00:00+08:00	29.01075944076788	29.102857441110842	28.181880950927734	28.181880950927734	20873910	0.0	0.0
2022-10-25 00:00:00+08:00	28.227927535713892	28.227927535713892	27.537195205688477	27.537195205688477	37267079	0.0	0.0
2022-10-26 00:00:00+08:00	27.62929400527234	28.089782238693545	27.445098009254576	27.90558624267578	19501190	0.0	0.0
2022-10-27 00:00:00+08:00	28.227928635953617	28.688416873919003	28.227928635953617	28.412124633789062	19320399	0.0	0.0
2022-10-28 00:00:00+08:00	28.504220899107406	28.68841512911711	27.95163469583206	28.089780807495117	16363906	0.0	0.0
2022-10-31 00:00:00+08:00	28.320025341569885	28.550269450037934	27.85953712463379	27.85953712463379	17972532	0.0	0.0
2022-11-01 00:00:00+08:00	27.859537928763732	28.32002615899123	27.72139181102012	28.227928161621094	12092559	0.0	0.0
2022-11-02 00:00:00+08:00	28.227928399558632	28.412124395851524	28.135830401412186	28.320026397705078	11682846	0.0	0.0
2022-11-03 00:00:00+08:00	27.859538121982943	27.997684240684663	27.76744012397406	27.90558624267578	16984572	0.0	0.0
2022-11-04 00:00:00+08:00	27.81348948437029	28.135829836475807	27.767439607910095	28.043733596801758	15739518	0.0	0.0
2022-11-07 00:00:00+08:00	28.181879850206315	28.550270080566406	28.089781853460494	28.550270080566406	16539214	0.0	0.0
2022-11-08 00:00:00+08:00	28.688416567370176	29.333100796282263	28.642368446714972	29.14890480041504	22816708	0.0	0.0
2022-11-09 00:00:00+08:00	29.148904370152536	29.563342719801526	29.056806373578365	29.379148483276367	21779321	0.0	0.0
2022-11-10 00:00:00+08:00	29.194955825805664	29.65544407695955	29.05680794516088	29.194955825805664	15333810	0.0	0.0
2022-11-11 00:00:00+08:00	29.747540348356097	29.88568822912378	29.37915009842991	29.60939598083496	21923099	0.0	0.0
2022-11-14 00:00:00+08:00	29.885686674550314	31.68159146487931	29.701490680856967	31.45134735107422	62007121	0.0	0.0
2022-11-15 00:00:00+08:00	31.267150486377883	31.267150486377883	30.39222217564197	31.175050735473633	47225473	0.0	0.0
2022-11-16 00:00:00+08:00	30.85271150176392	30.944807742739286	30.300127029418945	30.300127029418945	48665140	0.0	0.0
2022-11-17 00:00:00+08:00	30.898761325063315	31.957885720879673	30.85271320203795	31.543445587158203	73432472	0.0	0.0
2022-11-18 00:00:00+08:00	31.036908157289623	31.405296642275157	30.576419916122852	30.668516159057617	68141925	0.0	0.0
2022-11-21 00:00:00+08:00	30.668514189766995	30.71456230827753	30.208025978169154	30.254074096679688	25430532	0.0	0.0
2022-11-22 00:00:00+08:00	30.161979588858607	30.2080277100091	29.931735469859685	30.069883346557617	24207863	0.0	0.0
2022-11-23 00:00:00+08:00	30.254076832623923	30.48432095924434	29.977784583328738	30.11593246459961	20279555	0.0	0.0
2022-11-24 00:00:00+08:00	30.392223831723136	30.576419830322266	30.115931590447673	30.576419830322266	25390750	0.0	0.0
2022-11-25 00:00:00+08:00	30.484321609856327	30.898761749267578	30.484321609856327	30.898761749267578	28220045	0.0	0.0
2022-11-28 00:00:00+08:00	30.668515595124603	30.760615349612305	30.208027362425295	30.392223358154297	32038057	0.0	0.0
2022-11-29 00:00:00+08:00	30.438273486198774	30.898761749267578	30.254077478321925	30.898761749267578	22131247	0.0	0.0
2022-11-30 00:00:00+08:00	30.71456380025284	31.22110366821289	30.576419438010802	31.22110366821289	45425426	0.0	0.0
2022-12-01 00:00:00+08:00	31.6815949248169	31.6815949248169	31.12900688338888	31.359251022338867	38220493	0.0	0.0
2022-12-02 00:00:00+08:00	31.221102184040856	31.221102184040856	30.94480644619835	30.99085807800293	23221118	0.0	0.0
2022-12-05 00:00:00+08:00	30.806663082592433	31.129003436127373	30.622467089181168	31.036907196044922	31134805	0.0	0.0
2022-12-06 00:00:00+08:00	30.990860035822237	30.990860035822237	30.668516159057617	30.668516159057617	21256755	0.0	0.0
2022-12-07 00:00:00+08:00	30.5764190094452	30.85271124330312	30.43827113589306	30.714563369750977	21909720	0.0	0.0
2022-12-08 00:00:00+08:00	30.6685160729986	30.714564194336766	30.5303717089841	30.576419830322266	14200372	0.0	0.0
2022-12-09 00:00:00+08:00	30.760614962551205	31.221103189456187	30.622467089181168	31.036907196044922	20457180	0.0	0.0
2022-12-12 00:00:00+08:00	31.036906378986657	31.22110236754889	30.898758509253412	31.175050735473633	12432823	0.0	0.0
2022-12-13 00:00:00+08:00	31.221103189456187	31.497395422949904	30.94480744271611	31.036907196044922	20832657	0.0	0.0
2022-12-14 00:00:00+08:00	31.31319894363631	31.31319894363631	30.852710723876953	30.852710723876953	19262036	0.0	0.0
2022-12-15 00:00:00+08:00	30.898761749267578	31.036909633486875	30.76061737829492	30.898761749267578	13931494	0.0	0.0
2022-12-16 00:00:00+08:00	30.576418772319755	31.865783691406254	30.392222780094162	31.86578369140625	71953709	0.0	0.0
2022-12-19 00:00:00+08:00	31.45134647494012	31.497394593769112	30.944806628082404	31.175050735473633	78747100	0.0	0.0
2022-12-20 00:00:00+08:00	31.036907196044922	31.359247549579866	30.898759322674884	31.036907196044922	66868221	0.0	0.0
2022-12-21 00:00:00+08:00	31.12900688338888	31.405299147479514	30.898762744438894	31.359251022338867	67421285	0.0	0.0
2022-12-22 00:00:00+08:00	31.497396034057886	32.049980511766485	31.359248158007524	31.72764015197754	71466548	0.0	0.0
2022-12-23 00:00:00+08:00	31.45135078586691	31.865787425379487	31.12900688338888	31.359251022338867	23326330	0.0	0.0
2022-12-26 00:00:00+08:00	31.635539401203847	31.72763915342093	31.405295290530614	31.681591033935547	12280553	0.0	0.0
2022-12-27 00:00:00+08:00	31.81973499832474	31.957882868316336	31.58949089050293	31.58949089050293	11350887	0.0	0.0
2022-12-28 00:00:00+08:00	31.451346533757608	31.635539009418036	31.267150544850907	31.58949089050293	13791324	0.0	0.0
2022-12-29 00:00:00+08:00	31.543443542991128	31.543443542991128	31.036907196044922	31.036907196044922	13374728	0.0	0.0
2022-12-30 00:00:00+08:00	31.221102184040856	31.313198421157523	30.99085807800293	30.99085807800293	8488022	0.0	0.0
2023-01-03 00:00:00+08:00	30.9448069625303	31.08295483375663	30.66851473332395	30.852710723876953	11523410	0.0	0.0
2023-01-04 00:00:00+08:00	30.990858595103283	31.08295483375663	30.852710723876953	30.852710723876953	10433708	0.0	0.0
2023-01-05 00:00:00+08:00	31.451347913123243	31.957884269897193	31.359248158007524	31.72764015197754	27245073	0.0	0.0
2023-01-06 00:00:00+08:00	31.727641592506256	31.865785961582354	31.40529770483552	31.543445587158203	13567646	0.0	0.0
2023-01-09 00:00:00+08:00	31.865783691406254	31.911835324397405	31.635539579435843	31.86578369140625	15548009	0.0	0.0
2023-01-10 00:00:00+08:00	31.911835324397405	31.95788344414222	31.635539579435843	31.86578369140625	11335305	0.0	0.0
2023-01-11 00:00:00+08:00	31.957883834838867	32.09602819576217	31.819735960669178	31.957883834838867	15305459	0.0	0.0
2023-01-12 00:00:00+08:00	32.00392970375321	32.69466199951767	31.957881586684806	32.60256576538086	26335803	0.0	0.0
2023-01-13 00:00:00+08:00	32.740712641488315	33.43144499052075	32.740712641488315	33.29330062866211	41352670	0.0	0.0
2023-01-16 00:00:00+08:00	33.66168685044299	33.98403069966517	33.29329839693414	33.615638732910156	34265823	0.0	0.0
2023-01-17 00:00:00+08:00	33.569595324307656	33.569595324307656	33.063058933900415	33.155155181884766	21192605	0.0	0.0
2023-01-30 00:00:00+08:00	34.260326829835556	34.30637495262601	33.61564257102951	34.03008270263672	38125597	0.0	0.0
2023-01-31 00:00:00+08:00	33.98403112521026	33.98403112521026	33.38539505004883	33.38539505004883	23651274	0.0	0.0
2023-02-01 00:00:00+08:00	33.5695939842979	33.84588623046875	33.43144610458922	33.84588623046875	15115396	0.0	0.0
2023-02-02 00:00:00+08:00	33.93798156207779	33.984033196239885	33.661689323337306	33.89193344116211	14688983	0.0	0.0
2023-02-03 00:00:00+08:00	33.845883748123654	33.845883748123654	33.43144365264023	33.5695915222168	16564424	0.0	0.0
2023-02-06 00:00:00+08:00	33.523544745006255	33.5695928656258	33.15515275355706	33.29330062866211	18669662	0.0	0.0
2023-02-07 00:00:00+08:00	33.33934412510175	33.7537841796875	33.33934412510175	33.7537841796875	12735984	0.0	0.0
2023-02-08 00:00:00+08:00	33.66169022860601	33.891934352622805	33.61564210645196	33.84588623046875	12099849	0.0	0.0
2023-02-09 00:00:00+08:00	33.79983672277337	33.89193296330622	33.661688848727714	33.70773696899414	11289093	0.0	0.0
2023-02-10 00:00:00+08:00	33.661692204166656	34.076132354369136	33.56959595445353	33.937984466552734	15467201	0.0	0.0
2023-02-13 00:00:00+08:00	33.98403367021427	34.214277791250275	33.79983767073616	34.07612991333008	14498526	0.0	0.0
2023-02-14 00:00:00+08:00	34.26032547522164	34.81290995335166	34.214277354251884	34.306373596191406	23786079	0.0	0.0
2023-02-15 00:00:00+08:00	34.398468499787135	34.85895671806138	34.352420380608976	34.582664489746094	18957618	0.0	0.0
2023-02-16 00:00:00+08:00	34.72081327385696	34.85895763502534	34.39846940463797	34.536617279052734	16338357	0.0	0.0
2023-02-17 00:00:00+08:00	34.444520187261666	34.99710464477539	34.30637231626009	34.99710464477539	18104694	0.0	0.0
2023-02-20 00:00:00+08:00	34.951056102226076	35.36549619696517	34.81290823289762	35.22734832763672	16481053	0.0	0.0
2023-02-21 00:00:00+08:00	35.36549819826705	35.45759444086682	35.13525407852116	35.3194465637207	9314605	0.0	0.0
2023-02-22 00:00:00+08:00	35.135255429553695	35.273399798765325	34.85895966463725	35.043155670166016	19469210	0.0	0.0
2023-02-23 00:00:00+08:00	35.457590368729605	36.56276271923532	35.36549413670665	36.37856674194336	47541292	0.0	0.0
2023-02-24 00:00:00+08:00	36.51671685266845	36.562764971516515	35.964128886752924	36.05622863769531	56765554	0.0	0.0
2023-03-01 00:00:00+08:00	35.77993663715408	35.77993663715408	34.62871597941751	34.81291198730469	46261621	0.0	0.0
2023-03-02 00:00:00+08:00	34.81291046684424	35.13525434488003	34.49057010205493	34.90501022338867	18043440	0.0	0.0
2023-03-03 00:00:00+08:00	35.089201313878306	35.13525294694149	34.67476472228037	34.76686096191406	14481664	0.0	0.0
2023-03-06 00:00:00+08:00	34.99710555453082	35.089201795428394	34.85895767993806	34.95105743408203	11966420	0.0	0.0
2023-03-07 00:00:00+08:00	35.04315367497961	35.089201795428394	34.90500931363324	34.95105743408203	12186403	0.0	0.0
2023-03-08 00:00:00+08:00	34.858957201547746	34.90500883461093	34.5366168495835	34.76686096191406	21390769	0.0	0.0
2023-03-09 00:00:00+08:00	34.766862756116666	34.858959000503134	34.21427826330481	34.26032638549805	23437547	0.0	0.0
2023-03-10 00:00:00+08:00	33.98403119111936	33.98403119111936	33.7077354554344	33.799835205078125	24718477	0.0	0.0
2023-03-13 00:00:00+08:00	33.5695939842979	34.07613035448554	33.293301738127056	33.84588623046875	22305095	0.0	0.0
2023-03-14 00:00:00+08:00	33.52354586214385	34.07613035448554	33.43144610458922	33.84588623046875	17387103	0.0	0.0
2023-03-15 00:00:00+08:00	33.98403185830566	34.35242032437422	33.98403185830566	34.1682243347168	15540887	0.0	0.0
2023-03-16 00:00:00+08:00	33.98403315533483	34.076129397055325	33.431445165272564	33.47749328613281	19901254	0.0	0.0
2023-03-17 00:00:00+08:00	33.707736791619894	33.845884664938595	33.477492678252965	33.52354431152344	31623314	0.0	0.0
2023-03-20 00:00:00+08:00	33.615639699893954	34.07612791496099	33.615639699893954	33.984031677246094	11027391	0.0	0.0
2023-03-21 00:00:00+08:00	34.076129003694746	34.39846935924196	34.076129003694746	34.12217712402344	11538516	0.0	0.0
2023-03-22 00:00:00+08:00	34.30637450769128	34.44452238751751	34.21427826330481	34.26032638549805	16617371	0.0	0.0
2023-03-23 00:00:00+08:00	34.44451964935702	34.58266400495496	34.26032366198018	34.398468017578125	14396988	0.0	0.0
2023-03-24 00:00:00+08:00	34.44451922855909	34.72081144962584	34.3524194793727	34.62871170043945	13715345	0.0	0.0
2023-03-27 00:00:00+08:00	34.076124492562016	34.16822072102733	33.707732552208924	33.7537841796875	25456882	0.0	0.0
2023-03-28 00:00:00+08:00	33.70774016435226	33.75379180223057	33.24725189154282	33.339351654052734	26713284	0.0	0.0
2023-03-29 00:00:00+08:00	33.385397044412315	33.52354492023949	33.201201047724894	33.47749328613281	12786898	0.0	0.0
2023-03-30 00:00:00+08:00	33.569595790457456	33.569595790457456	33.20120376691122	33.339351654052734	12599715	0.0	0.0
2023-03-31 00:00:00+08:00	33.33934831818062	33.707736791619894	33.247248564886036	33.52354431152344	11026408	0.0	0.0
2023-04-06 00:00:00+08:00	33.75378751057012	33.79983562934689	33.3393474150867	33.5695915222168	8506952	0.0	0.0
2023-04-07 00:00:00+08:00	33.56959243154755	33.661688671595776	33.477492678252965	33.52354431152344	6244272	0.0	0.0
2023-04-10 00:00:00+08:00	33.56959260819487	33.70773696899414	33.43144473414922	33.70773696899414	10289255	0.0	0.0
2023-04-11 00:00:00+08:00	33.8458858261641	34.67476606802181	33.8458858261641	34.490570068359375	27028336	0.0	0.0
2023-04-12 00:00:00+08:00	34.62871443317134	34.85895855443776	34.490570068359375	34.490570068359375	17654034	0.0	0.0
2023-04-13 00:00:00+08:00	34.67476424134872	34.72081236052688	34.49056825138976	34.582664489746094	11706575	0.0	0.0
2023-04-14 00:00:00+08:00	34.62871260892426	34.67476424134872	34.352420380608976	34.582664489746094	10684990	0.0	0.0
2023-04-17 00:00:00+08:00	34.67476519814291	35.27339779046994	34.67476519814291	34.95105743408203	27458785	0.0	0.0
2023-04-18 00:00:00+08:00	34.95105831089222	34.99710643249621	34.352422190300935	34.490570068359375	13368547	0.0	0.0
2023-04-19 00:00:00+08:00	34.49056819492887	34.674764184586294	34.1682243347168	34.1682243347168	12596464	0.0	0.0
2023-04-20 00:00:00+08:00	34.26032638549805	34.53661863190398	34.16822662786505	34.26032638549805	12478566	0.0	0.0
2023-04-21 00:00:00+08:00	34.53661885346931	35.87203548511943	34.53661885346931	35.273399353027344	64324823	0.0	0.0
2023-04-24 00:00:00+08:00	36.10227741626098	36.65486187902794	35.77993355194165	36.424617767333984	76788492	0.0	0.0
2023-04-25 00:00:00+08:00	36.42461654449875	36.47066466264236	35.27339602467738	35.45759201049805	51999570	0.0	0.0
2023-04-26 00:00:00+08:00	35.18130091933579	36.10227736479879	35.18130091933579	36.01017761230469	34071927	0.0	0.0
2023-04-27 00:00:00+08:00	36.10227374889754	36.28646972219086	35.50363771400574	35.59573745727539	28795584	0.0	0.0
2023-04-28 00:00:00+08:00	35.87203642911208	36.056232437160446	35.503644413015344	35.64179229736328	24608337	0.0	0.0
2023-05-02 00:00:00+08:00	35.91807952276322	37.069300020287685	35.82598328825973	36.7469596862793	68765693	0.0	0.0
2023-05-03 00:00:00+08:00	36.97720278983072	36.97720278983072	36.194370764651396	36.37856674194336	34833962	0.0	0.0
2023-05-04 00:00:00+08:00	36.37857146794093	36.60881559115575	36.10227922273245	36.332523345947266	19245098	0.0	0.0
2023-05-05 00:00:00+08:00	36.42461819889455	36.65486231331645	36.056229723767345	36.194374084472656	15727666	0.0	0.0
2023-05-08 00:00:00+08:00	36.424616859485525	36.65486096544087	36.24042087207201	36.470664978027344	26033073	0.0	0.0
2023-05-09 00:00:00+08:00	36.56276192550785	36.56276192550785	35.50363771400574	35.59573745727539	37625693	0.0	0.0
2023-05-10 00:00:00+08:00	35.77993392944336	35.82598556286509	35.50364169514482	35.77993392944336	15964415	0.0	0.0
2023-05-11 00:00:00+08:00	35.59574122237881	35.82598533503781	34.90500888440184	35.18130111694336	23390635	0.0	0.0
2023-05-12 00:00:00+08:00	34.85896011096482	34.95105987153173	34.62871597941751	34.81291198730469	25627628	0.0	0.0
2023-05-15 00:00:00+08:00	34.81290811086444	34.81290811086444	34.214275543447535	34.398468017578125	29268134	0.0	0.0
2023-05-16 00:00:00+08:00	34.490568729766665	34.858957201547746	34.30637273725295	34.76686096191406	14490455	0.0	0.0
2023-05-17 00:00:00+08:00	34.72081422354629	35.181302466529004	34.67476610189731	34.90501022338867	20616708	0.0	0.0
2023-05-18 00:00:00+08:00	34.99710707860695	35.135254959215864	34.72081483063568	34.85895919799805	17965567	0.0	0.0
2023-05-19 00:00:00+08:00	34.85895919799805	34.99710707860695	34.72081483063568	34.85895919799805	23497345	0.0	0.0
2023-05-22 00:00:00+08:00	34.997104220920136	35.36549619696517	34.72081199550949	35.22734832763672	23646097	0.0	0.0
2023-05-23 00:00:00+08:00	35.227350588177984	35.27339870982696	34.90501022338867	34.90501022338867	22587788	0.0	0.0
2023-05-24 00:00:00+08:00	34.85895919799805	34.90501083369871	34.53661882757265	34.85895919799805	21466866	0.0	0.0
2023-05-25 00:00:00+08:00	34.720815295425616	35.043155670166016	34.53661928989685	35.043155670166016	30230589	0.0	0.0
2023-05-26 00:00:00+08:00	34.81290865452205	34.99710464477539	34.628712664268704	34.99710464477539	21115433	0.0	0.0
2023-05-29 00:00:00+08:00	35.043154150855344	35.13525390625	34.766861911164256	35.13525390625	25909478	0.0	0.0
2023-05-30 00:00:00+08:00	35.0892033498262	35.273399353027344	34.905010859871595	35.273399353027344	28763751	0.0	0.0
2023-05-31 00:00:00+08:00	35.27339870982696	35.27339870982696	34.858958588493216	34.90501022338867	55057858	0.0	0.0
2023-06-01 00:00:00+08:00	35.04315319406146	35.089201313878306	34.76686096191406	34.76686096191406	20147654	0.0	0.0
2023-06-02 00:00:00+08:00	34.76686254552032	35.68783903679238	34.76686254552032	35.50364303588867	37466531	0.0	0.0
2023-06-05 00:00:00+08:00	35.68783768909264	36.148325917338994	35.59574144874191	35.77993392944336	23406334	0.0	0.0
2023-06-06 00:00:00+08:00	35.87203842548349	35.96413467800974	35.59574615465788	35.733890533447266	11674163	0.0	0.0
2023-06-07 00:00:00+08:00	35.82599029922036	35.87203842548349	35.54969451514791	35.733890533447266	11593905	0.0	0.0
2023-06-08 00:00:00+08:00	35.73388423260593	35.73388423260593	35.27339602467738	35.45759201049805	14265442	0.0	0.0
2023-06-09 00:00:00+08:00	35.45759291912832	35.45759291912832	35.27339692858748	35.41154479980469	12381630	0.0	0.0
2023-06-12 00:00:00+08:00	35.64178842237581	35.68783654106988	35.13525209024859	35.22734832763672	16162743	0.0	0.0
2023-06-13 00:00:00+08:00	35.273396446330786	35.36549619696517	35.0431523396142	35.22734832763672	14096942	0.0	0.0
2023-06-14 00:00:00+08:00	35.3194465637207	35.41154631956693	35.13525407852116	35.3194465637207	11705745	0.0	0.0
2023-06-15 00:00:00+08:00	35.3194465637207	35.36549819826705	35.18130219982104	35.3194465637207	12274240	0.0	0.0
2023-06-16 00:00:00+08:00	35.36550004191405	36.102280560860876	35.27340028126655	35.64179229736328	38961805	0.0	0.0
2023-06-19 00:00:00+08:00	35.68784042106371	35.87203642911208	35.54969253671578	35.64179229736328	12758814	0.0	0.0
2023-06-20 00:00:00+08:00	35.64179091487808	35.68783903679238	35.411546792060065	35.50364303588867	9586846	0.0	0.0
2023-06-21 00:00:00+08:00	35.503644413015344	35.68784042106371	35.319448404966984	35.64179229736328	14569367	0.0	0.0
2023-06-26 00:00:00+08:00	35.641794280921005	35.87203842548349	35.41155013635853	35.733890533447266	13265845	0.0	0.0
2023-06-27 00:00:00+08:00	35.64178890966916	35.733885148316425	35.36549668048105	35.41154479980469	10039811	0.0	0.0
2023-06-28 00:00:00+08:00	35.41154768122355	35.457595804294094	34.997107547095474	35.043155670166016	18691661	0.0	0.0
2023-06-29 00:00:00+08:00	35.135255429553695	35.365499558153005	35.043155670166016	35.043155670166016	9888531	0.0	0.0
2023-06-30 00:00:00+08:00	35.043155670166016	35.319447921835874	35.043155670166016	35.043155670166016	11087589	0.0	0.0
2023-07-03 00:00:00+08:00	35.18130020894265	35.273396446330786	35.13525209024859	35.22734832763672	8501024	0.0	0.0
2023-07-04 00:00:00+08:00	35.18130355262424	35.273399798765325	35.043155670166016	35.043155670166016	11424677	0.0	0.0
2023-07-05 00:00:00+08:00	35.043156118852	35.13525587941891	34.81291198730469	34.81291198730469	16926980	0.0	0.0
2023-07-06 00:00:00+08:00	34.76686183238189	34.76686183238189	34.26032547522164	34.306373596191406	28435853	0.0	0.0
2023-07-07 00:00:00+08:00	34.260324567385624	34.53661679912939	33.98403233564186	34.352420806884766	19233416	0.0	0.0
2023-07-10 00:00:00+08:00	34.352424616755215	34.44452437971506	33.89193634169617	33.937984466552734	25493449	0.0	0.0
2023-07-11 00:00:00+08:00	34.35786006386668	34.59126944413961	34.07776951984807	34.12445068359375	19084552	0.49972	0.0
2023-07-12 00:00:00+08:00	34.12444997126197	34.217815858348864	34.077768808490724	34.1711311340332	13487205	0.0	0.0
2023-07-13 00:00:00+08:00	34.217817071905095	34.77799816811599	34.217817071905095	34.35786056518555	15585586	0.0	0.0
2023-07-14 00:00:00+08:00	34.357857976458035	34.684633225913636	34.31117681554846	34.544586181640625	12275873	0.0	0.0
2023-07-17 00:00:00+08:00	34.5445856626342	34.63794798305065	34.2644951398406	34.31117630004883	16408756	0.0	0.0
2023-07-18 00:00:00+08:00	34.264494249018654	34.63794708251953	34.077766051496155	34.63794708251953	18074416	0.0	0.0
2023-07-19 00:00:00+08:00	34.63794988483445	34.63794988483445	34.12444997126197	34.1711311340332	17137837	0.0	0.0
2023-07-20 00:00:00+08:00	34.21781657262962	34.311178900121	34.12445068359375	34.12445068359375	13656456	0.0	0.0
2023-07-21 00:00:00+08:00	34.17113010762893	34.21781483054232	33.70431137084961	33.70431137084961	22830095	0.0	0.0
2023-07-24 00:00:00+08:00	33.79767589992923	34.45122281752354	33.610947700395975	34.07776641845703	15687678	0.0	0.0
2023-07-25 00:00:00+08:00	34.451222515282396	35.151450586230865	34.35785663556278	34.91804122924805	24249400	0.0	0.0
2023-07-26 00:00:00+08:00	35.011405432784315	35.05808659438583	34.73131490163091	34.77799606323242	11732304	0.0	0.0
2023-07-27 00:00:00+08:00	34.777994644716344	35.05808516444549	34.73131348501885	34.87135696411133	10923951	0.0	0.0
2023-07-28 00:00:00+08:00	34.87135696411133	34.91804168535301	34.63794760407968	34.87135696411133	8140107	0.0	0.0
2023-07-31 00:00:00+08:00	34.8713576743201	35.1047670391055	34.684633031727195	34.824676513671875	16253229	0.0	0.0
2023-08-01 00:00:00+08:00	34.87135818837386	35.104767556600045	34.82467702703749	35.05808639526367	9123612	0.0	0.0
2023-08-02 00:00:00+08:00	35.01140614968154	35.291496686570106	34.684634450235606	34.73131561279297	15841459	0.0	0.0
2023-08-04 00:00:00+08:00	34.777994644716344	35.011404004747995	34.68463232532136	34.87135696411133	13103205	0.0	0.0
2023-08-07 00:00:00+08:00	35.011404069942394	35.198132270624264	34.91804175037356	35.151451110839844	12736577	0.0	0.0
2023-08-08 00:00:00+08:00	35.01140347756454	35.104765795553725	34.63794708251953	34.63794708251953	15357184	0.0	0.0
2023-08-09 00:00:00+08:00	34.63794662773048	34.777993664419604	34.591265469348805	34.68463134765625	8955934	0.0	0.0
2023-08-10 00:00:00+08:00	34.73131628292034	34.7779974463784	34.357859852166946	34.404541015625	9576123	0.0	0.0
2023-08-11 00:00:00+08:00	34.68463187226522	35.24481290440634	34.63794715163334	34.91804122924805	14066934	0.0	0.0
2023-08-14 00:00:00+08:00	35.05808798867121	35.05808798867121	34.31117868870889	34.404541015625	17312027	0.0	0.0
2023-08-15 00:00:00+08:00	34.40453933313498	34.45122405585448	34.124448804539476	34.264495849609375	11466627	0.0	0.0
2023-08-16 00:00:00+08:00	34.12444966704981	34.171130829404895	33.61094975805507	33.657630920410156	24380919	0.0	0.0
2023-08-17 00:00:00+08:00	33.610947549359395	33.6576287086469	33.05076651482107	33.284175872802734	21860054	0.0	0.0
2023-08-18 00:00:00+08:00	33.42421828407966	33.42421828407966	32.770671390277215	32.81735610961914	26494550	0.0	0.0
2023-08-21 00:00:00+08:00	32.67730959973913	33.097447149758885	32.67730959973913	33.05076599121094	10749432	0.0	0.0
2023-08-22 00:00:00+08:00	33.19080946685479	33.19080946685479	32.95740011257094	33.05076599121094	6396337	0.0	0.0
2023-08-23 00:00:00+08:00	33.14412947796029	33.19081063815561	32.957401275634766	32.957401275634766	7835220	0.0	0.0
2023-08-24 00:00:00+08:00	32.86403895524412	33.097448317764965	32.86403895524412	32.957401275634766	8834410	0.0	0.0
2023-08-25 00:00:00+08:00	32.864041548481886	33.00408504011842	32.77067565917969	32.77067565917969	9722708	0.0	0.0
2023-08-28 00:00:00+08:00	32.81735921254421	32.95740269917915	32.77067448878819	32.86404037475586	8257478	0.0	0.0
2023-08-29 00:00:00+08:00	32.864037795475035	33.097447149758885	32.864037795475035	33.05076599121094	7335442	0.0	0.0
2023-08-30 00:00:00+08:00	32.957401275634766	33.23749179835094	32.86403895524412	32.957401275634766	10675191	0.0	0.0
2023-08-31 00:00:00+08:00	33.004083346576294	33.004083346576294	32.63063049316406	32.63063049316406	32950105	0.0	0.0
2023-09-01 00:00:00+08:00	32.770673780044845	33.09744903154784	32.67731145764074	32.91072082519531	13674937	0.0	0.0
2023-09-04 00:00:00+08:00	32.81735921254421	32.91072153696751	32.58394983994161	32.86404037475586	14505906	0.0	0.0
2023-09-05 00:00:00+08:00	32.817357986550945	32.9107203074864	32.677310943603516	32.677310943603516	15081012	0.0	0.0
2023-09-06 00:00:00+08:00	32.583949012897456	32.630630173924246	32.070445556969936	32.117130279541016	33267817	0.0	0.0
2023-09-07 00:00:00+08:00	32.11713073764126	32.257174222719115	31.93040252932644	32.0704460144043	15756901	0.0	0.0
2023-09-08 00:00:00+08:00	32.02376433812681	32.070445499069315	31.79035497186999	31.8370361328125	15373460	0.0	0.0
2023-09-11 00:00:00+08:00	31.83703687014569	31.930402755737305	31.790355708122064	31.930402755737305	9588295	0.0	0.0
2023-09-12 00:00:00+08:00	32.02376535986034	32.350540619972385	32.02376535986034	32.303855895996094	11557026	0.0	0.0
2023-09-13 00:00:00+08:00	32.537263710788395	32.957401275634766	32.537263710788395	32.957401275634766	21998257	0.0	0.0
2023-09-14 00:00:00+08:00	33.050768382935026	33.14413070678711	32.95740249753859	33.14413070678711	12171571	0.0	0.0
2023-09-15 00:00:00+08:00	32.957403876239574	33.00408504011842	32.72399449530084	32.77067565917969	13648505	0.0	0.0
2023-09-18 00:00:00+08:00	32.77067565917969	32.864041548481886	32.677313331422	32.77067565917969	9091177	0.0	0.0
2023-09-19 00:00:00+08:00	32.770672026217866	32.81735674646575	32.49058151245117	32.49058151245117	11049333	0.0	0.0
2023-09-20 00:00:00+08:00	32.49058359272656	32.537264754419176	32.0704460144043	32.0704460144043	20840931	0.0	0.0
2023-09-21 00:00:00+08:00	31.977085307693148	31.977085307693148	31.556947708129883	31.556947708129883	28985239	0.0	0.0
2023-09-22 00:00:00+08:00	31.27685546875	31.37021779180018	31.136808422630402	31.27685546875	23115549	0.0	0.0
2023-09-25 00:00:00+08:00	31.183492601141854	31.23017376185175	30.810036192374156	30.903398513793945	29278663	0.0	0.0
2023-09-26 00:00:00+08:00	30.903399938639435	31.09012815163265	30.81003761291504	30.81003761291504	18175159	0.0	0.0
2023-09-27 00:00:00+08:00	30.810036901570072	30.996765110252095	30.716674578001236	30.856718063354492	15043077	0.0	0.0
2023-09-28 00:00:00+08:00	30.90339854335031	31.090126747912745	30.856717382595768	31.043445587158203	18217658	0.0	0.0
2023-10-02 00:00:00+08:00	31.090126718177796	31.090126718177796	30.85671735308405	30.903398513793945	13813944	0.0	0.0
2023-10-03 00:00:00+08:00	30.99676513671875	31.090127460367306	30.85671808970157	30.99676513671875	10139463	0.0	0.0
2023-10-04 00:00:00+08:00	30.810037128945343	30.95008417687648	30.669990081014205	30.7166748046875	20311826	0.0	0.0
2023-10-05 00:00:00+08:00	30.576627731323242	30.763355941227985	30.436580683508595	30.576627731323242	17179768	0.0	0.0
2023-10-06 00:00:00+08:00	30.57662702075742	30.90339870933864	30.529945859752143	30.623308181762695	15457787	0.0	0.0
2023-10-11 00:00:00+08:00	30.95008323604811	30.996764396758003	30.669989148700203	30.903398513793945	16116392	0.0	0.0
2023-10-12 00:00:00+08:00	30.996764264360166	31.55694531357472	30.950083103849664	31.46358299255371	20215685	0.0	0.0
2023-10-13 00:00:00+08:00	31.650313597779785	31.883722979587766	31.463585380024497	31.556947708129883	18902875	0.0	0.0
2023-10-16 00:00:00+08:00	31.556946487510196	31.65031237354872	31.37021827697754	31.37021827697754	13396338	0.0	0.0
2023-10-17 00:00:00+08:00	31.55694479066497	31.55694479066497	31.09012607020678	31.230173110961914	17969504	0.0	0.0
2023-10-18 00:00:00+08:00	30.48326561044206	30.576627935244897	30.15649035054334	30.296537399291992	82929349	0.0	0.0
2023-10-19 00:00:00+08:00	30.063127590994977	30.109808752721335	29.59630885064271	29.783035278320312	58572705	0.0	0.0
2023-10-20 00:00:00+08:00	29.59630895042095	29.78303537872807	29.31621663680201	29.642990112304688	33260612	0.0	0.0
2023-10-23 00:00:00+08:00	29.596308338419103	29.783034762865032	29.45626129411948	29.549625396728516	13952533	0.0	0.0
2023-10-24 00:00:00+08:00	29.642989597623313	29.642989597623313	29.269534966721068	29.40958023071289	22314338	0.0	0.0
2023-10-25 00:00:00+08:00	29.549624781818526	29.736352983150894	29.409579521205305	29.456260681152344	19417650	0.0	0.0
2023-10-26 00:00:00+08:00	29.45626210467942	29.502945047654602	29.316216837298256	29.362899780273438	15778530	0.0	0.0
2023-10-27 00:00:00+08:00	29.456260619123494	29.876398180850543	29.456260619123494	29.736352920532227	12726662	0.0	0.0
2023-10-30 00:00:00+08:00	29.689671781625748	29.969762319259644	29.642990618944168	29.876399993896484	15829556	0.0	0.0
2023-10-31 00:00:00+08:00	29.923081660075585	30.203172202422394	29.923081660075585	30.10980987548828	23637413	0.0	0.0
2023-11-01 00:00:00+08:00	30.20317025863359	30.343217301566213	29.87639857384981	29.96976089477539	13586208	0.0	0.0
2023-11-02 00:00:00+08:00	30.156489615104203	30.343217821700453	30.109808453841218	30.203170776367188	14524194	0.0	0.0
2023-11-03 00:00:00+08:00	30.389899546696302	30.76335596681642	30.343218384567383	30.7166748046875	20980277	0.0	0.0
2023-11-06 00:00:00+08:00	30.810036387328086	30.90339870933864	30.57662702075742	30.623308181762695	15165942	0.0	0.0
2023-11-07 00:00:00+08:00	30.62330766278595	30.62330766278595	30.249854819528405	30.3898983001709	11873715	0.0	0.0
2023-11-08 00:00:00+08:00	30.623308918885282	30.856718291074262	30.48326543249852	30.7166748046875	12424527	0.0	0.0
2023-11-09 00:00:00+08:00	30.810037128945343	30.903399453203185	30.576627756756363	30.7166748046875	16293531	0.0	0.0
2023-11-10 00:00:00+08:00	30.716673353670117	30.81003567351764	30.623307472278388	30.66998863220215	10614967	0.0	0.0
2023-11-13 00:00:00+08:00	30.810036387328086	30.810036387328086	30.436579976197304	30.623308181762695	13195125	0.0	0.0
2023-11-14 00:00:00+08:00	30.716674263268942	30.716674263268942	30.343217849731445	30.343217849731445	15965661	0.0	0.0
2023-11-15 00:00:00+08:00	30.810035737325137	30.950082778930664	30.623307535699173	30.950082778930664	34592264	0.0	0.0
2023-11-16 00:00:00+08:00	31.13680859560535	31.13680859560535	30.810036901570072	30.856718063354492	21299111	0.0	0.0
2023-11-17 00:00:00+08:00	30.85671808970157	31.136808622191584	30.81003692787729	30.99676513671875	10487720	0.0	0.0
2023-11-20 00:00:00+08:00	30.996765417456604	31.510265325263127	30.903399531418085	31.37021827697754	12336692	0.0	0.0
2023-11-21 00:00:00+08:00	31.46358401241233	31.930402755737305	31.46358401241233	31.930402755737305	33354810	0.0	0.0
2023-11-22 00:00:00+08:00	31.79035445349019	31.883720335397044	31.603626251220703	31.603626251220703	15519865	0.0	0.0
2023-11-23 00:00:00+08:00	31.60362818129258	31.790356394965784	31.41690352916382	31.743675231933594	16829931	0.0	0.0
2023-11-24 00:00:00+08:00	31.69699356102307	31.837037047875736	31.510265350341797	31.510265350341797	20288459	0.0	0.0
2023-11-27 00:00:00+08:00	31.65031171287287	32.0704457258709	31.55694582878329	31.696992874145508	22048403	0.0	0.0
2023-11-28 00:00:00+08:00	32.677309893179626	33.144128605939336	32.21049118041992	32.21049118041992	65368681	0.0	0.0
2023-11-29 00:00:00+08:00	32.303856821454566	32.49058503807602	31.837038060673173	31.97708511352539	27248885	0.0	0.0
2023-11-30 00:00:00+08:00	32.02376470924573	32.95740218509281	32.02376470924573	32.63063049316406	106208572	0.0	0.0
2023-12-01 00:00:00+08:00	32.30385492364816	32.44390196827281	32.023764395943154	32.117130279541016	35044896	0.0	0.0
2023-12-04 00:00:00+08:00	32.21049519589003	32.25717636067661	31.79035758972168	31.79035758972168	23713712	0.0	0.0
2023-12-05 00:00:00+08:00	31.743674871508105	32.58395004272461	31.743674871508105	32.58395004272461	24204590	0.0	0.0
2023-12-06 00:00:00+08:00	32.63063115610813	32.72399348097191	32.303855895996094	32.303855895996094	11672242	0.0	0.0
2023-12-07 00:00:00+08:00	32.30385349835421	32.443900536799774	32.11712886248563	32.21049118041992	7285840	0.0	0.0
2023-12-08 00:00:00+08:00	32.39722178240427	32.53726526969995	32.303855895996094	32.303855895996094	12321862	0.0	0.0
2023-12-11 00:00:00+08:00	32.30385492364816	32.35053964621924	31.93040207388958	32.117130279541016	7542239	0.0	0.0
2023-12-12 00:00:00+08:00	32.11712976085794	32.11712976085794	31.83703567613209	31.88372039794922	8902876	0.0	0.0
2023-12-13 00:00:00+08:00	31.88372348083941	31.930404645625988	31.79035758972168	31.79035758972168	8812839	0.0	0.0
2023-12-14 00:00:00+08:00	32.21049260159459	32.25717376262138	31.837036190291716	32.117130279541016	10784685	0.0	0.0
2023-12-15 00:00:00+08:00	32.21048993948644	32.25717109665516	32.02376174926758	32.02376174926758	22077978	0.0	0.0
2023-12-18 00:00:00+08:00	32.163809314975786	32.39721866622881	32.07044343754814	32.257171630859375	7343604	0.0	0.0
2023-12-19 00:00:00+08:00	32.397221269341316	32.397221269341316	31.93040252932644	32.0704460144043	8776646	0.0	0.0
2023-12-20 00:00:00+08:00	32.163810021452775	32.30385349835421	31.977081824040066	32.21049118041992	8983096	0.0	0.0
2023-12-21 00:00:00+08:00	31.97708511352539	32.07044744106387	31.88372278598691	31.97708511352539	7131400	0.0	0.0
2023-12-22 00:00:00+08:00	31.930399434930145	32.0704429064363	31.883718277761428	32.02376174926758	5495257	0.0	0.0
2023-12-25 00:00:00+08:00	32.11712886248563	32.35053821886549	32.070444141974356	32.21049118041992	7304056	0.0	0.0
2023-12-26 00:00:00+08:00	32.30385543781867	32.39722132290261	32.210493114279075	32.35054016113281	5467401	0.0	0.0
2023-12-27 00:00:00+08:00	32.3505406686694	32.58395004272461	32.3505406686694	32.58395004272461	11423455	0.0	0.0
2023-12-28 00:00:00+08:00	32.63063120522677	32.67731236772893	32.397221831171564	32.58395004272461	9397397	0.0	0.0
2023-12-29 00:00:00+08:00	32.5839505022929	32.5839505022929	32.397222288106214	32.53726577758789	6434406	0.0	0.0
2024-01-02 00:00:00+08:00	32.53726792499384	32.53726792499384	32.30385853224197	32.39722442626953	9061300	0.0	0.0
2024-01-03 00:00:00+08:00	32.21049328942342	32.44390266108591	31.88372159371368	31.930402755737305	12618451	0.0	0.0
2024-01-04 00:00:00+08:00	31.930402755737305	32.02376507978455	31.88372159371368	31.930402755737305	6398576	0.0	0.0
2024-01-05 00:00:00+08:00	31.93040252932644	32.0704460144043	31.93040252932644	32.0704460144043	4632974	0.0	0.0
2024-01-08 00:00:00+08:00	32.11713216637761	32.25717565768532	31.97708511352539	31.97708511352539	5522713	0.0	0.0
2024-01-09 00:00:00+08:00	32.023766975199145	32.023766975199145	31.79035758972168	31.79035758972168	6191243	0.0	0.0
2024-01-10 00:00:00+08:00	31.79035467767149	31.79035467767149	31.46358299255371	31.46358299255371	10231832	0.0	0.0
2024-01-11 00:00:00+08:00	31.46358299255371	31.55694531357472	31.37021710998845	31.46358299255371	6590499	0.0	0.0
2024-01-12 00:00:00+08:00	31.463584188057578	31.55694651262602	31.370218301944746	31.510265350341797	5178507	0.0	0.0
2024-01-15 00:00:00+08:00	31.74367230743035	31.74367230743035	31.370215914489993	31.416900634765625	6941166	0.0	0.0
2024-01-16 00:00:00+08:00	31.23017471119438	31.276855873323303	30.7166748046875	30.7166748046875	18708429	0.0	0.0
2024-01-17 00:00:00+08:00	30.389899210532366	30.529946256914346	30.01644635608765	30.063127517700195	28482315	0.0	0.0
2024-01-18 00:00:00+08:00	30.063127490591633	30.203170975302996	29.876399282765483	29.923080444335938	14646344	0.0	0.0
2024-01-19 00:00:00+08:00	29.87639863396168	30.249855041503906	29.68967043019057	30.249855041503906	14310889	0.0	0.0
2024-01-22 00:00:00+08:00	30.249854298944882	30.483263657543088	30.1564884185791	30.1564884185791	9198529	0.0	0.0
2024-01-23 00:00:00+08:00	30.203172015547292	30.52994728088379	30.156490852369064	30.52994728088379	7214360	0.0	0.0
2024-01-24 00:00:00+08:00	30.576625789531207	30.623306948656776	30.43657875061035	30.43657875061035	6351643	0.0	0.0
2024-01-25 00:00:00+08:00	30.43658139298288	30.52994728088379	30.34321906662643	30.52994728088379	5500467	0.0	0.0
2024-01-26 00:00:00+08:00	30.43657875061035	30.623306948656776	30.38989759148478	30.43657875061035	8641782	0.0	0.0
2024-01-29 00:00:00+08:00	30.389898982963437	30.436580144226422	30.203170776367188	30.203170776367188	13715559	0.0	0.0
2024-01-30 00:00:00+08:00	30.249856418437957	30.389899906482697	29.876399993896484	29.876399993896484	16783732	0.0	0.0
2024-01-31 00:00:00+08:00	29.876399382545202	29.969761705997918	29.689671174095427	29.783035278320312	17305455	0.0	0.0
2024-02-01 00:00:00+08:00	29.829718652189015	30.296537399291992	29.829718652189015	30.296537399291992	10229754	0.0	0.0
2024-02-02 00:00:00+08:00	30.29653809090098	30.389900417835094	30.06312871202123	30.10980987548828	7911603	0.0	0.0
2024-02-05 00:00:00+08:00	29.969762342997768	30.0631282299793	29.78303591135134	30.016447067260742	13363936	0.0	0.0
2024-02-15 00:00:00+08:00	29.876399993896484	29.969762319259644	29.689671781625748	29.876399993896484	23586463	0.0	0.0
2024-02-16 00:00:00+08:00	29.783035278320312	29.876399382545202	29.689671174095427	29.783035278320312	18019757	0.0	0.0
2024-02-19 00:00:00+08:00	29.923080082050692	30.623308181762695	29.876398921045418	30.623308181762695	18324178	0.0	0.0
2024-02-20 00:00:00+08:00	30.623308407142215	30.7166742913842	30.343217877504877	30.483264923095703	8673434	0.0	0.0
2024-02-21 00:00:00+08:00	30.529946056500194	30.529946056500194	30.249855527119227	30.343217849731445	9308338	0.0	0.0
2024-02-22 00:00:00+08:00	30.343217139956735	30.43657946038506	30.20317009777001	30.3898983001709	6389144	0.0	0.0
2024-02-23 00:00:00+08:00	30.43657968373076	30.48326440583173	30.249855041503906	30.249855041503906	8774912	0.0	0.0
2024-02-26 00:00:00+08:00	30.249856442397935	30.343218767835044	29.923081180279212	30.016447067260742	10392416	0.0	0.0
2024-02-27 00:00:00+08:00	29.92307934069928	30.016445221940963	29.736352920532227	29.736352920532227	16963175	0.0	0.0
2024-02-29 00:00:00+08:00	30.24985498064063	30.389898462029002	29.923079734312598	29.96976089477539	29211541	0.0	0.0
2024-03-01 00:00:00+08:00	30.01644632902118	30.109808652162087	29.82971812119503	29.923080444335938	15925775	0.0	0.0
2024-03-04 00:00:00+08:00	29.923080444335938	30.15648981373254	29.876399282765483	29.923080444335938	12266605	0.0	0.0
2024-03-05 00:00:00+08:00	29.969762319259644	30.1098093688488	29.876399993896484	29.876399993896484	11074386	0.0	0.0
2024-03-06 00:00:00+08:00	29.876399993896484	29.969762319259644	29.783035887761116	29.876399993896484	17449279	0.0	0.0
2024-03-07 00:00:00+08:00	29.876399993896484	29.969762319259644	29.736354725079536	29.876399993896484	13551087	0.0	0.0
2024-03-08 00:00:00+08:00	29.876398180850543	30.016445221940963	29.736352920532227	29.736352920532227	15754798	0.0	0.0
2024-03-11 00:00:00+08:00	29.736353504281404	29.736353504281404	29.502944138911488	29.68967056274414	17203460	0.0	0.0
2024-03-12 00:00:00+08:00	29.689671781625748	29.876399993896484	29.642990618944168	29.876399993896484	10072433	0.0	0.0
2024-03-13 00:00:00+08:00	29.73635493165506	29.829719038439023	29.596309661865234	29.596309661865234	15134218	0.0	0.0
2024-03-14 00:00:00+08:00	29.59630945626259	29.876399993896484	29.59630945626259	29.876399993896484	11950446	0.0	0.0
2024-03-15 00:00:00+08:00	29.78303469452493	30.016445840898	29.736353533713597	29.8297176361084	26787159	0.0	0.0
2024-03-18 00:00:00+08:00	29.829719038439023	29.829719038439023	29.502945555081276	29.596309661865234	15659424	0.0	0.0
2024-03-19 00:00:00+08:00	29.54962679970382	29.59630974361085	29.31621742248535	29.31621742248535	23970365	0.0	0.0
2024-03-20 00:00:00+08:00	29.316216397415936	29.362899339690653	28.75603355552449	28.849397659301758	29886224	0.0	0.0
2024-03-21 00:00:00+08:00	29.316216127794295	29.689670758696536	29.176170863802472	29.40958023071289	21991321	0.0	0.0
2024-03-22 00:00:00+08:00	29.176171646316206	29.36289985716151	28.989443435470903	29.082807540893555	18591488	0.0	0.0
2024-03-25 00:00:00+08:00	29.03612518310547	29.176170445087465	28.942761081526765	29.03612518310547	10085564	0.0	0.0
2024-03-26 00:00:00+08:00	29.036124899312675	29.502943621871488	28.989441958593527	29.456260681152344	11504568	0.0	0.0
2024-03-27 00:00:00+08:00	29.269536178507487	29.783036094660932	29.269536178507487	29.596309661865234	11874393	0.0	0.0
2024-03-28 00:00:00+08:00	29.596309661865234	29.783036094660932	29.409581448297313	29.596309661865234	12670445	0.0	0.0
2024-03-29 00:00:00+08:00	29.59630885064271	29.783035278320312	29.59630885064271	29.783035278320312	7289000	0.0	0.0
2024-04-01 00:00:00+08:00	30.10980939269785	30.10980939269785	29.923081180279212	30.016447067260742	7562669	0.0	0.0
2024-04-02 00:00:00+08:00	30.016445840898	30.063127001709333	29.78303469452493	29.8297176361084	6793850	0.0	0.0
2024-04-03 00:00:00+08:00	30.623309281435013	31.37021856897354	29.876399993896484	29.876399993896484	32771146	0.0	0.0
2024-04-08 00:00:00+08:00	30.063126099757486	30.529944816953893	30.01644494034668	30.1564884185791	12988400	0.0	0.0
2024-04-09 00:00:00+08:00	29.923080976991855	30.343218561693412	29.923080976991855	30.296537399291992	12901874	0.0	0.0
2024-04-10 00:00:00+08:00	30.34321906662643	30.763356658319378	30.2965379034482	30.52994728088379	23078457	0.0	0.0
2024-04-11 00:00:00+08:00	30.34321736261733	30.389898523174047	30.109807998289508	30.249855041503906	10290573	0.0	0.0
2024-04-12 00:00:00+08:00	29.923080471318215	30.063127517700195	29.68967110171114	30.063127517700195	17516543	0.0	0.0
2024-04-15 00:00:00+08:00	30.203170776367188	30.99676476401517	30.156489615104203	30.203170776367188	25882022	0.0	0.0
2024-04-16 00:00:00+08:00	30.436580886496248	31.090127844749293	30.249856236890576	30.296537399291992	42541788	0.0	0.0
2024-04-17 00:00:00+08:00	30.623308407142215	30.66998956849105	30.063127347867542	30.483264923095703	20063937	0.0	0.0
2024-04-18 00:00:00+08:00	30.34321906662643	30.71667549514115	30.156490852369064	30.52994728088379	19034566	0.0	0.0
2024-04-19 00:00:00+08:00	30.296537581119537	30.529946956071853	29.736354725079536	29.876399993896484	27800340	0.0	0.0
2024-04-22 00:00:00+08:00	29.876397718015223	30.483263471280065	29.78303361899201	30.43657875061035	20049707	0.0	0.0
2024-04-23 00:00:00+08:00	30.623308350822672	30.950083602752184	30.156489615104203	30.203170776367188	21479353	0.0	0.0
2024-04-24 00:00:00+08:00	30.29653760511649	30.343218767835044	30.016447067260742	30.016447067260742	15163274	0.0	0.0
2024-04-25 00:00:00+08:00	29.969762319259644	30.06312820616722	29.689671781625748	29.876399993896484	17640529	0.0	0.0
2024-04-26 00:00:00+08:00	29.783034665046532	29.923079928114053	29.642989401979012	29.68967056274414	16211257	0.0	0.0
2024-04-29 00:00:00+08:00	29.78303498268386	30.203170776367188	29.78303498268386	30.203170776367188	18635906	0.0	0.0
2024-04-30 00:00:00+08:00	30.203170975302996	30.29653685998824	29.876399282765483	29.923080444335938	15189285	0.0	0.0
2024-05-02 00:00:00+08:00	29.969760219391706	30.249854298944882	29.969760219391706	30.1564884185791	17644401	0.0	0.0
2024-05-03 00:00:00+08:00	30.249855041503906	30.576626726945157	30.203170319402936	30.249855041503906	17021677	0.0	0.0
2024-05-06 00:00:00+08:00	30.576628237059623	31.043446988770455	30.389900024066403	30.81003761291504	35116193	0.0	0.0
2024-05-07 00:00:00+08:00	30.99676513671875	31.090127460367306	30.483265233563	30.99676513671875	22690328	0.0	0.0
2024-05-08 00:00:00+08:00	31.090126718177796	31.090126718177796	30.716673870954367	30.903398513793945	14944053	0.0	0.0
2024-05-09 00:00:00+08:00	30.810036614081877	30.856717775430713	30.436580200202553	30.483264923095703	16290484	0.0	0.0
2024-05-10 00:00:00+08:00	30.52994687123513	31.09012794494629	30.48326570868327	31.09012794494629	23421858	0.0	0.0
2024-05-13 00:00:00+08:00	31.37021710998845	31.60362647408522	31.23017362845694	31.46358299255371	30150662	0.0	0.0
2024-05-14 00:00:00+08:00	31.603627133316827	31.603627133316827	30.950083749448766	31.136808395385742	24439533	0.0	0.0
2024-05-15 00:00:00+08:00	31.276856156698145	31.323537319250008	30.950084457290703	31.09012794494629	18433899	0.0	0.0
2024-05-16 00:00:00+08:00	31.13680890419781	31.46358416301606	31.09012774195074	31.37021827697754	21138281	0.0	0.0
2024-05-17 00:00:00+08:00	31.556944635797464	31.69699167586531	31.370216436221728	31.650310516357422	23123251	0.0	0.0
2024-05-20 00:00:00+08:00	31.69699213312756	31.837035613671503	31.46358277067676	31.603626251220703	16287844	0.0	0.0
2024-05-21 00:00:00+08:00	31.51026481034834	31.556945971832583	30.903399026420196	31.136808395385742	18904415	0.0	0.0
2024-05-22 00:00:00+08:00	31.416902627618946	32.11713073764126	31.37021790438198	32.0704460144043	47122663	0.0	0.0
2024-05-23 00:00:00+08:00	31.9304034456068	32.02376577167118	31.650312905869214	31.743675231933594	22258646	0.0	0.0
2024-05-24 00:00:00+08:00	31.60362936903079	31.88372348083941	31.416904709884484	31.79035758972168	13834719	0.0	0.0
2024-05-27 00:00:00+08:00	31.79035708993786	31.79035708993786	31.463585380024497	31.556947708129883	16054514	0.0	0.0
2024-05-28 00:00:00+08:00	31.55694582878329	31.74367403541814	31.416902344965386	31.696992874145508	13066187	0.0	0.0
2024-05-29 00:00:00+08:00	31.55694620169878	31.696993248715962	30.99676513671875	30.99676513671875	28172188	0.0	0.0
2024-05-30 00:00:00+08:00	30.8567168334414	31.136807354528173	30.66998863220215	30.66998863220215	19108983	0.0	0.0
2024-05-31 00:00:00+08:00	30.716675287190643	30.99676582590826	30.716675287190643	30.81003761291504	20716333	0.0	0.0
2024-06-03 00:00:00+08:00	30.903399938639435	30.950084663046063	30.716675287190643	30.81003761291504	10362474	0.0	0.0
2024-06-04 00:00:00+08:00	30.763356658319378	30.85671898467583	30.52994728088379	30.52994728088379	14593011	0.0	0.0
2024-06-05 00:00:00+08:00	30.576628444062013	30.763356658319378	30.48326611770556	30.52994728088379	8493293	0.0	0.0
2024-06-06 00:00:00+08:00	30.52994728088379	30.66999077041847	30.52994728088379	30.52994728088379	8886888	0.0	0.0
2024-06-07 00:00:00+08:00	30.529946369319216	31.043446272036512	30.483265207534796	30.856718063354492	9280750	0.0	0.0
2024-06-11 00:00:00+08:00	30.81003567351764	30.99676387475689	30.66998863220215	30.66998863220215	12197712	0.0	0.0
2024-06-12 00:00:00+08:00	30.99676582590826	31.32353752748807	30.81003761291504	30.81003761291504	17536505	0.0	0.0
2024-06-13 00:00:00+08:00	31.323535430435875	31.55694479066497	31.09012607020678	31.230173110961914	23532163	0.0	0.0
2024-06-14 00:00:00+08:00	31.230175315490616	31.743675231933594	31.136809427881794	31.743675231933594	19774715	0.0	0.0
2024-06-17 00:00:00+08:00	31.743675231933594	31.88372228257461	31.55694701826039	31.743675231933594	13544913	0.0	0.0
2024-06-18 00:00:00+08:00	31.7436728353732	31.79035399488109	31.463582316781686	31.650310516357422	10550626	0.0	0.0
2024-06-19 00:00:00+08:00	31.650314095361946	31.837038754508256	31.556948204244215	31.79035758972168	17989036	0.0	0.0
2024-06-20 00:00:00+08:00	31.790354515859192	31.88372039794922	31.743673355586292	31.88372039794922	12719808	0.0	0.0
2024-06-21 00:00:00+08:00	31.88372142034616	32.39722132290261	31.837036697032016	32.35054016113281	34412767	0.0	0.0
2024-06-24 00:00:00+08:00	32.39722271053754	32.443903874306784	31.93040394975615	31.97708511352539	17684547	0.0	0.0
2024-06-25 00:00:00+08:00	32.11712886248563	32.25717233938706	31.603625429214645	32.21049118041992	18677912	0.0	0.0
2024-06-26 00:00:00+08:00	32.070445556969936	32.163811440567805	31.79035502926493	32.117130279541016	14655626	0.0	0.0
2024-06-27 00:00:00+08:00	31.790356896903933	32.07044744106387	31.650313405596215	31.97708511352539	19626279	0.0	0.0
2024-06-28 00:00:00+08:00	31.97708391776093	32.30385561347067	31.930402755737305	31.930402755737305	25853168	0.0	0.0
2024-07-01 00:00:00+08:00	32.315104586175046	32.55554436336033	32.26701736450195	32.26701736450195	19118468	1.0	0.0
2024-07-02 00:00:00+08:00	32.21892903678443	32.69980857464689	32.12275459673983	32.41128158569336	20124669	0.0	0.0
2024-07-03 00:00:00+08:00	32.50745747061763	32.69981002807617	32.31510491315909	32.69981002807617	14489710	0.0	0.0
2024-07-04 00:00:00+08:00	32.699808918862345	32.89216146979607	32.65172169833385	32.84407424926758	17073034	0.0	0.0
2024-07-05 00:00:00+08:00	32.89216290966282	33.18068991428392	32.79598479557585	33.13260269165039	16301310	0.0	0.0
2024-07-08 00:00:00+08:00	33.22877587733382	33.324953987775025	33.08451421490167	33.27686309814453	18327315	0.0	0.0
2024-07-09 00:00:00+08:00	33.37304214477113	33.37304214477113	32.60363558375684	32.69981002807617	19052113	0.0	0.0
2024-07-10 00:00:00+08:00	32.84407263885068	32.892159857021355	32.5555419921875	32.5555419921875	11684329	0.0	0.0
2024-07-11 00:00:00+08:00	32.84407621744685	32.988337887677204	32.36319664570573	32.74789810180664	21130388	0.0	0.0
2024-07-12 00:00:00+08:00	32.699810612810786	33.27686462668535	32.55554527493217	32.940250396728516	22129284	0.0	0.0
2024-07-15 00:00:00+08:00	33.276861889115025	33.276861889115025	32.747895141776254	32.795982360839844	13347344	0.0	0.0
2024-07-16 00:00:00+08:00	32.84407424926758	32.89216146979607	32.65172169833385	32.84407424926758	10486855	0.0	0.0
2024-07-17 00:00:00+08:00	32.84407275349435	33.27686138736064	32.79598186633624	33.180686950683594	17494137	0.0	0.0
2024-07-18 00:00:00+08:00	33.27686284248159	33.80583327379477	32.94024863057298	33.469215393066406	35964197	0.0	0.0
2024-07-19 00:00:00+08:00	33.469215650207175	33.51730287101789	32.89216166283903	33.27686309814453	19639902	0.0	0.0
2024-07-22 00:00:00+08:00	33.22877527808594	33.22877527808594	32.55554319241766	33.03642272949219	20880569	0.0	0.0
2024-07-23 00:00:00+08:00	33.084512869215686	33.75774127082224	33.084512869215686	33.61347961425781	21963319	0.0	0.0
2024-07-26 00:00:00+08:00	33.61348257831978	33.853922362615606	33.22877745591849	33.56539535522461	24995881	0.0	0.0
2024-07-29 00:00:00+08:00	33.75774424760531	33.75774424760531	33.46921724021431	33.56539535522461	17710948	0.0	0.0
2024-07-30 00:00:00+08:00	33.56539476665195	33.56539476665195	32.988337093168774	33.324954986572266	15130619	0.0	0.0
2024-07-31 00:00:00+08:00	33.324954986572266	33.517303875580104	33.1806896509965	33.324954986572266	8579504	0.0	0.0
2024-08-01 00:00:00+08:00	33.324953987775025	33.469215650207175	33.1806886565231	33.27686309814453	13825100	0.0	0.0
2024-08-02 00:00:00+08:00	33.08451276197922	33.08451276197922	32.603633237350564	32.98833465576172	22029620	0.0	0.0
2024-08-05 00:00:00+08:00	32.41128236146655	32.45936958263983	31.257170709208726	31.834224700927734	41435247	0.0	0.0
2024-08-06 00:00:00+08:00	32.363196065510216	32.60363584707026	31.59378582946214	32.5074577331543	27803064	0.0	0.0
2024-08-07 00:00:00+08:00	32.363196065510216	32.65172306961829	32.21893072904622	32.5074577331543	13719335	0.0	0.0
2024-08-08 00:00:00+08:00	32.12275602452043	33.03642425201371	32.12275602452043	32.69981002807617	21731396	0.0	0.0
2024-08-09 00:00:00+08:00	32.74789464799772	33.373039492857274	32.74789464799772	33.180686950683594	20668533	0.0	0.0
2024-08-12 00:00:00+08:00	33.27686435955098	33.37304247363795	32.98833735492988	33.13260269165039	10528462	0.0	0.0
2024-08-13 00:00:00+08:00	33.324953987775025	33.469215650207175	33.03642332527118	33.27686309814453	12934771	0.0	0.0
2024-08-14 00:00:00+08:00	32.26701821529141	32.65172333645939	31.93040398588438	32.31510543823242	51570980	0.0	0.0
2024-08-15 00:00:00+08:00	32.363195553982194	32.459369997558134	31.545698108307338	31.641876220703125	37869215	0.0	0.0
2024-08-16 00:00:00+08:00	31.882314991530297	31.978489432068773	31.59378433227539	31.59378433227539	15691532	0.0	0.0
2024-08-19 00:00:00+08:00	31.593785592342613	31.689963705536734	31.44952392578125	31.44952392578125	10448387	0.0	0.0
2024-08-20 00:00:00+08:00	31.689963500340664	31.689963500340664	31.449523722142057	31.545698165893555	7381768	0.0	0.0
2024-08-21 00:00:00+08:00	31.545698165893555	31.593785387769305	31.401436500266307	31.545698165893555	7342420	0.0	0.0
2024-08-22 00:00:00+08:00	31.54569685896004	31.786136627197266	31.497609639076536	31.786136627197266	8278024	0.0	0.0
2024-08-23 00:00:00+08:00	31.738049607271424	31.738049607271424	31.49760983751937	31.68996238708496	6487856	0.0	0.0
2024-08-26 00:00:00+08:00	31.78613657358235	31.978489121611624	31.689962133977563	31.882314682006836	7711971	0.0	0.0
2024-08-27 00:00:00+08:00	31.73804940731376	31.786136627197266	31.593784078843544	31.786136627197266	6074421	0.0	0.0
2024-08-28 00:00:00+08:00	31.545698108307338	31.689963442491095	31.49761088651937	31.641876220703125	7714305	0.0	0.0
2024-08-29 00:00:00+08:00	31.738049607271424	31.930402156837015	31.641875166898494	31.68996238708496	10007132	0.0	0.0
2024-08-30 00:00:00+08:00	31.78613682745789	31.834224047644355	31.641875166898494	31.68996238708496	15205353	0.0	0.0
2024-09-02 00:00:00+08:00	31.64187542270853	31.68996264328376	31.449522871587856	31.497610092163086	7256411	0.0	0.0
2024-09-03 00:00:00+08:00	31.49761102370333	31.49761102370333	30.920557022094727	30.920557022094727	16624473	0.0	0.0
2024-09-04 00:00:00+08:00	30.343497976808308	30.632026798949358	30.19923448294271	30.535850524902344	25492371	0.0	0.0
2024-09-05 00:00:00+08:00	30.5358507796794	30.728203329378335	30.34349822998047	30.34349822998047	10185480	0.0	0.0
2024-09-06 00:00:00+08:00	30.343497976808308	30.68011401876794	30.19923448294271	30.535850524902344	8149237	0.0	0.0
2024-09-09 00:00:00+08:00	30.10305846006173	30.63202705452887	30.10305846006173	30.34349822998047	13008296	0.0	0.0
2024-09-10 00:00:00+08:00	30.343498430944727	30.58393820245589	30.247323989868164	30.247323989868164	7205934	0.0	0.0
2024-09-11 00:00:00+08:00	30.29541040720127	30.391586680137845	30.103057861328125	30.103057861328125	8194360	0.0	0.0
2024-09-12 00:00:00+08:00	30.343499285491166	30.343499285491166	30.00688506342357	30.295412063598633	9199478	0.0	0.0
2024-09-13 00:00:00+08:00	30.29541160284586	30.72820393093619	30.29541160284586	30.583938598632812	10035178	0.0	0.0
2024-09-16 00:00:00+08:00	30.776290638223717	31.11290484955139	30.72820341786544	30.968643188476562	10282900	0.0	0.0
2024-09-18 00:00:00+08:00	30.96864324337378	31.0167304638173	30.728203472336435	30.872465133666992	6434107	0.0	0.0
2024-09-19 00:00:00+08:00	30.824377858581993	31.064817629193115	30.680114363097292	30.968643188476562	9188437	0.0	0.0
2024-09-20 00:00:00+08:00	31.01673020854112	31.064817428588867	30.82437765953041	31.064817428588867	11196998	0.0	0.0
2024-09-23 00:00:00+08:00	31.064817629193115	31.16099573872941	30.87246507894027	30.968643188476562	9474214	0.0	0.0
2024-09-24 00:00:00+08:00	30.920556818844407	31.064818483888345	30.77629148498062	31.01673126220703	6780974	0.0	0.0
2024-09-25 00:00:00+08:00	31.209083099891956	31.497610092163086	31.06481776934651	31.497610092163086	14192238	0.0	0.0
2024-09-26 00:00:00+08:00	31.689961836721682	31.689961836721682	31.25716952492039	31.353343963623047	9899530	0.0	0.0
2024-09-27 00:00:00+08:00	31.641875560749718	32.02657699584961	31.449523008789885	32.02657699584961	26669801	0.0	0.0
2024-09-30 00:00:00+08:00	32.21893072904622	32.892162851178334	32.170843506498194	32.5074577331543	41044527	0.0	0.0
2024-10-01 00:00:00+08:00	32.60363413460228	32.60363413460228	32.170841816762135	32.41128158569336	15741857	0.0	0.0
2024-10-04 00:00:00+08:00	32.21893072904622	32.69981029216632	32.21893072904622	32.5074577331543	17262621	0.0	0.0
2024-10-07 00:00:00+08:00	32.507456281999524	32.5555435024009	32.026576740346215	32.218929290771484	13071136	0.0	0.0
2024-10-08 00:00:00+08:00	31.978489175550987	32.17084172390471	31.64187496754675	31.786136627197266	12628511	0.0	0.0
2024-10-09 00:00:00+08:00	31.64187588628622	31.689963107565962	31.209083557128906	31.209083557128906	11284246	0.0	0.0
2024-10-11 00:00:00+08:00	31.49760949061467	31.7380492577186	31.160995284197046	31.257169723510742	9354924	0.0	0.0
2024-10-14 00:00:00+08:00	31.30525779724121	31.449523128967307	31.209083355303672	31.30525779724121	5999260	0.0	0.0
2024-10-15 00:00:00+08:00	31.35334416282444	31.44952227095782	31.209082503853892	31.257169723510742	8037189	0.0	0.0
2024-10-16 00:00:00+08:00	31.257171244896433	31.257171244896433	30.920557022094727	30.920557022094727	10322308	0.0	0.0
2024-10-17 00:00:00+08:00	30.968642736749963	31.35334416282444	30.968642736749963	31.257169723510742	7428504	0.0	0.0
2024-10-18 00:00:00+08:00	31.35334476161764	31.497610092163086	30.968643328196055	31.497610092163086	10315556	0.0	0.0
2024-10-21 00:00:00+08:00	31.641875075620998	31.641875075620998	31.064817428588867	31.064817428588867	9107400	0.0	0.0
2024-10-22 00:00:00+08:00	30.968644244092133	31.01673146608954	30.776291687282644	30.920557022094727	7789675	0.0	0.0
2024-10-23 00:00:00+08:00	30.920555968118286	30.968643188476562	30.776290638223717	30.968643188476562	9343654	0.0	0.0
2024-10-24 00:00:00+08:00	30.872465335069137	30.96864344540336	30.728203672797463	30.776290893554688	7563768	0.0	0.0
2024-10-25 00:00:00+08:00	30.824378967285156	30.87246618937305	30.728204523109362	30.824378967285156	4850394	0.0	0.0
2024-10-28 00:00:00+08:00	30.82437890928005	30.920557022094727	30.6801154088779	30.920557022094727	6322577	0.0	0.0
2024-10-29 00:00:00+08:00	30.872465133666992	30.92055602293026	30.53585092174261	30.872465133666992	11775748	0.0	0.0
2024-10-30 00:00:00+08:00	30.872464478091384	30.920555366333446	30.72820281982422	30.72820281982422	6129907	0.0	0.0
2024-11-01 00:00:00+08:00	30.487763701299095	30.96864324337378	30.487763701299095	30.872465133666992	15417895	0.0	0.0
2024-11-04 00:00:00+08:00	30.824378449251338	31.25717077840865	30.776291227971594	31.209083557128906	10764533	0.0	0.0
2024-11-05 00:00:00+08:00	31.209083355303672	31.30525779724121	31.064818023577576	31.30525779724121	7519821	0.0	0.0
2024-11-06 00:00:00+08:00	31.064818746544507	31.257171303715968	30.77629174519726	30.824378967285156	6558233	0.0	0.0
2024-11-07 00:00:00+08:00	30.680113765991994	30.968642585755834	30.680113765991994	30.72820281982422	8806536	0.0	0.0
2024-11-08 00:00:00+08:00	30.776291022420793	31.016730796033457	30.68011474609375	30.68011474609375	5730484	0.0	0.0
2024-11-11 00:00:00+08:00	30.77629148498062	31.11290570556966	30.632027985526758	31.01673126220703	8608053	0.0	0.0
2024-11-12 00:00:00+08:00	31.449523332347436	31.49761055362718	30.96864378191038	31.209083557128906	23022123	0.0	0.0
2024-11-13 00:00:00+08:00	31.016731003190124	31.49761055362718	30.96864378191038	31.209083557128906	18150100	0.0	0.0
2024-11-14 00:00:00+08:00	31.209083613873506	31.40143616816203	31.06481828095216	31.112905502319336	16571895	0.0	0.0
2024-11-15 00:00:00+08:00	31.35334425772141	32.07466356121641	31.30525703791902	31.882314682006836	29588758	0.0	0.0
2024-11-18 00:00:00+08:00	31.97848892211914	32.41128123528018	31.882314483114325	31.97848892211914	19238941	0.0	0.0
2024-11-19 00:00:00+08:00	32.218929290771484	32.31510373157425	32.12275484996872	32.218929290771484	13366228	0.0	0.0
2024-11-20 00:00:00+08:00	32.218929290771484	32.218929290771484	32.218929290771484	32.218929290771484	13091743	0.0	0.0
2024-11-21 00:00:00+08:00	32.02657719791412	32.12275530891074	31.834224644740686	31.930402755737305	9953480	0.0	0.0
2024-11-22 00:00:00+08:00	31.978490625452533	32.218930404591276	31.882316181324985	32.07466506958008	7553363	0.0	0.0
2024-11-25 00:00:00+08:00	32.603633880615234	32.892160867321095	32.315103225089686	32.603633880615234	42972464	0.0	0.0
2024-11-26 00:00:00+08:00	32.45937051060627	32.79598473726237	32.41128328805824	32.5074577331543	13745745	0.0	0.0
2024-11-27 00:00:00+08:00	32.60363653121859	32.69981097833275	32.12275695800781	32.12275695800781	9689816	0.0	0.0
2024-11-28 00:00:00+08:00	32.21893140512197	32.60363653121859	32.12275695800781	32.12275695800781	11694863	0.0	0.0
2024-11-29 00:00:00+08:00	32.026576740346215	32.45936906159814	31.78613696951956	32.218929290771484	15185047	0.0	0.0
2024-12-02 00:00:00+08:00	32.315103989379466	32.555543762124316	32.02657699584961	32.02657699584961	10401848	0.0	0.0
2024-12-03 00:00:00+08:00	31.978490947486176	32.5074577331543	31.978490947486176	32.5074577331543	12848153	0.0	0.0
2024-12-04 00:00:00+08:00	32.555544955702324	32.69981029216632	32.31510517414228	32.5074577331543	10530525	0.0	0.0
2024-12-05 00:00:00+08:00	32.50745799881641	32.60363611351838	32.218930992350394	32.31510543823242	7259551	0.0	0.0
2024-12-06 00:00:00+08:00	32.31510347682904	32.41128158569336	32.170841816762135	32.41128158569336	4942542	0.0	0.0
2024-12-09 00:00:00+08:00	32.50745714168724	32.55554436336033	32.26701736450195	32.26701736450195	6450076	0.0	0.0
2024-12-10 00:00:00+08:00	32.26701610924568	32.31510332904808	31.738049353779957	31.882314682006836	11320253	0.0	0.0
2024-12-11 00:00:00+08:00	32.12275510623941	32.45936932055429	31.978489775064595	32.02657699584961	14101527	0.0	0.0
2024-12-12 00:00:00+08:00	32.12275530891074	32.218929751087565	31.882315534648896	31.930402755737305	8210085	0.0	0.0
2024-12-13 00:00:00+08:00	31.738050722216414	31.834225165967915	31.545698165893555	31.545698165893555	9430021	0.0	0.0
2024-12-16 00:00:00+08:00	31.545697774906923	31.64187588628622	31.112905445749607	31.209083557128906	13892057	0.0	0.0
2024-12-17 00:00:00+08:00	31.257170835240682	31.305258056607858	30.920556616850632	31.112905502319336	14550368	0.0	0.0
2024-12-18 00:00:00+08:00	31.06481717606366	31.401435051300975	30.968642736749963	31.257169723510742	9859610	0.0	0.0
2024-12-19 00:00:00+08:00	30.920555968118286	31.064817629193115	30.776290638223717	30.968643188476562	9234579	0.0	0.0
2024-12-20 00:00:00+08:00	30.920555493311994	31.064817152171585	30.63202667236328	30.63202667236328	19351249	0.0	0.0
2024-12-23 00:00:00+08:00	30.920556818844407	31.064818483888345	30.824378706661935	31.01673126220703	7325271	0.0	0.0
2024-12-24 00:00:00+08:00	31.01673126220703	31.257171039433445	30.968644040525717	31.01673126220703	5005044	0.0	0.0
2024-12-25 00:00:00+08:00	31.064818483888345	31.11290570556966	30.824378706661935	31.01673126220703	4341991	0.0	0.0
2024-12-26 00:00:00+08:00	30.92055602293026	31.160995793967604	30.824377913223476	30.872465133666992	4815623	0.0	0.0
2024-12-27 00:00:00+08:00	30.776291022420793	30.824378243379368	30.632027525135175	30.68011474609375	7155396	0.0	0.0
2024-12-30 00:00:00+08:00	30.776291356221115	30.776291356221115	30.487764358520508	30.487764358520508	8135049	0.0	0.0
2024-12-31 00:00:00+08:00	30.391588081150335	30.487764358520508	30.199235526409986	30.487764358520508	11126137	0.0	0.0
2025-01-02 00:00:00+08:00	30.34349915496397	30.48776448884085	30.24732471159261	30.39158821105957	8146520	0.0	0.0
2025-01-03 00:00:00+08:00	30.295412063598633	30.53585184188116	30.295412063598633	30.295412063598633	5722819	0.0	0.0
2025-01-06 00:00:00+08:00	30.295410631794706	30.776290165632716	30.24732341217484	30.63202667236328	6956417	0.0	0.0
2025-01-07 00:00:00+08:00	30.680115341968694	30.728204398271156	30.295412063598633	30.295412063598633	7477416	0.0	0.0
2025-01-08 00:00:00+08:00	30.295411210406446	30.391587485892888	30.151147714381725	30.247323989868164	6458206	0.0	0.0
2025-01-09 00:00:00+08:00	30.24732390303433	30.295411123434565	29.62217903137207	29.62217903137207	17430126	0.0	0.0
2025-01-10 00:00:00+08:00	29.429828172077933	29.574091666986135	28.99703585294346	29.093212127685547	19248414	0.0	0.0
2025-01-13 00:00:00+08:00	29.141299942925812	29.52600504974997	28.900860168365668	29.33365249633789	17205492	0.0	0.0
2025-01-14 00:00:00+08:00	29.429828643798828	29.718355638239938	29.429828643798828	29.429828643798828	7178215	0.0	0.0
2025-01-15 00:00:00+08:00	29.429828315361267	29.95879507740332	29.429828315361267	29.62217903137207	8015116	0.0	0.0
2025-01-16 00:00:00+08:00	30.006884937183095	30.10305938056355	29.62217982602158	29.76644515991211	10349323	0.0	0.0
2025-01-17 00:00:00+08:00	29.910708528709378	30.63202785737081	29.862619472819336	30.487764358520508	15902412	0.0	0.0
2025-01-20 00:00:00+08:00	30.583937618333575	30.728202946012853	30.34349785141457	30.63202667236328	9898140	0.0	0.0
2025-01-21 00:00:00+08:00	30.632027654203906	30.72820393093619	30.391587879578147	30.583938598632812	6169116	0.0	0.0
2025-01-22 00:00:00+08:00	30.583937618333575	30.728202946012853	30.391586905444274	30.63202667236328	10627970	0.0	0.0
2025-02-03 00:00:00+08:00	30.343497976808308	30.632026798949358	30.103058208895693	30.535850524902344	13599174	0.0	0.0
2025-02-04 00:00:00+08:00	30.53585124206543	30.632027518371235	30.00688447399833	30.05497169494629	10364848	0.0	0.0
2025-02-05 00:00:00+08:00	30.29541073525713	30.439674229019243	29.81453119977686	29.910707473754883	9872288	0.0	0.0
2025-02-06 00:00:00+08:00	29.91070878522857	30.295412063598633	29.670269006946043	30.295412063598633	8560998	0.0	0.0
2025-02-07 00:00:00+08:00	30.151147114369678	30.295410607523536	29.95879456722464	30.00688362121582	6076349	0.0	0.0
2025-02-10 00:00:00+08:00	29.95879554748535	30.054971824204788	29.718355772891712	29.95879554748535	7575196	0.0	0.0
2025-02-11 00:00:00+08:00	30.103059507208638	30.39158834179363	30.103059507208638	30.295412063598633	8658973	0.0	0.0
2025-02-12 00:00:00+08:00	30.39158775152251	30.68011474609375	30.39158775152251	30.68011474609375	10378476	0.0	0.0
2025-02-13 00:00:00+08:00	30.728202630346974	32.170841217041016	30.53585008502384	32.170841217041016	37825956	0.0	0.0
2025-02-14 00:00:00+08:00	32.218928943788214	32.50745593190894	31.64187496754675	31.786136627197266	23256581	0.0	0.0
2025-02-17 00:00:00+08:00	31.930402299543452	32.5555435024009	31.930402299543452	32.218929290771484	25202713	0.0	0.0
2025-02-18 00:00:00+08:00	32.26701565529276	32.65172074593903	32.02657589084375	32.170841217041016	18972340	0.0	0.0
2025-02-19 00:00:00+08:00	32.26701616367171	32.41128149214193	31.73804940731376	31.786136627197266	15823960	0.0	0.0
2025-02-20 00:00:00+08:00	31.930402634303398	33.03642339040973	31.882315413397865	32.6517219543457	44277438	0.0	0.0
2025-02-21 00:00:00+08:00	32.74789698885066	32.988336766549736	32.45936998937573	32.89216232299805	24773973	0.0	0.0
2025-02-24 00:00:00+08:00	32.69981002807617	32.988337029854044	32.50745747061763	32.69981002807617	21412963	0.0	0.0
2025-02-25 00:00:00+08:00	32.459368017644316	33.75774127082224	32.411280798789505	33.61347961425781	56882547	0.0	0.0
2025-02-26 00:00:00+08:00	33.61348106226296	33.99818249849325	33.324954067885294	33.902008056640625	35040798	0.0	0.0
2025-02-27 00:00:00+08:00	33.75774383544922	33.85392194928526	33.42112960907285	33.75774383544922	33941294	0.0	0.0
2025-03-03 00:00:00+08:00	33.08451370943637	33.75774212814036	32.8921611603125	33.66156768798828	29131428	0.0	0.0
2025-03-04 00:00:00+08:00	33.37304120858574	33.565393760648384	32.89216166283903	33.27686309814453	32448519	0.0	0.0
2025-03-05 00:00:00+08:00	33.32495238653884	33.902006346180016	33.27686149921907	33.80583190917969	27093076	0.0	0.0
2025-03-06 00:00:00+08:00	33.70965516409249	33.80583327379477	33.3249537317426	33.469215393066406	17065803	0.0	0.0
2025-03-07 00:00:00+08:00	33.373039492857274	33.46921392953431	33.03642162684844	33.180686950683594	14307608	0.0	0.0
2025-03-10 00:00:00+08:00	33.42112731933594	33.66156708422324	33.180687554448625	33.42112731933594	13605796	0.0	0.0
2025-03-11 00:00:00+08:00	33.03642307145551	33.80583327379477	32.94024863057298	33.469215393066406	26741360	0.0	0.0
2025-03-12 00:00:00+08:00	33.66156647170799	34.09435877439387	33.180686950683594	33.180686950683594	22048790	0.0	0.0
2025-03-13 00:00:00+08:00	32.98833798849522	33.08451610442936	31.882317171402427	32.12275695800781	41181876	0.0	0.0
2025-03-14 00:00:00+08:00	32.17084057800255	32.69980731551909	32.02657525467096	32.5555419921875	18606622	0.0	0.0
2025-03-17 00:00:00+08:00	32.69980857464689	32.69980857464689	32.267016256806734	32.41128158569336	11730177	0.0	0.0
2025-03-18 00:00:00+08:00	32.50745799881641	32.60363611351838	32.31510543823242	32.31510543823242	11665303	0.0	0.0
2025-03-19 00:00:00+08:00	32.4112807307167	32.98833469340166	32.36319351196289	32.36319351196289	14555617	0.0	0.0
2025-03-20 00:00:00+08:00	32.267016256806734	32.60363413460228	32.07466370789781	32.41128158569336	11192788	0.0	0.0
2025-03-21 00:00:00+08:00	32.41128184119676	32.507456281999524	32.17084207037011	32.218929290771484	15028995	0.0	0.0
2025-03-24 00:00:00+08:00	32.21892888944329	32.31510332904808	31.882314682006836	31.882314682006836	10131747	0.0	0.0
2025-03-25 00:00:00+08:00	31.930403278539274	32.026577722290774	31.545698165893555	31.545698165893555	12074437	0.0	0.0
2025-03-26 00:00:00+08:00	31.64187496754675	32.26701616367171	31.64187496754675	31.786136627197266	14932456	0.0	0.0
2025-03-27 00:00:00+08:00	31.68996193628501	32.17084146894845	31.6418747167826	31.97848892211914	13211867	0.0	0.0
2025-03-28 00:00:00+08:00	31.738049661902842	31.930402211799535	31.449522671467673	31.59378433227539	14042644	0.0	0.0
2025-03-31 00:00:00+08:00	31.35334574789176	31.401436638799527	30.77629174519726	30.824378967285156	30016884	0.0	0.0
2025-04-01 00:00:00+08:00	30.920555714757462	31.401435252039416	30.920555714757462	31.160995483398438	13126234	0.0	0.0
2025-04-02 00:00:00+08:00	31.160995483398438	31.401435252039416	31.016730154685966	31.160995483398438	7688815	0.0	0.0
2025-04-07 00:00:00+08:00	28.083365491413524	29.622178531154123	28.083365491413524	28.660419464111328	118265122	0.0	0.0
2025-04-08 00:00:00+08:00	29.1413002028182	29.52600531307329	27.362047322733034	28.516157150268555	72584937	0.0	0.0
2025-04-09 00:00:00+08:00	27.891012894479854	28.468068700557957	27.410133361816406	27.410133361816406	44828069	0.0	0.0
2025-04-10 00:00:00+08:00	29.76644542226634	30.006885201656505	28.85277352681974	29.574092864990234	47860914	0.0	0.0
2025-04-11 00:00:00+08:00	29.045124304524023	29.333651288350424	28.419979448883776	28.852771759033203	32082639	0.0	0.0
2025-04-14 00:00:00+08:00	28.804684665359392	29.093211650442825	28.564244899653254	28.756595611572266	21644110	0.0	0.0
2025-04-15 00:00:00+08:00	28.804684665359392	28.900859104113984	28.564244899653254	28.756595611572266	15446771	0.0	0.0
2025-04-16 00:00:00+08:00	28.61233269966255	28.70850897477868	28.227629433607884	28.37189292907715	19093293	0.0	0.0
2025-04-17 00:00:00+08:00	28.371894116742602	28.51615761825083	28.179541558458336	28.227630615234375	13603645	0.0	0.0
2025-04-18 00:00:00+08:00	28.17954023496358	28.17954023496358	27.842926025390625	27.842926025390625	20162979	0.0	0.0
2025-04-21 00:00:00+08:00	28.083367125590797	28.083367125590797	27.602487564086914	27.602487564086914	12561733	0.0	0.0
2025-04-22 00:00:00+08:00	27.4582204555853	27.794836493790285	27.410133236303086	27.506309509277344	14398533	0.0	0.0
2025-04-23 00:00:00+08:00	27.746749302548825	28.179539779755615	27.746749302548825	28.131452560424805	10818922	0.0	0.0
2025-04-24 00:00:00+08:00	28.083365341093995	28.227628833496258	27.891012794951088	28.131452560424805	8849620	0.0	0.0
2025-04-25 00:00:00+08:00	28.227630615234375	28.51615761825083	28.227630615234375	28.227630615234375	10711989	0.0	0.0
2025-04-28 00:00:00+08:00	28.275717837600467	28.468070395884737	28.227630615234375	28.227630615234375	5815460	0.0	0.0
2025-04-29 00:00:00+08:00	28.323805708724016	28.564245479309417	28.275716653961013	28.37189292907715	10509840	0.0	0.0
2025-04-30 00:00:00+08:00	28.660420649409254	28.8527732045368	28.516157150268555	28.516157150268555	15335831	0.0	0.0
2025-05-02 00:00:00+08:00	28.75659653731614	28.804685592651367	28.612333040130235	28.804685592651367	11374102	0.0	0.0
2025-05-05 00:00:00+08:00	29.04512537307405	29.718355638239938	29.04512537307405	29.429828643798828	26822183	0.0	0.0
2025-05-06 00:00:00+08:00	29.42982771655136	29.5260039898048	29.141298896791056	29.381738662719727	13766081	0.0	0.0
2025-05-07 00:00:00+08:00	29.622179956139785	29.670269012451172	29.381740177812645	29.670269012451172	14251138	0.0	0.0
2025-05-08 00:00:00+08:00	29.477914935973164	29.574091209226598	29.381738662719727	29.381738662719727	8590591	0.0	0.0
2025-05-09 00:00:00+08:00	29.33365308560007	29.67026914362829	29.285565863486013	29.574092864990234	8782726	0.0	0.0
2025-05-12 00:00:00+08:00	29.71835480049826	30.00688362121582	29.622178526925744	30.00688362121582	8112606	0.0	0.0
2025-05-13 00:00:00+08:00	30.10305818730108	30.199234461279104	29.718354925798835	29.910707473754883	10194455	0.0	0.0
2025-05-14 00:00:00+08:00	29.1412992207802	29.333651769425625	28.900859452178352	29.189388275146484	33540251	0.0	0.0
2025-05-15 00:00:00+08:00	29.237476815430565	29.237476815430565	28.948949813842773	28.948949813842773	9749941	0.0	0.0
2025-05-16 00:00:00+08:00	28.99703703597076	29.237476815430565	28.900860757304848	28.948949813842773	13158189	0.0	0.0
2025-05-19 00:00:00+08:00	28.997035504458275	29.093211778044523	28.564245024934923	28.660419464111328	18849131	0.0	0.0
2025-05-20 00:00:00+08:00	28.660419934354664	29.14129947576605	28.564245493600282	28.99703598022461	13648830	0.0	0.0
2025-05-21 00:00:00+08:00	28.90086042472311	29.23747647897516	28.56424620488098	29.141300201416016	22307933	0.0	0.0
2025-05-22 00:00:00+08:00	29.045124304524023	29.141298742859604	28.564244775206802	28.852771759033203	27860955	0.0	0.0
2025-05-23 00:00:00+08:00	28.852773073340664	28.852773073340664	28.37189352211832	28.612333297729492	25421581	0.0	0.0
2025-05-26 00:00:00+08:00	28.70850944519043	28.70850944519043	28.083366398306897	28.70850944519043	44152602	0.0	0.0
2025-05-27 00:00:00+08:00	28.56424667502687	28.56424667502687	28.083367113726148	28.227630615234375	53509444	0.0	0.0
2025-05-28 00:00:00+08:00	28.22763002218083	28.32380629930233	27.79483769233903	27.98719024658203	58316436	0.0	0.0
2025-05-29 00:00:00+08:00	28.03527805695011	28.227630615234375	27.602487552425426	28.227630615234375	91607432	0.0	0.0
2025-06-02 00:00:00+08:00	27.939101323707405	27.939101323707405	26.592638940831733	26.640727996826172	92645902	0.0	0.0
2025-06-03 00:00:00+08:00	26.929255268100402	26.929255268100402	25.534703815095515	25.823232650756836	106807789	0.0	0.0
2025-06-04 00:00:00+08:00	25.96749496459961	26.400287281106877	25.534702648092342	25.96749496459961	105564526	0.0	0.0
2025-06-05 00:00:00+08:00	25.967496143687853	26.59263920248724	25.967496143687853	26.448375701904297	107940313	0.0	0.0
2025-06-06 00:00:00+08:00	26.59263814297954	26.59263814297954	26.304111153309183	26.496461868286133	15561934	0.0	0.0
2025-06-09 00:00:00+08:00	26.59263773742672	26.59263773742672	26.063670986294824	26.159847259521484	13881717	0.0	0.0
2025-06-10 00:00:00+08:00	26.159848241414256	26.40028801630075	26.111759185791016	26.111759185791016	13852730	0.0	0.0
2025-06-11 00:00:00+08:00	26.159847061544802	26.3041105530881	25.871318244048386	26.25602149963379	17815583	0.0	0.0
2025-06-12 00:00:00+08:00	26.256022814412276	26.256022814412276	25.91940859542513	26.015583038330078	9865241	0.0	0.0
2025-06-13 00:00:00+08:00	25.967495091767933	26.11175858650689	25.823231597028972	25.871318817138672	17407702	0.0	0.0
2025-06-16 00:00:00+08:00	25.871318944781507	25.919407999538326	25.58279195388006	25.775142669677734	19244027	0.0	0.0
2025-06-17 00:00:00+08:00	25.775143725612846	25.919409061383586	25.58279300193511	25.7270565032959	17115301	0.0	0.0
2025-06-18 00:00:00+08:00	25.67896868829162	25.823232186322716	25.486616134643555	25.486616134643555	21154644	0.0	0.0
2025-06-19 00:00:00+08:00	25.4385285732204	25.534703014348285	25.053823471069336	25.053823471069336	25663727	0.0	0.0
2025-06-20 00:00:00+08:00	25.00573610791973	25.053823328209475	24.428680292393455	24.524856567382812	32633759	0.0	0.0
2025-06-23 00:00:00+08:00	24.284417383651167	24.33250460510235	23.803537831499657	24.140153884887695	23494135	0.0	0.0
2025-06-24 00:00:00+08:00	24.236330162427496	24.861473213348344	24.14015388511431	24.765296936035156	16815943	0.0	0.0
2025-06-25 00:00:00+08:00	24.909559575888668	24.95764863009205	24.621032588307774	24.717208862304688	11656771	0.0	0.0
2025-06-26 00:00:00+08:00	24.765295883010033	25.246175414718966	24.717208663603074	24.813383102416992	16403650	0.0	0.0
2025-06-27 00:00:00+08:00	25.15000054311256	25.390440322366814	25.005737042442	25.198089599609375	17046840	0.0	0.0
2025-06-30 00:00:00+08:00	25.00573610791973	25.053823328209475	24.524856567382812	24.524856567382812	21259006	0.0	0.0
2025-07-01 00:00:00+08:00	24.813383573067256	25.582791939041275	24.572943802652222	25.149999618530273	52372189	0.0	0.0
2025-07-02 00:00:00+08:00	25.549999237060547	25.649999618530273	25.149999618530273	25.25	21090806	1.0	0.0
2025-07-03 00:00:00+08:00	25.299999237060547	25.450000762939453	25.200000762939453	25.350000381469727	13045122	0.0	0.0
2025-07-04 00:00:00+08:00	25.450000762939453	25.450000762939453	25.0	25.0	16452293	0.0	0.0
2025-07-07 00:00:00+08:00	25.0	25.0	24.600000381469727	24.850000381469727	14056841	0.0	0.0
2025-07-08 00:00:00+08:00	24.75	25.049999237060547	24.200000762939453	24.350000381469727	27395921	0.0	0.0
2025-07-09 00:00:00+08:00	24.350000381469727	24.350000381469727	24.049999237060547	24.100000381469727	14363070	0.0	0.0
2025-07-10 00:00:00+08:00	24.100000381469727	24.149999618530273	23.649999618530273	24.0	22138607	0.0	0.0
2025-07-11 00:00:00+08:00	23.899999618530273	23.899999618530273	23.600000381469727	23.649999618530273	20635269	0.0	0.0
2025-07-14 00:00:00+08:00	23.25	23.649999618530273	22.899999618530273	23.399999618530273	32758402	0.0	0.0
2025-07-15 00:00:00+08:00	23.299999237060547	23.399999618530273	22.899999618530273	23.350000381469727	36485380	0.0	0.0
2025-07-16 00:00:00+08:00	23.200000762939453	23.549999237060547	23.0	23.0	22786474	0.0	0.0
2025-07-17 00:00:00+08:00	23.299999237060547	23.850000381469727	23.25	23.649999618530273	22030419	0.0	0.0
2025-07-18 00:00:00+08:00	23.799999237060547	23.850000381469727	23.450000762939453	23.450000762939453	18681043	0.0	0.0
2025-07-21 00:00:00+08:00	23.450000762939453	23.600000381469727	23.200000762939453	23.450000762939453	16350809	0.0	0.0
2025-07-22 00:00:00+08:00	23.549999237060547	24.450000762939453	23.549999237060547	23.75	41797772	0.0	0.0
2025-07-23 00:00:00+08:00	23.950000762939453	24.600000381469727	23.799999237060547	24.5	32234313	0.0	0.0
2025-07-24 00:00:00+08:00	24.600000381469727	24.600000381469727	23.950000762939453	24.200000762939453	17110489	0.0	0.0
2025-07-25 00:00:00+08:00	24.200000762939453	24.450000762939453	24.149999618530273	24.200000762939453	10010060	0.0	0.0
2025-07-28 00:00:00+08:00	24.299999237060547	24.649999618530273	24.25	24.450000762939453	16285738	0.0	0.0
2025-07-29 00:00:00+08:00	24.549999237060547	24.600000381469727	24.100000381469727	24.100000381469727	14090939	0.0	0.0
2025-07-30 00:00:00+08:00	24.200000762939453	25.0	24.149999618530273	24.850000381469727	22255392	0.0	0.0
2025-07-31 00:00:00+08:00	24.799999237060547	24.850000381469727	24.25	24.299999237060547	16773173	0.0	0.0
2025-08-04 00:00:00+08:00	24.0	24.149999618530273	23.75	24.149999618530273	14029455	0.0	0.0
2025-08-05 00:00:00+08:00	24.200000762939453	24.549999237060547	24.149999618530273	24.450000762939453	12636883	0.0	0.0
2025-08-06 00:00:00+08:00	24.450000762939453	24.5	24.299999237060547	24.350000381469727	6706599	0.0	0.0
2025-08-07 00:00:00+08:00	24.399999618530273	24.5	24.299999237060547	24.299999237060547	7292432	0.0	0.0
2025-08-08 00:00:00+08:00	24.350000381469727	24.549999237060547	24.25	24.350000381469727	9601477	0.0	0.0
2025-08-11 00:00:00+08:00	24.350000381469727	24.899999618530273	24.200000762939453	24.600000381469727	15354183	0.0	0.0
2025-08-12 00:00:00+08:00	24.600000381469727	25.149999618530273	24.549999237060547	24.75	15580106	0.0	0.0
2025-08-13 00:00:00+08:00	24.75	24.75	24.75	24.75	0	0.0	0.0
2025-08-14 00:00:00+08:00	23.0	23.799999237060547	22.649999618530273	23.799999237060547	72974224	0.0	0.0
2025-08-15 00:00:00+08:00	23.700000762939453	23.75	23.350000381469727	23.700000762939453	35230003	0.0	0.0
2025-08-18 00:00:00+08:00	23.700000762939453	24.100000381469727	23.5	23.899999618530273	37952159	0.0	0.0
2025-08-19 00:00:00+08:00	23.850000381469727	23.950000762939453	23.299999237060547	23.299999237060547	38369230	0.0	0.0
2025-08-20 00:00:00+08:00	23.350000381469727	23.5	23.049999237060547	23.350000381469727	30107608	0.0	0.0
2025-08-21 00:00:00+08:00	23.399999618530273	23.5	23.149999618530273	23.200000762939453	29536087	0.0	0.0
2025-08-22 00:00:00+08:00	23.399999618530273	23.549999237060547	23.0	23.100000381469727	33265459	0.0	0.0
2025-08-25 00:00:00+08:00	23.299999237060547	23.299999237060547	22.950000762939453	23.299999237060547	23716621	0.0	0.0
2025-08-26 00:00:00+08:00	23.200000762939453	23.350000381469727	22.950000762939453	23.100000381469727	38351450	0.0	0.0
2025-08-27 00:00:00+08:00	23.100000381469727	23.149999618530273	23.0	23.0	20614349	0.0	0.0
2025-08-28 00:00:00+08:00	23.0	23.049999237060547	22.799999237060547	22.799999237060547	26925893	0.0	0.0
2025-08-29 00:00:00+08:00	22.799999237060547	22.799999237060547	22.350000381469727	22.450000762939453	41049707	0.0	0.0
2025-09-01 00:00:00+08:00	22.299999237060547	22.700000762939453	22.25	22.350000381469727	19008477	0.0	0.0
2025-09-02 00:00:00+08:00	22.350000381469727	22.450000762939453	22.049999237060547	22.100000381469727	26256086	0.0	0.0
2025-09-03 00:00:00+08:00	22.25	22.549999237060547	22.200000762939453	22.350000381469727	16265110	0.0	0.0
2025-09-04 00:00:00+08:00	22.399999618530273	22.700000762939453	22.350000381469727	22.649999618530273	18191210	0.0	0.0
2025-09-05 00:00:00+08:00	22.700000762939453	22.75	22.450000762939453	22.649999618530273	12581863	0.0	0.0
2025-09-08 00:00:00+08:00	22.5	22.5	22.049999237060547	22.299999237060547	34961287	0.0	0.0
2025-09-09 00:00:00+08:00	22.350000381469727	22.450000762939453	22.149999618530273	22.399999618530273	36149547	0.0	0.0
2025-09-10 00:00:00+08:00	22.450000762939453	23.0	22.25	22.950000762939453	45543598	0.0	0.0
2025-09-11 00:00:00+08:00	23.0	23.0	22.299999237060547	22.299999237060547	32414423	0.0	0.0
2025-09-12 00:00:00+08:00	22.350000381469727	22.549999237060547	22.200000762939453	22.350000381469727	27676108	0.0	0.0
2025-09-15 00:00:00+08:00	22.450000762939453	22.600000381469727	22.299999237060547	22.350000381469727	18912539	0.0	0.0
2025-09-16 00:00:00+08:00	22.350000381469727	22.450000762939453	22.200000762939453	22.25	13384068	0.0	0.0
2025-09-17 00:00:00+08:00	22.299999237060547	22.5	22.200000762939453	22.200000762939453	24106311	0.0	0.0
2025-09-18 00:00:00+08:00	22.299999237060547	22.399999618530273	22.200000762939453	22.200000762939453	21466430	0.0	0.0
2025-09-19 00:00:00+08:00	22.200000762939453	23.350000381469727	22.149999618530273	23.350000381469727	188577774	0.0	0.0
2025-09-22 00:00:00+08:00	23.450000762939453	24.700000762939453	23.100000381469727	24.600000381469727	144373292	0.0	0.0
2025-09-23 00:00:00+08:00	24.049999237060547	24.049999237060547	23.5	23.75	65791636	0.0	0.0
2025-09-24 00:00:00+08:00	23.75	23.75	23.399999618530273	23.450000762939453	36130152	0.0	0.0
2025-09-25 00:00:00+08:00	23.5	24.299999237060547	23.5	23.950000762939453	50091026	0.0	0.0
2025-09-26 00:00:00+08:00	23.899999618530273	23.950000762939453	23.549999237060547	23.799999237060547	26733000	0.0	0.0
2025-09-30 00:00:00+08:00	24.100000381469727	24.399999618530273	23.899999618530273	24.0	38961820	0.0	0.0
2025-10-01 00:00:00+08:00	24.299999237060547	24.5	23.700000762939453	23.799999237060547	42584111	0.0	0.0
2025-10-02 00:00:00+08:00	24.0	24.049999237060547	23.649999618530273	23.75	21427083	0.0	0.0
2025-10-03 00:00:00+08:00	23.850000381469727	24.100000381469727	23.700000762939453	23.700000762939453	23051059	0.0	0.0
2025-10-07 00:00:00+08:00	23.649999618530273	23.75	23.450000762939453	23.600000381469727	31172685	0.0	0.0
2025-10-08 00:00:00+08:00	23.600000381469727	23.75	23.399999618530273	23.399999618530273	21780844	0.0	0.0
2025-10-09 00:00:00+08:00	23.450000762939453	23.700000762939453	23.399999618530273	23.450000762939453	18351550	0.0	0.0
2025-10-13 00:00:00+08:00	23.100000381469727	23.25	22.75	23.0	32738201	0.0	0.0
2025-10-14 00:00:00+08:00	23.100000381469727	23.299999237060547	22.799999237060547	22.899999618530273	25219525	0.0	0.0
2025-10-15 00:00:00+08:00	23.0	23.149999618530273	22.899999618530273	22.950000762939453	19297646	0.0	0.0
2025-10-16 00:00:00+08:00	23.049999237060547	23.25	22.950000762939453	23.0	13254966	0.0	0.0
2025-10-17 00:00:00+08:00	23.0	23.600000381469727	23.0	23.350000381469727	33182121	0.0	0.0
2025-10-20 00:00:00+08:00	23.5	23.799999237060547	23.149999618530273	23.25	22110623	0.0	0.0
2025-10-21 00:00:00+08:00	23.350000381469727	23.350000381469727	22.850000381469727	22.899999618530273	24226308	0.0	0.0
2025-10-22 00:00:00+08:00	22.950000762939453	23.149999618530273	22.899999618530273	22.950000762939453	15889172	0.0	0.0
2025-10-23 00:00:00+08:00	23.049999237060547	23.200000762939453	22.850000381469727	23.049999237060547	12200375	0.0	0.0
2025-10-27 00:00:00+08:00	23.25	23.399999618530273	22.850000381469727	22.950000762939453	21232805	0.0	0.0
2025-10-28 00:00:00+08:00	23.049999237060547	23.100000381469727	22.700000762939453	22.799999237060547	19219850	0.0	0.0
2025-10-29 00:00:00+08:00	22.799999237060547	22.850000381469727	22.5	22.549999237060547	22032472	0.0	0.0
2025-10-30 00:00:00+08:00	22.549999237060547	22.649999618530273	22.25	22.299999237060547	26257061	0.0	0.0
2025-10-31 00:00:00+08:00	22.399999618530273	22.399999618530273	22.100000381469727	22.100000381469727	22301853	0.0	0.0
2025-11-03 00:00:00+08:00	22.100000381469727	22.149999618530273	21.5	21.5	44438529	0.0	0.0
2025-11-04 00:00:00+08:00	21.5	21.700000762939453	21.049999237060547	21.100000381469727	33817101	0.0	0.0
2025-11-05 00:00:00+08:00	21.100000381469727	21.149999618530273	20.899999618530273	21.100000381469727	17894306	0.0	0.0
2025-11-06 00:00:00+08:00	21.25	21.600000381469727	21.100000381469727	21.5	14900537	0.0	0.0
2025-11-07 00:00:00+08:00	21.450000762939453	21.899999618530273	21.350000381469727	21.75	16623835	0.0	0.0
2025-11-10 00:00:00+08:00	21.850000381469727	21.899999618530273	21.649999618530273	21.899999618530273	12959305	0.0	0.0
2025-11-11 00:00:00+08:00	22.0	22.350000381469727	21.950000762939453	22.0	24478248	0.0	0.0
2025-11-12 00:00:00+08:00	22.049999237060547	22.450000762939453	22.0	22.25	21685033	0.0	0.0
2025-11-13 00:00:00+08:00	22.149999618530273	22.149999618530273	21.600000381469727	21.899999618530273	30280141	0.0	0.0
2025-11-14 00:00:00+08:00	21.700000762939453	21.850000381469727	21.450000762939453	21.5	26425269	0.0	0.0
2025-11-17 00:00:00+08:00	21.549999237060547	21.700000762939453	21.450000762939453	21.5	17965354	0.0	0.0
2025-11-18 00:00:00+08:00	21.350000381469727	21.350000381469727	20.850000381469727	20.850000381469727	33900820	0.0	0.0
2025-11-19 00:00:00+08:00	20.850000381469727	20.850000381469727	20.25	20.399999618530273	35907685	0.0	0.0
2025-11-20 00:00:00+08:00	20.549999237060547	20.75	20.350000381469727	20.700000762939453	24383005	0.0	0.0
2025-11-21 00:00:00+08:00	20.5	20.850000381469727	20.450000762939453	20.549999237060547	24558788	0.0	0.0
2025-11-24 00:00:00+08:00	20.799999237060547	21.350000381469727	20.799999237060547	21.200000762939453	44998178	0.0	0.0
2025-11-25 00:00:00+08:00	21.299999237060547	21.350000381469727	20.950000762939453	21.200000762939453	23284672	0.0	0.0
2025-11-26 00:00:00+08:00	21.350000381469727	22.049999237060547	21.350000381469727	21.950000762939453	30656519	0.0	0.0
2025-11-27 00:00:00+08:00	21.850000381469727	22.149999618530273	21.75	22.100000381469727	24221803	0.0	0.0
2025-11-28 00:00:00+08:00	22.5	23.0	22.350000381469727	22.850000381469727	52641422	0.0	0.0
2025-12-01 00:00:00+08:00	22.850000381469727	23.450000762939453	22.75	22.799999237060547	36229735	0.0	0.0
2025-12-02 00:00:00+08:00	22.899999618530273	23.0	22.700000762939453	22.799999237060547	22324795	0.0	0.0
2025-12-03 00:00:00+08:00	22.850000381469727	23.049999237060547	22.649999618530273	22.899999618530273	18824490	0.0	0.0
2025-12-04 00:00:00+08:00	22.899999618530273	23.299999237060547	22.899999618530273	22.950000762939453	23149370	0.0	0.0
2025-12-05 00:00:00+08:00	23.0	23.0	22.399999618530273	22.700000762939453	22811393	0.0	0.0
2025-12-08 00:00:00+08:00	22.700000762939453	22.899999618530273	22.5	22.549999237060547	15234139	0.0	0.0
2025-12-09 00:00:00+08:00	22.600000381469727	23.049999237060547	22.549999237060547	22.899999618530273	26019639	0.0	0.0
2025-12-10 00:00:00+08:00	22.899999618530273	23.0	22.649999618530273	22.649999618530273	17822663	0.0	0.0
2025-12-11 00:00:00+08:00	22.649999618530273	22.799999237060547	22.25	22.350000381469727	23505083	0.0	0.0
2025-12-12 00:00:00+08:00	22.600000381469727	22.75	22.299999237060547	22.350000381469727	16772662	0.0	0.0
2025-12-15 00:00:00+08:00	22.350000381469727	23.200000762939453	22.350000381469727	22.850000381469727	34398988	0.0	0.0
2025-12-16 00:00:00+08:00	22.75	22.799999237060547	22.299999237060547	22.299999237060547	31668141	0.0	0.0
2025-12-17 00:00:00+08:00	22.299999237060547	22.5	22.25	22.399999618530273	20800453	0.0	0.0
2025-12-18 00:00:00+08:00	22.25	22.350000381469727	22.100000381469727	22.200000762939453	17807100	0.0	0.0
2025-12-19 00:00:00+08:00	22.350000381469727	22.700000762939453	22.149999618530273	22.5	39015487	0.0	0.0
2025-12-22 00:00:00+08:00	22.75	22.899999618530273	22.5	22.600000381469727	15356456	0.0	0.0
2025-12-23 00:00:00+08:00	22.700000762939453	22.700000762939453	22.5	22.649999618530273	8251183	0.0	0.0
2025-12-24 00:00:00+08:00	22.649999618530273	22.850000381469727	22.600000381469727	22.600000381469727	11781409	0.0	0.0
2025-12-26 00:00:00+08:00	22.600000381469727	22.899999618530273	22.5	22.799999237060547	12570218	0.0	0.0
2025-12-29 00:00:00+08:00	22.950000762939453	23.649999618530273	22.950000762939453	23.299999237060547	46478643	0.0	0.0
2025-12-30 00:00:00+08:00	23.299999237060547	23.649999618530273	23.149999618530273	23.600000381469727	27365909	0.0	0.0
2025-12-31 00:00:00+08:00	23.649999618530273	23.700000762939453	23.200000762939453	23.200000762939453	20429187	0.0	0.0
2026-01-02 00:00:00+08:00	23.350000381469727	23.350000381469727	22.799999237060547	23.0	29582411	0.0	0.0
2026-01-05 00:00:00+08:00	23.0	23.299999237060547	23.0	23.100000381469727	30286607	0.0	0.0
2026-01-06 00:00:00+08:00	23.149999618530273	23.200000762939453	22.850000381469727	23.0	30999045	0.0	0.0
2026-01-07 00:00:00+08:00	23.0	23.649999618530273	22.950000762939453	23.649999618530273	34923220	0.0	0.0
2026-01-08 00:00:00+08:00	23.700000762939453	23.899999618530273	23.350000381469727	23.450000762939453	25860876	0.0	0.0
2026-01-09 00:00:00+08:00	23.5	23.649999618530273	23.350000381469727	23.649999618530273	31683620	0.0	0.0
2026-01-12 00:00:00+08:00	23.850000381469727	25.100000381469727	23.799999237060547	24.950000762939453	97689135	0.0	0.0
2026-01-13 00:00:00+08:00	25.399999618530273	25.399999618530273	24.700000762939453	24.950000762939453	64364850	0.0	0.0
2026-01-14 00:00:00+08:00	25.25	25.799999237060547	24.799999237060547	24.950000762939453	64087257	0.0	0.0
2026-01-15 00:00:00+08:00	25.0	25.600000381469727	24.850000381469727	25.0	38115112	0.0	0.0
2026-01-16 00:00:00+08:00	25.25	25.299999237060547	24.899999618530273	25.0	35913609	0.0	0.0
2026-01-19 00:00:00+08:00	25.0	26.450000762939453	24.899999618530273	26.200000762939453	80069393	0.0	0.0
2026-01-20 00:00:00+08:00	26.25	26.25	25.450000762939453	25.850000381469727	55178149	0.0	0.0
2026-01-21 00:00:00+08:00	25.75	26.450000762939453	25.5	26.149999618530273	57621164	0.0	0.0
2026-01-22 00:00:00+08:00	26.25	26.700000762939453	25.200000762939453	25.700000762939453	89808965	0.0	0.0
2026-01-23 00:00:00+08:00	25.899999618530273	25.950000762939453	25.600000381469727	25.700000762939453	37401496	0.0	0.0
2026-01-26 00:00:00+08:00	25.700000762939453	26.399999618530273	25.649999618530273	26.25	43646794	0.0	0.0
2026-01-27 00:00:00+08:00	26.5	26.950000762939453	25.950000762939453	26.049999237060547	40124923	0.0	0.0
2026-01-28 00:00:00+08:00	26.100000381469727	26.450000762939453	25.850000381469727	26.350000381469727	33048415	0.0	0.0
2026-01-29 00:00:00+08:00	26.350000381469727	26.850000381469727	26.299999237060547	26.5	41317777	0.0	0.0
2026-01-30 00:00:00+08:00	26.5	26.75	26.100000381469727	26.399999618530273	41149007	0.0	0.0
2026-02-02 00:00:00+08:00	26.25	26.25	25.700000762939453	25.899999618530273	48012418	0.0	0.0
2026-02-03 00:00:00+08:00	26.100000381469727	26.149999618530273	25.549999237060547	25.600000381469727	33233894	0.0	0.0
2026-02-04 00:00:00+08:00	25.5	26.0	25.399999618530273	25.799999237060547	18926200	0.0	0.0
2026-02-05 00:00:00+08:00	25.799999237060547	26.100000381469727	25.649999618530273	25.700000762939453	27516963	0.0	0.0
2026-02-06 00:00:00+08:00	25.700000762939453	25.75	25.25	25.350000381469727	27065603	0.0	0.0
2026-02-09 00:00:00+08:00	25.549999237060547	25.700000762939453	25.350000381469727	25.399999618530273	20181719	0.0	0.0
2026-02-10 00:00:00+08:00	25.450000762939453	25.649999618530273	25.200000762939453	25.5	14105806	0.0	0.0
2026-02-11 00:00:00+08:00	25.600000381469727	26.100000381469727	25.549999237060547	25.799999237060547	22932021	0.0	0.0
2026-02-23 00:00:00+08:00	25.950000762939453	26.299999237060547	25.700000762939453	26.100000381469727	30079133	0.0	0.0
2026-02-24 00:00:00+08:00	26.100000381469727	26.5	26.100000381469727	26.450000762939453	27219778	0.0	0.0
2026-02-25 00:00:00+08:00	26.450000762939453	26.649999618530273	26.25	26.549999237060547	24233611	0.0	0.0
2026-02-26 00:00:00+08:00	26.399999618530273	26.5	26.049999237060547	26.399999618530273	34867199	0.0	0.0
2026-03-02 00:00:00+08:00	26.100000381469727	26.5	26.049999237060547	26.350000381469727	24587748	0.0	0.0
2026-03-03 00:00:00+08:00	26.350000381469727	26.399999618530273	25.549999237060547	25.899999618530273	34699341	0.0	0.0
2026-03-04 00:00:00+08:00	25.399999618530273	25.450000762939453	24.799999237060547	25.0	50062143	0.0	0.0
2026-03-05 00:00:00+08:00	25.200000762939453	25.299999237060547	24.399999618530273	24.799999237060547	50381002	0.0	0.0
2026-03-06 00:00:00+08:00	24.649999618530273	25.25	24.549999237060547	25.149999618530273	19734814	0.0	0.0
2026-03-09 00:00:00+08:00	24.350000381469727	24.600000381469727	23.850000381469727	24.299999237060547	43129869	0.0	0.0
2026-03-10 00:00:00+08:00	24.649999618530273	24.799999237060547	24.100000381469727	24.25	22072412	0.0	0.0
2026-03-11 00:00:00+08:00	24.450000762939453	25.100000381469727	24.350000381469727	25.0	21568405	0.0	0.0
2026-03-12 00:00:00+08:00	24.899999618530273	25.200000762939453	24.600000381469727	25.100000381469727	24868633	0.0	0.0
2026-03-13 00:00:00+08:00	24.899999618530273	25.0	24.549999237060547	24.600000381469727	22311415	0.0	0.0
2026-03-16 00:00:00+08:00	24.600000381469727	24.799999237060547	24.350000381469727	24.600000381469727	26286146	0.0	0.0
2026-03-17 00:00:00+08:00	24.700000762939453	24.700000762939453	24.399999618530273	24.450000762939453	18236248	0.0	0.0
2026-03-18 00:00:00+08:00	24.75	24.75	24.299999237060547	24.549999237060547	24967933	0.0	0.0
2026-03-19 00:00:00+08:00	24.5	24.549999237060547	23.850000381469727	23.899999618530273	36583185	0.0	0.0
2026-03-20 00:00:00+08:00	23.899999618530273	24.200000762939453	23.299999237060547	23.549999237060547	53872989	0.0	0.0
2026-03-23 00:00:00+08:00	23.149999618530273	23.149999618530273	22.600000381469727	22.799999237060547	34916316	0.0	0.0
2026-03-24 00:00:00+08:00	23.0	23.049999237060547	22.549999237060547	22.549999237060547	28252426	0.0	0.0
2026-03-25 00:00:00+08:00	23.299999237060547	23.299999237060547	22.5	23.0	27346849	0.0	0.0
2026-03-26 00:00:00+08:00	23.0	23.450000762939453	22.850000381469727	22.850000381469727	24474892	0.0	0.0
2026-03-27 00:00:00+08:00	22.799999237060547	22.950000762939453	22.700000762939453	22.799999237060547	13354657	0.0	0.0
2026-03-30 00:00:00+08:00	22.450000762939453	22.75	22.399999618530273	22.549999237060547	18137367	0.0	0.0
2026-03-31 00:00:00+08:00	22.549999237060547	23.049999237060547	22.5	23.0	40466740	0.0	0.0
2026-04-01 00:00:00+08:00	23.450000762939453	23.75	23.299999237060547	23.700000762939453	31238487	0.0	0.0
2026-04-02 00:00:00+08:00	23.75	23.899999618530273	23.5	23.700000762939453	26262878	0.0	0.0
2026-04-07 00:00:00+08:00	23.799999237060547	24.0	23.450000762939453	24.0	31986203	0.0	0.0
2026-04-08 00:00:00+08:00	24.100000381469727	25.700000762939453	23.700000762939453	25.399999618530273	65412281	0.0	0.0
2026-04-09 00:00:00+08:00	25.5	25.75	24.799999237060547	25.100000381469727	48568996	0.0	0.0
2026-04-10 00:00:00+08:00	25.350000381469727	26.399999618530273	25.25	25.399999618530273	52588251	0.0	0.0
2026-04-13 00:00:00+08:00	25.5	25.549999237060547	24.899999618530273	25.25	25129970	0.0	0.0
2026-04-14 00:00:00+08:00	25.350000381469727	25.450000762939453	25.149999618530273	25.299999237060547	24275678	0.0	0.0
2026-04-15 00:00:00+08:00	25.399999618530273	25.450000762939453	24.549999237060547	24.600000381469727	33314053	0.0	0.0
2026-04-16 00:00:00+08:00	24.75	25.200000762939453	24.600000381469727	25.0	21635027	0.0	0.0
2026-04-17 00:00:00+08:00	25.100000381469727	25.149999618530273	24.850000381469727	25.100000381469727	18112399	0.0	0.0
2026-04-20 00:00:00+08:00	25.049999237060547	25.100000381469727	24.700000762939453	24.799999237060547	15858924	0.0	0.0
2026-04-21 00:00:00+08:00	25.0	25.0	24.700000762939453	24.75	12990987	0.0	0.0
2026-04-22 00:00:00+08:00	24.75	24.899999618530273	24.399999618530273	24.5	20378858	0.0	0.0
2026-04-23 00:00:00+08:00	24.5	24.649999618530273	24.200000762939453	24.549999237060547	33883190	0.0	0.0
2026-04-24 00:00:00+08:00	24.600000381469727	24.600000381469727	24.299999237060547	24.450000762939453	28118446	0.0	0.0
2026-04-27 00:00:00+08:00	24.200000762939453	24.600000381469727	24.149999618530273	24.350000381469727	26989949	0.0	0.0
2026-04-28 00:00:00+08:00	24.600000381469727	24.850000381469727	24.299999237060547	24.399999618530273	23112977	0.0	0.0
2026-04-29 00:00:00+08:00	24.700000762939453	24.700000762939453	24.399999618530273	24.5	22904035	0.0	0.0
