Date	Open	High	Low	Close	Volume	Dividends	Stock Splits
2021-04-29 00:00:00+08:00	36.76195526123047	37.0931446038135	36.72515706928171	36.76195526123047	12240641	0.0	0.0
2021-05-03 00:00:00+08:00	36.61476140221508	36.76195698443195	36.43076762632455	36.504364013671875	11802328	0.0	0.0
2021-05-04 00:00:00+08:00	36.504359661399874	36.725154412161785	35.5107945130588	35.73158645629883	21240015	0.0	0.0
2021-05-05 00:00:00+08:00	35.73158804946526	36.65155686025233	35.47399790545368	36.2835693359375	11106958	0.0	0.0
2021-05-06 00:00:00+08:00	36.46756673951708	37.16674366703507	36.430768544915566	37.09314727783203	15001708	0.0	0.0
2021-05-07 00:00:00+08:00	37.16674208846564	37.31393766814221	36.68835715639731	37.01954650878906	8245712	0.0	0.0
2021-05-10 00:00:00+08:00	37.16673711490483	37.534724611092	37.019541554925596	37.46112823486328	11955032	0.0	0.0
2021-05-11 00:00:00+08:00	37.608323833472426	38.049910546828855	36.65155683248318	36.87234878540039	23695573	0.0	0.0
2021-05-12 00:00:00+08:00	36.87234716930722	37.01954273397453	34.59082574329043	35.73158645629883	36448433	0.0	0.0
2021-05-13 00:00:00+08:00	34.44362856400714	35.98917770928033	34.33323400132304	35.290000915527344	17359702	0.0	0.0
2021-05-14 00:00:00+08:00	35.69478716169085	36.4307621547154	35.69478716169085	36.062774658203125	14688403	0.0	0.0
2021-05-17 00:00:00+08:00	35.21640658253778	35.878785279945625	34.627627077909764	35.65799331665039	15027561	0.0	0.0
2021-05-18 00:00:00+08:00	35.69479084958385	36.76195526123047	35.65799265763509	36.76195526123047	14429029	0.0	0.0
2021-05-19 00:00:00+08:00	36.20997240238016	36.761953680442296	36.06277683339253	36.6883544921875	10434141	0.0	0.0
2021-05-20 00:00:00+08:00	36.65155683248318	37.0931435458396	36.43076487956596	36.87234878540039	9604774	0.0	0.0
2021-05-21 00:00:00+08:00	39.74264965864489	39.74264965864489	36.8723460602896	37.240333557128906	17124867	0.0	0.0
2021-05-24 00:00:00+08:00	36.79875454303529	37.31393766814221	36.76195634999668	37.01954650878906	4933568	0.0	0.0
2021-05-25 00:00:00+08:00	37.09314570238843	37.31393766814221	36.872350929112486	37.01954650878906	6925430	0.0	0.0
2021-05-26 00:00:00+08:00	37.0195443565192	37.0195443565192	36.65155683248318	36.87234878540039	7271521	0.0	0.0
2021-05-27 00:00:00+08:00	36.7987501775316	37.240334056653246	36.65155461531711	36.945945739746094	10893880	0.0	0.0
2021-05-28 00:00:00+08:00	37.38753564216646	37.38753564216646	36.72515971677228	37.09314727783203	12348620	0.0	0.0
2021-05-31 00:00:00+08:00	37.2403318978478	38.565089073460825	37.09313915168784	38.19710159301758	21470464	0.0	0.0
2021-06-01 00:00:00+08:00	38.19710548677123	38.19710548677123	37.75551878071167	37.97631072998047	7260630	0.0	0.0
2021-06-02 00:00:00+08:00	37.97630685873429	38.41789351977919	37.6819185588927	38.19710159301758	15177504	0.0	0.0
2021-06-03 00:00:00+08:00	38.56509518438674	38.63869156912861	37.82912010687953	38.12350845336914	13102960	0.0	0.0
2021-06-04 00:00:00+08:00	38.19710817988688	38.34430095142938	37.60832586362827	37.82912063598633	10387446	0.0	0.0
2021-06-07 00:00:00+08:00	37.97631350307838	38.049912696556966	37.240338413425526	37.60832595825195	12151255	0.0	0.0
2021-06-08 00:00:00+08:00	37.75551654729995	37.82911573105046	37.31393267488405	37.46112823486328	7337714	0.0	0.0
2021-06-09 00:00:00+08:00	37.46112830124993	37.53472467760907	37.166737180769765	37.240333557128906	8770967	0.0	0.0
2021-06-10 00:00:00+08:00	37.31393274100984	37.46112830124993	37.01954162052969	37.240333557128906	7501854	0.0	0.0
2021-06-11 00:00:00+08:00	37.313934326171875	37.461129892665085	37.09314238019302	37.313934326171875	7716322	0.0	0.0
2021-06-15 00:00:00+08:00	37.461129892665085	37.534726272150735	37.166738759678665	37.313934326171875	5889305	0.0	0.0
2021-06-16 00:00:00+08:00	37.31393760690411	37.68192515173054	37.166742027469105	37.60832595825195	7190476	0.0	0.0
2021-06-17 00:00:00+08:00	37.38753399286053	37.68192515173054	37.31393760690411	37.60832595825195	7201318	0.0	0.0
2021-06-18 00:00:00+08:00	37.38753564216646	37.60832761729786	36.94595169190367	37.09314727783203	20784773	0.0	0.0
2021-06-21 00:00:00+08:00	37.01954378053662	37.01954378053662	36.72515545040136	36.79875183105469	10174512	0.0	0.0
2021-06-22 00:00:00+08:00	36.79875181301375	37.97631074802141	36.79875181301375	37.38753128051758	22294551	0.0	0.0
2021-06-23 00:00:00+08:00	37.60832432913478	37.75551990219357	36.94594846165331	37.16674041748047	16418356	0.0	0.0
2021-06-24 00:00:00+08:00	37.09314570238843	37.461133247818786	36.94595012271186	37.01954650878906	11587444	0.0	0.0
2021-06-25 00:00:00+08:00	37.09314080441062	37.68192023784915	36.94594524417054	37.240333557128906	10367963	0.0	0.0
2021-06-28 00:00:00+08:00	37.31393267488405	37.60832098732072	37.093140738676105	37.46112823486328	10331718	0.0	0.0
2021-06-29 00:00:00+08:00	37.461129892665085	37.534726272150735	37.240335139164316	37.313934326171875	6726775	0.0	0.0
2021-06-30 00:00:00+08:00	37.461129892665085	37.60832265163638	37.313934326171875	37.313934326171875	9236500	0.0	0.0
2021-07-01 00:00:00+08:00	37.31393274100984	37.53472467760907	37.09314080441062	37.240333557128906	7044079	0.0	0.0
2021-07-02 00:00:00+08:00	37.46113156359804	37.53472794636641	37.0931440347121	37.16674041748047	6597249	0.0	0.0
2021-07-05 00:00:00+08:00	37.4611326190643	37.6083253887482	37.31393704185829	37.53472900390625	7400933	0.0	0.0
2021-07-06 00:00:00+08:00	37.4611326190643	37.6083253887482	37.38753342670024	37.53472900390625	14200144	0.0	0.0
2021-07-07 00:00:00+08:00	37.53472839097621	38.04991149902344	37.46113200733607	38.04991149902344	17574849	0.0	0.0
2021-07-08 00:00:00+08:00	38.197104328275735	39.006675720214844	38.197104328275735	39.006675720214844	25354165	0.0	0.0
2021-07-09 00:00:00+08:00	38.712290041277896	39.15387679610632	38.56509726385736	38.8594856262207	18572554	0.0	0.0
2021-07-12 00:00:00+08:00	38.93307659632247	39.006672969482636	38.63868548863846	38.78588104248047	11930404	0.0	0.0
2021-07-13 00:00:00+08:00	38.85947965044196	39.00667521274915	38.491492148434894	38.712284088134766	12404570	0.0	0.0
2021-07-14 00:00:00+08:00	38.56509456492661	38.785886523127836	38.34429979920332	38.63869094848633	10447185	0.0	0.0
2021-07-15 00:00:00+08:00	38.638685446540805	38.712281819620785	38.123502412415924	38.19710159301758	8251620	0.0	0.0
2021-07-16 00:00:00+08:00	38.19710978788834	38.41790176201903	38.04991420262712	38.27070617675781	4775301	0.0	0.0
2021-07-19 00:00:00+08:00	38.123507841002095	38.63869094848633	38.123507841002095	38.63869094848633	7105697	0.0	0.0
2021-07-20 00:00:00+08:00	38.27070617675781	38.56509734728024	38.19710978788834	38.27070617675781	4632037	0.0	0.0
2021-07-21 00:00:00+08:00	38.197107032083885	38.785886523127836	38.123507841002095	38.63869094848633	8715383	0.0	0.0
2021-07-22 00:00:00+08:00	38.63868821332371	38.785883777545514	38.27070070653016	38.41789627075195	6159105	0.0	0.0
2021-07-23 00:00:00+08:00	38.56509726385736	38.93308482245324	38.41790167891455	38.8594856262207	8967914	0.0	0.0
2021-07-26 00:00:00+08:00	39.153875683398745	39.448264037395916	39.006680102639066	39.08027648925781	9141902	0.0	0.0
2021-07-27 00:00:00+08:00	39.227467662787156	39.227467662787156	38.78588377764253	39.006675720214844	6837746	0.0	0.0
2021-07-28 00:00:00+08:00	39.08027437282496	39.227469945613116	38.19710655114013	38.34429931640625	20806214	0.0	0.0
2021-07-29 00:00:00+08:00	38.49149480414815	38.565093994140625	38.12350727675185	38.565093994140625	13043849	0.0	0.0
2021-07-30 00:00:00+08:00	38.344300415116884	38.49149599212275	38.12350845336914	38.12350845336914	16710331	0.0	0.0
2021-08-02 00:00:00+08:00	37.902716491621405	38.417899607380875	37.902716491621405	38.12350845336914	21478752	0.0	0.0
2021-08-03 00:00:00+08:00	38.27070293377319	38.41789850656134	38.04991097835198	38.34429931640625	26313414	0.0	0.0
2021-08-04 00:00:00+08:00	38.49148989285917	38.565089073460825	38.123502412415924	38.19710159301758	27975377	0.0	0.0
2021-08-05 00:00:00+08:00	35.959742455625296	37.18206071026902	35.959742455625296	36.551185607910156	83851989	3.462837	0.0
2021-08-06 00:00:00+08:00	36.669479878237844	36.70890882484685	36.27518439567614	36.314613342285156	20201281	0.0	0.0
2021-08-09 00:00:00+08:00	36.314605816429484	36.314605816429484	35.526015014734014	36.15688705444336	19743536	0.0	0.0
2021-08-10 00:00:00+08:00	36.275177442049056	36.275177442049056	35.80202415696859	35.920310974121094	10302223	0.0	0.0
2021-08-11 00:00:00+08:00	35.88088561378899	36.1963231741275	35.60488000466944	35.95974349975586	11806313	0.0	0.0
2021-08-12 00:00:00+08:00	36.117458571503356	36.15688751043836	35.92031086859315	36.07802963256836	7899101	0.0	0.0
2021-08-13 00:00:00+08:00	36.117462279925114	36.235752117110934	35.88088561378899	35.95974349975586	8630495	0.0	0.0
2021-08-16 00:00:00+08:00	35.95974494655561	35.95974494655561	35.09229613307717	35.1711540222168	15000277	0.0	0.0
2021-08-17 00:00:00+08:00	35.1711540222168	35.1711540222168	35.1711540222168	35.1711540222168	0	0.0	0.0
2021-08-18 00:00:00+08:00	34.46142093199468	34.85571635911536	34.18541232806898	34.77685546875	14298739	0.0	0.0
2021-08-19 00:00:00+08:00	34.77685263844502	34.816284584536234	34.14598060804236	34.18540954589844	12974686	0.0	0.0
2021-08-20 00:00:00+08:00	34.18541417997818	34.421993855655	33.90940856933594	33.90940856933594	9957559	0.0	0.0
2021-08-23 00:00:00+08:00	34.30370284627172	34.69799828128634	34.185413012473155	34.38256072998047	5717237	0.0	0.0
2021-08-24 00:00:00+08:00	34.540279388427734	34.61914028010432	34.34313167158941	34.540279388427734	5323718	0.0	0.0
2021-08-25 00:00:00+08:00	34.658565521240234	34.93457109204989	34.57970463798383	34.658565521240234	7138634	0.0	0.0
2021-08-26 00:00:00+08:00	34.69799886144618	34.776856746473456	34.382561304866115	34.421993255615234	9105392	0.0	0.0
2021-08-27 00:00:00+08:00	34.46141750274064	35.01343164742576	34.46141750274064	34.855712890625	5943161	0.0	0.0
2021-08-30 00:00:00+08:00	34.93457390216281	35.328869325456374	34.93457390216281	35.2500114440918	6144982	0.0	0.0
2021-08-31 00:00:00+08:00	35.25001133207576	35.44715904309605	35.01343468049847	35.40773010253906	7345836	0.0	0.0
2021-09-01 00:00:00+08:00	35.40772909447103	36.038601150127796	35.3288682073669	35.99917221069336	11304885	0.0	0.0
2021-09-02 00:00:00+08:00	35.88088669047401	35.920315634640595	35.328872447434975	35.36830139160156	10905266	0.0	0.0
2021-09-03 00:00:00+08:00	35.40773298591501	35.644309656757564	35.40773298591501	35.56544876098633	5255127	0.0	0.0
2021-09-06 00:00:00+08:00	35.486587983653045	35.64430675411635	35.052863621055465	35.40773010253906	6767118	0.0	0.0
2021-09-07 00:00:00+08:00	35.407729762795206	35.60487747192383	35.2894399340239	35.60487747192383	5598837	0.0	0.0
2021-09-08 00:00:00+08:00	35.56544959077653	35.604881543699946	35.13172518273987	35.28944396972656	6721559	0.0	0.0
2021-09-09 00:00:00+08:00	35.09229649600046	35.17115438595563	34.85571981789928	34.97400665283203	5504846	0.0	0.0
2021-09-10 00:00:00+08:00	35.09229611079951	35.44716262817383	34.97400626892953	35.44716262817383	4274097	0.0	0.0
2021-09-13 00:00:00+08:00	35.52601932702886	36.19632339477539	35.48659038380507	36.19632339477539	10356383	0.0	0.0
2021-09-14 00:00:00+08:00	36.39346995345825	36.7483334393417	36.31460906130103	36.66947555541992	11577661	0.0	0.0
2021-09-15 00:00:00+08:00	36.74833332533844	36.78776527541245	36.15689017305358	36.551185607910156	8687792	0.0	0.0
2021-09-16 00:00:00+08:00	36.55118572130181	36.66947555541992	36.39346995345825	36.66947555541992	6812808	0.0	0.0
2021-09-17 00:00:00+08:00	35.880882941352	35.92031188139873	35.32886875599183	35.48658752441406	38885938	0.0	0.0
2021-09-22 00:00:00+08:00	35.09229472117825	35.95974349975586	34.97400488399243	35.95974349975586	16140995	0.0	0.0
2021-09-23 00:00:00+08:00	36.1963230417286	36.51175759267779	36.15689109065388	36.393470764160156	11211719	0.0	0.0
2021-09-24 00:00:00+08:00	36.590617902272854	36.78776562155615	36.511757009618265	36.63004684448242	7977620	0.0	0.0
2021-09-27 00:00:00+08:00	36.63004684448242	36.70890472890155	36.2751803481254	36.63004684448242	6747821	0.0	0.0
2021-09-28 00:00:00+08:00	36.47232772423302	36.59061755798416	36.27518000680473	36.551185607910156	4341979	0.0	0.0
2021-09-29 00:00:00+08:00	35.32887126825006	36.19632305213974	35.32887126825006	36.117462158203125	9175878	0.0	0.0
2021-09-30 00:00:00+08:00	35.95974349975586	36.1963231741275	35.84145667080556	35.95974349975586	6943739	0.0	0.0
2021-10-01 00:00:00+08:00	35.95974385547399	36.03860475045648	35.48659051852126	35.762596130371094	9022729	0.0	0.0
2021-10-04 00:00:00+08:00	35.88088631069261	36.03860509392519	35.683738583710785	35.84145736694336	6957341	0.0	0.0
2021-10-05 00:00:00+08:00	35.723167419433594	35.84145725855922	35.3683009102923	35.723167419433594	6147548	0.0	0.0
2021-10-06 00:00:00+08:00	35.802024505285914	36.11745902899668	35.64430573931291	35.99917221069336	8990440	0.0	0.0
2021-10-07 00:00:00+08:00	35.959743378565406	36.19632305213974	35.762595656077146	36.117462158203125	7883250	0.0	0.0
2021-10-08 00:00:00+08:00	36.19631900111627	36.19631900111627	35.9991713006924	36.15688705444336	3651150	0.0	0.0
2021-10-12 00:00:00+08:00	35.683738583710785	35.95974419819111	35.56544874422745	35.84145736694336	5849552	0.0	0.0
2021-10-13 00:00:00+08:00	36.11745936797989	36.11745936797989	35.644306073855304	35.802024841308594	4652941	0.0	0.0
2021-10-14 00:00:00+08:00	35.999175807083006	36.078033693829944	35.64430930025068	35.762596130371094	3567081	0.0	0.0
2021-10-15 00:00:00+08:00	35.88088607788086	35.99917591659667	35.72316729567163	35.88088607788086	4266681	0.0	0.0
2021-10-18 00:00:00+08:00	35.95974419819111	36.078034037674435	35.80202842319411	35.84145736694336	4175264	0.0	0.0
2021-10-19 00:00:00+08:00	35.841454121231116	35.841454121231116	35.48658764315253	35.60487747192383	5685125	0.0	0.0
2021-10-20 00:00:00+08:00	35.48659170140101	35.604881543699946	35.171154127427634	35.28944396972656	7556223	0.0	0.0
2021-10-21 00:00:00+08:00	35.25001491959206	35.447162650676766	35.13172507764698	35.1711540222168	8956545	0.0	0.0
2021-10-22 00:00:00+08:00	35.48659123233693	35.64431001723889	35.328872447434975	35.36830139160156	6068868	0.0	0.0
2021-10-25 00:00:00+08:00	35.40773370610695	35.48659159524658	35.1711540222168	35.1711540222168	3749426	0.0	0.0
2021-10-26 00:00:00+08:00	35.17115066726195	35.368298379540846	35.09229278564453	35.09229278564453	6234083	0.0	0.0
2021-10-27 00:00:00+08:00	35.05286395824145	35.171150781050265	34.895145186261	34.934574127197266	5906037	0.0	0.0
2021-10-28 00:00:00+08:00	34.97400665283203	35.09229649600046	34.934577707854444	34.97400665283203	2792935	0.0	0.0
2021-10-29 00:00:00+08:00	35.01343501730518	35.05286395824145	34.85571624532472	34.934574127197266	4560187	0.0	0.0
2021-11-01 00:00:00+08:00	34.89514182776642	34.934570764907846	34.69799413382424	34.855712890625	4979272	0.0	0.0
2021-11-02 00:00:00+08:00	34.93457401417434	35.250011557114725	34.93457401417434	35.09229278564453	4067353	0.0	0.0
2021-11-03 00:00:00+08:00	35.09229278564453	35.131721726453236	34.93457401417434	35.09229278564453	3089220	0.0	0.0
2021-11-04 00:00:00+08:00	35.17115066726195	35.17115066726195	35.01343490402711	35.09229278564453	2623356	0.0	0.0
2021-11-05 00:00:00+08:00	35.092288427562174	35.32886505126953	34.89514073976688	35.32886505126953	3726927	0.0	0.0
2021-11-08 00:00:00+08:00	35.32886921318974	35.40773010253906	35.13172150216945	35.40773010253906	4707598	0.0	0.0
2021-11-09 00:00:00+08:00	35.407725931328635	35.48658380315276	35.21057824353335	35.32886505126953	3282176	0.0	0.0
2021-11-10 00:00:00+08:00	35.28943611535747	35.32886505126953	35.1711462993863	35.32886505126953	3800884	0.0	0.0
2021-11-11 00:00:00+08:00	35.56544863667796	35.76259636306361	35.48659074941792	35.723167419433594	5917750	0.0	0.0
2021-11-12 00:00:00+08:00	35.64430539253003	35.95973991317193	35.56544450619314	35.920310974121094	5974444	0.0	0.0
2021-11-15 00:00:00+08:00	36.03860136731791	36.07803030698997	35.644305954126764	35.68373489379883	6118532	0.0	0.0
2021-11-16 00:00:00+08:00	35.723167544293226	35.723167544293226	35.486590873450666	35.56544876098633	5495690	0.0	0.0
2021-11-17 00:00:00+08:00	35.56544586476703	35.56544586476703	35.32886921318974	35.40773010253906	6070915	0.0	0.0
2021-11-18 00:00:00+08:00	35.4077302150563	35.4077302150563	35.13172161380959	35.2500114440918	7179838	0.0	0.0
2021-11-19 00:00:00+08:00	35.28943958836155	35.52601623535156	35.28943958836155	35.52601623535156	4554292	0.0	0.0
2021-11-22 00:00:00+08:00	35.565445977785444	35.565445977785444	35.21058250340951	35.2500114440918	5070952	0.0	0.0
2021-11-23 00:00:00+08:00	34.85571635911536	34.93457424124535	34.54027881412467	34.77685546875	19374030	0.0	0.0
2021-11-24 00:00:00+08:00	34.6191368870207	34.6191368870207	33.94883291052683	34.18540954589844	17018024	0.0	0.0
2021-11-25 00:00:00+08:00	33.90940917858531	33.948838122494685	33.35739493914726	33.39682388305664	26343780	0.0	0.0
2021-11-26 00:00:00+08:00	33.35739540564242	33.633404033339154	33.1208187306421	33.31796646118164	10359392	0.0	0.0
2021-11-29 00:00:00+08:00	33.12081483010489	33.63340007243634	33.12081483010489	33.47568130493164	8799547	0.0	0.0
2021-11-30 00:00:00+08:00	33.593968577764045	34.02769594631432	33.12081527709961	33.12081527709961	20081884	0.0	0.0
2021-12-01 00:00:00+08:00	33.19967615527417	33.67283250689346	33.16024721136479	33.39682388305664	10789731	0.0	0.0
2021-12-02 00:00:00+08:00	33.31796656669881	33.51511429786271	33.199676724706215	33.436256408691406	8125815	0.0	0.0
2021-12-03 00:00:00+08:00	33.515113473635665	33.86997998265069	33.317965747320166	33.71226119995117	5020429	0.0	0.0
2021-12-06 00:00:00+08:00	33.71225717441538	34.106552579964095	33.43625159382536	34.02769470214844	6328606	0.0	0.0
2021-12-07 00:00:00+08:00	34.067126995929975	34.22484577532839	33.90940821653157	34.1065559387207	4859389	0.0	0.0
2021-12-08 00:00:00+08:00	34.22484542333505	34.343132250490676	34.14598453032915	34.30370330810547	5683464	0.0	0.0
2021-12-09 00:00:00+08:00	34.343132250490676	34.38256119287589	34.14598453032915	34.30370330810547	4891040	0.0	0.0
2021-12-10 00:00:00+08:00	34.2642707824707	34.34312865899442	34.14598095944998	34.2642707824707	3368599	0.0	0.0
2021-12-13 00:00:00+08:00	34.26427507461563	34.421993855655	33.90940856933594	33.90940856933594	6073986	0.0	0.0
2021-12-14 00:00:00+08:00	33.909408337342235	34.18541394609616	33.83055045147983	33.94883728027344	3934340	0.0	0.0
2021-12-15 00:00:00+08:00	34.14598499215797	34.42199360905844	34.10655604923948	34.22484588623047	4867916	0.0	0.0
2021-12-16 00:00:00+08:00	34.14598547093338	34.185414414404725	33.593971237627926	33.86997985839844	12445675	0.0	0.0
2021-12-17 00:00:00+08:00	33.86997985839844	34.22484636611163	33.79111896322019	33.86997985839844	32378149	0.0	0.0
2021-12-20 00:00:00+08:00	34.10655604923948	34.50085149489542	34.10655604923948	34.22484588623047	15528808	0.0	0.0
2021-12-21 00:00:00+08:00	34.421988987543486	34.658565621527046	34.30369916643415	34.50084686279297	11679008	0.0	0.0
2021-12-22 00:00:00+08:00	34.619140625	34.81628834380243	34.57970867465115	34.619140625	11233143	0.0	0.0
2021-12-23 00:00:00+08:00	34.61913959147172	34.97400306813354	34.57970764230008	34.934574127197266	10735625	0.0	0.0
2021-12-24 00:00:00+08:00	35.013439075712185	35.013439075712185	34.77685938620187	34.89514923095703	2633381	0.0	0.0
2021-12-27 00:00:00+08:00	34.89514970115758	34.89514970115758	34.69800196273296	34.81629180908203	2655071	0.0	0.0
2021-12-28 00:00:00+08:00	34.89514182776642	34.89514182776642	34.73742307096566	34.855712890625	2164979	0.0	0.0
2021-12-29 00:00:00+08:00	34.93457817646351	34.93457817646351	34.77685938620187	34.89514923095703	2211522	0.0	0.0
2021-12-30 00:00:00+08:00	34.934574127197266	34.97400306813354	34.816287304388446	34.934574127197266	2640319	0.0	0.0
2022-01-03 00:00:00+08:00	35.01343944542631	35.05286839134913	34.57971201556806	34.698001861572266	3498145	0.0	0.0
2022-01-04 00:00:00+08:00	34.697998163545485	34.697998163545485	34.38256061330999	34.540279388427734	3763307	0.0	0.0
2022-01-05 00:00:00+08:00	34.382560955848724	34.697998509226785	34.30370307162194	34.619140625	2551010	0.0	0.0
2022-01-06 00:00:00+08:00	34.54027881412467	34.77685546875	34.46142093199468	34.77685546875	2937771	0.0	0.0
2022-01-07 00:00:00+08:00	34.77685535521681	34.97400306813354	34.697997473344266	34.934574127197266	3221392	0.0	0.0
2022-01-10 00:00:00+08:00	34.97400306813354	35.01343501730518	34.816287304388446	34.934574127197266	1808644	0.0	0.0
2022-01-11 00:00:00+08:00	34.85571981789928	34.97400665283203	34.81629087292169	34.97400665283203	4137594	0.0	0.0
2022-01-12 00:00:00+08:00	34.97400341420771	35.01343536376953	34.85571659022842	35.01343536376953	2565826	0.0	0.0
2022-01-13 00:00:00+08:00	35.01343536376953	35.2500120199635	34.93457447288128	35.01343536376953	4291867	0.0	0.0
2022-01-14 00:00:00+08:00	35.052867188507356	35.1711540222168	34.85571945742266	35.1711540222168	3726861	0.0	0.0
2022-01-17 00:00:00+08:00	35.05286430509596	35.17115112907525	34.93457447288128	35.01343536376953	2380397	0.0	0.0
2022-01-18 00:00:00+08:00	35.17115043713275	35.250011326469526	35.05286361548059	35.13172149658203	3904247	0.0	0.0
2022-01-19 00:00:00+08:00	35.13172218774882	35.17115112907525	34.895145531554846	35.01343536376953	3810176	0.0	0.0
2022-01-20 00:00:00+08:00	34.97400665283203	35.09229649600046	34.934577707854444	34.97400665283203	2179601	0.0	0.0
2022-01-21 00:00:00+08:00	34.97400295498304	35.17115066726195	34.85571613255692	35.09229278564453	4349777	0.0	0.0
2022-01-24 00:00:00+08:00	34.93457413010667	35.2105827331543	34.816287307288	35.2105827331543	4236025	0.0	0.0
2022-01-25 00:00:00+08:00	34.73743090877073	34.89514970115758	34.61914407065741	34.81629180908203	6490710	0.0	0.0
2022-01-26 00:00:00+08:00	34.81628395348358	35.01343164742576	34.81628395348358	34.855712890625	3298967	0.0	0.0
2022-02-07 00:00:00+08:00	34.697993051971594	35.32886505126953	34.65856411605953	35.32886505126953	8275945	0.0	0.0
2022-02-08 00:00:00+08:00	35.36830185910208	35.526020646088774	35.21058608035104	35.28944396972656	4934958	0.0	0.0
2022-02-09 00:00:00+08:00	35.36830515723216	35.64431381225586	35.28944726050306	35.64431381225586	5476469	0.0	0.0
2022-02-10 00:00:00+08:00	35.68373847580357	35.723167419433594	35.48659074941792	35.723167419433594	4409678	0.0	0.0
2022-02-11 00:00:00+08:00	35.72316729567163	35.88088607788086	35.6443094086848	35.88088607788086	5133788	0.0	0.0
2022-02-14 00:00:00+08:00	35.68373847580357	35.723167419433594	35.407732862157886	35.723167419433594	3498265	0.0	0.0
2022-02-15 00:00:00+08:00	35.6443062928363	35.72316417292976	35.48658752441406	35.48658752441406	3589929	0.0	0.0
2022-02-16 00:00:00+08:00	35.644306073855304	35.802024841308594	35.644306073855304	35.802024841308594	3050118	0.0	0.0
2022-02-17 00:00:00+08:00	35.841457011302516	36.078033679686136	35.802028067944505	36.038604736328125	3888817	0.0	0.0
2022-02-18 00:00:00+08:00	35.92031086859315	36.117458571503356	35.80202405178815	36.07802963256836	2534185	0.0	0.0
2022-02-21 00:00:00+08:00	35.88088560250257	36.23575210571289	35.64430893644087	36.23575210571289	4140367	0.0	0.0
2022-02-22 00:00:00+08:00	36.117458571503356	36.23574839654357	35.84145299072315	36.07802963256836	4640269	0.0	0.0
2022-02-23 00:00:00+08:00	36.03860461364471	36.27518128122296	35.99917567042092	36.19632339477539	3403588	0.0	0.0
2022-02-24 00:00:00+08:00	36.03860079950882	36.11745867761049	35.683734331580865	35.920310974121094	6576853	0.0	0.0
2022-02-25 00:00:00+08:00	35.88088632760012	35.88088632760012	35.5260198172185	35.56544876098633	8347191	0.0	0.0
2022-03-01 00:00:00+08:00	36.19632246966118	36.43289913119296	36.03860369256151	36.35403823852539	6412502	0.0	0.0
2022-03-02 00:00:00+08:00	36.31460963909745	36.432899475097656	36.11746191792077	36.432899475097656	3080473	0.0	0.0
2022-03-03 00:00:00+08:00	36.472328417685894	36.51175736027413	36.31460963909745	36.432899475097656	3039580	0.0	0.0
2022-03-04 00:00:00+08:00	36.275177001953125	36.39346682590574	35.9991714237106	36.275177001953125	2942060	0.0	0.0
2022-03-07 00:00:00+08:00	35.80202819089403	36.03860486009008	35.52601956996899	35.88088607788086	6073916	0.0	0.0
2022-03-08 00:00:00+08:00	35.48659123233693	35.68373896140547	35.17115366253302	35.36830139160156	7962174	0.0	0.0
2022-03-09 00:00:00+08:00	35.92031454547361	36.35403893462598	35.88088560250257	36.23575210571289	7160118	0.0	0.0
2022-03-10 00:00:00+08:00	36.43289912519913	36.66947578669199	36.39347018298957	36.63004684448242	6254408	0.0	0.0
2022-03-11 00:00:00+08:00	36.63004649645701	36.82719421386719	36.511756662716735	36.82719421386719	5284795	0.0	0.0
2022-03-14 00:00:00+08:00	36.90605140738503	37.22148895263672	36.90605140738503	37.22148895263672	5658710	0.0	0.0
2022-03-15 00:00:00+08:00	37.221492299922154	37.300350189208984	36.90605472630353	37.300350189208984	7770841	0.0	0.0
2022-03-16 00:00:00+08:00	37.30034959718997	37.53692626953125	37.0637729248487	37.53692626953125	5756798	0.0	0.0
2022-03-17 00:00:00+08:00	37.81293083194669	37.970649599309276	37.61578312480226	37.852359771728516	9367018	0.0	0.0
2022-03-18 00:00:00+08:00	37.891789170632244	38.01007899964628	37.73407040135863	37.773502349853516	11637113	0.0	0.0
2022-03-21 00:00:00+08:00	37.69464444887608	38.04951095581055	37.458067780331625	38.04951095581055	5549281	0.0	0.0
2022-03-22 00:00:00+08:00	38.16780056127197	38.24665844756035	37.852362999647355	38.08893966674805	4805571	0.0	0.0
2022-03-23 00:00:00+08:00	38.08893595906303	38.08893595906303	37.85235931499138	37.931217193603516	5338185	0.0	0.0
2022-03-24 00:00:00+08:00	37.85236310846881	38.20722961425781	37.77350522195372	38.20722961425781	4181119	0.0	0.0
2022-03-25 00:00:00+08:00	38.08893989919536	38.16780079420055	37.85236323065091	38.04951095581055	3105660	0.0	0.0
2022-03-28 00:00:00+08:00	37.891788254297445	38.04950701975696	37.69464054953187	37.931217193603516	3921953	0.0	0.0
2022-03-29 00:00:00+08:00	37.93122122586393	38.246658790315394	37.89179228236639	38.16780090332031	2497587	0.0	0.0
2022-03-30 00:00:00+08:00	38.20722557141262	38.24665451049805	38.12836468500654	38.24665451049805	4085766	0.0	0.0
2022-03-31 00:00:00+08:00	38.16779617790907	38.404372817840226	38.088935292441896	38.32551193237305	4996117	0.0	0.0
2022-04-01 00:00:00+08:00	38.12836535843659	38.16779730645369	37.77350189216486	37.852359771728516	5595526	0.0	0.0
2022-04-06 00:00:00+08:00	37.85236310846881	38.20722961425781	37.61578644068799	38.20722961425781	5921342	0.0	0.0
2022-04-07 00:00:00+08:00	37.85236000081147	38.08893664916948	37.69464123249436	37.812931060791016	5315862	0.0	0.0
2022-04-08 00:00:00+08:00	37.812934767871994	37.85236371175796	37.694644927978516	37.694644927978516	3344254	0.0	0.0
2022-04-11 00:00:00+08:00	37.734073997854914	37.89179278216096	37.379210493460796	37.53692626953125	4848085	0.0	0.0
2022-04-12 00:00:00+08:00	37.536923489653034	37.694642262278876	37.22148895263672	37.22148895263672	6047887	0.0	0.0
2022-04-13 00:00:00+08:00	37.30034626275209	37.655212743658765	37.142627492545195	37.458065032958984	4575909	0.0	0.0
2022-04-14 00:00:00+08:00	37.37920772526257	37.41863666636018	37.1820600115391	37.22148895263672	3567282	0.0	0.0
2022-04-15 00:00:00+08:00	37.063770755734616	37.22148953081035	36.82719409723871	36.98491287231445	3944625	0.0	0.0
2022-04-18 00:00:00+08:00	36.748337026864796	36.787768980910634	36.51176034376843	36.70890808105469	5073311	0.0	0.0
2022-04-19 00:00:00+08:00	36.70890403506659	37.06377052471627	36.70890403506659	37.02434158325195	4056805	0.0	0.0
2022-04-20 00:00:00+08:00	37.063769494634364	37.33977508544922	36.94547966529353	37.33977508544922	5536509	0.0	0.0
2022-04-21 00:00:00+08:00	37.45806872037062	37.85236418058505	37.30034993463772	37.615787506103516	7267571	0.0	0.0
2022-04-22 00:00:00+08:00	37.536922684147996	37.536922684147996	37.14262726516226	37.497493743896484	3859655	0.0	0.0
2022-04-25 00:00:00+08:00	37.02434181402453	37.103199697444694	36.86662303894879	36.98491287231445	5463074	0.0	0.0
2022-04-26 00:00:00+08:00	36.94548034848265	37.41863666636018	36.94548034848265	37.22148895263672	2938092	0.0	0.0
2022-04-27 00:00:00+08:00	36.866625909068304	37.300350318116095	36.708907121713935	37.14263153076172	6190691	0.0	0.0
2022-04-28 00:00:00+08:00	37.14262682271449	37.852359771728516	37.14262682271449	37.852359771728516	8824676	0.0	0.0
2022-04-29 00:00:00+08:00	37.73406948883794	37.970649141144825	37.615782670919735	37.931217193603516	6124712	0.0	0.0
2022-05-03 00:00:00+08:00	37.85236045435855	37.85236045435855	37.379207151973205	37.458065032958984	2492650	0.0	0.0
2022-05-04 00:00:00+08:00	37.49749802622759	37.53692697098201	37.182063459956574	37.41864013671875	2477744	0.0	0.0
2022-05-05 00:00:00+08:00	37.41864013671875	37.53692697098201	37.30035029421983	37.41864013671875	2488823	0.0	0.0
2022-05-06 00:00:00+08:00	37.06377018001088	37.41863666636018	36.86662246628741	37.22148895263672	4662686	0.0	0.0
2022-05-09 00:00:00+08:00	36.66947567355979	36.98491322673405	36.511756896972656	36.511756896972656	3932571	0.0	0.0
2022-05-10 00:00:00+08:00	36.235751984567806	36.432899706999365	35.99917531929704	36.393470764160156	4002221	0.0	0.0
2022-05-11 00:00:00+08:00	36.07803392857489	36.196323767700505	35.723167419433594	35.723167419433594	5341853	0.0	0.0
2022-05-12 00:00:00+08:00	35.36829884394279	35.5260176174839	34.895145531554846	35.01343536376953	6065393	0.0	0.0
2022-05-13 00:00:00+08:00	35.0134340015791	35.56544517514401	35.0134340015791	35.52601623535156	4454633	0.0	0.0
2022-05-16 00:00:00+08:00	35.60488141458859	35.68373930367816	35.2105859526695	35.44716262817383	4776361	0.0	0.0
2022-05-17 00:00:00+08:00	35.683739433075466	35.76259732245098	35.28944396972656	35.28944396972656	3929123	0.0	0.0
2022-05-18 00:00:00+08:00	35.250011674093855	35.289440615033406	35.09229290210026	35.2105827331543	4993198	0.0	0.0
2022-05-19 00:00:00+08:00	34.85571763973622	34.89514658224985	34.06712675652153	34.421993255615234	7216972	0.0	0.0
2022-05-20 00:00:00+08:00	34.42199623187678	34.73743080749508	34.38256427771822	34.698001861572266	3948667	0.0	0.0
2022-05-23 00:00:00+08:00	34.93457447288128	35.092293246422386	34.4219922191669	35.01343536376953	5140704	0.0	0.0
2022-05-24 00:00:00+08:00	34.7768597534179	35.09229733727195	34.61914396972662	34.698001861572266	3114084	0.0	0.0
2022-05-25 00:00:00+08:00	34.737429719390974	35.28944396972656	34.69800077470321	35.28944396972656	4710221	0.0	0.0
2022-05-26 00:00:00+08:00	35.32886943873214	35.486588210202335	35.09229278564453	35.09229278564453	2715346	0.0	0.0
2022-05-27 00:00:00+08:00	35.328876208867605	35.64431381225586	35.25001831213851	35.64431381225586	4046607	0.0	0.0
2022-05-30 00:00:00+08:00	35.72316729567163	35.95974396486769	35.72316729567163	35.88088607788086	4114832	0.0	0.0
2022-05-31 00:00:00+08:00	35.84145516456613	35.95974198854542	35.01343536376953	35.01343536376953	7853474	0.0	0.0
2022-06-01 00:00:00+08:00	35.368293987181595	35.60487361912393	35.28943611535747	35.32886505126953	2678016	0.0	0.0
2022-06-02 00:00:00+08:00	35.32886990261636	35.36829884394279	34.895145531554846	35.01343536376953	3562502	0.0	0.0
2022-06-06 00:00:00+08:00	35.01343860604529	35.17115438595563	34.65857208477568	34.97400665283203	4400914	0.0	0.0
2022-06-07 00:00:00+08:00	34.97399970204926	35.289437215650786	34.81628395348358	34.855712890625	4521014	0.0	0.0
2022-06-08 00:00:00+08:00	35.092288427562174	35.368293987181595	34.97399861159101	35.32886505126953	4652560	0.0	0.0
2022-06-09 00:00:00+08:00	35.09229290210026	35.328869555972965	34.93457413010667	35.2105827331543	3737229	0.0	0.0
2022-06-10 00:00:00+08:00	34.93457864719535	35.13172638561997	34.81629180908203	34.81629180908203	5339664	0.0	0.0
2022-06-13 00:00:00+08:00	34.540279851050094	34.61914074378292	34.30370318932255	34.461421966552734	6031166	0.0	0.0
2022-06-14 00:00:00+08:00	34.46142219812887	34.54028008315615	34.30370341983884	34.421993255615234	4219604	0.0	0.0
2022-06-15 00:00:00+08:00	34.3431323705087	34.54028009135919	34.067126764612205	34.1459846496582	6824107	0.0	0.0
2022-06-16 00:00:00+08:00	34.46142232786229	34.46142232786229	33.98826599121094	33.98826599121094	6358718	0.0	0.0
2022-06-17 00:00:00+08:00	33.90940432164368	34.2642707824707	33.19967139998963	34.2642707824707	22447562	0.0	0.0
2022-06-20 00:00:00+08:00	33.8305518710192	33.909409760190506	33.436256408691406	33.436256408691406	17618983	0.0	0.0
2022-06-21 00:00:00+08:00	33.47568394862799	34.14598500316496	33.47568394862799	33.94883728027344	16670446	0.0	0.0
2022-06-22 00:00:00+08:00	33.948836353111474	34.38256072998047	33.948836353111474	34.38256072998047	14373280	0.0	0.0
2022-06-23 00:00:00+08:00	34.540280922117915	34.73742864771018	33.63340318933483	33.86997985839844	12033408	0.0	0.0
2022-06-24 00:00:00+08:00	34.46142162192465	34.69799828128634	34.06712618691004	34.38256072998047	4511185	0.0	0.0
2022-06-27 00:00:00+08:00	34.658572915649444	34.85572065349929	34.50085412372242	34.698001861572266	3930807	0.0	0.0
2022-06-28 00:00:00+08:00	34.69799886144618	34.69799886144618	34.224845534811564	34.421993255615234	2908460	0.0	0.0
2022-06-29 00:00:00+08:00	34.30370318932255	34.6585696860316	34.30370318932255	34.461421966552734	3492431	0.0	0.0
2022-06-30 00:00:00+08:00	34.658569221824905	34.81628799694265	34.30370272986883	34.540279388427734	6607783	0.0	0.0
2022-07-01 00:00:00+08:00	34.5797043141649	35.01343164742576	34.5797043141649	34.855712890625	10121519	0.0	0.0
2022-07-04 00:00:00+08:00	34.77685639345358	34.93457517014261	34.343132013735335	34.619140625	7718661	0.0	0.0
2022-07-05 00:00:00+08:00	34.85571624532472	35.01343501730518	34.61913959147172	34.934574127197266	7590811	0.0	0.0
2022-07-06 00:00:00+08:00	34.97400318231034	35.13172195480569	34.57970775518966	34.77685546875	5354845	0.0	0.0
2022-07-07 00:00:00+08:00	34.7768558148878	34.93457458895295	34.50085021645037	34.579708099365234	4985590	0.0	0.0
2022-07-08 00:00:00+08:00	34.5402791579078	34.697997931972935	34.38256038384266	34.579708099365234	4678536	0.0	0.0
2022-07-11 00:00:00+08:00	34.6585688751601	34.816287648700296	34.461421160293696	34.7374267578125	2516240	0.0	0.0
2022-07-12 00:00:00+08:00	34.540279851050094	34.69799862828028	34.38256107381991	34.461421966552734	4967040	0.0	0.0
2022-07-13 00:00:00+08:00	34.69799413382424	34.89514182776642	34.54027537702348	34.855712890625	6352178	0.0	0.0
2022-07-14 00:00:00+08:00	34.81629180908203	35.05286849354442	34.38256437795926	34.81629180908203	5719560	0.0	0.0
2022-07-15 00:00:00+08:00	34.69799946629724	34.85571824733661	33.830550682934025	33.90940856933594	9550464	0.0	0.0
2022-07-18 00:00:00+08:00	34.14598030889646	34.658565521240234	33.67282704229845	34.658565521240234	9393169	0.0	0.0
2022-07-19 00:00:00+08:00	34.57970775518966	35.13172195480569	34.46142093199468	34.77685546875	12804648	0.0	0.0
2022-07-20 00:00:00+08:00	34.895145531352696	35.0134353635667	34.6191399338339	34.7374267578125	9899719	0.0	0.0
2022-07-21 00:00:00+08:00	34.776855242704144	35.09229278564453	34.57970753042524	35.09229278564453	11340096	0.0	0.0
2022-07-22 00:00:00+08:00	35.092295774199854	35.36830139160156	34.895148045131315	35.36830139160156	10967314	0.0	0.0
2022-07-25 00:00:00+08:00	35.13172150216945	35.44715904309605	35.09229256161245	35.40773010253906	12354754	0.0	0.0
2022-07-26 00:00:00+08:00	35.289440615033406	35.289440615033406	34.974003071046226	35.2105827331543	10751543	0.0	0.0
2022-07-27 00:00:00+08:00	35.21058284721152	35.21058284721152	35.01343513363975	35.05286407470703	14542909	0.0	0.0
2022-07-28 00:00:00+08:00	34.92448878659577	35.18065796996557	34.326758520487616	34.58292770385742	16782057	3.399659	0.0
2022-07-29 00:00:00+08:00	35.00987909940751	35.394134521484375	34.839098549888014	35.394134521484375	12431428	0.0	0.0
2022-08-01 00:00:00+08:00	35.39413442640775	35.43682874933093	35.00987900536309	35.30874252319336	6123241	0.0	0.0
2022-08-02 00:00:00+08:00	35.13796555573375	35.394134753004636	34.8817931010948	35.3514404296875	6738740	0.0	0.0
2022-08-03 00:00:00+08:00	35.35144019844651	35.394134521484375	35.00987909940751	35.394134521484375	5103226	0.0	0.0
2022-08-04 00:00:00+08:00	35.35144202597394	35.4795250017089	34.75371170043945	34.75371170043945	7274423	0.0	0.0
2022-08-05 00:00:00+08:00	35.13796652949044	35.18066085399074	34.75371109425145	34.967185974121094	4824243	0.0	0.0
2022-08-08 00:00:00+08:00	34.96718620710899	35.009880531893764	34.71101700103218	34.92449188232422	2029602	0.0	0.0
2022-08-09 00:00:00+08:00	34.92448703551693	35.26604484376201	34.92448703551693	35.223350524902344	2386315	0.0	0.0
2022-08-10 00:00:00+08:00	35.0098762512207	35.09526489034973	34.88179003515936	35.0098762512207	2907138	0.0	0.0
2022-08-11 00:00:00+08:00	35.26604631273165	36.11994575496423	35.18065767145554	36.07725143432617	9155671	0.0	0.0
2022-08-12 00:00:00+08:00	35.99186744554097	36.03456177169791	35.607611995391935	35.82108688354492	4717814	0.0	0.0
2022-08-15 00:00:00+08:00	35.82108225312997	36.205337653608204	35.735690354485996	36.07725143432617	5685910	0.0	0.0
2022-08-16 00:00:00+08:00	36.11994943177493	36.29072998907953	35.99186645682263	36.20534133911133	6574244	0.0	0.0
2022-08-17 00:00:00+08:00	36.33342301353606	36.546897888183594	36.16264246234442	36.546897888183594	5290383	0.0	0.0
2022-08-18 00:00:00+08:00	36.50420365841015	36.63228988647461	36.29072878321477	36.63228988647461	5635020	0.0	0.0
2022-08-19 00:00:00+08:00	36.5468944266176	36.5468944266176	36.1199447177614	36.37611389160156	4543902	0.0	0.0
2022-08-22 00:00:00+08:00	36.11994873632348	36.37611793866402	35.949168182307076	36.33342361450195	1529000	0.0	0.0
2022-08-23 00:00:00+08:00	36.29072929033988	36.33342361450195	35.949168182307076	36.33342361450195	4107330	0.0	0.0
2022-08-24 00:00:00+08:00	36.119945170849505	36.29072570800781	35.906470313743576	36.29072570800781	4956631	0.0	0.0
2022-08-25 00:00:00+08:00	36.29072938261296	36.546898585604836	36.11994882816233	36.41881561279297	4832065	0.0	0.0
2022-08-26 00:00:00+08:00	36.46150924127181	36.546897888183594	36.24803436662428	36.546897888183594	4194889	0.0	0.0
2022-08-29 00:00:00+08:00	36.11994919941169	36.33342408032709	35.906474318496294	36.2480354309082	5283392	0.0	0.0
2022-08-30 00:00:00+08:00	36.29072975561765	36.41881598711416	36.034560549992804	36.2480354309082	4445586	0.0	0.0
2022-08-31 00:00:00+08:00	36.20533535223807	36.931148529052734	36.119943459021975	36.931148529052734	8756598	0.0	0.0
2022-09-01 00:00:00+08:00	36.50420069343722	36.67498123119587	36.07725097772451	36.16263961791992	9264055	0.0	0.0
2022-09-02 00:00:00+08:00	36.162639846490606	36.41881228343167	35.94916498728495	36.11994552612305	6336211	0.0	0.0
2022-09-05 00:00:00+08:00	36.33342370688358	36.845765370235476	36.24803505834234	36.41881561279297	11894122	0.0	0.0
2022-09-06 00:00:00+08:00	36.71767711366928	37.101932525634766	36.46150792481495	37.101932525634766	12448765	0.0	0.0
2022-09-07 00:00:00+08:00	36.8030649463553	37.4861871114014	36.632287662461664	37.35810089111328	9997326	0.0	0.0
2022-09-08 00:00:00+08:00	37.486190098163654	37.61427307128906	37.358103867670096	37.61427307128906	4708395	0.0	0.0
2022-09-12 00:00:00+08:00	37.99852442141594	38.08391306098885	37.27271121294275	37.65696334838867	5358441	0.0	0.0
2022-09-13 00:00:00+08:00	37.74235856001031	37.99852775859463	37.571578008498065	37.955833435058594	9300151	0.0	0.0
2022-09-14 00:00:00+08:00	37.528883821760935	38.16930844924024	37.4434919170095	37.8277473449707	8835790	0.0	0.0
2022-09-15 00:00:00+08:00	37.95583215003813	38.34008756358943	37.65696538066801	38.29738998413086	11434066	0.0	0.0
2022-09-16 00:00:00+08:00	37.827747809809566	38.34008947250968	37.69966483716065	37.74235916137695	18141858	0.0	0.0
2022-09-19 00:00:00+08:00	37.74235524532939	37.99852442141594	37.65696334838867	37.65696334838867	9778078	0.0	0.0
2022-09-20 00:00:00+08:00	37.69966544468077	37.827748419393714	37.52888488769531	37.52888488769531	11638593	0.0	0.0
2022-09-21 00:00:00+08:00	37.40079475425625	37.571575293427216	36.8884563941112	37.44348907470703	12981598	0.0	0.0
2022-09-22 00:00:00+08:00	37.05923693328217	37.44348907470703	36.290726135696744	37.44348907470703	13203130	0.0	0.0
2022-09-23 00:00:00+08:00	37.016539049345354	37.016539049345354	36.07725097772451	36.16263961791992	9079269	0.0	0.0
2022-09-26 00:00:00+08:00	35.86377981809996	35.94916846710055	34.83909974325204	34.967185974121094	11431613	0.0	0.0
2022-09-27 00:00:00+08:00	35.052571156574984	35.60760709229268	34.71101333698304	34.79640197753906	10744860	0.0	0.0
2022-09-28 00:00:00+08:00	34.924490463375406	35.13796533599416	34.07059097290039	34.07059097290039	12548242	0.0	0.0
2022-09-29 00:00:00+08:00	34.36945379439515	34.49754001831524	33.771723511714676	34.198673248291016	15412552	0.0	0.0
2022-09-30 00:00:00+08:00	34.24136948425711	34.32676139076581	33.600944843598676	33.64364242553711	9391170	0.0	0.0
2022-10-03 00:00:00+08:00	33.515553107628456	33.515553107628456	33.17399202778828	33.30207824707031	5344766	0.0	0.0
2022-10-04 00:00:00+08:00	33.515556194458156	34.027894604037634	33.515556194458156	33.64364242553711	6439361	0.0	0.0
2022-10-05 00:00:00+08:00	33.81441842551726	34.24136816956353	33.77172410258624	33.985198974609375	6698157	0.0	0.0
2022-10-06 00:00:00+08:00	34.070590377692646	34.454842535799145	34.070590377692646	34.28406524658203	5009605	0.0	0.0
2022-10-07 00:00:00+08:00	34.2840653812782	34.32675970375021	34.07059051155011	34.15597915649414	3976644	0.0	0.0
2022-10-11 00:00:00+08:00	33.98519943804205	34.02789376155526	33.55824968817376	33.899810791015625	7573572	0.0	0.0
2022-10-12 00:00:00+08:00	33.81441842551726	34.027893297540395	33.72902977965522	33.985198974609375	4918216	0.0	0.0
2022-10-13 00:00:00+08:00	33.94250758479101	33.94250758479101	32.9178274590595	33.04591369628906	5815166	0.0	0.0
2022-10-14 00:00:00+08:00	33.430169778627096	33.47286410604956	32.789745095184955	32.83243942260742	5170261	0.0	0.0
2022-10-17 00:00:00+08:00	32.789742256894606	32.789742256894606	32.27740060006832	32.44818115234375	10982505	0.0	0.0
2022-10-18 00:00:00+08:00	33.08860663783619	33.30208151937062	32.02123223016405	32.192012786865234	11671174	0.0	0.0
2022-10-19 00:00:00+08:00	32.19201597258426	32.917829338680455	32.14932164352598	32.40549087524414	7938268	0.0	0.0
2022-10-20 00:00:00+08:00	31.850450886342987	32.277400638860634	31.423501133825336	31.679670333862305	13635886	0.0	0.0
2022-10-21 00:00:00+08:00	31.679671487580055	32.32009613967966	31.508894186248074	32.02123260498047	2646413	0.0	0.0
2022-10-24 00:00:00+08:00	32.44817897171677	32.44817897171677	31.85044870760631	31.935840606689453	2541982	0.0	0.0
2022-10-25 00:00:00+08:00	32.2773990291803	32.2773990291803	31.25271902276532	31.722366333007812	5090822	0.0	0.0
2022-10-26 00:00:00+08:00	31.636975412346942	32.192011383080484	31.59428108937545	31.893144607543945	3171667	0.0	0.0
2022-10-27 00:00:00+08:00	32.02122937912909	32.40548478315222	31.807754516601562	31.807754516601562	5263144	0.0	0.0
2022-10-28 00:00:00+08:00	32.149317667526205	32.149317667526205	31.679670333862305	31.679670333862305	3400431	0.0	0.0
2022-10-31 00:00:00+08:00	31.893144839028444	32.02123106624064	31.46619509147857	31.85045051574707	3006042	0.0	0.0
2022-11-01 00:00:00+08:00	31.850451814298975	32.10662102179938	31.33811339929817	32.063926696777344	2743158	0.0	0.0
2022-11-02 00:00:00+08:00	32.14931883834768	32.32009613967966	31.89314637161326	32.02123260498047	2901605	0.0	0.0
2022-11-03 00:00:00+08:00	31.508892672128013	31.935842419677886	31.252720217703633	31.85045051574707	3436065	0.0	0.0
2022-11-04 00:00:00+08:00	31.5088887783438	31.978532791137695	31.46619120297081	31.978532791137695	4258713	0.0	0.0
2022-11-07 00:00:00+08:00	32.021228334598476	32.2773975098017	31.893142118312962	32.10661697387695	3362737	0.0	0.0
2022-11-08 00:00:00+08:00	32.06392972804092	32.53357386241896	32.02123539898265	32.40549087524414	4047094	0.0	0.0
2022-11-09 00:00:00+08:00	32.533568607671974	32.87512969970703	32.490874285509584	32.87512969970703	4666549	0.0	0.0
2022-11-10 00:00:00+08:00	32.917823791503906	33.08860433632628	32.8324351477767	32.917823791503906	3105864	0.0	0.0
2022-11-11 00:00:00+08:00	33.2166931778764	33.60094536230877	33.04591261959078	33.34477615356445	5726069	0.0	0.0
2022-11-14 00:00:00+08:00	33.472858628409874	34.66831588745117	33.43016430797408	34.66831588745117	9957929	0.0	0.0
2022-11-15 00:00:00+08:00	34.41214658030126	34.92448819574094	33.98519686278544	34.79640197753906	5617507	0.0	0.0
2022-11-16 00:00:00+08:00	34.58292770385742	35.009877428596404	34.326758520487616	34.58292770385742	6093784	0.0	0.0
2022-11-17 00:00:00+08:00	34.45484312781115	35.52221749059797	34.369454481735424	35.394134521484375	6965608	0.0	0.0
2022-11-18 00:00:00+08:00	35.05256999209593	35.39413105770875	34.796400821570195	35.223350524902344	5423244	0.0	0.0
2022-11-21 00:00:00+08:00	35.223354710816665	35.223354710816665	34.66831872757776	35.052574157714844	3918036	0.0	0.0
2022-11-22 00:00:00+08:00	35.22335517849103	35.26604950299133	34.6256248633824	34.967185974121094	3761693	0.0	0.0
2022-11-23 00:00:00+08:00	34.96718251601896	35.052571156574984	34.75370765726105	34.79640197753906	3003416	0.0	0.0
2022-11-24 00:00:00+08:00	35.009879602209665	35.308743125134946	34.88179337388849	35.09526824951172	4182192	0.0	0.0
2022-11-25 00:00:00+08:00	35.052574623121686	35.308743827491625	34.796405418751746	34.967185974121094	4325356	0.0	0.0
2022-11-28 00:00:00+08:00	34.62562607875558	34.88179529211716	34.32676253939512	34.54023742675781	5425802	0.0	0.0
2022-11-29 00:00:00+08:00	34.753710632812734	35.09526848164827	34.32676087874223	35.052574157714844	5653565	0.0	0.0
2022-11-30 00:00:00+08:00	34.79640436142752	35.266048431396484	34.668318134450494	35.266048431396484	7412273	0.0	0.0
2022-12-01 00:00:00+08:00	35.43682632141163	35.52221496140766	34.625621211978036	34.83909606933594	9615217	0.0	0.0
2022-12-02 00:00:00+08:00	34.58293044774742	34.924491557586016	34.58293044774742	34.88179397583008	5934644	0.0	0.0
2022-12-05 00:00:00+08:00	34.88179346671403	35.180660247802734	34.88179346671403	35.180660247802734	4499929	0.0	0.0
2022-12-06 00:00:00+08:00	35.137961887183	35.30873916262168	34.88178945928953	35.223350524902344	4579856	0.0	0.0
2022-12-07 00:00:00+08:00	35.137966763616255	35.26604973797057	34.92449188232422	34.92449188232422	5115274	0.0	0.0
2022-12-08 00:00:00+08:00	34.79640139603033	35.09526489034973	34.79640139603033	35.0098762512207	4337307	0.0	0.0
2022-12-09 00:00:00+08:00	35.18065955442383	35.39413442640775	35.052573328286265	35.30874252319336	7544450	0.0	0.0
2022-12-12 00:00:00+08:00	35.05256999209593	35.26604484376201	34.9671813543766	35.223350524902344	4507643	0.0	0.0
2022-12-13 00:00:00+08:00	35.22335480409885	35.39413535765295	34.92449127840526	35.13796615600586	7017977	0.0	0.0
2022-12-14 00:00:00+08:00	35.35144080022941	35.47952377152334	35.00987969537606	35.180660247802734	6283522	0.0	0.0
2022-12-15 00:00:00+08:00	35.13796652949044	35.308743827491625	34.88179406775234	34.967185974121094	7298554	0.0	0.0
2022-12-16 00:00:00+08:00	34.79640328686686	35.77838897705078	34.4121478751702	35.77838897705078	39176841	0.0	0.0
2022-12-19 00:00:00+08:00	35.09526788121648	35.522217627982464	34.79640436142752	35.266048431396484	30269656	0.0	0.0
2022-12-20 00:00:00+08:00	35.22335541318579	35.22335541318579	34.75371132581696	34.92449188232422	30854250	0.0	0.0
2022-12-21 00:00:00+08:00	35.00987719684939	35.052571517567095	34.4121469346979	34.6256217956543	33622245	0.0	0.0
2022-12-22 00:00:00+08:00	34.88179287292588	35.564915071003874	34.668318000368515	35.394134521484375	33715050	0.0	0.0
2022-12-23 00:00:00+08:00	35.009878643047436	35.479522705078125	34.88179241823542	35.479522705078125	6049028	0.0	0.0
2022-12-26 00:00:00+08:00	35.47952293604051	35.47952293604051	35.223353742116906	35.43682861328125	2360825	0.0	0.0
2022-12-27 00:00:00+08:00	35.436828382596794	35.52221702755946	35.351439737634124	35.479522705078125	3079933	0.0	0.0
2022-12-28 00:00:00+08:00	35.351441033606456	35.351441033606456	35.00987992649825	35.13796615600586	3280263	0.0	0.0
2022-12-29 00:00:00+08:00	34.83909606933594	34.92448796669979	34.454840674618154	34.83909606933594	4663667	0.0	0.0
2022-12-30 00:00:00+08:00	34.92448761209167	35.09526489034973	34.753707076465815	35.0098762512207	2290364	0.0	0.0
2023-01-03 00:00:00+08:00	34.967182645237386	34.967182645237386	34.454841027904386	34.66831588745117	3856289	0.0	0.0
2023-01-04 00:00:00+08:00	34.66831575933718	34.96718251601896	34.66831575933718	34.79640197753906	3819517	0.0	0.0
2023-01-05 00:00:00+08:00	35.009879602209665	35.18066015418187	34.839099050237465	35.09526824951172	4220588	0.0	0.0
2023-01-06 00:00:00+08:00	35.13796523150066	35.30874252319336	34.967184682439914	35.30874252319336	2808728	0.0	0.0
2023-01-09 00:00:00+08:00	35.60760833522314	35.692996978759766	35.351439147245294	35.692996978759766	6342096	0.0	0.0
2023-01-10 00:00:00+08:00	35.692996978759766	35.778388879664355	35.436827790781926	35.692996978759766	4957804	0.0	0.0
2023-01-11 00:00:00+08:00	35.73569153105034	35.821083432505766	35.60760856491917	35.65030288696289	2174528	0.0	0.0
2023-01-12 00:00:00+08:00	35.650306321548875	35.99186744554097	35.650306321548875	35.82108688354492	3141871	0.0	0.0
2023-01-13 00:00:00+08:00	36.03455757191339	36.16264053545629	35.863777029821605	35.99186325073242	4425466	0.0	0.0
2023-01-16 00:00:00+08:00	36.16263903717346	36.5468944266176	36.16263903717346	36.37611389160156	4667552	0.0	0.0
2023-01-17 00:00:00+08:00	36.46150993706359	36.50420426133421	36.20534073407172	36.41881561279297	3908799	0.0	0.0
2023-01-30 00:00:00+08:00	36.973847498709105	37.059239402668474	36.546897751016466	36.674983978271484	10612868	0.0	0.0
2023-01-31 00:00:00+08:00	36.7176764829126	36.76037080409357	35.99186325073242	35.99186325073242	6658347	0.0	0.0
2023-02-01 00:00:00+08:00	36.07725450389171	36.46150993706359	36.07725450389171	36.41881561279297	3211023	0.0	0.0
2023-02-02 00:00:00+08:00	36.674985192739	36.674985192739	36.11994919941169	36.2480354309082	4653780	0.0	0.0
2023-02-03 00:00:00+08:00	36.162639846490606	36.29072606496114	35.99186256502036	36.11994552612305	2977676	0.0	0.0
2023-02-06 00:00:00+08:00	36.1199463460327	36.1626406673694	35.86377716064453	35.86377716064453	3430015	0.0	0.0
2023-02-07 00:00:00+08:00	35.863777029821605	36.077251893094356	35.863777029821605	35.99186325073242	2295382	0.0	0.0
2023-02-08 00:00:00+08:00	35.94916498728495	36.29072606496114	35.94916498728495	36.11994552612305	2808464	0.0	0.0
2023-02-09 00:00:00+08:00	36.11994575496423	36.290726294884315	36.07725143432617	36.07725143432617	1500289	0.0	0.0
2023-02-10 00:00:00+08:00	36.03456115722656	36.162644133513275	35.73569436448776	36.03456115722656	4697993	0.0	0.0
2023-02-13 00:00:00+08:00	35.8637767026553	36.03455724318914	35.77838806107232	35.94916534423828	4578325	0.0	0.0
2023-02-14 00:00:00+08:00	36.24803197424626	36.24803197424626	35.99186279305006	36.07725143432617	3800314	0.0	0.0
2023-02-15 00:00:00+08:00	36.16264053545629	36.24803243518614	35.94916567218355	35.99186325073242	5047929	0.0	0.0
2023-02-16 00:00:00+08:00	36.16264306048555	36.504204168518356	36.11994873632348	36.33342361450195	3332628	0.0	0.0
2023-02-17 00:00:00+08:00	36.37611710668451	36.58959197998047	36.24803413712777	36.58959197998047	3194753	0.0	0.0
2023-02-20 00:00:00+08:00	36.58959008412037	37.443489533060095	36.504201442173546	37.35810089111328	7187933	0.0	0.0
2023-02-21 00:00:00+08:00	37.400798423566314	37.656967628771035	37.187323543001014	37.57157897949219	4286479	0.0	0.0
2023-02-22 00:00:00+08:00	37.44349274820574	37.57157897949219	37.144629218361594	37.57157897949219	3657201	0.0	0.0
2023-02-23 00:00:00+08:00	37.614272102638374	38.254696723877515	37.44349155216766	37.99852752685547	5675540	0.0	0.0
2023-02-24 00:00:00+08:00	38.126613155326694	38.21200180053711	37.87044070495941	38.21200180053711	6184278	0.0	0.0
2023-03-01 00:00:00+08:00	37.827743884902304	37.99852442141594	37.5288803890293	37.65696334838867	5286454	0.0	0.0
2023-03-02 00:00:00+08:00	37.6569672555762	37.74235916137695	37.23001749867684	37.74235916137695	3896738	0.0	0.0
2023-03-03 00:00:00+08:00	37.65696276905443	37.99852383682694	37.65696276905443	37.87043762207031	3071345	0.0	0.0
2023-03-06 00:00:00+08:00	38.04122185013113	38.126613754050524	37.78505265310909	37.99852752685547	4660235	0.0	0.0
2023-03-07 00:00:00+08:00	37.87044106922082	38.08391594166822	37.87044106922082	38.041221618652344	3204288	0.0	0.0
2023-03-08 00:00:00+08:00	37.272709587181794	37.31540390510601	36.546893152999466	36.931148529052734	12935042	0.0	0.0
2023-03-09 00:00:00+08:00	37.05923474019305	37.05923474019305	36.8457598932043	36.931148529052734	5087584	0.0	0.0
2023-03-10 00:00:00+08:00	36.71767820690527	36.71767820690527	36.46150901042373	36.58959197998047	5849892	0.0	0.0
2023-03-13 00:00:00+08:00	36.11994791020297	36.58959197998047	36.11994791020297	36.58959197998047	5953853	0.0	0.0
2023-03-14 00:00:00+08:00	36.290725252777435	36.58958874602967	36.1199447177614	36.37611389160156	4798761	0.0	0.0
2023-03-15 00:00:00+08:00	36.37611720046579	36.80306694815844	36.37611720046579	36.674983978271484	4665775	0.0	0.0
2023-03-16 00:00:00+08:00	36.461505086458324	36.80306289255278	36.418810767867484	36.717674255371094	4990187	0.0	0.0
2023-03-17 00:00:00+08:00	36.717679140055466	36.888459694506096	36.41881561279297	36.41881561279297	13000764	0.0	0.0
2023-03-20 00:00:00+08:00	36.461509704589844	36.50420402858825	36.20534050323127	36.461509704589844	2930847	0.0	0.0
2023-03-21 00:00:00+08:00	36.54689835258666	36.67498458195001	36.461509704589844	36.461509704589844	2781173	0.0	0.0
2023-03-22 00:00:00+08:00	36.674984210040066	36.760372857170985	36.50420365841015	36.63228988647461	3929396	0.0	0.0
2023-03-23 00:00:00+08:00	36.717674255371094	36.80306289255278	36.58958804223085	36.717674255371094	2883464	0.0	0.0
2023-03-24 00:00:00+08:00	36.80306289255278	36.80306289255278	36.58958804223085	36.717674255371094	3500034	0.0	0.0
2023-03-27 00:00:00+08:00	36.71767853360553	36.760372857170985	36.58959230554106	36.63228988647461	3900152	0.0	0.0
2023-03-28 00:00:00+08:00	36.717677608682145	36.88845815601008	36.67498328619216	36.80306625366211	3593271	0.0	0.0
2023-03-29 00:00:00+08:00	36.88846159729835	36.97385025024414	36.84576727082546	36.97385025024414	4313158	0.0	0.0
2023-03-30 00:00:00+08:00	37.016541219756206	37.05923879972524	36.67498338157998	36.888458251953125	3363178	0.0	0.0
2023-03-31 00:00:00+08:00	36.88846159729835	37.05924216055824	36.80306968698425	36.97385025024414	3738413	0.0	0.0
2023-04-06 00:00:00+08:00	37.05923843383789	37.1019327560174	36.8884578877519	37.05923843383789	3065098	0.0	0.0
2023-04-07 00:00:00+08:00	37.05923474019305	37.05923474019305	36.931148529052734	36.931148529052734	1717074	0.0	0.0
2023-04-10 00:00:00+08:00	36.973845616921174	37.23001480102539	36.93115129579846	37.23001480102539	2743116	0.0	0.0
2023-04-11 00:00:00+08:00	37.27271121294275	37.69966092554293	37.230013635788495	37.65696334838867	5618452	0.0	0.0
2023-04-12 00:00:00+08:00	37.699661842694645	37.785050484344886	37.40079508218305	37.48618698120117	4549168	0.0	0.0
2023-04-13 00:00:00+08:00	37.61427030533366	37.61427030533366	37.315406799316406	37.315406799316406	3048484	0.0	0.0
2023-04-14 00:00:00+08:00	37.40079567201482	37.44348999351326	37.059237842659435	37.27271270751953	4159800	0.0	0.0
2023-04-17 00:00:00+08:00	37.31540657013987	37.4861871114014	37.27271224916647	37.35810089111328	3348341	0.0	0.0
2023-04-18 00:00:00+08:00	37.400795342884166	37.44348966400688	37.23001480102539	37.23001480102539	3542627	0.0	0.0
2023-04-19 00:00:00+08:00	37.23001946644982	37.35810570323681	36.97385025024414	36.97385025024414	4535679	0.0	0.0
2023-04-20 00:00:00+08:00	36.97384607346411	37.27271283974927	36.93115175181421	37.14462661743164	2518174	0.0	0.0
2023-04-21 00:00:00+08:00	37.14462958984078	37.65696800537406	37.101935264774376	37.40079879760742	4200009	0.0	0.0
2023-04-24 00:00:00+08:00	37.40079508218305	37.656964264501646	37.31540644053282	37.48618698120117	4229478	0.0	0.0
2023-04-25 00:00:00+08:00	37.57157921259963	37.95583465147485	37.44349298051849	37.52888488769531	6797247	0.0	0.0
2023-04-26 00:00:00+08:00	37.57157921259963	37.57157921259963	37.315410005805546	37.52888488769531	4626386	0.0	0.0
2023-04-27 00:00:00+08:00	37.358104472541015	37.52888503017484	37.230018239973596	37.40079879760742	2844260	0.0	0.0
2023-04-28 00:00:00+08:00	37.400798655614174	37.52888488769531	37.27271568090123	37.52888488769531	3596000	0.0	0.0
2023-05-02 00:00:00+08:00	37.57157837603725	37.913139482403025	37.52888405208356	37.78505325317383	3990640	0.0	0.0
2023-05-03 00:00:00+08:00	37.82774421536111	37.82774421536111	37.656963677355556	37.69966125488281	2301884	0.0	0.0
2023-05-04 00:00:00+08:00	37.78504898381106	37.913135198567694	37.61426844992481	37.87043762207031	3596364	0.0	0.0
2023-05-05 00:00:00+08:00	37.913139482403025	37.955833806356715	37.69966460526645	37.78505325317383	2293768	0.0	0.0
2023-05-08 00:00:00+08:00	37.913138880304146	37.99852752685547	37.400797228891996	37.99852752685547	5452818	0.0	0.0
2023-05-09 00:00:00+08:00	37.99852775859463	37.99852775859463	37.74235856001031	37.955833435058594	2318647	0.0	0.0
2023-05-10 00:00:00+08:00	37.955830433207225	37.955830433207225	37.486186396717834	37.69966125488281	3717464	0.0	0.0
2023-05-11 00:00:00+08:00	37.69966151214741	37.742355832598186	37.14462557418373	37.44348907470703	3291805	0.0	0.0
2023-05-12 00:00:00+08:00	37.486190562791	37.65696786240826	37.400798655614174	37.52888488769531	2736692	0.0	0.0
2023-05-15 00:00:00+08:00	37.52888405208356	37.78505325317383	37.315409174946986	37.78505325317383	2833392	0.0	0.0
2023-05-16 00:00:00+08:00	37.82774330294069	37.87043762207031	37.48618549253593	37.87043762207031	2997811	0.0	0.0
2023-05-17 00:00:00+08:00	37.913135198567694	37.95582951769732	37.65696276905443	37.87043762207031	5758603	0.0	0.0
2023-05-18 00:00:00+08:00	37.6996643738957	37.87044166866237	37.6996643738957	37.8277473449707	4895760	0.0	0.0
2023-05-19 00:00:00+08:00	37.913138880304146	37.99852752685547	37.78505265310909	37.99852752685547	5079544	0.0	0.0
2023-05-22 00:00:00+08:00	37.99852752685547	38.0839161734068	37.78505265310909	37.99852752685547	3955177	0.0	0.0
2023-05-23 00:00:00+08:00	37.955833067086786	38.212002263187614	37.82774684035234	38.12661361694336	4752541	0.0	0.0
2023-05-24 00:00:00+08:00	38.126610051583576	38.126610051583576	37.78504898381106	37.87043762207031	4133714	0.0	0.0
2023-05-25 00:00:00+08:00	37.78505386005748	37.82774818469691	37.48619033021333	37.57157897949219	5516779	0.0	0.0
2023-05-26 00:00:00+08:00	37.35810076135794	37.57157562285141	37.18732022068958	37.48618698120117	4904948	0.0	0.0
2023-05-29 00:00:00+08:00	37.23001421508528	37.69966151214741	37.23001421508528	37.44348907470703	4334741	0.0	0.0
2023-05-30 00:00:00+08:00	37.61427307128906	37.87044227490803	37.44349251642037	37.61427307128906	4422290	0.0	0.0
2023-05-31 00:00:00+08:00	37.61427353750395	37.87044274429803	37.52888488769531	37.52888488769531	6147357	0.0	0.0
2023-06-01 00:00:00+08:00	37.69966497740749	37.82774795053289	37.486190098163654	37.61427307128906	3608163	0.0	0.0
2023-06-02 00:00:00+08:00	37.78505325317383	37.913139482403025	37.65696702394464	37.78505325317383	4297104	0.0	0.0
2023-06-05 00:00:00+08:00	37.82774674620495	38.08391594166822	37.78505242318908	38.041221618652344	3040106	0.0	0.0
2023-06-06 00:00:00+08:00	38.041217577271794	38.16930379007997	37.87043704598346	38.08391189575195	3267471	0.0	0.0
2023-06-07 00:00:00+08:00	38.08391663844973	38.12661421961484	37.8277474382996	37.91313934326172	6370700	0.0	0.0
2023-06-08 00:00:00+08:00	37.955833067086786	38.25469658630975	37.870441163474474	38.12661361694336	4398590	0.0	0.0
2023-06-09 00:00:00+08:00	38.25469242704029	38.25469242704029	37.913134621831325	38.08391189575195	2921490	0.0	0.0
2023-06-12 00:00:00+08:00	38.083912475086194	38.126610051583576	37.69966034555181	37.87043762207031	2825275	0.0	0.0
2023-06-13 00:00:00+08:00	37.74235953541806	37.91314009134393	37.57157897949219	37.57157897949219	5591760	0.0	0.0
2023-06-14 00:00:00+08:00	37.57157897949219	37.74235953541806	37.44349274820574	37.57157897949219	5692525	0.0	0.0
2023-06-15 00:00:00+08:00	37.656964264501646	37.742356163519766	37.48618698120117	37.48618698120117	4610272	0.0	0.0
2023-06-16 00:00:00+08:00	37.52888488769531	37.785054094489404	37.52888488769531	37.52888488769531	8195538	0.0	0.0
2023-06-19 00:00:00+08:00	37.528884422538795	37.82774795053289	37.528884422538795	37.61427307128906	4569236	0.0	0.0
2023-06-20 00:00:00+08:00	37.614269028602216	37.827743884902304	37.57157470881576	37.65696334838867	5533025	0.0	0.0
2023-06-21 00:00:00+08:00	37.6569672555762	37.827747809809566	37.52888428292727	37.74235916137695	4539629	0.0	0.0
2023-06-26 00:00:00+08:00	37.827742727503306	38.25469242704029	37.61426787773481	38.08391189575195	7559932	0.0	0.0
2023-06-27 00:00:00+08:00	38.12661412554857	38.12661412554857	37.78505302127903	37.8277473449707	3135629	0.0	0.0
2023-06-28 00:00:00+08:00	37.998523258791636	38.126609471599814	37.913134621831325	38.08391189575195	3578365	0.0	0.0
2023-06-29 00:00:00+08:00	38.212002263187614	38.212002263187614	38.04122171333104	38.12661361694336	4043622	0.0	0.0
2023-06-30 00:00:00+08:00	38.04122231465273	38.169308543411844	37.7850531145026	37.91313934326172	4488557	0.0	0.0
2023-07-03 00:00:00+08:00	37.913134621831325	38.16930379007997	37.913134621831325	38.08391189575195	2829641	0.0	0.0
2023-07-04 00:00:00+08:00	37.998523258791636	38.16930379007997	37.827742727503306	38.08391189575195	3643139	0.0	0.0
2023-07-05 00:00:00+08:00	37.9558328370553	38.254696354466994	37.9558328370553	38.169307708740234	4804819	0.0	0.0
2023-07-06 00:00:00+08:00	38.16930495792957	38.16930495792957	37.44348849208858	37.65696334838867	5685602	0.0	0.0
2023-07-07 00:00:00+08:00	37.400798655614174	37.69966544468077	37.14462944882009	37.52888488769531	5217087	0.0	0.0
2023-07-10 00:00:00+08:00	37.44348907470703	37.571575293427216	37.3154061133547	37.44348907470703	4035465	0.0	0.0
2023-07-11 00:00:00+08:00	37.44348940300817	37.699661842694645	37.44348940300817	37.48618698120117	2518670	0.0	0.0
2023-07-12 00:00:00+08:00	37.44349298051849	37.61427353750395	37.400798655614174	37.52888488769531	3509803	0.0	0.0
2023-07-13 00:00:00+08:00	37.52888503017484	37.614273680307655	37.40079879760742	37.40079879760742	6015378	0.0	0.0
2023-07-14 00:00:00+08:00	37.48618698120117	37.57157562285141	37.31540644053282	37.48618698120117	6743707	0.0	0.0
2023-07-17 00:00:00+08:00	37.52888130202629	37.699661842694645	37.48618698120117	37.48618698120117	6363370	0.0	0.0
2023-07-18 00:00:00+08:00	37.699665587808674	37.699665587808674	37.31541014747461	37.40079879760742	11173100	0.0	0.0
2023-07-19 00:00:00+08:00	37.31540777121448	38.254695892333984	37.14462722445602	38.254695892333984	28112799	0.0	0.0
2023-07-20 00:00:00+08:00	37.08419254357836	37.08419254357836	36.45412063598633	36.45412063598633	34324376	2.299588	0.0
2023-07-21 00:00:00+08:00	36.5891396738044	36.5891396738044	35.23898696899414	35.23898696899414	23642026	0.0	0.0
2023-07-24 00:00:00+08:00	35.28399001316047	35.3289944148639	34.383888244628906	34.383888244628906	20866021	0.0	0.0
2023-07-25 00:00:00+08:00	34.60891427952634	35.373999422435865	34.60891427952634	35.10396957397461	17016853	0.0	0.0
2023-07-26 00:00:00+08:00	35.19397633235858	36.49912452991079	35.19397633235858	36.094078063964844	13802954	0.0	0.0
2023-07-27 00:00:00+08:00	36.22909955978393	36.319108371579205	35.82405303947307	36.00407409667969	9593173	0.0	0.0
2023-07-28 00:00:00+08:00	36.18409029729484	36.36411133033921	35.914060464536085	36.094078063964844	6881886	0.0	0.0
2023-07-31 00:00:00+08:00	36.27410125732422	36.27410125732422	36.00407140848375	36.27410125732422	7266225	0.0	0.0
2023-08-01 00:00:00+08:00	36.27410396568157	36.27410396568157	35.95906969078205	36.00407409667969	4420908	0.0	0.0
2023-08-02 00:00:00+08:00	36.139087183885685	36.139087183885685	35.689036302062036	35.77904510498047	6358454	0.0	0.0
2023-08-04 00:00:00+08:00	36.18409218527268	36.58913867235273	36.094079947246115	36.49912643432617	10262760	0.0	0.0
2023-08-07 00:00:00+08:00	36.63414307455812	36.679147476763504	36.139087783067296	36.49912643432617	5282571	0.0	0.0
2023-08-08 00:00:00+08:00	36.544131106164684	36.544131106164684	36.0490758110212	36.27410125732422	5761421	0.0	0.0
2023-08-09 00:00:00+08:00	36.45412333181726	36.45412333181726	35.959068022676256	36.1840934753418	4724153	0.0	0.0
2023-08-10 00:00:00+08:00	36.27410396568157	36.27410396568157	35.82405303947307	36.00407409667969	3842617	0.0	0.0
2023-08-11 00:00:00+08:00	36.00407409667969	36.00407409667969	35.86905744537071	36.00407409667969	3516415	0.0	0.0
2023-08-14 00:00:00+08:00	36.00407215388932	36.40911865234375	35.91406334695095	36.40911865234375	6262638	0.0	0.0
2023-08-15 00:00:00+08:00	36.27409794007212	36.27409794007212	35.82404708862305	35.82404708862305	5669618	0.0	0.0
2023-08-16 00:00:00+08:00	35.73404123739245	35.73404123739245	35.238985946713385	35.32899475097656	6241211	0.0	0.0
2023-08-17 00:00:00+08:00	35.19397950006884	35.41900495322432	34.92394964300547	35.374000549316406	5726939	0.0	0.0
2023-08-18 00:00:00+08:00	35.373998394237226	35.373998394237226	34.96895191651072	35.19397735595703	3743961	0.0	0.0
2023-08-21 00:00:00+08:00	35.41900542257599	35.73404312133789	35.37400101807171	35.73404312133789	3859393	0.0	0.0
2023-08-22 00:00:00+08:00	35.86905417414721	35.86905417414721	35.41900328898292	35.554019927978516	3177534	0.0	0.0
2023-08-23 00:00:00+08:00	35.64402606132032	35.82404708862305	35.46400846763309	35.82404708862305	3039382	0.0	0.0
2023-08-24 00:00:00+08:00	35.91406454024067	35.91406454024067	35.68903908180211	35.869056701660156	3804635	0.0	0.0
2023-08-25 00:00:00+08:00	35.86905314609356	35.91406098021262	35.64402770996094	35.64402770996094	4687945	0.0	0.0
2023-08-28 00:00:00+08:00	35.734044227677806	36.09408290847495	35.68903982178017	36.00407409667969	5000886	0.0	0.0
2023-08-29 00:00:00+08:00	36.00406926425046	36.094078063964844	35.914060464536085	36.094078063964844	3211889	0.0	0.0
2023-08-30 00:00:00+08:00	36.1840934753418	36.1840934753418	35.91406361886634	36.1840934753418	4696114	0.0	0.0
2023-08-31 00:00:00+08:00	36.184092348062954	36.184092348062954	35.9140625	35.9140625	5786419	0.0	0.0
2023-09-01 00:00:00+08:00	35.86905476725561	36.319105659861656	35.86905476725561	36.27410125732422	4487146	0.0	0.0
2023-09-04 00:00:00+08:00	36.18409560922916	36.409121075165146	36.18409560922916	36.36411666870117	2876938	0.0	0.0
2023-09-05 00:00:00+08:00	36.18409004234651	36.36411107412248	36.09407780965073	36.3191032409668	2257616	0.0	0.0
2023-09-06 00:00:00+08:00	36.004068883023244	36.184089914161476	35.77904345250435	35.95906448364258	5790816	0.0	0.0
2023-09-07 00:00:00+08:00	35.91406098021262	35.959065380716005	35.554018908954156	35.64402770996094	5211583	0.0	0.0
2023-09-08 00:00:00+08:00	35.64403012987715	35.64403012987715	35.464012515641976	35.59902572631836	3865413	0.0	0.0
2023-09-11 00:00:00+08:00	35.599024065527864	35.77904510498047	35.373998624616036	35.77904510498047	4234233	0.0	0.0
2023-09-12 00:00:00+08:00	35.82404785188501	35.95906448364258	35.64402682074678	35.95906448364258	2872221	0.0	0.0
2023-09-13 00:00:00+08:00	35.914065284884416	36.00407409667969	35.779048633575435	36.00407409667969	2642190	0.0	0.0
2023-09-14 00:00:00+08:00	36.13908665737727	36.274099859787924	36.004070021350934	36.229095458984375	4007646	0.0	0.0
2023-09-15 00:00:00+08:00	36.31910641178949	36.454123055812936	36.22909760485113	36.40911865234375	6597799	0.0	0.0
2023-09-18 00:00:00+08:00	36.18409004234651	36.36411107412248	36.139085642806414	36.3191032409668	2092433	0.0	0.0
2023-09-19 00:00:00+08:00	36.319105659861656	36.40911789855236	36.18409245224934	36.27410125732422	2533101	0.0	0.0
2023-09-20 00:00:00+08:00	36.31910593117996	36.36411376766945	36.049076080322266	36.049076080322266	3001908	0.0	0.0
2023-09-21 00:00:00+08:00	36.004071575840314	36.09408038133358	35.68903732299805	35.68903732299805	5006434	0.0	0.0
2023-09-22 00:00:00+08:00	35.68903732299805	35.86905493398458	35.55402068114231	35.68903732299805	2327455	0.0	0.0
2023-09-25 00:00:00+08:00	35.73404312133789	35.86905633485073	35.689038716833615	35.73404312133789	2226685	0.0	0.0
2023-09-26 00:00:00+08:00	35.73404070352125	35.86905390789891	35.64402846698708	35.77904510498047	3943122	0.0	0.0
2023-09-27 00:00:00+08:00	35.77904269020124	35.82404708862305	35.689033893357625	35.82404708862305	3124801	0.0	0.0
2023-09-28 00:00:00+08:00	35.86905390789891	35.95906614443308	35.689036302062036	35.77904510498047	3590544	0.0	0.0
2023-10-02 00:00:00+08:00	35.77904537056066	35.82404977235393	35.46401112439196	35.554019927978516	4779381	0.0	0.0
2023-10-03 00:00:00+08:00	35.55401712779642	35.6890337561583	35.373996101185746	35.46400833129883	3195361	0.0	0.0
2023-10-04 00:00:00+08:00	35.283989591904984	35.373998394237226	35.05896415245867	35.19397735595703	5266647	0.0	0.0
2023-10-05 00:00:00+08:00	35.193977095180045	35.419002532958984	35.193977095180045	35.419002532958984	2872376	0.0	0.0
2023-10-06 00:00:00+08:00	35.4640116086898	35.9140625	35.373999370258275	35.9140625	2462800	0.0	0.0
2023-10-11 00:00:00+08:00	36.00406901057054	36.36411107412248	35.91406021149035	36.3191032409668	7977247	0.0	0.0
2023-10-12 00:00:00+08:00	36.364113227710014	36.49912643432617	36.04907554504073	36.49912643432617	5790274	0.0	0.0
2023-10-13 00:00:00+08:00	36.40911902089181	36.544132232666016	36.27410237550167	36.544132232666016	4144086	0.0	0.0
2023-10-16 00:00:00+08:00	36.409118380066694	36.6341438293457	36.319106140185575	36.6341438293457	4666909	0.0	0.0
2023-10-17 00:00:00+08:00	36.63414447413142	36.72415328198089	36.454123424816544	36.544132232666016	3830113	0.0	0.0
2023-10-18 00:00:00+08:00	36.54413250611645	36.54413250611645	35.14897537231445	35.14897537231445	19699556	0.0	0.0
2023-10-19 00:00:00+08:00	35.193979131941084	35.59902563010734	35.14897472850392	35.23898696899414	7654044	0.0	0.0
2023-10-20 00:00:00+08:00	35.013959374952364	35.23898481198004	34.74392610362661	35.058963775634766	6132100	0.0	0.0
2023-10-23 00:00:00+08:00	35.05896824009511	35.23898929936453	34.968955993652344	34.968955993652344	3726148	0.0	0.0
2023-10-24 00:00:00+08:00	34.96895293293608	35.464011661000164	34.96895293293608	35.10396957397461	4801923	0.0	0.0
2023-10-25 00:00:00+08:00	35.28398921266244	35.509014649690116	35.058963775634766	35.058963775634766	3852271	0.0	0.0
2023-10-26 00:00:00+08:00	35.01395975129255	35.46401063018518	34.96895191651072	35.19397735595703	4835781	0.0	0.0
2023-10-27 00:00:00+08:00	35.19397507457507	35.6890337561583	35.14897067632628	35.46400833129883	2843098	0.0	0.0
2023-10-30 00:00:00+08:00	35.599022798304524	36.094078063964844	35.599022798304524	36.094078063964844	4782263	0.0	0.0
2023-10-31 00:00:00+08:00	36.04907850257732	36.1840951538863	35.86905744537071	36.00407409667969	4913314	0.0	0.0
2023-11-01 00:00:00+08:00	36.00407409667969	36.13909074798867	35.86905744537071	36.00407409667969	2477227	0.0	0.0
2023-11-02 00:00:00+08:00	36.27410396568157	36.319108371579205	36.00407409667969	36.00407409667969	3861421	0.0	0.0
2023-11-03 00:00:00+08:00	36.04907442215448	36.274099859787924	36.04907442215448	36.229095458984375	3536824	0.0	0.0
2023-11-06 00:00:00+08:00	36.409121075165146	36.45412548162912	36.18409560922916	36.36411666870117	4190316	0.0	0.0
2023-11-07 00:00:00+08:00	36.31910882862108	36.45412548162912	36.139091202765194	36.36411666870117	3427817	0.0	0.0
2023-11-08 00:00:00+08:00	36.36411107412248	36.45411987320267	36.2290944418866	36.3191032409668	2215973	0.0	0.0
2023-11-09 00:00:00+08:00	36.27410442215711	36.499129888093094	36.139091202765194	36.36411666870117	3848386	0.0	0.0
2023-11-10 00:00:00+08:00	36.3191032409668	36.45411987320267	36.09407780965073	36.3191032409668	2294541	0.0	0.0
2023-11-13 00:00:00+08:00	36.364113227710014	36.49912643432617	36.27410098968345	36.49912643432617	3559968	0.0	0.0
2023-11-14 00:00:00+08:00	36.58913676324078	36.58913676324078	36.04907366410765	36.094078063964844	5653190	0.0	0.0
2023-11-15 00:00:00+08:00	36.364112700904286	37.129197828159455	36.319104865735135	36.94917678833008	12742780	0.0	0.0
2023-11-16 00:00:00+08:00	36.94917488366145	37.53424237454373	36.904170484427944	37.35422134399414	8620437	0.0	0.0
2023-11-17 00:00:00+08:00	37.35422376249889	37.57924920685129	37.30921936035156	37.30921936035156	6007459	0.0	0.0
2023-11-20 00:00:00+08:00	37.39922880897845	37.39922880897845	37.08419455490383	37.219207763671875	5747336	0.0	0.0
2023-11-21 00:00:00+08:00	37.264214692777166	37.534244537353516	37.03918925002758	37.534244537353516	6983251	0.0	0.0
2023-11-22 00:00:00+08:00	37.35422413548044	37.579249582079726	37.35422413548044	37.44423294067383	2954413	0.0	0.0
2023-11-23 00:00:00+08:00	37.35422349643069	37.579248939180275	37.35422349643069	37.534244537353516	3155149	0.0	0.0
2023-11-24 00:00:00+08:00	37.53424517948303	37.579249582079726	37.44423294067383	37.44423294067383	2806065	0.0	0.0
2023-11-27 00:00:00+08:00	37.44423128330152	37.849277755975045	37.44423128330152	37.62425231933594	3816980	0.0	0.0
2023-11-28 00:00:00+08:00	37.80427449076508	38.074304336118814	37.71426568685242	37.894283294677734	5346580	0.0	0.0
2023-11-29 00:00:00+08:00	37.8942843190411	38.119309768521425	37.759271109522416	37.80427551269531	3936622	0.0	0.0
2023-11-30 00:00:00+08:00	37.7592699801031	37.7592699801031	37.534244537353516	37.534244537353516	9481953	0.0	0.0
2023-12-01 00:00:00+08:00	37.44423536253879	37.66926082369255	37.39923095703125	37.39923095703125	3500675	0.0	0.0
2023-12-04 00:00:00+08:00	37.48924152869494	37.80427578680529	37.44423369157984	37.57925033569336	7166098	0.0	0.0
2023-12-05 00:00:00+08:00	37.579249582079726	37.71426622348562	37.26421533028706	37.44423294067383	6690730	0.0	0.0
2023-12-06 00:00:00+08:00	37.444232300084224	37.7592699801031	37.444232300084224	37.534244537353516	3489964	0.0	0.0
2023-12-07 00:00:00+08:00	37.35422413548044	37.71426622348562	37.35422413548044	37.44423294067383	3036741	0.0	0.0
2023-12-08 00:00:00+08:00	37.714264554160984	37.80427335537036	37.35422248209214	37.62425231933594	4068954	0.0	0.0
2023-12-11 00:00:00+08:00	37.3992282704124	37.759270355840776	37.3992282704124	37.66925811767578	3317831	0.0	0.0
2023-12-12 00:00:00+08:00	37.804276261904526	37.98429731177964	37.71426745377494	37.939292907714844	5630102	0.0	0.0
2023-12-13 00:00:00+08:00	37.93929188399639	38.11930949539814	37.7592708389788	38.029300689697266	6806584	0.0	0.0
2023-12-14 00:00:00+08:00	38.074302673339844	38.434344740498275	37.98429387335805	38.074302673339844	8162783	0.0	0.0
2023-12-15 00:00:00+08:00	38.11930949539814	38.38934277973245	38.029300689697266	38.029300689697266	17774801	0.0	0.0
2023-12-18 00:00:00+08:00	37.939292155829854	38.29933081482886	37.80427551269531	37.80427551269531	18454634	0.0	0.0
2023-12-19 00:00:00+08:00	37.71426562070975	38.074304269344715	36.724151611328125	36.724151611328125	24098045	0.0	0.0
2023-12-20 00:00:00+08:00	36.76915461331623	37.219205482187256	36.634141412824306	36.67914581298828	21638224	0.0	0.0
2023-12-21 00:00:00+08:00	36.544131106164684	36.769156552467706	36.27410125732422	36.27410125732422	20785380	0.0	0.0
2023-12-22 00:00:00+08:00	36.274099859787924	36.8141629702776	36.229095458984375	36.229095458984375	15113773	0.0	0.0
2023-12-25 00:00:00+08:00	36.36411157822482	36.67914581298828	36.27409934428123	36.67914581298828	4353792	0.0	0.0
2023-12-26 00:00:00+08:00	36.72415273353823	37.08419482679106	36.49912728365918	36.99418258666992	3945883	0.0	0.0
2023-12-27 00:00:00+08:00	36.94917818341728	37.39922908317539	36.81416497365937	36.99418258666992	4368394	0.0	0.0
2023-12-28 00:00:00+08:00	37.03919117336204	37.30922103196023	36.94917893141868	37.12919998168945	2694465	0.0	0.0
2023-12-29 00:00:00+08:00	37.129198318146486	37.35422376249889	37.08419391599916	37.30921936035156	2920515	0.0	0.0
2024-01-02 00:00:00+08:00	37.264213822504075	37.44423142560697	36.94917614984263	37.039188385009766	6205543	0.0	0.0
2024-01-03 00:00:00+08:00	36.85916787312079	36.85916787312079	36.58913803100586	36.58913803100586	5987003	0.0	0.0
2024-01-04 00:00:00+08:00	36.589137510021146	37.129197186561214	36.589137510021146	37.039188385009766	2269439	0.0	0.0
2024-01-05 00:00:00+08:00	37.03919042353843	37.21920803654897	36.99418258666992	36.99418258666992	1313385	0.0	0.0
2024-01-08 00:00:00+08:00	36.99418092678295	37.39922740511445	36.99418092678295	37.17420196533203	1977110	0.0	0.0
2024-01-09 00:00:00+08:00	37.219209069817715	37.219209069817715	36.9041748046875	36.9041748046875	1541718	0.0	0.0
2024-01-10 00:00:00+08:00	36.90417368175734	37.08419472790372	36.6341438293457	36.6341438293457	1984935	0.0	0.0
2024-01-11 00:00:00+08:00	36.45412176644796	36.81416384869869	36.45412176644796	36.724151611328125	3105262	0.0	0.0
2024-01-12 00:00:00+08:00	36.58913803100586	36.724151235255455	36.544130195973594	36.58913803100586	1809470	0.0	0.0
2024-01-15 00:00:00+08:00	36.634142432422394	36.85916787312079	36.544130195973594	36.58913803100586	3386718	0.0	0.0
2024-01-16 00:00:00+08:00	36.229094313542134	36.2740987129228	35.91406008426191	35.95906448364258	8550565	0.0	0.0
2024-01-17 00:00:00+08:00	35.824049007684216	35.95906564379786	35.37399813212633	35.419002532958984	8051464	0.0	0.0
2024-01-18 00:00:00+08:00	35.41900495322432	35.644030406379784	35.374000549316406	35.374000549316406	4575702	0.0	0.0
2024-01-19 00:00:00+08:00	35.283987304688154	35.55401712779642	35.283987304688154	35.46400833129883	4011457	0.0	0.0
2024-01-22 00:00:00+08:00	35.50901691920077	35.689037967051846	35.50901691920077	35.59902572631836	1985127	0.0	0.0
2024-01-23 00:00:00+08:00	35.599024065527864	35.77904510498047	35.55401966406864	35.77904510498047	1611948	0.0	0.0
2024-01-24 00:00:00+08:00	35.77904585916062	35.959066902407855	35.77904585916062	35.9140625	2071440	0.0	0.0
2024-01-25 00:00:00+08:00	35.95906969078205	36.00407409667969	35.779048633575435	36.00407409667969	1578658	0.0	0.0
2024-01-26 00:00:00+08:00	35.82404823120609	36.094078063964844	35.82404823120609	36.094078063964844	1269484	0.0	0.0
2024-01-29 00:00:00+08:00	35.91406008426191	36.09407768178457	35.82404785188501	35.95906448364258	1649263	0.0	0.0
2024-01-30 00:00:00+08:00	36.09407691276939	36.09407691276939	35.64402606132032	35.82404708862305	3385353	0.0	0.0
2024-01-31 00:00:00+08:00	35.824049506439685	35.95906614443308	35.689036302062036	35.77904510498047	3272761	0.0	0.0
2024-02-01 00:00:00+08:00	35.959067274574984	36.1390883196854	35.86905503521186	36.049076080322266	2051049	0.0	0.0
2024-02-02 00:00:00+08:00	35.91406287170134	36.049076080322266	35.82405063233821	36.049076080322266	1699442	0.0	0.0
2024-02-05 00:00:00+08:00	35.824052211958346	35.824052211958346	35.464013539477875	35.50901794433594	3428667	0.0	0.0
2024-02-15 00:00:00+08:00	35.373997753338195	35.509014388006065	35.28398895263672	35.28398895263672	5583744	0.0	0.0
2024-02-16 00:00:00+08:00	35.32899347282154	35.64402770996094	35.32899347282154	35.64402770996094	2575347	0.0	0.0
2024-02-19 00:00:00+08:00	35.824049995257276	36.13908767700195	35.73404119111068	36.13908767700195	2796123	0.0	0.0
2024-02-20 00:00:00+08:00	36.09408123410603	36.22909787915172	36.04907683029611	36.1840934753418	2157666	0.0	0.0
2024-02-21 00:00:00+08:00	36.229096854786775	36.27410125732422	36.0490758110212	36.27410125732422	1990046	0.0	0.0
2024-02-22 00:00:00+08:00	36.18409560922916	36.36411666870117	36.139091202765194	36.36411666870117	3224473	0.0	0.0
2024-02-23 00:00:00+08:00	36.27410228296164	36.31910668677157	36.13908907153187	36.1840934753418	2341061	0.0	0.0
2024-02-26 00:00:00+08:00	36.09407882295803	36.229095458984375	36.09407882295803	36.229095458984375	1737959	0.0	0.0
2024-02-27 00:00:00+08:00	36.13908589743765	36.27409909700922	35.95906486439328	36.094078063964844	2739024	0.0	0.0
2024-02-29 00:00:00+08:00	36.09408096082768	36.40911865234375	36.00407215388932	36.40911865234375	5257281	0.0	0.0
2024-03-01 00:00:00+08:00	36.36411312098424	36.36411312098424	36.00407103716626	36.13908767700195	1890122	0.0	0.0
2024-03-04 00:00:00+08:00	36.00407167744863	36.1390883196854	35.91406287170134	36.049076080322266	2579432	0.0	0.0
2024-03-05 00:00:00+08:00	36.00407167744863	36.22909712543268	36.00407167744863	36.049076080322266	3286327	0.0	0.0
2024-03-06 00:00:00+08:00	36.22909955978393	36.54413383468345	36.00407409667969	36.00407409667969	6308804	0.0	0.0
2024-03-07 00:00:00+08:00	36.00406901057054	36.3191032409668	35.869052378334665	36.3191032409668	4781541	0.0	0.0
2024-03-08 00:00:00+08:00	36.27410442215711	36.45412548162912	36.004074549757156	36.36411666870117	5250862	0.0	0.0
2024-03-11 00:00:00+08:00	36.139091202765194	36.409121075165146	36.139091202765194	36.36411666870117	2849375	0.0	0.0
2024-03-12 00:00:00+08:00	36.27410237550167	36.589140070206675	36.229097971576934	36.544132232666016	4239744	0.0	0.0
2024-03-13 00:00:00+08:00	36.3191032409668	36.49912427274277	36.18409004234651	36.3191032409668	5619814	0.0	0.0
2024-03-14 00:00:00+08:00	36.319104238135424	37.039188385009766	36.319104238135424	37.039188385009766	7330446	0.0	0.0
2024-03-15 00:00:00+08:00	37.03919042353843	37.08419482679106	36.6791483302856	36.99418258666992	7945753	0.0	0.0
2024-03-18 00:00:00+08:00	37.03919042353843	37.39922908317539	36.99418258666992	36.99418258666992	4576450	0.0	0.0
2024-03-19 00:00:00+08:00	36.994181725817	37.039189561638175	36.49912643432617	36.49912643432617	6301120	0.0	0.0
2024-03-20 00:00:00+08:00	36.499127186331954	36.994182488022595	36.454122783199324	36.6341438293457	5799059	0.0	0.0
2024-03-21 00:00:00+08:00	36.904173509597264	37.39922880897845	36.769156867213376	37.219207763671875	5213334	0.0	0.0
2024-03-22 00:00:00+08:00	37.21920879001687	37.534246486394714	36.94917893141868	37.12919998168945	3777273	0.0	0.0
2024-03-25 00:00:00+08:00	36.99418092678295	37.17420196533203	36.85916772308294	37.17420196533203	2358839	0.0	0.0
2024-03-26 00:00:00+08:00	37.08419428628447	37.44423294067383	36.99418204747527	37.44423294067383	4662874	0.0	0.0
2024-03-27 00:00:00+08:00	37.4442328367396	37.4442328367396	36.994181944790256	37.08419418334961	2817368	0.0	0.0
2024-03-28 00:00:00+08:00	36.9491739879354	37.174199412263405	36.81416079350789	36.85916519165039	3672033	0.0	0.0
2024-03-29 00:00:00+08:00	36.90417238677667	37.08419342660605	36.85916798522326	36.94917678833008	1639000	0.0	0.0
2024-04-01 00:00:00+08:00	37.174203360749196	37.35422440605576	37.08419455490383	37.219207763671875	2161007	0.0	0.0
2024-04-02 00:00:00+08:00	37.03919042353843	37.1291992300437	36.94917818341728	36.99418258666992	1992340	0.0	0.0
2024-04-03 00:00:00+08:00	37.44423142560697	38.164315572481314	36.99418055061835	37.039188385009766	4812010	0.0	0.0
2024-04-08 00:00:00+08:00	37.35422488458142	37.759271383306086	37.174203836968694	37.57925033569336	4645423	0.0	0.0
2024-04-09 00:00:00+08:00	37.624254466387875	37.8492799158682	37.53424566004209	37.80427551269531	4247993	0.0	0.0
2024-04-10 00:00:00+08:00	37.89428000041927	38.38933867974933	37.89428000041927	38.25432205200195	5653253	0.0	0.0
2024-04-11 00:00:00+08:00	38.07430293143338	38.07430293143338	37.53424326065047	37.84927749633789	3403275	0.0	0.0
2024-04-12 00:00:00+08:00	37.57924791873125	37.849277755975045	37.35422248209214	37.62425231933594	4652934	0.0	0.0
2024-04-15 00:00:00+08:00	37.6242520612424	38.029298531137414	37.53424326065047	37.84927749633789	4153324	0.0	0.0
2024-04-16 00:00:00+08:00	37.624256050870414	37.714268294622784	37.039191917752085	37.264217376708984	5317900	0.0	0.0
2024-04-17 00:00:00+08:00	37.174202720293806	37.53424480470397	37.03918951385184	37.30921936035156	5855369	0.0	0.0
2024-04-18 00:00:00+08:00	37.354225354024706	37.939292907714844	37.354225354024706	37.939292907714844	5434025	0.0	0.0
2024-04-19 00:00:00+08:00	37.80427551269531	38.02930096217564	37.35422461373465	37.80427551269531	7753971	0.0	0.0
2024-04-22 00:00:00+08:00	37.98429437230936	38.43434524536133	37.894282137529565	38.43434524536133	7994395	0.0	0.0
2024-04-23 00:00:00+08:00	38.43434739271886	38.704377244913694	38.299330749813514	38.6143684387207	8614245	0.0	0.0
2024-04-24 00:00:00+08:00	38.614366543580424	38.88439638252256	38.164315667471634	38.209320068359375	5530000	0.0	0.0
2024-04-25 00:00:00+08:00	38.164313255914024	38.56935627192519	37.89428000041927	38.25432205200195	2734220	0.0	0.0
2024-04-26 00:00:00+08:00	38.164316794567476	38.70437648840118	38.074304556518	38.47935104370117	5901526	0.0	0.0
2024-04-29 00:00:00+08:00	38.704374687977875	39.24443435668945	38.704374687977875	39.24443435668945	8537672	0.0	0.0
2024-04-30 00:00:00+08:00	39.244437526932686	39.42445857558421	38.929403267004446	39.334449768066406	7872874	0.0	0.0
2024-05-02 00:00:00+08:00	39.33444874487239	39.60447859401753	39.199432103491915	39.42445755004883	6713307	0.0	0.0
2024-05-03 00:00:00+08:00	39.424458301115706	39.82950479935778	39.33444949422453	39.55947494506836	6449703	0.0	0.0
2024-05-06 00:00:00+08:00	39.69448899500022	40.05453109741211	39.469463539396784	40.05453109741211	10673966	0.0	0.0
2024-05-07 00:00:00+08:00	40.05452997450108	40.23455102066021	39.424458029752046	39.78450012207031	8302653	0.0	0.0
2024-05-08 00:00:00+08:00	39.78449899148565	39.78449899148565	39.33444810568517	39.514469146728516	5832213	0.0	0.0
2024-05-09 00:00:00+08:00	39.46945940747188	39.78449707250604	38.92939974400704	39.10942077636719	6191336	0.0	0.0
2024-05-10 00:00:00+08:00	39.37945314075636	41.40468215942383	39.37945314075636	41.40468215942383	23752303	0.0	0.0
2024-05-13 00:00:00+08:00	41.04464172955169	41.22466278076172	40.50458200953758	41.22466278076172	12497845	0.0	0.0
2024-05-14 00:00:00+08:00	41.13465182511754	41.31467286693213	40.59458869967374	41.044639587402344	8523165	0.0	0.0
2024-05-15 00:00:00+08:00	41.044639587402344	41.40468167103154	40.95463078330294	41.044639587402344	8971176	0.0	0.0
2024-05-16 00:00:00+08:00	41.13465257954677	41.269665788172084	40.819614892189335	41.179656982421875	14549555	0.0	0.0
2024-05-17 00:00:00+08:00	41.179653409082164	41.179653409082164	40.144535064697266	40.144535064697266	11127400	0.0	0.0
2024-05-20 00:00:00+08:00	40.14453744476974	40.95463040871816	40.14453744476974	40.90962600708008	7287751	0.0	0.0
2024-05-21 00:00:00+08:00	40.50457712368737	40.50457712368737	39.82950083829258	40.144535064697266	6863286	0.0	0.0
2024-05-22 00:00:00+08:00	39.87450779519944	40.189545475429235	39.469461311255856	39.514469146728516	8536785	0.0	0.0
2024-05-23 00:00:00+08:00	39.424458301115706	39.60447934851395	39.15442844682629	39.55947494506836	5050905	0.0	0.0
2024-05-24 00:00:00+08:00	39.51446812731923	39.73949356441418	39.1994304552169	39.60447692871094	4554621	0.0	0.0
2024-05-27 00:00:00+08:00	39.42445539079853	39.514467624660874	38.974404522333664	39.24443435668945	5389623	0.0	0.0
2024-05-28 00:00:00+08:00	39.10942431565598	39.42445857558421	38.88439886324554	39.334449768066406	3755376	0.0	0.0
2024-05-29 00:00:00+08:00	39.42445865346074	39.46946305730854	38.344335793033885	38.524356842041016	11592811	0.0	0.0
2024-05-30 00:00:00+08:00	38.25432641165597	38.61436850427084	37.80427551269531	37.80427551269531	9759820	0.0	0.0
2024-05-31 00:00:00+08:00	37.80427747383122	38.119311746000065	37.39923095703125	37.39923095703125	16446130	0.0	0.0
2024-06-03 00:00:00+08:00	37.6692583872731	37.6692583872731	37.39922853807713	37.44423294067383	6789981	0.0	0.0
2024-06-04 00:00:00+08:00	37.624253880242506	37.84927932621718	37.08419418334961	37.08419418334961	8223448	0.0	0.0
2024-06-05 00:00:00+08:00	37.08419418334961	37.08419418334961	37.08419418334961	37.08419418334961	0	0.0	0.0
2024-06-06 00:00:00+08:00	36.904174331295756	37.039190976685894	36.229097971576934	36.544132232666016	13280143	0.0	0.0
2024-06-07 00:00:00+08:00	36.54413316115409	37.399230591913515	36.54413316115409	37.264217376708984	4723735	0.0	0.0
2024-06-11 00:00:00+08:00	37.08419632282026	37.714268294622784	36.99418407906789	37.264217376708984	6102442	0.0	0.0
2024-06-12 00:00:00+08:00	37.26421495820424	37.71426584690904	37.26421495820424	37.30921936035156	3782409	0.0	0.0
2024-06-13 00:00:00+08:00	37.62425193946458	37.93928960774797	37.48923873901367	37.48923873901367	4104935	0.0	0.0
2024-06-14 00:00:00+08:00	37.62425231933594	37.75926895476567	37.35422248209214	37.62425231933594	5257070	0.0	0.0
2024-06-17 00:00:00+08:00	37.71426912299606	37.93929458689552	37.57925247120995	37.759273529052734	7128295	0.0	0.0
2024-06-18 00:00:00+08:00	37.894285070034115	38.02930171584443	37.71426745377494	37.939292907714844	4845707	0.0	0.0
2024-06-19 00:00:00+08:00	37.93929182563514	39.289444510766415	37.84927958645689	38.839393615722656	20419350	0.0	0.0
2024-06-20 00:00:00+08:00	38.83939292405533	39.874507904052734	38.569359644945266	39.874507904052734	18142401	0.0	0.0
2024-06-21 00:00:00+08:00	39.60447779533614	40.32455852307364	38.884397067598634	40.09953308105469	25593416	0.0	0.0
2024-06-24 00:00:00+08:00	40.09953420512739	40.369564056396484	39.379453457204534	40.369564056396484	24387869	0.0	0.0
2024-06-25 00:00:00+08:00	40.23454832748153	40.23454832748153	39.10942115631938	39.24443435668945	13812273	0.0	0.0
2024-06-26 00:00:00+08:00	39.37945585141237	39.604481313420436	38.79438827674496	39.1544303894043	10638856	0.0	0.0
2024-06-27 00:00:00+08:00	38.83939106883939	39.469459533691406	38.43434460313766	39.469459533691406	12573388	0.0	0.0
2024-06-28 00:00:00+08:00	39.469459533691406	39.874505999393136	39.33444633420124	39.469459533691406	9032521	0.0	0.0
2024-07-01 00:00:00+08:00	39.78450012207031	40.009525571365266	39.559474672775366	39.78450012207031	5975255	0.0	0.0
2024-07-02 00:00:00+08:00	39.784499367513355	40.09953361710497	39.60447832476852	39.64948272705078	12127902	0.0	0.0
2024-07-03 00:00:00+08:00	39.73949647885151	41.08964920043945	39.73949647885151	41.08964920043945	27511448	0.0	0.0
2024-07-04 00:00:00+08:00	40.954629884296374	41.40468076214579	40.50457900644697	41.359676361083984	19967988	0.0	0.0
2024-07-05 00:00:00+08:00	41.13464979083614	41.17965419066019	40.2795524597168	40.2795524597168	8219869	0.0	0.0
2024-07-08 00:00:00+08:00	40.27955487860089	40.45957592232339	40.144538237405065	40.23455047607422	8044815	0.0	0.0
2024-07-09 00:00:00+08:00	40.32455852307364	40.459575161731316	39.964519876012766	40.09953308105469	8889651	0.0	0.0
2024-07-10 00:00:00+08:00	40.009523901990455	40.27955374315438	39.87450726460063	39.96451950073242	8279135	0.0	0.0
2024-07-11 00:00:00+08:00	40.00952751860988	40.54958724975586	39.87451086901537	40.54958724975586	10573220	0.0	0.0
2024-07-12 00:00:00+08:00	40.414570461661036	41.224659986778754	40.27955382400022	41.13465118408203	13781964	0.0	0.0
2024-07-15 00:00:00+08:00	41.08964704724814	41.134651448886224	40.68460056527394	40.90962600708008	12709449	0.0	0.0
2024-07-16 00:00:00+08:00	40.68460033636703	40.68460033636703	40.2345494552869	40.32455825805664	15951370	0.0	0.0
2024-07-17 00:00:00+08:00	40.324559826931846	40.45957646995516	39.69448788218281	39.78450012207031	21495495	0.0	0.0
2024-07-18 00:00:00+08:00	38.27250059207756	39.78449917351269	38.2252513123244	39.45375061035156	43995239	2.1	0.0
2024-07-19 00:00:00+08:00	39.45374935827851	39.548247914785904	38.036249381334365	38.697750091552734	26652619	0.0	0.0
2024-07-22 00:00:00+08:00	38.69775053000975	38.69775053000975	38.13074836987448	38.6505012512207	13979499	0.0	0.0
2024-07-23 00:00:00+08:00	38.6505026348355	38.93400192260742	38.41425262754406	38.93400192260742	12301906	0.0	0.0
2024-07-26 00:00:00+08:00	38.981248485853236	38.981248485853236	38.461499227019615	38.7922477722168	8512594	0.0	0.0
2024-07-29 00:00:00+08:00	38.79224720867777	39.31199645996094	38.697748655676726	39.31199645996094	9707013	0.0	0.0
2024-07-30 00:00:00+08:00	39.500999607197016	39.500999607197016	38.555999599345945	39.028499603271484	7645021	0.0	0.0
2024-07-31 00:00:00+08:00	38.83949778263478	39.311997773201576	38.65050067031914	39.170249938964844	13719341	0.0	0.0
2024-08-01 00:00:00+08:00	39.07574976404887	39.12300264941838	38.50875118850502	38.93400192260742	10539015	0.0	0.0
2024-08-02 00:00:00+08:00	38.74499922647696	39.170249938964844	38.50874923119356	39.170249938964844	8224145	0.0	0.0
2024-08-05 00:00:00+08:00	38.6032487511428	38.6505016352903	37.56375018789866	38.1307487487793	12069385	0.0	0.0
2024-08-06 00:00:00+08:00	38.69775175115188	39.40650177001953	38.272501018853475	39.40650177001953	15401672	0.0	0.0
2024-08-07 00:00:00+08:00	38.981247919568574	39.31199645996094	38.886749366567535	39.31199645996094	5533022	0.0	0.0
2024-08-08 00:00:00+08:00	38.83949815081312	40.25699813595066	38.83949815081312	40.020748138427734	11465117	0.0	0.0
2024-08-09 00:00:00+08:00	40.25699827656735	41.06025043388436	40.068001161799955	40.91849899291992	11778243	0.0	0.0
2024-08-12 00:00:00+08:00	40.63499818999192	41.10749816894531	40.63499818999192	41.10749816894531	5259268	0.0	0.0
2024-08-13 00:00:00+08:00	41.29650182977735	41.29650182977735	40.635001091038454	41.20199966430664	4408981	0.0	0.0
2024-08-14 00:00:00+08:00	41.29650100384363	41.816250286425934	41.013001722879544	41.76900100708008	13258159	0.0	0.0
2024-08-15 00:00:00+08:00	42.05250044672112	42.05250044672112	41.29650115966797	41.29650115966797	5945972	0.0	0.0
2024-08-16 00:00:00+08:00	41.627250002173	41.81625072643411	41.249252158539754	41.72175216674805	13115416	0.0	0.0
2024-08-19 00:00:00+08:00	41.72175041663196	41.91074752807617	41.57999897815998	41.91074752807617	5925371	0.0	0.0
2024-08-20 00:00:00+08:00	42.05250013291702	42.33599941283531	41.76900085299874	42.24150085449219	9651440	0.0	0.0
2024-08-21 00:00:00+08:00	42.33599912453776	42.33599912453776	41.48550129057458	41.81624984741211	4546018	0.0	0.0
2024-08-22 00:00:00+08:00	41.8162492652663	42.33599853515625	41.72175070888226	42.33599853515625	5844679	0.0	0.0
2024-08-23 00:00:00+08:00	42.241498881139535	42.47774887084961	42.05249816839372	42.47774887084961	4066131	0.0	0.0
2024-08-26 00:00:00+08:00	42.43050296444368	42.525001525878906	42.005252228207084	42.525001525878906	12509578	0.0	0.0
2024-08-27 00:00:00+08:00	42.524998585418544	42.524998585418544	41.91074716389587	42.43050003051758	5549940	0.0	0.0
2024-08-28 00:00:00+08:00	42.335997870727816	42.43050003051758	41.95800004623515	42.43050003051758	4925619	0.0	0.0
2024-08-29 00:00:00+08:00	42.43050003051758	42.808497855010245	42.19425003837637	42.43050003051758	4822561	0.0	0.0
2024-08-30 00:00:00+08:00	42.525000647060644	42.61949920654297	42.00525136012992	42.61949920654297	8925966	0.0	0.0
2024-09-02 00:00:00+08:00	42.477751138735705	42.666751861572266	42.19425185692535	42.666751861572266	5858534	0.0	0.0
2024-09-03 00:00:00+08:00	42.525000647060644	42.61949920654297	42.2415013637247	42.61949920654297	5939242	0.0	0.0
2024-09-04 00:00:00+08:00	40.91849870109127	42.43050084266918	40.91849870109127	41.86349868774414	10568876	0.0	0.0
2024-09-05 00:00:00+08:00	42.05250013291702	42.52500013441047	42.00525085374546	42.24150085449219	5657847	0.0	0.0
2024-09-06 00:00:00+08:00	42.383246712032324	42.47774887084961	41.957999614465194	42.47774887084961	6779221	0.0	0.0
2024-09-09 00:00:00+08:00	41.67449825730139	42.477750414438084	41.67449825730139	42.28874969482422	7363289	0.0	0.0
2024-09-10 00:00:00+08:00	42.2887488200805	42.52499881348877	41.91074738867174	42.38324737548828	7428862	0.0	0.0
2024-09-11 00:00:00+08:00	42.38324640501222	42.43049928652295	42.005248587147534	42.05249786376953	4461169	0.0	0.0
2024-09-12 00:00:00+08:00	42.33599941283531	42.33599941283531	41.76900085299874	42.24150085449219	5697005	0.0	0.0
2024-09-13 00:00:00+08:00	42.43050003051758	42.43050003051758	41.48550006195272	42.43050003051758	5471575	0.0	0.0
2024-09-16 00:00:00+08:00	42.525001525878906	42.525001525878906	42.336000798119414	42.525001525878906	5601500	0.0	0.0
2024-09-18 00:00:00+08:00	42.43050069642915	42.95024996631909	42.194250700580184	42.33599853515625	9913185	0.0	0.0
2024-09-19 00:00:00+08:00	42.47774887084961	42.524998147813875	42.05249816839372	42.47774887084961	5707403	0.0	0.0
2024-09-20 00:00:00+08:00	42.47775224516129	42.7140022536384	41.95800294748947	42.525001525878906	12394308	0.0	0.0
2024-09-23 00:00:00+08:00	42.61949920654297	42.71400137091426	42.43050208757832	42.61949920654297	10246107	0.0	0.0
2024-09-24 00:00:00+08:00	42.619498539013144	42.7140007019043	42.38324853911864	42.7140007019043	7864648	0.0	0.0
2024-09-25 00:00:00+08:00	42.76124896355589	43.28099822998047	42.71399968567891	43.28099822998047	16080161	0.0	0.0
2024-09-26 00:00:00+08:00	43.280998957580316	43.75349895407113	43.233749678909014	43.659000396728516	14399043	0.0	0.0
2024-09-27 00:00:00+08:00	43.564498520347215	44.13150068278993	43.42275068340322	44.084251403808594	7556973	0.0	0.0
2024-09-30 00:00:00+08:00	44.08425024937331	45.7380002046355	44.03699736674048	45.123748779296875	18133914	0.0	0.0
2024-10-01 00:00:00+08:00	44.88750120289583	45.17100048951526	44.50949975081057	44.84025192260742	5705184	0.0	0.0
2024-10-04 00:00:00+08:00	45.26550109683154	45.69074820967814	44.60400038089733	45.02925109863281	8355869	0.0	0.0
2024-10-07 00:00:00+08:00	44.79299949440546	44.981996602276936	44.41499806888498	44.74574661254883	5257970	0.0	0.0
2024-10-08 00:00:00+08:00	44.69849733558095	45.31274875082955	44.225997356124736	44.74574661254883	8987891	0.0	0.0
2024-10-09 00:00:00+08:00	44.79300163596486	44.79300163596486	43.51724946750592	44.0369987487793	7162264	0.0	0.0
2024-10-11 00:00:00+08:00	43.94250123397163	43.94250123397163	43.32824977476696	43.470001220703125	2894380	0.0	0.0
2024-10-14 00:00:00+08:00	43.28100049441792	43.470001220703125	43.09199976813271	43.470001220703125	5406449	0.0	0.0
2024-10-15 00:00:00+08:00	43.280999898306156	43.989749908447266	43.13925205921131	43.989749908447266	7937935	0.0	0.0
2024-10-16 00:00:00+08:00	43.28099910698522	43.56449838488056	43.091998386758696	43.186500549316406	12397863	0.0	0.0
2024-10-17 00:00:00+08:00	43.47000089604804	44.415000915527344	43.3755023360557	44.415000915527344	6315248	0.0	0.0
2024-10-18 00:00:00+08:00	44.32050132919759	44.981998443603516	44.08425132979865	44.981998443603516	6412999	0.0	0.0
2024-10-21 00:00:00+08:00	45.171000210132995	45.171000210132995	43.84800234579536	44.415000915527344	5783010	0.0	0.0
2024-10-22 00:00:00+08:00	44.22600062891313	44.4150013556597	43.8952520607734	44.36775207519531	3342331	0.0	0.0
2024-10-23 00:00:00+08:00	44.22599806441602	44.22599806441602	43.61175024421884	43.75349807739258	4063613	0.0	0.0
2024-10-24 00:00:00+08:00	43.51724751672976	44.509496755569444	43.328246803405825	44.27324676513672	5487055	0.0	0.0
2024-10-25 00:00:00+08:00	44.27324764055877	44.65124907468092	44.08425052838654	44.178749084472656	3348266	0.0	0.0
2024-10-28 00:00:00+08:00	43.80074765035051	44.41499907957679	43.65899981622134	44.178749084472656	5122537	0.0	0.0
2024-10-29 00:00:00+08:00	43.94250019032557	44.178750191348826	43.61175163084858	44.0369987487793	4285196	0.0	0.0
2024-10-30 00:00:00+08:00	43.848001404013026	44.367750682585495	43.75349924116145	44.084251403808594	3909955	0.0	0.0
2024-11-01 00:00:00+08:00	44.03699734862888	44.131499508966854	43.32824736809372	43.75349807739258	6369818	0.0	0.0
2024-11-04 00:00:00+08:00	43.75349931652126	44.74574859639389	43.75349931652126	44.509498596191406	7325611	0.0	0.0
2024-11-05 00:00:00+08:00	44.414999887001606	45.02925132739443	44.036998446007736	44.981998443603516	7388840	0.0	0.0
2024-11-06 00:00:00+08:00	44.79300192233989	45.170999763460394	44.415000476330434	44.462249755859375	4363007	0.0	0.0
2024-11-07 00:00:00+08:00	44.3204992905146	44.88749782103534	44.27324640889725	44.792999267578125	4567570	0.0	0.0
2024-11-08 00:00:00+08:00	45.07650104624993	45.07650104624993	44.5567517634772	44.934749603271484	5927481	0.0	0.0
2024-11-11 00:00:00+08:00	44.8402522602225	44.88750154086666	43.564500053496026	43.8952522277832	6041069	0.0	0.0
2024-11-12 00:00:00+08:00	43.56449934090645	44.08425223415764	43.517250061035156	43.517250061035156	6499995	0.0	0.0
2024-11-13 00:00:00+08:00	43.23374938964844	43.70624938297793	43.18650011129326	43.23374938964844	5344447	0.0	0.0
2024-11-14 00:00:00+08:00	43.09199905395508	43.422751220694785	42.66675193297239	43.09199905395508	6418591	0.0	0.0
2024-11-15 00:00:00+08:00	42.99749968066361	43.84800111630262	42.95025040199231	43.659000396728516	4517530	0.0	0.0
2024-11-18 00:00:00+08:00	43.75349881063641	43.94249952959092	42.66675098520351	42.76124954223633	6876499	0.0	0.0
2024-11-19 00:00:00+08:00	42.76124796000394	42.76124796000394	41.53274873958931	41.57999801635742	9019319	0.0	0.0
2024-11-20 00:00:00+08:00	41.34375	41.34375	41.34375	41.34375	7203523	0.0	0.0
2024-11-21 00:00:00+08:00	41.4382489982404	41.721751885163165	41.10750043668244	41.29650115966797	5844533	0.0	0.0
2024-11-22 00:00:00+08:00	41.674497446742386	41.910747440442485	41.48550033569336	41.48550033569336	4066132	0.0	0.0
2024-11-25 00:00:00+08:00	41.958000323093565	42.14699743414259	40.91849818787983	41.48550033569336	11702712	0.0	0.0
2024-11-26 00:00:00+08:00	41.48550070796728	41.48550070796728	40.682248559245586	40.96574783325195	4356316	0.0	0.0
2024-11-27 00:00:00+08:00	41.107498438218066	41.107498438218066	40.162498474121094	40.162498474121094	9612955	0.0	0.0
2024-11-28 00:00:00+08:00	40.25699857725319	40.49324857736592	39.78449857702773	39.9734992980957	7325624	0.0	0.0
2024-11-29 00:00:00+08:00	39.68999819017332	39.87899890253285	39.50099747781379	39.737247467041016	6131152	0.0	0.0
2024-12-02 00:00:00+08:00	39.83175065487415	40.54050064086914	39.83175065487415	40.54050064086914	6366387	0.0	0.0
2024-12-03 00:00:00+08:00	40.77674962563344	41.10749816894531	40.4932467543504	41.10749816894531	6408700	0.0	0.0
2024-12-04 00:00:00+08:00	41.06025005641974	41.06025005641974	39.78449791413438	40.06800079345703	9559367	0.0	0.0
2024-12-05 00:00:00+08:00	40.256997467014116	40.63499889872523	39.926248917933506	40.11524963378906	3472021	0.0	0.0
2024-12-06 00:00:00+08:00	40.30425218495051	40.35150146484375	39.92625073602662	40.35150146484375	4188722	0.0	0.0
2024-12-09 00:00:00+08:00	40.162498474121094	40.162498474121094	39.59549993761843	40.162498474121094	5822557	0.0	0.0
2024-12-10 00:00:00+08:00	40.1152507401189	40.25699857725319	39.92625001905094	39.9734992980957	4521193	0.0	0.0
2024-12-11 00:00:00+08:00	40.1625007403818	40.35150146484375	39.92625073602662	40.35150146484375	4558661	0.0	0.0
2024-12-12 00:00:00+08:00	40.39874942913075	40.493247985839844	40.16249943246917	40.493247985839844	4268891	0.0	0.0
2024-12-13 00:00:00+08:00	40.35150102579664	40.49324886393406	39.97349958098562	40.39875030517578	5744046	0.0	0.0
2024-12-16 00:00:00+08:00	40.39875152702372	40.729500097570046	39.3592529296875	39.3592529296875	7720654	0.0	0.0
2024-12-17 00:00:00+08:00	39.73725017228959	40.02074945768469	39.1702516014994	39.87900161743164	17933586	0.0	0.0
2024-12-18 00:00:00+08:00	39.690000455055014	40.20974974003627	39.50099973191029	39.92625045776367	14918354	0.0	0.0
2024-12-19 00:00:00+08:00	39.642749045609506	39.87899903562519	39.02849762961322	39.264747619628906	16237366	0.0	0.0
2024-12-20 00:00:00+08:00	39.21749921704375	39.595500651452724	39.028498499839266	39.170249938964844	22008825	0.0	0.0
2024-12-23 00:00:00+08:00	39.5009986365322	39.59550079792846	38.65050081329903	38.697750091552734	21436824	0.0	0.0
2024-12-24 00:00:00+08:00	38.98125137251774	39.45375138915432	38.46150207519531	38.46150207519531	20103378	0.0	0.0
2024-12-25 00:00:00+08:00	38.839498366376894	38.839498366376894	38.22525053234148	38.6505012512207	11015527	0.0	0.0
2024-12-26 00:00:00+08:00	38.83949704940371	39.02849776304015	38.461499227019615	38.7922477722168	9447945	0.0	0.0
2024-12-27 00:00:00+08:00	38.98125003852051	38.98125003852051	38.5559993171225	38.603248596191406	6627879	0.0	0.0
2024-12-30 00:00:00+08:00	38.603246754096645	38.7449981894281	38.36699676513672	38.36699676513672	4705367	0.0	0.0
2024-12-31 00:00:00+08:00	38.272499961758605	38.319749240733614	38.08349924096967	38.178001403808594	6445448	0.0	0.0
2025-01-02 00:00:00+08:00	38.036251068115234	38.69775180766895	38.036251068115234	38.036251068115234	8977459	0.0	0.0
2025-01-03 00:00:00+08:00	38.414249779137464	38.69774904588799	37.89449691772461	37.89449691772461	5311395	0.0	0.0
2025-01-06 00:00:00+08:00	38.272499961758605	38.65050140333648	38.08349924096967	38.178001403808594	4722549	0.0	0.0
2025-01-07 00:00:00+08:00	38.461499800929296	38.50874907882125	37.98899981223211	38.272499084472656	3732009	0.0	0.0
2025-01-08 00:00:00+08:00	38.46150107162362	38.46150107162362	37.65824890136719	37.65824890136719	6664692	0.0	0.0
2025-01-09 00:00:00+08:00	37.89449838355468	37.89449838355468	37.280250549316406	37.280250549316406	7456077	0.0	0.0
2025-01-10 00:00:00+08:00	37.09124799472949	37.37474725842484	36.94949656043745	37.04399871826172	7769460	0.0	0.0
2025-01-13 00:00:00+08:00	37.04400055040425	37.65824838464252	37.04400055040425	37.280250549316406	7828139	0.0	0.0
2025-01-14 00:00:00+08:00	37.563750342461226	37.941751787862955	37.51650106300825	37.65824890136719	3583095	0.0	0.0
2025-01-15 00:00:00+08:00	37.98900091100361	38.46150091336711	37.84724946833898	38.1307487487793	4651438	0.0	0.0
2025-01-16 00:00:00+08:00	38.55599908875371	38.88675125005484	38.46150053117561	38.6505012512207	4151870	0.0	0.0
2025-01-17 00:00:00+08:00	38.650501102779224	39.31199821306314	38.650501102779224	39.12300109863281	5024899	0.0	0.0
2025-01-20 00:00:00+08:00	39.26474708350879	39.26474708350879	38.74499783354868	38.886749267578125	2540215	0.0	0.0
2025-01-21 00:00:00+08:00	38.98124804740397	39.028497324059444	38.55599734772728	38.83949661254883	2335035	0.0	0.0
2025-01-22 00:00:00+08:00	38.9339987707485	39.075746600714915	38.65049950592695	38.83949661254883	3142881	0.0	0.0
2025-02-03 00:00:00+08:00	38.83949992557115	38.83949992557115	38.27250134756287	38.46150207519531	5136522	0.0	0.0
2025-02-04 00:00:00+08:00	38.83949948143517	38.934001646615265	38.08350018443943	38.508750915527344	4839637	0.0	0.0
2025-02-05 00:00:00+08:00	38.79224820960442	38.88675036993256	38.366997500349875	38.744998931884766	2864689	0.0	0.0
2025-02-06 00:00:00+08:00	38.7449998087988	38.7449998087988	38.41425125238656	38.6505012512207	1793558	0.0	0.0
2025-02-07 00:00:00+08:00	38.461500758984684	38.69775075921814	38.31974931688904	38.603248596191406	2638981	0.0	0.0
2025-02-10 00:00:00+08:00	38.41425066661832	38.41425066661832	37.56374924182892	37.79999923706055	5788653	0.0	0.0
2025-02-11 00:00:00+08:00	37.94175067615506	38.13074778842929	37.658247797966034	37.79999923706055	3312310	0.0	0.0
2025-02-12 00:00:00+08:00	37.79999836377068	37.98899907656729	37.705499809816764	37.89449691772461	2541060	0.0	0.0
2025-02-13 00:00:00+08:00	37.98900060971962	39.1702506062601	37.752750610411525	39.075748443603516	6287739	0.0	0.0
2025-02-14 00:00:00+08:00	38.98125120308791	39.406501937190306	38.74500119579646	38.93400192260742	3420363	0.0	0.0
2025-02-17 00:00:00+08:00	39.311997334399905	39.311997334399905	39.028498064202026	39.217498779296875	2834908	0.0	0.0
2025-02-18 00:00:00+08:00	39.31199821306314	39.31199821306314	38.9340003793136	39.12300109863281	4372743	0.0	0.0
2025-02-19 00:00:00+08:00	39.17024875891459	39.21749803557006	38.69774878258242	38.83949661254883	4241380	0.0	0.0
2025-02-20 00:00:00+08:00	38.933999075562454	39.642749045609506	38.933999075562454	39.264747619628906	6409157	0.0	0.0
2025-02-21 00:00:00+08:00	39.40649935749596	39.689998626708984	39.170249365670315	39.689998626708984	3565658	0.0	0.0
2025-02-24 00:00:00+08:00	39.5955029985515	39.78450012207031	39.31200010349518	39.78450012207031	3737010	0.0	0.0
2025-02-25 00:00:00+08:00	39.500998784295156	39.64275022447537	39.17025023039316	39.59550094604492	3862220	0.0	0.0
2025-02-26 00:00:00+08:00	39.64275227943121	39.78450012207031	39.35925298926394	39.78450012207031	3854270	0.0	0.0
2025-02-27 00:00:00+08:00	39.87900089428186	39.92625017350941	39.500999450683594	39.500999450683594	7367996	0.0	0.0
2025-03-03 00:00:00+08:00	40.25699947928085	41.81625095691814	40.209750199177385	41.67449951171875	18185867	0.0	0.0
2025-03-04 00:00:00+08:00	41.39099971871625	41.76900116468731	40.68224971118725	41.29650115966797	9452272	0.0	0.0
2025-03-05 00:00:00+08:00	41.20200010477057	41.39100083284345	40.965750095901726	41.15475082397461	3642650	0.0	0.0
2025-03-06 00:00:00+08:00	41.39099927902222	41.53275072097778	41.060250720977784	41.34375	4497656	0.0	0.0
2025-03-07 00:00:00+08:00	41.43824658116434	41.57999801635742	41.154747315666924	41.57999801635742	5896282	0.0	0.0
2025-03-10 00:00:00+08:00	41.58000139078409	41.863500679288904	41.34375138288191	41.62725067138672	6190152	0.0	0.0
2025-03-11 00:00:00+08:00	41.10750071412167	41.81625072643411	40.776752150331454	41.72175216674805	8309678	0.0	0.0
2025-03-12 00:00:00+08:00	42.43050241293017	42.43050241293017	41.01300238049226	41.67449951171875	5115793	0.0	0.0
2025-03-13 00:00:00+08:00	41.91074951712507	41.91074951712507	41.4855023913049	41.67449951171875	4997448	0.0	0.0
2025-03-14 00:00:00+08:00	41.76900151487962	42.14699935913086	41.580000790309505	42.14699935913086	6828641	0.0	0.0
2025-03-17 00:00:00+08:00	42.14699796276223	42.14699796276223	41.62724869108092	41.86349868774414	4352190	0.0	0.0
2025-03-18 00:00:00+08:00	42.2887515174018	42.66675297292079	42.0525015089247	42.525001525878906	6475117	0.0	0.0
2025-03-19 00:00:00+08:00	42.71400181178648	42.76125109201533	42.24150179972001	42.57225036621094	6286093	0.0	0.0
2025-03-20 00:00:00+08:00	42.619499919262516	43.18650210030527	42.28875135065435	42.997501373291016	11370534	0.0	0.0
2025-03-21 00:00:00+08:00	43.09199921373253	43.09199921373253	42.33599992320703	42.61949920654297	13081804	0.0	0.0
2025-03-24 00:00:00+08:00	42.80849867467412	43.23374938964844	42.761249396318945	43.23374938964844	12415013	0.0	0.0
2025-03-25 00:00:00+08:00	43.2337485155128	43.3282470703125	43.09199707842445	43.3282470703125	12645534	0.0	0.0
2025-03-26 00:00:00+08:00	43.42275090905219	44.0369987487793	43.2337501872558	44.0369987487793	13264330	0.0	0.0
2025-03-27 00:00:00+08:00	43.75349909172585	44.5567512512207	43.75349909172585	44.5567512512207	15277451	0.0	0.0
2025-03-28 00:00:00+08:00	44.46225019552352	44.46225019552352	43.942500905787696	44.415000915527344	8275966	0.0	0.0
2025-03-31 00:00:00+08:00	43.469999530310304	44.32050096307627	43.18650025435127	44.131500244140625	14126369	0.0	0.0
2025-04-01 00:00:00+08:00	44.17875134844874	44.79300280915284	44.08425278751997	44.36775207519531	12594383	0.0	0.0
2025-04-02 00:00:00+08:00	44.41499893753617	44.698498209776716	44.13149966529562	44.651248931884766	8251161	0.0	0.0
2025-04-07 00:00:00+08:00	40.209747314453125	40.209747314453125	40.209747314453125	40.209747314453125	4083283	0.0	0.0
2025-04-08 00:00:00+08:00	40.9657476906684	41.485500563574696	39.973498432655276	41.43824768066406	15634407	0.0	0.0
2025-04-09 00:00:00+08:00	40.82400043553622	42.52499970266505	40.68224899457178	40.91849899291992	18781524	0.0	0.0
2025-04-10 00:00:00+08:00	43.659001150353	44.17875043448682	42.57224969770951	42.666751861572266	10189035	0.0	0.0
2025-04-11 00:00:00+08:00	41.76900027383624	43.37550097761627	41.76900027383624	42.76124954223633	8798768	0.0	0.0
2025-04-14 00:00:00+08:00	42.57224838751568	43.09199765565381	42.24149983639746	42.80849838256836	6816199	0.0	0.0
2025-04-15 00:00:00+08:00	42.85574736230482	42.85574736230482	42.24149954237661	42.38324737548828	4567097	0.0	0.0
2025-04-16 00:00:00+08:00	41.62725067138672	41.816251398686276	41.24925282167665	41.62725067138672	10211709	0.0	0.0
2025-04-17 00:00:00+08:00	42.05249786376953	42.61949639301093	41.72174932252683	42.05249786376953	5281882	0.0	0.0
2025-04-18 00:00:00+08:00	41.86349715239282	42.288747851768235	41.72174932252683	42.05249786376953	2596773	0.0	0.0
2025-04-21 00:00:00+08:00	42.14699738208001	42.52499881348877	42.05249882667223	42.38324737548828	4893493	0.0	0.0
2025-04-22 00:00:00+08:00	42.38324840338756	42.38324840338756	41.57999984827419	41.81624984741211	8260998	0.0	0.0
2025-04-23 00:00:00+08:00	42.052498300550255	42.47774900434256	41.72174975587222	42.0052490234375	4991000	0.0	0.0
2025-04-24 00:00:00+08:00	42.052498300550255	42.383246845228285	42.0052490234375	42.0052490234375	5241072	0.0	0.0
2025-04-25 00:00:00+08:00	42.335997704190255	42.383246981454874	41.34374846207814	41.53274917602539	6069634	0.0	0.0
2025-04-28 00:00:00+08:00	41.532751284211635	42.335999853149076	41.532751284211635	42.194252014160156	5492541	0.0	0.0
2025-04-29 00:00:00+08:00	42.00524932368563	42.524998585418544	42.00524932368563	42.43050003051758	7287789	0.0	0.0
2025-04-30 00:00:00+08:00	42.0525015089247	42.90300298139789	42.0525015089247	42.525001525878906	7940003	0.0	0.0
2025-05-02 00:00:00+08:00	42.52499881348877	42.52499881348877	41.768999555560065	42.38324737548828	3587676	0.0	0.0
2025-05-05 00:00:00+08:00	42.52500092331587	43.23375093870447	42.38324947828256	43.04475021362305	7556405	0.0	0.0
2025-05-06 00:00:00+08:00	43.09199882478075	43.280999546928435	42.76125026468901	43.139251708984375	8138316	0.0	0.0
2025-05-07 00:00:00+08:00	43.23374982815081	43.46999982721175	42.90300127142107	43.186500549316406	4935502	0.0	0.0
2025-05-08 00:00:00+08:00	42.99750109804856	43.28100038431064	42.4305025255244	42.57225036621094	7283076	0.0	0.0
2025-05-09 00:00:00+08:00	42.477751643267766	43.281000218752574	42.336000198234444	43.04475021362305	3811805	0.0	0.0
2025-05-12 00:00:00+08:00	42.76125065065543	43.04474993399137	42.47775136731948	42.61949920654297	4871592	0.0	0.0
2025-05-13 00:00:00+08:00	42.61949810179822	42.95025026119084	42.43050098773259	42.76124954223633	6435622	0.0	0.0
2025-05-14 00:00:00+08:00	42.95024929225049	43.044747847151456	42.24149931582685	42.43050003051758	6568616	0.0	0.0
2025-05-15 00:00:00+08:00	42.43050128712627	42.52499984482587	41.769000568562305	41.81624984741211	6196523	0.0	0.0
2025-05-16 00:00:00+08:00	42.00524946071008	42.09974801591931	41.674497307700165	41.95800018310547	5533520	0.0	0.0
2025-05-19 00:00:00+08:00	41.91074884511765	42.4305017325889	41.39099956253534	41.76900100708008	19269329	0.0	0.0
2025-05-20 00:00:00+08:00	42.194252083983535	43.32824921732731	41.95800208038876	42.61949920654297	20809397	0.0	0.0
2025-05-21 00:00:00+08:00	42.38324781334827	42.619497809197235	42.194250700580184	42.33599853515625	19404379	0.0	0.0
2025-05-22 00:00:00+08:00	42.24149997361387	42.38324780817263	40.871249276879446	40.96574783325195	19271026	0.0	0.0
2025-05-23 00:00:00+08:00	40.9184980291427	41.01300018918943	40.30425021083861	40.58774948120117	15557313	0.0	0.0
2025-05-26 00:00:00+08:00	40.91850003334061	41.24925220237126	40.35150146484375	40.35150146484375	8308808	0.0	0.0
2025-05-27 00:00:00+08:00	40.4459978795733	40.4459978795733	39.64274934932161	39.689998626708984	8991964	0.0	0.0
2025-05-28 00:00:00+08:00	39.784498140904816	40.115250300370235	39.311998145858965	40.020748138427734	6863430	0.0	0.0
2025-05-29 00:00:00+08:00	40.16249972882378	40.16249972882378	39.40650045490605	39.548248291015625	8227351	0.0	0.0
2025-06-02 00:00:00+08:00	39.40650177001953	39.784499617148875	39.12300248345027	39.40650177001953	6671271	0.0	0.0
2025-06-03 00:00:00+08:00	39.548248729911144	39.595501614027626	39.12300161197426	39.500999450683594	6863106	0.0	0.0
2025-06-04 00:00:00+08:00	39.54824821098994	39.87900037102078	39.12300109863281	39.12300109863281	9326876	0.0	0.0
2025-06-05 00:00:00+08:00	39.264750763182086	39.69000150023383	39.123002920757536	39.3592529296875	4441763	0.0	0.0
2025-06-06 00:00:00+08:00	39.40650227014364	39.83175300783907	39.40650227014364	39.78450012207031	3381160	0.0	0.0
2025-06-09 00:00:00+08:00	40.115251622742385	40.115251622742385	39.73725017228959	39.87900161743164	4206637	0.0	0.0
2025-06-10 00:00:00+08:00	39.92624986820132	40.68224914472794	39.92624986820132	40.44599914550781	4932085	0.0	0.0
2025-06-11 00:00:00+08:00	40.256999574884404	40.8240017521395	40.20975029466874	40.77675247192383	4813466	0.0	0.0
2025-06-12 00:00:00+08:00	40.634999865861694	40.68224914472794	39.87900058933507	40.44599914550781	7655840	0.0	0.0
2025-06-13 00:00:00+08:00	39.97349834951942	41.01300048828125	39.97349834951942	41.01300048828125	7508116	0.0	0.0
2025-06-16 00:00:00+08:00	40.351499923626044	40.7294977532234	39.97349848913984	40.54050064086914	8807284	0.0	0.0
2025-06-17 00:00:00+08:00	40.68224914472794	40.91849914394806	40.209749146287685	40.44599914550781	11450635	0.0	0.0
2025-06-18 00:00:00+08:00	40.39874890512799	40.587749620983544	40.06800035604738	40.11524963378906	10465248	0.0	0.0
2025-06-19 00:00:00+08:00	40.02074828782531	40.44599900593182	39.500999012312434	39.548248291015625	8659988	0.0	0.0
2025-06-20 00:00:00+08:00	39.548248291015625	39.78449828942047	39.311998292610774	39.548248291015625	11900036	0.0	0.0
2025-06-23 00:00:00+08:00	39.17025023039316	39.64275022447537	39.12300095196271	39.59550094604492	6313791	0.0	0.0
2025-06-24 00:00:00+08:00	39.9734992980957	40.25699857725319	39.54824857691501	39.9734992980957	7732632	0.0	0.0
2025-06-25 00:00:00+08:00	40.02074901689156	40.20974974003627	39.831751898635794	39.92625045776367	7379321	0.0	0.0
2025-06-26 00:00:00+08:00	39.87900189105677	40.540502631443466	39.87900189105677	40.30425262451172	9760552	0.0	0.0
2025-06-27 00:00:00+08:00	40.30425202570581	40.91849987166897	40.30425202570581	40.82400131225586	7448948	0.0	0.0
2025-06-30 00:00:00+08:00	40.682250472669104	40.918500479600844	40.30425262451172	40.30425262451172	6822848	0.0	0.0
2025-07-01 00:00:00+08:00	40.30425072886672	41.060249994513306	40.11525001123286	40.96574783325195	7866892	0.0	0.0
2025-07-02 00:00:00+08:00	40.44599760836227	40.776749757633596	40.44599760836227	40.6349983215332	7553564	0.0	0.0
2025-07-03 00:00:00+08:00	40.44599885034779	41.62724883782809	40.44599885034779	41.39099884033203	10618654	0.0	0.0
2025-07-04 00:00:00+08:00	41.39099712498096	41.76899854726484	40.351498621033386	40.682247161865234	22893557	0.0	0.0
2025-07-07 00:00:00+08:00	40.682249745453596	40.682249745453596	39.78449901418289	39.92625045776367	18557679	0.0	0.0
2025-07-08 00:00:00+08:00	40.020746866701344	40.06799974861549	39.264747619628906	39.264747619628906	14501716	0.0	0.0
2025-07-09 00:00:00+08:00	39.2647477538635	39.31199703105042	38.50874850420653	38.7922477722168	10308796	0.0	0.0
2025-07-10 00:00:00+08:00	38.74499879400415	39.59550020948659	38.69774951645263	39.217498779296875	5712868	0.0	0.0
2025-07-11 00:00:00+08:00	39.50099908409027	39.59550124655726	38.55599908875371	38.6505012512207	30194559	0.0	0.0
2025-07-14 00:00:00+08:00	38.886752084656365	39.028499924065756	38.083499908447266	38.083499908447266	29433479	0.0	0.0
2025-07-15 00:00:00+08:00	38.13074655117599	38.650499407731886	38.083497274640564	38.414249420166016	18410957	0.0	0.0
2025-07-16 00:00:00+08:00	38.36699778366092	38.36699778366092	37.79999923706055	37.79999923706055	24942837	0.0	0.0
2025-07-17 00:00:00+08:00	37.25	38.79999923706055	37.0	38.75	37844047	2.2	0.0
2025-07-18 00:00:00+08:00	39.45000076293945	39.5	38.79999923706055	39.04999923706055	21708702	0.0	0.0
2025-07-21 00:00:00+08:00	39.04999923706055	39.599998474121094	38.79999923706055	39.45000076293945	11908097	0.0	0.0
2025-07-22 00:00:00+08:00	39.45000076293945	40.099998474121094	39.45000076293945	39.79999923706055	17121732	0.0	0.0
2025-07-23 00:00:00+08:00	40.0	41.0	39.900001525878906	40.95000076293945	13344470	0.0	0.0
2025-07-24 00:00:00+08:00	40.95000076293945	41.0	39.95000076293945	40.29999923706055	8871761	0.0	0.0
2025-07-25 00:00:00+08:00	40.349998474121094	40.900001525878906	40.29999923706055	40.54999923706055	6172422	0.0	0.0
2025-07-28 00:00:00+08:00	40.849998474121094	40.900001525878906	40.400001525878906	40.70000076293945	5795675	0.0	0.0
2025-07-29 00:00:00+08:00	40.75	40.75	40.099998474121094	40.099998474121094	2887468	0.0	0.0
2025-07-30 00:00:00+08:00	40.29999923706055	40.650001525878906	40.20000076293945	40.5	4590414	0.0	0.0
2025-07-31 00:00:00+08:00	40.150001525878906	40.54999923706055	40.099998474121094	40.5	4015747	0.0	0.0
2025-08-04 00:00:00+08:00	39.849998474121094	40.54999923706055	39.849998474121094	40.5	3521562	0.0	0.0
2025-08-05 00:00:00+08:00	40.54999923706055	40.79999923706055	40.150001525878906	40.150001525878906	5284399	0.0	0.0
2025-08-06 00:00:00+08:00	40.5	40.5	40.099998474121094	40.400001525878906	9952111	0.0	0.0
2025-08-07 00:00:00+08:00	40.400001525878906	40.45000076293945	40.099998474121094	40.400001525878906	3567980	0.0	0.0
2025-08-08 00:00:00+08:00	40.150001525878906	40.29999923706055	40.0	40.29999923706055	3407254	0.0	0.0
2025-08-11 00:00:00+08:00	40.25	40.25	39.400001525878906	39.54999923706055	5873849	0.0	0.0
2025-08-12 00:00:00+08:00	39.45000076293945	39.70000076293945	39.150001525878906	39.29999923706055	4326639	0.0	0.0
2025-08-13 00:00:00+08:00	39.599998474121094	39.599998474121094	39.150001525878906	39.5	4298723	0.0	0.0
2025-08-14 00:00:00+08:00	39.599998474121094	39.79999923706055	39.29999923706055	39.79999923706055	4494175	0.0	0.0
2025-08-15 00:00:00+08:00	39.79999923706055	39.79999923706055	39.20000076293945	39.400001525878906	3682570	0.0	0.0
2025-08-18 00:00:00+08:00	39.400001525878906	39.400001525878906	38.95000076293945	39.150001525878906	5560177	0.0	0.0
2025-08-19 00:00:00+08:00	39.0	39.0	38.29999923706055	38.29999923706055	8584276	0.0	0.0
2025-08-20 00:00:00+08:00	38.29999923706055	38.45000076293945	38.0	38.25	5731969	0.0	0.0
2025-08-21 00:00:00+08:00	38.5	38.599998474121094	38.04999923706055	38.150001525878906	5596370	0.0	0.0
2025-08-22 00:00:00+08:00	38.04999923706055	38.150001525878906	37.900001525878906	37.95000076293945	4839140	0.0	0.0
2025-08-25 00:00:00+08:00	38.25	38.29999923706055	37.900001525878906	38.099998474121094	5925231	0.0	0.0
2025-08-26 00:00:00+08:00	37.95000076293945	37.95000076293945	37.29999923706055	37.5	15306924	0.0	0.0
2025-08-27 00:00:00+08:00	37.5	37.650001525878906	37.349998474121094	37.349998474121094	4997341	0.0	0.0
2025-08-28 00:00:00+08:00	37.349998474121094	37.54999923706055	37.099998474121094	37.099998474121094	7854759	0.0	0.0
2025-08-29 00:00:00+08:00	37.20000076293945	37.349998474121094	36.70000076293945	37.04999923706055	8512356	0.0	0.0
2025-09-01 00:00:00+08:00	37.04999923706055	37.04999923706055	36.29999923706055	36.349998474121094	5789204	0.0	0.0
2025-09-02 00:00:00+08:00	36.400001525878906	36.599998474121094	36.150001525878906	36.29999923706055	3723702	0.0	0.0
2025-09-03 00:00:00+08:00	36.5	36.599998474121094	36.20000076293945	36.400001525878906	3447136	0.0	0.0
2025-09-04 00:00:00+08:00	36.54999923706055	36.599998474121094	36.349998474121094	36.400001525878906	3389243	0.0	0.0
2025-09-05 00:00:00+08:00	36.599998474121094	36.79999923706055	36.349998474121094	36.400001525878906	3949719	0.0	0.0
2025-09-08 00:00:00+08:00	36.400001525878906	36.5	36.04999923706055	36.29999923706055	3138243	0.0	0.0
2025-09-09 00:00:00+08:00	36.400001525878906	36.5	36.150001525878906	36.29999923706055	5186376	0.0	0.0
2025-09-10 00:00:00+08:00	36.25	36.599998474121094	35.95000076293945	36.400001525878906	5356726	0.0	0.0
2025-09-11 00:00:00+08:00	36.25	36.400001525878906	36.0	36.099998474121094	6648891	0.0	0.0
2025-09-12 00:00:00+08:00	36.349998474121094	36.650001525878906	36.29999923706055	36.54999923706055	6677430	0.0	0.0
2025-09-15 00:00:00+08:00	36.599998474121094	36.900001525878906	36.54999923706055	36.79999923706055	6069761	0.0	0.0
2025-09-16 00:00:00+08:00	36.900001525878906	36.900001525878906	36.25	36.25	7602613	0.0	0.0
2025-09-17 00:00:00+08:00	36.25	36.5	36.150001525878906	36.25	3561411	0.0	0.0
2025-09-18 00:00:00+08:00	36.54999923706055	36.54999923706055	35.95000076293945	36.0	7705720	0.0	0.0
2025-09-19 00:00:00+08:00	36.150001525878906	36.45000076293945	36.0	36.400001525878906	10963294	0.0	0.0
2025-09-22 00:00:00+08:00	36.45000076293945	37.099998474121094	36.25	37.04999923706055	7428161	0.0	0.0
2025-09-23 00:00:00+08:00	37.20000076293945	37.25	36.650001525878906	36.849998474121094	5919562	0.0	0.0
2025-09-24 00:00:00+08:00	37.0	37.25	36.75	37.099998474121094	4151930	0.0	0.0
2025-09-25 00:00:00+08:00	37.25	37.25	36.900001525878906	37.099998474121094	7691054	0.0	0.0
2025-09-26 00:00:00+08:00	37.099998474121094	37.29999923706055	36.95000076293945	37.150001525878906	3354723	0.0	0.0
2025-09-30 00:00:00+08:00	37.45000076293945	38.150001525878906	37.400001525878906	38.150001525878906	8977383	0.0	0.0
2025-10-01 00:00:00+08:00	38.20000076293945	38.25	37.25	37.349998474121094	5636424	0.0	0.0
2025-10-02 00:00:00+08:00	37.349998474121094	37.54999923706055	37.04999923706055	37.20000076293945	3693148	0.0	0.0
2025-10-03 00:00:00+08:00	37.400001525878906	37.5	37.04999923706055	37.349998474121094	3176727	0.0	0.0
2025-10-07 00:00:00+08:00	37.29999923706055	37.650001525878906	36.900001525878906	37.349998474121094	3467576	0.0	0.0
2025-10-08 00:00:00+08:00	37.45000076293945	37.599998474121094	37.20000076293945	37.29999923706055	3208467	0.0	0.0
2025-10-09 00:00:00+08:00	37.29999923706055	37.45000076293945	37.099998474121094	37.150001525878906	2849539	0.0	0.0
2025-10-13 00:00:00+08:00	37.099998474121094	37.150001525878906	36.349998474121094	36.95000076293945	4954916	0.0	0.0
2025-10-14 00:00:00+08:00	36.75	37.25	36.75	36.849998474121094	5122166	0.0	0.0
2025-10-15 00:00:00+08:00	36.75	37.0	36.70000076293945	36.70000076293945	3639457	0.0	0.0
2025-10-16 00:00:00+08:00	36.70000076293945	36.79999923706055	36.45000076293945	36.45000076293945	4185402	0.0	0.0
2025-10-17 00:00:00+08:00	36.599998474121094	37.150001525878906	36.599998474121094	36.79999923706055	3505163	0.0	0.0
2025-10-20 00:00:00+08:00	36.900001525878906	37.150001525878906	36.54999923706055	36.900001525878906	1831023	0.0	0.0
2025-10-21 00:00:00+08:00	37.04999923706055	37.099998474121094	36.79999923706055	37.0	2405494	0.0	0.0
2025-10-22 00:00:00+08:00	37.150001525878906	37.5	37.0	37.349998474121094	4992057	0.0	0.0
2025-10-23 00:00:00+08:00	37.349998474121094	37.650001525878906	37.20000076293945	37.650001525878906	3391572	0.0	0.0
2025-10-27 00:00:00+08:00	37.70000076293945	37.900001525878906	36.95000076293945	37.0	4762483	0.0	0.0
2025-10-28 00:00:00+08:00	37.400001525878906	37.400001525878906	36.400001525878906	36.5	4014519	0.0	0.0
2025-10-29 00:00:00+08:00	36.599998474121094	36.70000076293945	36.150001525878906	36.20000076293945	5799560	0.0	0.0
2025-10-30 00:00:00+08:00	36.20000076293945	36.5	35.95000076293945	36.45000076293945	6512595	0.0	0.0
2025-10-31 00:00:00+08:00	36.650001525878906	36.650001525878906	36.20000076293945	36.29999923706055	3179070	0.0	0.0
2025-11-03 00:00:00+08:00	36.099998474121094	36.099998474121094	35.45000076293945	35.45000076293945	8349137	0.0	0.0
2025-11-04 00:00:00+08:00	35.45000076293945	36.04999923706055	35.349998474121094	35.54999923706055	3998115	0.0	0.0
2025-11-05 00:00:00+08:00	35.54999923706055	35.79999923706055	35.0	35.70000076293945	3494543	0.0	0.0
2025-11-06 00:00:00+08:00	36.0	36.099998474121094	35.650001525878906	36.0	3289408	0.0	0.0
2025-11-07 00:00:00+08:00	36.099998474121094	36.5	36.0	36.099998474121094	3336895	0.0	0.0
2025-11-10 00:00:00+08:00	36.5	37.45000076293945	36.5	37.25	6966223	0.0	0.0
2025-11-11 00:00:00+08:00	37.20000076293945	37.20000076293945	36.70000076293945	36.900001525878906	3138965	0.0	0.0
2025-11-12 00:00:00+08:00	37.150001525878906	37.150001525878906	36.79999923706055	36.900001525878906	2680827	0.0	0.0
2025-11-13 00:00:00+08:00	36.900001525878906	37.25	36.75	37.25	4538137	0.0	0.0
2025-11-14 00:00:00+08:00	37.099998474121094	37.45000076293945	36.900001525878906	37.400001525878906	5335006	0.0	0.0
2025-11-17 00:00:00+08:00	37.400001525878906	37.79999923706055	37.150001525878906	37.650001525878906	8417495	0.0	0.0
2025-11-18 00:00:00+08:00	37.650001525878906	37.70000076293945	36.849998474121094	37.150001525878906	10988785	0.0	0.0
2025-11-19 00:00:00+08:00	37.400001525878906	37.650001525878906	36.70000076293945	37.54999923706055	7404502	0.0	0.0
2025-11-20 00:00:00+08:00	37.70000076293945	37.75	37.400001525878906	37.650001525878906	5398815	0.0	0.0
2025-11-21 00:00:00+08:00	37.650001525878906	37.75	37.349998474121094	37.400001525878906	5819678	0.0	0.0
2025-11-24 00:00:00+08:00	37.54999923706055	38.349998474121094	37.54999923706055	38.349998474121094	17004397	0.0	0.0
2025-11-25 00:00:00+08:00	38.29999923706055	38.400001525878906	37.70000076293945	37.849998474121094	5407294	0.0	0.0
2025-11-26 00:00:00+08:00	38.0	38.29999923706055	37.70000076293945	37.95000076293945	3154479	0.0	0.0
2025-11-27 00:00:00+08:00	37.79999923706055	38.900001525878906	37.79999923706055	38.849998474121094	8659366	0.0	0.0
2025-11-28 00:00:00+08:00	38.900001525878906	39.0	38.599998474121094	38.79999923706055	4452639	0.0	0.0
2025-12-01 00:00:00+08:00	38.5	39.04999923706055	38.5	39.0	5632255	0.0	0.0
2025-12-02 00:00:00+08:00	39.0	39.25	38.599998474121094	38.900001525878906	5540832	0.0	0.0
2025-12-03 00:00:00+08:00	39.099998474121094	39.400001525878906	38.849998474121094	38.95000076293945	5331749	0.0	0.0
2025-12-04 00:00:00+08:00	38.95000076293945	39.20000076293945	38.599998474121094	38.75	5274444	0.0	0.0
2025-12-05 00:00:00+08:00	38.79999923706055	38.79999923706055	38.150001525878906	38.29999923706055	2466618	0.0	0.0
2025-12-08 00:00:00+08:00	38.5	38.650001525878906	38.349998474121094	38.349998474121094	2254094	0.0	0.0
2025-12-09 00:00:00+08:00	38.45000076293945	38.45000076293945	38.099998474121094	38.25	3292696	0.0	0.0
2025-12-10 00:00:00+08:00	38.29999923706055	38.70000076293945	38.29999923706055	38.70000076293945	4756860	0.0	0.0
2025-12-11 00:00:00+08:00	38.400001525878906	38.599998474121094	38.0	38.20000076293945	5005491	0.0	0.0
2025-12-12 00:00:00+08:00	38.5	38.650001525878906	37.70000076293945	37.70000076293945	3540712	0.0	0.0
2025-12-15 00:00:00+08:00	37.70000076293945	38.5	37.599998474121094	38.29999923706055	4991298	0.0	0.0
2025-12-16 00:00:00+08:00	37.75	38.04999923706055	36.70000076293945	36.70000076293945	17428635	0.0	0.0
2025-12-17 00:00:00+08:00	36.900001525878906	37.150001525878906	36.20000076293945	36.29999923706055	20298902	0.0	0.0
2025-12-18 00:00:00+08:00	36.25	36.95000076293945	36.099998474121094	36.29999923706055	17936930	0.0	0.0
2025-12-19 00:00:00+08:00	36.29999923706055	36.849998474121094	35.95000076293945	35.95000076293945	30639326	0.0	0.0
2025-12-22 00:00:00+08:00	36.20000076293945	36.54999923706055	35.95000076293945	36.29999923706055	22051701	0.0	0.0
2025-12-23 00:00:00+08:00	36.25	36.75	36.20000076293945	36.349998474121094	16052424	0.0	0.0
2025-12-24 00:00:00+08:00	36.54999923706055	36.75	36.25	36.45000076293945	15655721	0.0	0.0
2025-12-26 00:00:00+08:00	36.45000076293945	37.04999923706055	36.400001525878906	36.70000076293945	11102846	0.0	0.0
2025-12-29 00:00:00+08:00	36.900001525878906	37.099998474121094	36.70000076293945	36.79999923706055	4061634	0.0	0.0
2025-12-30 00:00:00+08:00	36.849998474121094	38.0	36.29999923706055	37.099998474121094	24650369	0.0	0.0
2025-12-31 00:00:00+08:00	37.150001525878906	37.5	36.75	37.20000076293945	25941680	0.0	0.0
2026-01-02 00:00:00+08:00	37.04999923706055	37.70000076293945	36.349998474121094	37.70000076293945	30274053	0.0	0.0
2026-01-05 00:00:00+08:00	37.29999923706055	38.04999923706055	36.75	37.79999923706055	20978818	0.0	0.0
2026-01-06 00:00:00+08:00	37.5	37.900001525878906	37.0	37.04999923706055	9802668	0.0	0.0
2026-01-07 00:00:00+08:00	37.04999923706055	37.099998474121094	36.54999923706055	36.79999923706055	9161136	0.0	0.0
2026-01-08 00:00:00+08:00	36.75	37.150001525878906	36.70000076293945	37.099998474121094	5596203	0.0	0.0
2026-01-09 00:00:00+08:00	37.099998474121094	37.150001525878906	36.75	37.099998474121094	4576738	0.0	0.0
2026-01-12 00:00:00+08:00	37.099998474121094	37.599998474121094	37.0	37.5	6266592	0.0	0.0
2026-01-13 00:00:00+08:00	37.54999923706055	37.70000076293945	37.29999923706055	37.599998474121094	5580044	0.0	0.0
2026-01-14 00:00:00+08:00	37.599998474121094	37.70000076293945	36.849998474121094	36.849998474121094	7913765	0.0	0.0
2026-01-15 00:00:00+08:00	36.900001525878906	37.29999923706055	36.70000076293945	36.75	7610929	0.0	0.0
2026-01-16 00:00:00+08:00	36.849998474121094	36.95000076293945	36.70000076293945	36.79999923706055	4643570	0.0	0.0
2026-01-19 00:00:00+08:00	36.599998474121094	37.04999923706055	36.5	36.79999923706055	10074286	0.0	0.0
2026-01-20 00:00:00+08:00	36.79999923706055	36.79999923706055	36.0	36.04999923706055	13765793	0.0	0.0
2026-01-21 00:00:00+08:00	36.04999923706055	36.04999923706055	35.5	35.54999923706055	11345562	0.0	0.0
2026-01-22 00:00:00+08:00	35.75	35.900001525878906	35.45000076293945	35.5	9446757	0.0	0.0
2026-01-23 00:00:00+08:00	35.70000076293945	35.75	35.20000076293945	35.29999923706055	12228346	0.0	0.0
2026-01-26 00:00:00+08:00	35.5	36.099998474121094	35.20000076293945	36.099998474121094	10613351	0.0	0.0
2026-01-27 00:00:00+08:00	36.099998474121094	36.400001525878906	35.54999923706055	35.599998474121094	11779905	0.0	0.0
2026-01-28 00:00:00+08:00	35.599998474121094	35.75	35.5	35.5	7842488	0.0	0.0
2026-01-29 00:00:00+08:00	35.70000076293945	35.849998474121094	35.400001525878906	35.400001525878906	9242068	0.0	0.0
2026-01-30 00:00:00+08:00	35.5	35.599998474121094	35.150001525878906	35.150001525878906	7429669	0.0	0.0
2026-02-02 00:00:00+08:00	35.25	35.25	34.599998474121094	34.599998474121094	10239096	0.0	0.0
2026-02-03 00:00:00+08:00	34.79999923706055	34.849998474121094	34.400001525878906	34.400001525878906	6696470	0.0	0.0
2026-02-04 00:00:00+08:00	34.400001525878906	35.150001525878906	34.25	35.0	7182188	0.0	0.0
2026-02-05 00:00:00+08:00	35.0	35.5	35.0	35.349998474121094	5954307	0.0	0.0
2026-02-06 00:00:00+08:00	35.29999923706055	35.599998474121094	35.099998474121094	35.5	6886366	0.0	0.0
2026-02-09 00:00:00+08:00	35.5	35.849998474121094	35.29999923706055	35.349998474121094	5640818	0.0	0.0
2026-02-10 00:00:00+08:00	35.349998474121094	35.54999923706055	35.25	35.400001525878906	4381315	0.0	0.0
2026-02-11 00:00:00+08:00	35.54999923706055	35.900001525878906	35.54999923706055	35.650001525878906	10549107	0.0	0.0
2026-02-23 00:00:00+08:00	36.099998474121094	36.099998474121094	35.400001525878906	35.5	10769086	0.0	0.0
2026-02-24 00:00:00+08:00	35.5	35.70000076293945	35.400001525878906	35.70000076293945	9933248	0.0	0.0
2026-02-25 00:00:00+08:00	35.70000076293945	36.04999923706055	35.650001525878906	35.79999923706055	9770933	0.0	0.0
2026-02-26 00:00:00+08:00	35.79999923706055	35.95000076293945	35.70000076293945	35.849998474121094	12745012	0.0	0.0
2026-03-02 00:00:00+08:00	35.79999923706055	35.79999923706055	35.5	35.70000076293945	11546946	0.0	0.0
2026-03-03 00:00:00+08:00	35.400001525878906	35.650001525878906	34.900001525878906	35.150001525878906	11569933	0.0	0.0
2026-03-04 00:00:00+08:00	34.75	34.79999923706055	34.20000076293945	34.45000076293945	10285108	0.0	0.0
2026-03-05 00:00:00+08:00	34.900001525878906	34.900001525878906	34.25	34.29999923706055	8546264	0.0	0.0
2026-03-06 00:00:00+08:00	34.29999923706055	34.70000076293945	34.150001525878906	34.45000076293945	6953790	0.0	0.0
2026-03-09 00:00:00+08:00	33.5	34.25	33.29999923706055	34.150001525878906	8992028	0.0	0.0
2026-03-10 00:00:00+08:00	34.25	34.400001525878906	34.0	34.150001525878906	5298445	0.0	0.0
2026-03-11 00:00:00+08:00	34.25	34.349998474121094	33.900001525878906	34.0	8915120	0.0	0.0
2026-03-12 00:00:00+08:00	34.70000076293945	35.150001525878906	34.70000076293945	34.75	13453870	0.0	0.0
2026-03-13 00:00:00+08:00	34.79999923706055	35.0	34.54999923706055	34.79999923706055	9393102	0.0	0.0
2026-03-16 00:00:00+08:00	34.849998474121094	35.29999923706055	34.599998474121094	34.650001525878906	8925135	0.0	0.0
2026-03-17 00:00:00+08:00	34.75	34.95000076293945	34.599998474121094	34.599998474121094	6914208	0.0	0.0
2026-03-18 00:00:00+08:00	34.849998474121094	34.849998474121094	34.349998474121094	34.5	8537497	0.0	0.0
2026-03-19 00:00:00+08:00	34.349998474121094	34.400001525878906	34.0	34.099998474121094	9417078	0.0	0.0
2026-03-20 00:00:00+08:00	34.0	34.79999923706055	33.900001525878906	34.79999923706055	10288253	0.0	0.0
2026-03-23 00:00:00+08:00	34.150001525878906	34.45000076293945	33.900001525878906	34.20000076293945	9478431	0.0	0.0
2026-03-24 00:00:00+08:00	34.5	34.79999923706055	34.400001525878906	34.70000076293945	7527817	0.0	0.0
2026-03-25 00:00:00+08:00	34.95000076293945	34.95000076293945	34.29999923706055	34.5	9460415	0.0	0.0
2026-03-26 00:00:00+08:00	34.5	34.70000076293945	34.45000076293945	34.5	6989203	0.0	0.0
2026-03-27 00:00:00+08:00	34.650001525878906	34.79999923706055	34.400001525878906	34.54999923706055	10874890	0.0	0.0
2026-03-30 00:00:00+08:00	34.25	35.150001525878906	34.20000076293945	35.150001525878906	13271285	0.0	0.0
2026-03-31 00:00:00+08:00	34.75	34.849998474121094	34.400001525878906	34.70000076293945	14502736	0.0	0.0
2026-04-01 00:00:00+08:00	34.900001525878906	35.349998474121094	34.54999923706055	35.29999923706055	9637508	0.0	0.0
2026-04-02 00:00:00+08:00	35.349998474121094	35.45000076293945	35.20000076293945	35.25	7078485	0.0	0.0
2026-04-07 00:00:00+08:00	35.25	35.75	35.04999923706055	35.5	8075149	0.0	0.0
2026-04-08 00:00:00+08:00	35.849998474121094	35.849998474121094	35.25	35.599998474121094	8208858	0.0	0.0
2026-04-09 00:00:00+08:00	35.599998474121094	35.900001525878906	35.5	35.900001525878906	9945714	0.0	0.0
2026-04-10 00:00:00+08:00	36.0	36.0	35.45000076293945	35.650001525878906	10744566	0.0	0.0
2026-04-13 00:00:00+08:00	35.650001525878906	35.70000076293945	35.20000076293945	35.54999923706055	9260772	0.0	0.0
2026-04-14 00:00:00+08:00	35.849998474121094	35.849998474121094	35.29999923706055	35.54999923706055	9591070	0.0	0.0
2026-04-15 00:00:00+08:00	35.54999923706055	35.599998474121094	35.150001525878906	35.349998474121094	8988149	0.0	0.0
2026-04-16 00:00:00+08:00	35.45000076293945	35.54999923706055	35.04999923706055	35.5	9120319	0.0	0.0
2026-04-17 00:00:00+08:00	35.650001525878906	35.79999923706055	35.29999923706055	35.70000076293945	12264547	0.0	0.0
2026-04-20 00:00:00+08:00	35.70000076293945	35.849998474121094	34.95000076293945	34.95000076293945	17163027	0.0	0.0
2026-04-21 00:00:00+08:00	35.20000076293945	35.45000076293945	35.04999923706055	35.29999923706055	11727156	0.0	0.0
2026-04-22 00:00:00+08:00	35.29999923706055	35.650001525878906	35.25	35.650001525878906	8451160	0.0	0.0
2026-04-23 00:00:00+08:00	35.650001525878906	36.099998474121094	35.5	36.04999923706055	16646945	0.0	0.0
2026-04-24 00:00:00+08:00	36.099998474121094	36.150001525878906	35.54999923706055	35.900001525878906	6659445	0.0	0.0
2026-04-27 00:00:00+08:00	35.79999923706055	35.900001525878906	35.150001525878906	35.25	11582377	0.0	0.0
2026-04-28 00:00:00+08:00	35.20000076293945	35.5	35.150001525878906	35.29999923706055	7634659	0.0	0.0
2026-04-29 00:00:00+08:00	35.5	35.650001525878906	35.25	35.400001525878906	7655816	0.0	0.0
