Date	Open	High	Low	Close	Volume	Dividends	Stock Splits
2021-04-28 00:00:00+08:00	552.6134337365033	554.437240448505	548.0539169564992	548.9658203125	24024054	0.0	0.0
2021-04-29 00:00:00+08:00	555.3489733886719	555.3489733886719	547.141845703125	547.141845703125	31828333	0.0	0.0
2021-05-03 00:00:00+08:00	542.5822957356771	544.4061017717634	536.198974609375	536.198974609375	41762441	0.0	0.0
2021-05-04 00:00:00+08:00	536.1989225590895	541.6703401362231	530.7275049819559	538.9346313476562	40273595	0.0	0.0
2021-05-05 00:00:00+08:00	541.6703838641827	541.6703838641827	533.4632568359375	533.4632568359375	29254785	0.0	0.0
2021-05-06 00:00:00+08:00	538.0230026635035	538.0230026635035	528.9039687200543	535.2872924804688	30725590	0.0	0.0
2021-05-07 00:00:00+08:00	541.6705252976967	547.1419447451482	537.1110090914871	546.2300415039062	28075722	0.0	0.0
2021-05-10 00:00:00+08:00	543.494345802605	544.4062490673746	536.1991196844493	537.1110229492188	20434079	0.0	0.0
2021-05-11 00:00:00+08:00	527.9919417559996	528.9038449369253	519.784813127668	520.6967163085938	59349193	0.0	0.0
2021-05-12 00:00:00+08:00	517.049031829834	520.6966440473284	472.3657821655273	510.66571044921875	131741482	0.0	0.0
2021-05-13 00:00:00+08:00	498.81109619140625	513.4015487308258	493.3396764891239	498.81109619140625	66765627	0.0	0.0
2021-05-14 00:00:00+08:00	507.0183028763886	512.4897234110259	503.3706891866304	507.9302062988281	37533726	0.0	0.0
2021-05-17 00:00:00+08:00	496.0753714139344	508.842017001793	493.3396616451076	500.6348876953125	56270958	0.0	0.0
2021-05-18 00:00:00+08:00	513.4014535116983	522.5204846575543	506.10622859501336	521.6085815429688	43689316	0.0	0.0
2021-05-19 00:00:00+08:00	520.6968691655989	521.608772614225	515.2254484738412	517.0492553710938	28908777	0.0	0.0
2021-05-20 00:00:00+08:00	517.0492553710938	520.6968691655989	510.6659312307099	517.0492553710938	29709287	0.0	0.0
2021-05-21 00:00:00+08:00	521.608665586142	526.1681818937132	517.9610525400851	522.5205688476562	27376731	0.0	0.0
2021-05-24 00:00:00+08:00	519.7847436179577	521.6085497359155	516.1371313820423	517.9609375	15629736	0.0	0.0
2021-05-25 00:00:00+08:00	525.2562044382504	532.5514294998928	522.5204950401345	531.6395263671875	33039911	0.0	0.0
2021-05-26 00:00:00+08:00	535.2870628422143	536.1989658453525	529.8156448233841	533.4632568359375	18703987	0.0	0.0
2021-05-27 00:00:00+08:00	528.9037939117536	530.7276000976562	522.5204722610945	530.7276000976562	62169719	0.0	0.0
2021-05-28 00:00:00+08:00	535.2870571330443	539.846572100106	530.7275421659825	538.0227661132812	29086873	0.0	0.0
2021-05-31 00:00:00+08:00	542.5823826366533	544.4061889648438	538.0228668161773	544.4061889648438	30657474	0.0	0.0
2021-06-01 00:00:00+08:00	545.3180541992188	546.2299572998863	542.582344897216	545.3180541992188	17818326	0.0	0.0
2021-06-02 00:00:00+08:00	547.1419134059875	547.1419134059875	540.7585910829175	542.5823974609375	21872755	0.0	0.0
2021-06-03 00:00:00+08:00	547.1419366414115	547.1419366414115	543.4943237304688	543.4943237304688	21077164	0.0	0.0
2021-06-04 00:00:00+08:00	538.9347847048977	542.5823974609375	538.0228815158877	542.5823974609375	15756180	0.0	0.0
2021-06-07 00:00:00+08:00	541.6703635550834	542.5822665240314	531.6394308966559	539.8465576171875	17077625	0.0	0.0
2021-06-08 00:00:00+08:00	538.0229262139883	542.5824425378356	536.1991196844493	537.1110229492188	13396324	0.0	0.0
2021-06-09 00:00:00+08:00	534.3751831054688	536.1989891911529	531.6394739769424	534.3751831054688	20023490	0.0	0.0
2021-06-10 00:00:00+08:00	538.9348155739709	546.2300415039062	535.2872026090033	546.2300415039062	28527745	0.0	0.0
2021-06-11 00:00:00+08:00	548.9658203125	549.8777236685008	547.1420136004983	548.9658203125	24227710	0.0	0.0
2021-06-15 00:00:00+08:00	553.5251927869073	555.3489990234375	552.6132896686422	555.3489990234375	26012250	0.0	0.0
2021-06-16 00:00:00+08:00	554.4372481921488	554.4372481921488	551.7015380859375	551.7015380859375	25856919	0.0	0.0
2021-06-17 00:00:00+08:00	550.327997188757	554.9064331054688	547.5809356387299	554.9064331054688	22872361	2.5	0.0
2021-06-18 00:00:00+08:00	556.7377370957712	556.7377370957712	550.3279276226291	552.1593017578125	32652017	0.0	0.0
2021-06-21 00:00:00+08:00	540.2552054717651	543.9179526275059	533.8453979492188	533.8453979492188	44279632	0.0	0.0
2021-06-22 00:00:00+08:00	535.6768371159643	538.4238978191231	529.2670288085938	529.2670288085938	27823974	0.0	0.0
2021-06-23 00:00:00+08:00	533.8454967338498	547.5808011095063	532.0141228170955	544.833740234375	34392376	0.0	0.0
2021-06-24 00:00:00+08:00	547.580929513705	547.580929513705	538.4240577827067	540.2554321289062	16524230	0.0	0.0
2021-06-25 00:00:00+08:00	547.5807677912833	547.5807677912833	539.3395856673342	541.1709594726562	18841696	0.0	0.0
2021-06-28 00:00:00+08:00	540.2554321289062	540.2554321289062	536.592683436507	540.2554321289062	15028407	0.0	0.0
2021-06-29 00:00:00+08:00	547.5808011095063	547.5808011095063	541.1709924008666	544.833740234375	28659610	0.0	0.0
2021-06-30 00:00:00+08:00	548.4964880678833	548.4964880678833	544.833740234375	544.833740234375	24883853	0.0	0.0
2021-07-01 00:00:00+08:00	545.7495026612563	546.6651897462584	541.1710672362458	543.00244140625	18250994	0.0	0.0
2021-07-02 00:00:00+08:00	540.2553854183275	543.0024467001156	537.5083241365394	538.4240112304688	18322419	0.0	0.0
2021-07-05 00:00:00+08:00	538.4238987646731	546.6650808886222	538.4238987646731	541.1709594726562	28836816	0.0	0.0
2021-07-06 00:00:00+08:00	544.8337920936378	545.7494791391733	539.3396698204247	542.0867309570312	12997112	0.0	0.0
2021-07-07 00:00:00+08:00	540.2552214856902	543.91796875	538.4238478535353	543.91796875	16966158	0.0	0.0
2021-07-08 00:00:00+08:00	544.8338208879743	544.8338208879743	538.4240112304688	538.4240112304688	21140426	0.0	0.0
2021-07-09 00:00:00+08:00	532.9297347395387	535.6767952278869	531.09836108064	534.7611083984375	29029415	0.0	0.0
2021-07-12 00:00:00+08:00	544.8338155762542	546.6651897462584	540.2553801512437	543.00244140625	31304547	0.0	0.0
2021-07-13 00:00:00+08:00	549.4121520091124	556.737647369234	548.4964650890972	555.8219604492188	52540315	0.0	0.0
2021-07-14 00:00:00+08:00	561.3160400390625	563.1474137422895	556.7376057809952	561.3160400390625	38418875	0.0	0.0
2021-07-15 00:00:00+08:00	561.3160026624847	562.231689453125	556.7375687092833	562.231689453125	22012834	0.0	0.0
2021-07-16 00:00:00+08:00	541.1710347044448	544.8337828242718	538.4239736145745	539.3396606445312	57970545	0.0	0.0
2021-07-19 00:00:00+08:00	533.8455576683648	534.7612447312607	529.2671223538848	532.9298706054688	40644341	0.0	0.0
2021-07-20 00:00:00+08:00	530.1827861109617	534.7612212241825	530.1827861109617	532.01416015625	15354333	0.0	0.0
2021-07-21 00:00:00+08:00	536.5925057174813	536.5925057174813	531.098384498531	535.6768188476562	25828732	0.0	0.0
2021-07-22 00:00:00+08:00	539.3395856673342	543.9180201806392	537.5082118620122	541.1709594726562	26058172	0.0	0.0
2021-07-23 00:00:00+08:00	542.0866269364317	542.0866269364317	533.8454451080062	535.6768188476562	15271451	0.0	0.0
2021-07-26 00:00:00+08:00	541.1710065118198	541.1710065118198	531.0984497070312	531.0984497070312	21619179	0.0	0.0
2021-07-27 00:00:00+08:00	532.0141366892848	534.7611976360453	531.0984497070312	531.0984497070312	17785992	0.0	0.0
2021-07-28 00:00:00+08:00	527.4356177137306	530.1826782226562	524.688557204805	530.1826782226562	36158305	0.0	0.0
2021-07-29 00:00:00+08:00	535.6767715270892	535.6767715270892	528.3512772156075	533.8453979492188	23224896	0.0	0.0
2021-07-30 00:00:00+08:00	532.0141366892848	532.9298236715383	529.2670757425243	531.0984497070312	18999281	0.0	0.0
2021-08-02 00:00:00+08:00	533.8456219172074	540.2554321289062	531.0985603979078	540.2554321289062	23482491	0.0	0.0
2021-08-03 00:00:00+08:00	543.91796875	543.91796875	540.2552214856902	543.91796875	22747702	0.0	0.0
2021-08-04 00:00:00+08:00	547.580763439204	547.580763439204	543.918015857671	545.7493896484375	20313271	0.0	0.0
2021-08-05 00:00:00+08:00	547.580763439204	547.580763439204	543.0023289622876	545.7493896484375	15116242	0.0	0.0
2021-08-06 00:00:00+08:00	545.7493939859612	545.7493939859612	538.4238987646731	541.1709594726562	13687213	0.0	0.0
2021-08-09 00:00:00+08:00	540.2553054424894	544.833740234375	533.8454967338498	544.833740234375	17390951	0.0	0.0
2021-08-10 00:00:00+08:00	545.7493939859612	545.7493939859612	539.3395856673342	541.1709594726562	17190865	0.0	0.0
2021-08-11 00:00:00+08:00	540.2554321289062	540.2554321289062	535.6769962634071	540.2554321289062	19969687	0.0	0.0
2021-08-12 00:00:00+08:00	536.592529296875	538.4239031170008	534.7611554767491	536.592529296875	15444622	0.0	0.0
2021-08-13 00:00:00+08:00	535.6769082468265	535.6769082468265	530.1827861109617	532.01416015625	22524428	0.0	0.0
2021-08-16 00:00:00+08:00	532.9297347395387	536.5924820573363	529.2669874217412	534.7611083984375	19315705	0.0	0.0
2021-08-17 00:00:00+08:00	534.7611083984375	534.7611083984375	534.7611083984375	534.7611083984375	0	0.0	0.0
2021-08-18 00:00:00+08:00	520.1100665899935	526.519873748673	518.278693116085	525.6041870117188	43716164	0.0	0.0
2021-08-19 00:00:00+08:00	524.6886361929087	524.6886361929087	511.8690185546875	511.8690185546875	38868947	0.0	0.0
2021-08-20 00:00:00+08:00	512.784693621207	515.531754479892	504.5435110451519	505.4591979980469	45614061	0.0	0.0
2021-08-23 00:00:00+08:00	512.7846869478799	523.7729302396201	511.8690000069015	518.27880859375	33685159	0.0	0.0
2021-08-24 00:00:00+08:00	525.6043231670673	526.520010141226	522.8572622445913	523.77294921875	24844800	0.0	0.0
2021-08-25 00:00:00+08:00	530.1826976287059	535.6768188476562	525.6042632795807	535.6768188476562	27504657	0.0	0.0
2021-08-26 00:00:00+08:00	550.327776462542	552.159150094697	541.1709083017677	543.91796875	43822008	0.0	0.0
2021-08-27 00:00:00+08:00	545.7494599560465	549.4122080094428	543.0023989159993	548.4965209960938	27105651	0.0	0.0
2021-08-30 00:00:00+08:00	551.2435397565857	553.9906005859375	548.496478927234	553.9906005859375	36575609	0.0	0.0
2021-08-31 00:00:00+08:00	553.0748215467223	562.231689453125	547.5807008028806	562.231689453125	52721470	0.0	0.0
2021-09-01 00:00:00+08:00	562.231726890676	562.231726890676	556.7376057809952	561.3160400390625	30092045	0.0	0.0
2021-09-02 00:00:00+08:00	561.3160819693098	563.1474558093403	555.8219604492188	555.8219604492188	24112463	0.0	0.0
2021-09-03 00:00:00+08:00	558.5690819524949	567.7259521484375	558.5690819524949	567.7259521484375	51562454	0.0	0.0
2021-09-06 00:00:00+08:00	570.4729663588921	584.2082705248366	568.6415924700996	577.7984619140625	55589014	0.0	0.0
2021-09-07 00:00:00+08:00	580.5454556142155	580.5454556142155	570.472900390625	570.472900390625	26526056	0.0	0.0
2021-09-08 00:00:00+08:00	569.557363975414	574.1357993771456	560.4004931719508	566.810302734375	37817737	0.0	0.0
2021-09-09 00:00:00+08:00	560.4004931719508	567.7259898147213	558.5691190112581	566.810302734375	18735512	0.0	0.0
2021-09-10 00:00:00+08:00	563.1475030340949	570.4729990085222	562.2318160372915	569.5573120117188	16304725	0.0	0.0
2021-09-13 00:00:00+08:00	566.8102700830475	567.7259571106454	561.3161479174606	563.1475219726562	15198774	0.0	0.0
2021-09-14 00:00:00+08:00	565.8944742971299	565.8944742971299	560.400353187449	561.3160400390625	14441901	0.0	0.0
2021-09-15 00:00:00+08:00	558.5690212092643	561.3160819693098	555.8219604492188	555.8219604492188	23433501	0.0	0.0
2021-09-16 00:00:00+08:00	554.6721606445312	558.3515779622396	550.992743326823	551.91259765625	22467022	2.75	0.0
2021-09-17 00:00:00+08:00	551.91259765625	561.1111409505208	550.992743326823	551.91259765625	40717715	0.0	0.0
2021-09-22 00:00:00+08:00	539.0344848632812	541.794047072479	536.2749226540836	539.0344848632812	40642293	0.0	0.0
2021-09-23 00:00:00+08:00	540.8744506835938	545.4737232234202	540.8744506835938	540.8744506835938	21696296	0.0	0.0
2021-09-24 00:00:00+08:00	543.6339561436886	550.0729370117188	542.71410173397	550.0729370117188	16736973	0.0	0.0
2021-09-27 00:00:00+08:00	551.912732298588	553.75244140625	545.4737504217711	553.75244140625	19464241	0.0	0.0
2021-09-28 00:00:00+08:00	547.3133480187619	548.23320238518	544.5537849195076	546.3934936523438	16707080	0.0	0.0
2021-09-29 00:00:00+08:00	533.5155639648438	536.2751272267309	530.7560007029566	533.5155639648438	49310524	0.0	0.0
2021-09-30 00:00:00+08:00	533.5155639648438	538.114836067989	528.9162918616986	533.5155639648438	30465107	0.0	0.0
2021-10-01 00:00:00+08:00	532.5956091266061	532.5956091266061	525.2367751490364	527.996337890625	36704493	0.0	0.0
2021-10-04 00:00:00+08:00	527.9963859077934	528.9162402386432	523.3971142535444	526.1566772460938	20957803	0.0	0.0
2021-10-05 00:00:00+08:00	516.9581339375957	526.1566772460938	515.118425275896	526.1566772460938	33824024	0.0	0.0
2021-10-06 00:00:00+08:00	527.076525045151	527.9963793646016	519.7176904895468	525.23681640625	32508846	0.0	0.0
2021-10-07 00:00:00+08:00	528.9162918616986	535.3552728061019	526.1567285998115	533.5155639648438	27933054	0.0	0.0
2021-10-08 00:00:00+08:00	535.3552403192934	536.2750946841032	527.0765510360054	528.916259765625	18279079	0.0	0.0
2021-10-12 00:00:00+08:00	524.316987941576	528.916259765625	518.7978617527174	528.916259765625	26522907	0.0	0.0
2021-10-13 00:00:00+08:00	526.1566707257006	528.9162336840521	524.3169620867995	525.23681640625	18914374	0.0	0.0
2021-10-14 00:00:00+08:00	532.595787487729	532.595787487729	527.07666015625	527.07666015625	13916927	0.0	0.0
2021-10-15 00:00:00+08:00	544.5537630208333	551.91259765625	539.0346370442709	551.91259765625	53150216	0.0	0.0
2021-10-18 00:00:00+08:00	555.5920732918432	555.5920732918432	542.714111328125	542.714111328125	19158568	0.0	0.0
2021-10-19 00:00:00+08:00	550.0728889973958	551.91259765625	545.4736173502604	551.91259765625	17386359	0.0	0.0
2021-10-20 00:00:00+08:00	554.6722090603117	555.5920634700303	549.1530826020002	550.0729370117188	16372520	0.0	0.0
2021-10-21 00:00:00+08:00	553.7522800112731	554.6721342970061	547.313300011142	548.233154296875	16169014	0.0	0.0
2021-10-22 00:00:00+08:00	551.91259765625	553.7523063151042	546.3934716796875	551.91259765625	13995403	0.0	0.0
2021-10-25 00:00:00+08:00	549.1531731282278	549.1531731282278	542.7141911987511	545.4737548828125	16785568	0.0	0.0
2021-10-26 00:00:00+08:00	547.313380169749	551.9126522720159	545.4736713288423	550.9927978515625	19998808	0.0	0.0
2021-10-27 00:00:00+08:00	550.0729434311091	550.9927978515625	546.3935257492957	550.9927978515625	14961858	0.0	0.0
2021-10-28 00:00:00+08:00	550.0729176240809	550.0729176240809	543.6339369829963	547.3133544921875	16570044	0.0	0.0
2021-10-29 00:00:00+08:00	547.3133834580244	548.2332378840042	541.7942569021451	542.714111328125	25763960	0.0	0.0
2021-11-01 00:00:00+08:00	543.6339657541049	545.4736746060646	542.714111328125	542.714111328125	16089351	0.0	0.0
2021-11-02 00:00:00+08:00	546.3935419031092	549.1531052460541	542.7141241125158	544.5538330078125	15192404	0.0	0.0
2021-11-03 00:00:00+08:00	549.1531052460541	549.1531052460541	544.5538330078125	544.5538330078125	10224009	0.0	0.0
2021-11-04 00:00:00+08:00	544.5537392195486	546.393447797993	538.1147591949931	539.9544677734375	17932145	0.0	0.0
2021-11-05 00:00:00+08:00	550.0728889973958	551.91259765625	547.3133260091146	551.91259765625	33270827	0.0	0.0
2021-11-08 00:00:00+08:00	551.912732298588	553.75244140625	550.073023190926	553.75244140625	19752355	0.0	0.0
2021-11-09 00:00:00+08:00	562.0310668945312	567.5501935743466	561.1112124478954	562.0310668945312	39538660	0.0	0.0
2021-11-10 00:00:00+08:00	562.0310732772926	562.950927734375	559.2715099060457	562.950927734375	16027674	0.0	0.0
2021-11-11 00:00:00+08:00	551.9126363319925	557.4317626953125	551.9126363319925	557.4317626953125	18463848	0.0	0.0
2021-11-12 00:00:00+08:00	561.1111056094138	562.0309598809047	553.752271437487	555.5919799804688	15821327	0.0	0.0
2021-11-15 00:00:00+08:00	560.1913387900904	562.0310476202714	558.3516299599095	559.271484375	15551452	0.0	0.0
2021-11-16 00:00:00+08:00	562.9508536917265	562.9508536917265	559.2714363473361	561.1111450195312	20917108	0.0	0.0
2021-11-17 00:00:00+08:00	565.7104167000192	565.7104167000192	559.2714363473361	561.1111450195312	19717852	0.0	0.0
2021-11-18 00:00:00+08:00	563.8706665039062	564.7905207722649	558.3515408937538	563.8706665039062	20030651	0.0	0.0
2021-11-19 00:00:00+08:00	572.1493879892294	573.0692423107555	567.550116381599	568.469970703125	35554348	0.0	0.0
2021-11-22 00:00:00+08:00	568.4700123856707	568.4700123856707	565.71044921875	565.71044921875	20312168	0.0	0.0
2021-11-23 00:00:00+08:00	565.7104911056219	565.7104911056219	562.0310732772926	562.950927734375	19431694	0.0	0.0
2021-11-24 00:00:00+08:00	562.950931378265	562.950931378265	553.7523867479011	554.6722412109375	20391940	0.0	0.0
2021-11-25 00:00:00+08:00	556.5119501370103	558.351659063083	552.8325322848648	554.6722412109375	11888265	0.0	0.0
2021-11-26 00:00:00+08:00	550.0728628683411	552.83242572554	544.553737153943	548.233154296875	26588102	0.0	0.0
2021-11-29 00:00:00+08:00	546.3936094441664	550.0730276895816	543.6340457601049	545.4737548828125	23379558	0.0	0.0
2021-11-30 00:00:00+08:00	549.153008582608	551.912571439807	543.63388286821	548.233154296875	62021697	0.0	0.0
2021-12-01 00:00:00+08:00	548.2331803385416	554.6721606445312	546.3934716796875	551.91259765625	21403404	0.0	0.0
2021-12-02 00:00:00+08:00	556.5119053290142	565.71044921875	553.7523421620934	565.71044921875	45125742	0.0	0.0
2021-12-03 00:00:00+08:00	564.7906108655427	564.7906108655427	557.4317755448191	559.271484375	23045832	0.0	0.0
2021-12-06 00:00:00+08:00	554.6721606445312	560.1912866210938	551.91259765625	551.91259765625	23589363	0.0	0.0
2021-12-07 00:00:00+08:00	553.7522909802307	558.3515625	549.1530194604612	558.3515625	18606530	0.0	0.0
2021-12-08 00:00:00+08:00	564.7906960522217	564.7906960522217	553.75244140625	553.75244140625	20801543	0.0	0.0
2021-12-09 00:00:00+08:00	557.4317755448191	559.271484375	553.7523578844572	559.271484375	11039070	0.0	0.0
2021-12-10 00:00:00+08:00	556.5119018554688	559.2714650051653	553.7523387057722	556.5119018554688	10497451	0.0	0.0
2021-12-13 00:00:00+08:00	560.1912932181715	561.1111475584312	552.8324584960938	552.8324584960938	17711657	0.0	0.0
2021-12-14 00:00:00+08:00	550.0729434311091	551.9126522720159	549.1530890106558	550.9927978515625	22579034	0.0	0.0
2021-12-15 00:00:00+08:00	549.1530346679688	552.832451985677	548.2331803385416	551.91259765625	21827730	0.0	0.0
2021-12-16 00:00:00+08:00	559.0743408203125	559.0743408203125	555.3779815421617	559.0743408203125	21809022	2.75	0.0
2021-12-17 00:00:00+08:00	555.3778863495224	560.9224243164062	553.5297070272279	560.9224243164062	24105733	0.0	0.0
2021-12-20 00:00:00+08:00	560.9225832323566	560.9225832323566	552.6057739257812	552.6057739257812	21381070	0.0	0.0
2021-12-21 00:00:00+08:00	551.6815185546875	554.4537874921483	549.833339263047	551.6815185546875	17001461	0.0	0.0
2021-12-22 00:00:00+08:00	552.6056778971355	555.3779471842448	552.6056778971355	554.453857421875	9831802	0.0	0.0
2021-12-23 00:00:00+08:00	560.9225028765084	561.8465926670792	556.3020539236541	559.9984130859375	16654439	0.0	0.0
2021-12-24 00:00:00+08:00	559.9983870146291	562.7706562572757	558.1502075195312	558.1502075195312	11059689	0.0	0.0
2021-12-27 00:00:00+08:00	558.1502335047958	563.6947722482209	558.1502335047958	559.9984130859375	16259872	0.0	0.0
2021-12-28 00:00:00+08:00	563.6947974228277	568.3152465820312	563.6947974228277	568.3152465820312	33892718	0.0	0.0
2021-12-29 00:00:00+08:00	568.3152290443321	572.0115882576285	567.391139241008	569.2393188476562	24518766	0.0	0.0
2021-12-30 00:00:00+08:00	572.0116059093941	572.9356957412348	568.3152465820312	568.3152465820312	19681276	0.0	0.0
2022-01-03 00:00:00+08:00	572.0116894415177	584.0248590097564	571.08759947473	583.1007690429688	69089158	0.0	0.0
2022-01-04 00:00:00+08:00	596.0379535395924	606.2029418945312	595.1138636891435	606.2029418945312	79434666	0.0	0.0
2022-01-05 00:00:00+08:00	618.2160929048979	618.2160929048979	596.962026930589	600.6583862304688	69593809	0.0	0.0
2022-01-06 00:00:00+08:00	589.5692917723093	596.9620101644385	587.721112174277	595.1138305664062	53210211	0.0	0.0
2022-01-07 00:00:00+08:00	594.1897947870971	596.9620644361815	584.0248060737875	585.8729858398438	38249908	0.0	0.0
2022-01-10 00:00:00+08:00	580.3282916838792	596.0378155033474	579.40420204744	594.1896362304688	38289770	0.0	0.0
2022-01-11 00:00:00+08:00	596.9620095061084	601.5824584960938	590.4933809201289	601.5824584960938	33196585	0.0	0.0
2022-01-12 00:00:00+08:00	607.1269009676847	609.899169921875	600.6582734079072	609.899169921875	38860063	0.0	0.0
2022-01-13 00:00:00+08:00	608.0510340703598	611.7473929400884	605.2787649180633	610.8233032226562	38137411	0.0	0.0
2022-01-14 00:00:00+08:00	621.9124320802234	621.9124320802234	610.8233545394171	620.9883422851562	95200777	0.0	0.0
2022-01-17 00:00:00+08:00	633.0013774464106	635.7736462527453	626.5327502316297	631.1531982421875	59614236	0.0	0.0
2022-01-18 00:00:00+08:00	626.5329355660522	629.3052051924507	611.7474975585938	611.7474975585938	43593330	0.0	0.0
2022-01-19 00:00:00+08:00	602.5065567063265	609.8992751935206	601.5824668954272	604.354736328125	40381333	0.0	0.0
2022-01-20 00:00:00+08:00	600.6583686980966	607.1269972840762	596.9620095061084	601.5824584960938	46474584	0.0	0.0
2022-01-21 00:00:00+08:00	595.1138834127584	596.9620631749098	588.6452542452284	592.3416137695312	49577684	0.0	0.0
2022-01-24 00:00:00+08:00	590.4934063337481	605.278843738036	588.6452266582121	603.4306640625	47134502	0.0	0.0
2022-01-25 00:00:00+08:00	594.1897935316827	596.037973293834	589.5693441263041	592.3416137695312	52318736	0.0	0.0
2022-01-26 00:00:00+08:00	586.7969796042772	592.3415179942389	586.7969796042772	587.7210693359375	29957189	0.0	0.0
2022-02-07 00:00:00+08:00	595.1138049028051	595.1138049028051	583.1006380336491	586.7969970703125	56836469	0.0	0.0
2022-02-08 00:00:00+08:00	596.037957744234	596.037957744234	580.3284301757812	580.3284301757812	39718217	0.0	0.0
2022-02-09 00:00:00+08:00	586.7970321679379	588.6452117968133	582.1765830957494	584.9488525390625	30048791	0.0	0.0
2022-02-10 00:00:00+08:00	590.4934755392912	599.734375	588.6452956471494	599.734375	34587133	0.0	0.0
2022-02-11 00:00:00+08:00	596.962026930589	600.6583862304688	593.2656676307091	600.6583862304688	26723278	0.0	0.0
2022-02-14 00:00:00+08:00	591.4173493916797	592.3414390001043	586.7969013495573	588.6450805664062	27826382	0.0	0.0
2022-02-15 00:00:00+08:00	584.9488525390625	590.4933914256886	584.9488525390625	584.9488525390625	21970460	0.0	0.0
2022-02-16 00:00:00+08:00	596.0380072342722	596.9620971679688	591.4175575657895	596.9620971679688	25191741	0.0	0.0
2022-02-17 00:00:00+08:00	595.1138130601986	596.9619926038638	592.3415437447007	596.0379028320312	18135080	0.0	0.0
2022-02-18 00:00:00+08:00	589.5691701748308	590.4932597832552	587.7209909579817	588.6450805664062	20804191	0.0	0.0
2022-02-21 00:00:00+08:00	584.9487478521806	587.7210167993474	584.024658203125	584.024658203125	23797502	0.0	0.0
2022-02-22 00:00:00+08:00	580.3284477951804	582.1766275652287	577.5561781401079	579.4043579101562	34086593	0.0	0.0
2022-02-23 00:00:00+08:00	576.6320015625	581.2524502929688	575.7079118164063	577.5560913085938	31953054	0.0	0.0
2022-02-24 00:00:00+08:00	571.0874639852158	572.0115537327647	558.1502075195312	558.1502075195312	73663161	0.0	0.0
2022-02-25 00:00:00+08:00	554.4538485293357	562.7706562572757	554.4538485293357	558.1502075195312	89012516	0.0	0.0
2022-03-01 00:00:00+08:00	553.5297587817868	563.6947460048247	553.5297587817868	558.1502075195312	66720867	0.0	0.0
2022-03-02 00:00:00+08:00	555.3779296875	559.0742886205283	554.4538399542429	555.3779296875	40693457	0.0	0.0
2022-03-03 00:00:00+08:00	557.2262750669967	560.9226351006087	555.3780950501907	556.3021850585938	33792420	0.0	0.0
2022-03-04 00:00:00+08:00	549.8334350585938	551.681614672236	547.0611656381302	549.8334350585938	55917115	0.0	0.0
2022-03-07 00:00:00+08:00	535.9719933403863	536.8960829840767	531.3515451219347	532.275634765625	86496560	0.0	0.0
2022-03-08 00:00:00+08:00	518.4143935859097	526.7312020391596	518.4143935859097	520.2625732421875	79029914	0.0	0.0
2022-03-09 00:00:00+08:00	523.9589667521732	529.5035060828841	523.9589667521732	524.883056640625	52155415	0.0	0.0
2022-03-10 00:00:00+08:00	540.5924943602269	544.2888532960233	537.8202251583795	542.440673828125	45630467	0.0	0.0
2022-03-11 00:00:00+08:00	536.896223887568	537.8203137737772	530.4275946841033	531.3516845703125	38943098	0.0	0.0
2022-03-14 00:00:00+08:00	530.4275252335556	533.1997945292013	528.579345703125	528.579345703125	33919577	0.0	0.0
2022-03-15 00:00:00+08:00	519.3384489107303	520.2625386774754	515.64208984375	515.64208984375	74092231	0.0	0.0
2022-03-16 00:00:00+08:00	523.7680454049059	524.6967121520777	515.4100446803595	518.196044921875	43438327	2.75	0.0
2022-03-17 00:00:00+08:00	536.7692814463193	541.412614330803	533.983281715629	540.4839477539062	60959900	0.0	0.0
2022-03-18 00:00:00+08:00	540.483964457159	540.483964457159	534.9119648235801	539.5552978515625	46242430	0.0	0.0
2022-03-21 00:00:00+08:00	541.4125479740494	546.9845467525131	541.4125479740494	544.1985473632812	21400273	0.0	0.0
2022-03-22 00:00:00+08:00	535.8405379594701	544.1985359519056	535.8405379594701	541.4125366210938	20246949	0.0	0.0
2022-03-23 00:00:00+08:00	547.9132690429688	547.9132690429688	544.1986028121689	547.9132690429688	25902069	0.0	0.0
2022-03-24 00:00:00+08:00	545.1271315831218	549.7704631979695	543.2697989371827	548.841796875	20060758	0.0	0.0
2022-03-25 00:00:00+08:00	554.4138628599237	555.342529296875	552.5565299860211	555.342529296875	26122381	0.0	0.0
2022-03-28 00:00:00+08:00	539.5553087208369	544.1986418423587	538.6266420965326	542.34130859375	26391576	0.0	0.0
2022-03-29 00:00:00+08:00	544.198497934131	546.9844970703125	542.3411651766766	546.9844970703125	14892032	0.0	0.0
2022-03-30 00:00:00+08:00	556.2711627197266	557.1998291015625	554.4138299560547	557.1998291015625	41230239	0.0	0.0
2022-03-31 00:00:00+08:00	559.0573348104455	559.0573348104455	551.6280014574827	554.4140014648438	22700114	0.0	0.0
2022-04-01 00:00:00+08:00	543.2698315554038	546.9844970703125	542.3411651766766	546.9844970703125	29732696	0.0	0.0
2022-04-06 00:00:00+08:00	536.7692260742188	538.6265590364133	533.983226630927	536.7692260742188	37645873	0.0	0.0
2022-04-07 00:00:00+08:00	530.2685766860369	532.1259097042016	525.625244140625	525.625244140625	42904743	0.0	0.0
2022-04-08 00:00:00+08:00	526.5540771484375	529.3400775566304	525.6254103457065	526.5540771484375	28024587	0.0	0.0
2022-04-11 00:00:00+08:00	522.8393786577341	525.6253788992495	518.196044921875	518.196044921875	36820094	0.0	0.0
2022-04-12 00:00:00+08:00	514.4813339808685	523.7680006592235	512.6240006451975	517.267333984375	30671407	0.0	0.0
2022-04-13 00:00:00+08:00	523.7679168541395	534.9119150850786	522.8392503348945	532.1259155273438	35865970	0.0	0.0
2022-04-14 00:00:00+08:00	535.8405816043235	536.7692481235684	532.1259155273438	532.1259155273438	19056590	0.0	0.0
2022-04-15 00:00:00+08:00	521.9105834960938	525.625249570799	520.9819169774174	521.9105834960938	28253360	0.0	0.0
2022-04-18 00:00:00+08:00	519.1246004971591	525.6252663352273	518.1959339488636	520.98193359375	15800959	0.0	0.0
2022-04-19 00:00:00+08:00	525.6253219199392	528.4113218594441	522.8393219804342	524.6966552734375	16614705	0.0	0.0
2022-04-20 00:00:00+08:00	529.3399047851562	529.3399047851562	521.9105727881716	529.3399047851562	27606307	0.0	0.0
2022-04-21 00:00:00+08:00	530.2686551524474	530.2686551524474	524.6966552734375	524.6966552734375	18383650	0.0	0.0
2022-04-22 00:00:00+08:00	518.196044921875	519.1247116690467	517.2673781747031	518.196044921875	29283846	0.0	0.0
2022-04-25 00:00:00+08:00	510.76662108928673	512.6239542568842	507.0519547540919	507.9806213378906	43389591	0.0	0.0
2022-04-26 00:00:00+08:00	510.76666863410026	511.6953353043441	505.1946686126374	507.052001953125	35825421	0.0	0.0
2022-04-27 00:00:00+08:00	492.1931811430608	494.05051390209127	488.478515625	488.478515625	55941533	0.0	0.0
2022-04-28 00:00:00+08:00	492.19325121288693	494.0505842363318	485.69258563082997	493.1219177246094	45380836	0.0	0.0
2022-04-29 00:00:00+08:00	507.9806808982197	507.9806808982197	496.8366805860101	499.6226806640625	36664644	0.0	0.0
2022-05-03 00:00:00+08:00	499.6225833066664	501.4799163301112	492.19325121288693	493.1219177246094	26317509	0.0	0.0
2022-05-04 00:00:00+08:00	494.9792619340875	498.69392806492493	492.19326233595945	495.9079284667969	16569622	0.0	0.0
2022-05-05 00:00:00+08:00	504.26606913774214	505.19473593173433	500.55140196177354	503.33740234375	20374772	0.0	0.0
2022-05-06 00:00:00+08:00	490.33599853515625	493.1219985268333	488.4786652073716	490.33599853515625	32467268	0.0	0.0
2022-05-09 00:00:00+08:00	485.69261591984673	486.6212824894832	482.9066162109375	482.9066162109375	23709774	0.0	0.0
2022-05-10 00:00:00+08:00	469.9051975559544	481.9778607342694	468.97653115762245	481.0491943359375	41679907	0.0	0.0
2022-05-11 00:00:00+08:00	481.0492665003449	488.47859880150855	481.0492665003449	483.83526611328125	27157254	0.0	0.0
2022-05-12 00:00:00+08:00	479.19189356435646	481.0492264851485	468.9765625	468.9765625	32532963	0.0	0.0
2022-05-13 00:00:00+08:00	470.83397852231377	477.3346448924443	469.9053118980094	474.54864501953125	29074177	0.0	0.0
2022-05-16 00:00:00+08:00	483.8352827805739	486.6212824894832	481.04928307166466	482.9066162109375	21163106	0.0	0.0
2022-05-17 00:00:00+08:00	483.83526893471776	494.97926745144827	482.90660239165686	492.1932678222656	24496974	0.0	0.0
2022-05-18 00:00:00+08:00	502.4086807421149	502.4086807421149	495.908013893326	499.6226806640625	30568176	0.0	0.0
2022-05-19 00:00:00+08:00	485.692613097443	489.40727935440236	482.90661340472343	484.7639465332031	29019751	0.0	0.0
2022-05-20 00:00:00+08:00	486.6212685639004	494.0506009083874	485.6926020208395	492.1932678222656	22651205	0.0	0.0
2022-05-23 00:00:00+08:00	494.97933185461795	495.90799851851034	490.33599853515625	490.33599853515625	17054170	0.0	0.0
2022-05-24 00:00:00+08:00	492.1932819073017	493.1219484769381	482.9066162109375	482.9066162109375	17802308	0.0	0.0
2022-05-25 00:00:00+08:00	484.763913336601	491.26457884111477	482.90658033531133	486.6212463378906	22176476	0.0	0.0
2022-05-26 00:00:00+08:00	485.6926245188435	487.5499576909997	476.40595865806256	477.3346252441406	28327403	0.0	0.0
2022-05-27 00:00:00+08:00	486.6212685639004	492.1932678222656	484.7639354777786	492.1932678222656	27866643	0.0	0.0
2022-05-30 00:00:00+08:00	499.6226220837023	507.9806213378906	498.6939554999036	507.9806213378906	34476433	0.0	0.0
2022-05-31 00:00:00+08:00	503.33734436035155	520.0533447265625	501.4800109863281	520.0533447265625	72405873	0.0	0.0
2022-06-01 00:00:00+08:00	510.7667099582693	515.4100436851627	508.90937646751195	509.8380432128906	29155176	0.0	0.0
2022-06-02 00:00:00+08:00	505.19461624710647	506.12328282109013	501.4799499511719	501.4799499511719	21420890	0.0	0.0
2022-06-06 00:00:00+08:00	502.40861652515554	505.19461624710647	499.62261680320455	501.4799499511719	17615003	0.0	0.0
2022-06-07 00:00:00+08:00	496.8367004394531	499.62270062883323	494.05070025007296	496.8367004394531	19497532	0.0	0.0
2022-06-08 00:00:00+08:00	500.5512173035566	506.123216011945	499.6225508521585	505.1945495605469	18835521	0.0	0.0
2022-06-09 00:00:00+08:00	499.6226305723631	503.33729697067065	498.69396397278626	502.40863037109375	16338602	0.0	0.0
2022-06-10 00:00:00+08:00	492.1932678222656	494.97926745144827	491.2646012792048	492.1932678222656	21357130	0.0	0.0
2022-06-13 00:00:00+08:00	481.0492580916531	481.9779246130655	478.2632585274157	479.1919250488281	32854092	0.0	0.0
2022-06-14 00:00:00+08:00	470.83388514825475	477.33455022919713	470.83388514825475	476.4058837890625	36304444	0.0	0.0
2022-06-15 00:00:00+08:00	471.7626176095899	478.2632836002732	471.7626176095899	472.6912841796875	35680283	0.0	0.0
2022-06-16 00:00:00+08:00	480.86123428945467	481.7949454239973	473.39154521311366	474.32525634765625	26909199	2.75	0.0
2022-06-17 00:00:00+08:00	466.38867900185954	469.6566677436143	465.9218234673232	467.78924560546875	43566737	0.0	0.0
2022-06-20 00:00:00+08:00	466.85558150571035	468.7230038317332	462.18702569065323	464.9881591796875	34209693	0.0	0.0
2022-06-21 00:00:00+08:00	467.78923418403855	471.5240783691406	465.9218120914875	471.5240783691406	33223685	0.0	0.0
2022-06-22 00:00:00+08:00	467.78927615390387	469.6566984139993	461.72015380859375	461.72015380859375	31034893	0.0	0.0
2022-06-23 00:00:00+08:00	459.38589505825183	460.7864618114782	452.8499168765287	453.3167724609375	43548940	0.0	0.0
2022-06-24 00:00:00+08:00	457.05165252215085	459.8527862454735	453.3168075577206	454.2505187988281	27911980	0.0	0.0
2022-06-27 00:00:00+08:00	463.1206480770436	472.4577579173066	462.6537925850305	465.4549255371094	37909718	0.0	0.0
2022-06-28 00:00:00+08:00	463.12073453203516	466.85557916535805	463.12073453203516	464.52130126953125	15274062	0.0	0.0
2022-06-29 00:00:00+08:00	463.12070392057024	465.4549816621054	458.4521484375	458.4521484375	30533789	0.0	0.0
2022-06-30 00:00:00+08:00	452.38301631382535	454.2504384657916	444.44647216796875	444.44647216796875	46311432	0.0	0.0
2022-07-01 00:00:00+08:00	440.24478825713203	442.5790660315601	422.5042771714788	423.43798828125	61744377	0.0	0.0
2022-07-04 00:00:00+08:00	413.6340190540661	421.57056343772194	410.8328857421875	410.8328857421875	52445919	0.0	0.0
2022-07-05 00:00:00+08:00	419.7031389929254	421.5705611908917	404.29690585970343	416.4351501464844	50084244	0.0	0.0
2022-07-06 00:00:00+08:00	412.7003173828125	417.83572857196515	406.1643395057091	406.6311950683594	40549763	0.0	0.0
2022-07-07 00:00:00+08:00	412.7002992390283	428.57338767129863	409.43231044414915	427.1728210449219	48151202	0.0	0.0
2022-07-08 00:00:00+08:00	438.84422416605327	439.31107972367676	430.90767968645446	436.0430908203125	37897895	0.0	0.0
2022-07-11 00:00:00+08:00	436.9768090186181	439.3110868445723	430.4408311059465	431.3745422363281	21941710	0.0	0.0
2022-07-12 00:00:00+08:00	427.63973126607686	427.63973126607686	419.70318603515625	419.70318603515625	23036423	0.0	0.0
2022-07-13 00:00:00+08:00	439.3111267089844	441.64540474675795	435.1094262409919	439.3111267089844	44035695	0.0	0.0
2022-07-14 00:00:00+08:00	435.10941663240135	445.84709536903785	432.30828304893095	443.5128173828125	31936258	0.0	0.0
2022-07-15 00:00:00+08:00	449.1150443914578	461.25328883447014	445.38019994745395	459.85272216796875	51846909	0.0	0.0
2022-07-18 00:00:00+08:00	462.6539611816406	465.45509515448606	456.11798191166787	462.6539611816406	39179575	0.0	0.0
2022-07-19 00:00:00+08:00	455.18415959935083	460.3195706307281	454.25044850273673	458.4521484375	19874865	0.0	0.0
2022-07-20 00:00:00+08:00	468.7229277639678	469.6566387754498	458.9189621434067	462.18695068359375	35436652	0.0	0.0
2022-07-21 00:00:00+08:00	463.12069026010477	467.78924560546875	461.2532681219592	467.78924560546875	22285593	0.0	0.0
2022-07-22 00:00:00+08:00	471.5240994220225	471.5240994220225	466.8555439822005	469.65667724609375	25216400	0.0	0.0
2022-07-25 00:00:00+08:00	466.85561904678116	469.6567527610618	464.988196570594	466.3887634277344	15245346	0.0	0.0
2022-07-26 00:00:00+08:00	466.38865023526273	466.38865023526273	458.4521066376657	462.18695068359375	18024265	0.0	0.0
2022-07-27 00:00:00+08:00	461.2533628912086	468.7230529785156	458.4522291084685	468.7230529785156	17166365	0.0	0.0
2022-07-28 00:00:00+08:00	475.2589341580511	475.2589341580511	465.9218234673232	467.78924560546875	33844011	0.0	0.0
2022-07-29 00:00:00+08:00	474.32516965135375	476.19259157911495	470.5903257958313	475.2588806152344	29045617	0.0	0.0
2022-08-01 00:00:00+08:00	472.45787653847344	474.3252989753844	466.85560922774056	470.5904541015625	24117969	0.0	0.0
2022-08-02 00:00:00+08:00	461.25331711187596	463.1207394483613	456.1179056865413	459.3858947753906	39838155	0.0	0.0
2022-08-03 00:00:00+08:00	461.2532681219592	467.78924560546875	460.3195570528864	467.78924560546875	27603474	0.0	0.0
2022-08-04 00:00:00+08:00	465.9218796386719	469.6567243652344	462.1870349121094	466.8555908203125	26027618	0.0	0.0
2022-08-05 00:00:00+08:00	475.25897435624466	481.7949523925781	473.3915520601494	481.7949523925781	32784279	0.0	0.0
2022-08-08 00:00:00+08:00	476.19272768497467	480.86128383874893	475.2590164542198	478.0601501464844	19333128	0.0	0.0
2022-08-09 00:00:00+08:00	473.3915545295266	477.12639914119944	470.59042107077204	476.19268798828125	21164373	0.0	0.0
2022-08-10 00:00:00+08:00	466.8555908203125	469.6567243652344	466.3887352294922	466.8555908203125	20861380	0.0	0.0
2022-08-11 00:00:00+08:00	478.9938400802909	479.92755126953125	476.1927065125699	479.92755126953125	23740033	0.0	0.0
2022-08-12 00:00:00+08:00	480.8612154991991	483.6623487933692	479.9275044011424	482.7286376953125	19535923	0.0	0.0
2022-08-15 00:00:00+08:00	485.52976881796724	489.2646131934901	484.59605772408656	488.3309020996094	21273166	0.0	0.0
2022-08-16 00:00:00+08:00	491.1321365792411	491.1321365792411	488.3310027204241	490.19842529296875	20720414	0.0	0.0
2022-08-17 00:00:00+08:00	489.2646926793021	492.0658264160156	486.46355894258846	492.0658264160156	27143102	0.0	0.0
2022-08-18 00:00:00+08:00	485.52984619140625	486.463557434082	484.5961349487304	485.52984619140625	17831084	0.0	0.0
2022-08-19 00:00:00+08:00	484.5960388183594	488.3308830481733	482.7286167034524	484.5960388183594	14022812	0.0	0.0
2022-08-22 00:00:00+08:00	477.1264389157295	479.9275726079941	476.19272768497467	478.0601501464844	11494000	0.0	0.0
2022-08-23 00:00:00+08:00	469.656742883107	472.45787653847344	468.7230316646515	470.5904541015625	19191108	0.0	0.0
2022-08-24 00:00:00+08:00	470.5903883340581	474.32523268591575	469.65667724609375	469.65667724609375	14363212	0.0	0.0
2022-08-25 00:00:00+08:00	471.52412294402836	476.19267861674155	470.5904118094857	474.32525634765625	9357138	0.0	0.0
2022-08-26 00:00:00+08:00	478.9938613772392	480.86128383874893	477.1264389157295	478.0601501464844	12914846	0.0	0.0
2022-08-29 00:00:00+08:00	464.05435906106993	468.7229139812014	463.1206480770436	465.4549255371094	26590824	0.0	0.0
2022-08-30 00:00:00+08:00	464.5212942554105	466.8555721159904	463.1207275390625	463.1207275390625	24214535	0.0	0.0
2022-08-31 00:00:00+08:00	459.38583476755883	471.5240783691406	459.38583476755883	471.5240783691406	39357089	0.0	0.0
2022-09-01 00:00:00+08:00	462.18702123799454	462.6538768150026	457.51846546791376	457.9853210449219	39168672	0.0	0.0
2022-09-02 00:00:00+08:00	455.6510787491946	457.05164558961224	452.8499450683594	452.8499450683594	29982959	0.0	0.0
2022-09-05 00:00:00+08:00	452.8499191974907	455.65105271829987	451.9162080238876	453.78363037109375	15903415	0.0	0.0
2022-09-06 00:00:00+08:00	456.117922230976	458.91905583730744	454.250499826755	456.58477783203125	16700285	0.0	0.0
2022-09-07 00:00:00+08:00	445.38019728887645	446.3139083943039	440.7116417617394	441.1784973144531	34678562	0.0	0.0
2022-09-08 00:00:00+08:00	441.64539499383227	443.5128173828125	440.71168379934215	443.5128173828125	27931552	0.0	0.0
2022-09-12 00:00:00+08:00	452.8499519371668	458.4522193838122	452.8499519371668	454.2505187988281	21597212	0.0	0.0
2022-09-13 00:00:00+08:00	462.1870329510609	462.1870329510609	458.4521882403453	460.3196105957031	16507036	0.0	0.0
2022-09-14 00:00:00+08:00	446.7807687759399	450.5156132380168	444.44649098714194	448.18133544921875	22645714	0.0	0.0
2022-09-15 00:00:00+08:00	447.0074745970783	450.7638399298269	447.0074745970783	447.4770202636719	23104850	2.75	0.0
2022-09-16 00:00:00+08:00	441.8424616668184	443.2510986328125	440.4338247008243	443.2510986328125	39087513	0.0	0.0
2022-09-19 00:00:00+08:00	443.2510591625401	444.1901503895794	438.0860574138241	438.55560302734375	17182380	0.0	0.0
2022-09-20 00:00:00+08:00	441.84247226454903	448.88565726345263	441.3729265979555	447.4770202636719	19842582	0.0	0.0
2022-09-21 00:00:00+08:00	444.6597706983044	446.5379534678854	439.96431377435187	442.3120422363281	24154633	0.0	0.0
2022-09-22 00:00:00+08:00	433.8601879698853	439.4947358655981	431.0429140220289	436.2079162597656	29702508	0.0	0.0
2022-09-23 00:00:00+08:00	430.5733797513522	432.4515624329284	427.28656005859375	427.28656005859375	29757787	0.0	0.0
2022-09-26 00:00:00+08:00	416.01741046627853	426.3474138864344	416.01741046627853	419.3042297363281	32342267	0.0	0.0
2022-09-27 00:00:00+08:00	421.65201248441423	423.9997408390045	418.8347384589059	420.7129211425781	24961404	0.0	0.0
2022-09-28 00:00:00+08:00	419.7738126989914	421.6519953061457	411.3219909667969	411.3219909667969	34402652	0.0	0.0
2022-09-29 00:00:00+08:00	416.01736765894395	416.48691322063576	405.6873653017241	408.504638671875	41094780	0.0	0.0
2022-09-30 00:00:00+08:00	398.6442983184381	401.46157251150123	396.29656982421875	396.29656982421875	48266800	0.0	0.0
2022-10-03 00:00:00+08:00	393.00974180372503	398.64429007331245	391.1315590471959	391.6011047363281	36044395	0.0	0.0
2022-10-04 00:00:00+08:00	403.33972388492043	405.6874521962412	400.9919955735996	402.87017822265625	40375000	0.0	0.0
2022-10-05 00:00:00+08:00	417.4261147145475	423.53020863050824	415.0783862853318	417.8956604003906	46496536	0.0	0.0
2022-10-06 00:00:00+08:00	423.060666712319	423.53021240234375	419.7738468821456	423.53021240234375	30331834	0.0	0.0
2022-10-07 00:00:00+08:00	421.1824496543571	421.1824496543571	410.38289966321975	411.3219909667969	31941781	0.0	0.0
2022-10-11 00:00:00+08:00	383.149228600755	387.3751392103222	376.57558987476165	377.0451354980469	95793819	0.0	0.0
2022-10-12 00:00:00+08:00	372.8193031550953	375.6365774862422	371.41066598952193	373.2888488769531	53570085	0.0	0.0
2022-10-13 00:00:00+08:00	376.10604186239124	378.4537699639043	370.9410400390625	370.9410400390625	38046284	0.0	0.0
2022-10-14 00:00:00+08:00	389.2533987471201	390.66203589578276	384.08839586869027	386.9056701660156	54504366	0.0	0.0
2022-10-17 00:00:00+08:00	375.63657976818325	378.92339984115483	371.8802139705014	372.8193054199219	41512192	0.0	0.0
2022-10-18 00:00:00+08:00	381.7405679313791	382.2101135253906	375.16692961521755	382.2101135253906	40093216	0.0	0.0
2022-10-19 00:00:00+08:00	379.39285899474555	380.3319502298811	371.41058349609375	371.41058349609375	46385177	0.0	0.0
2022-10-20 00:00:00+08:00	367.1847544928017	373.2888488769531	362.4892972742237	373.2888488769531	52938069	0.0	0.0
2022-10-21 00:00:00+08:00	371.41054784654807	374.22782128154086	365.7760009765625	365.7760009765625	35923505	0.0	0.0
2022-10-24 00:00:00+08:00	370.9410753669049	373.28880369201187	363.4283447265625	363.4283447265625	46714078	0.0	0.0
2022-10-25 00:00:00+08:00	356.85471527017353	359.2024436601089	348.40289306640625	348.40289306640625	76416687	0.0	0.0
2022-10-26 00:00:00+08:00	347.9333555749122	355.9156322885067	347.46380988587725	353.0983581542969	58850484	0.0	0.0
2022-10-27 00:00:00+08:00	361.08059256982864	365.30650327610755	359.2024100337047	362.0196838378906	45684455	0.0	0.0
2022-10-28 00:00:00+08:00	356.3851318359375	358.73285997714925	352.15922118175644	356.3851318359375	40184472	0.0	0.0
2022-10-31 00:00:00+08:00	362.4892704890325	366.2456359863281	357.79381361741287	366.2456359863281	38409054	0.0	0.0
2022-11-01 00:00:00+08:00	364.83702256944446	369.06293402777777	362.4892939814815	367.654296875	41426496	0.0	0.0
2022-11-02 00:00:00+08:00	367.1846750766416	370.9410400390625	364.83694697512857	370.9410400390625	22535650	0.0	0.0
2022-11-03 00:00:00+08:00	361.5501753489176	363.42835807800293	360.14153830210364	360.611083984375	39731333	0.0	0.0
2022-11-04 00:00:00+08:00	357.7938187684064	361.08063862585897	355.44609029879746	358.73291015625	28397417	0.0	0.0
2022-11-07 00:00:00+08:00	366.2456359863281	369.0629101092999	363.4283618633564	366.2456359863281	35387706	0.0	0.0
2022-11-08 00:00:00+08:00	370.94105311802457	375.1669638497489	370.001961844308	374.6974182128906	31838223	0.0	0.0
2022-11-09 00:00:00+08:00	378.9233711297564	391.6011047363281	378.9233711297564	391.6011047363281	52260831	0.0	0.0
2022-11-10 00:00:00+08:00	384.0883243865031	386.4360525306749	381.271050613497	382.6796875	32044942	0.0	0.0
2022-11-11 00:00:00+08:00	414.60882568359375	415.0783713525446	408.50473198723284	414.60882568359375	80016195	0.0	0.0
2022-11-14 00:00:00+08:00	422.591117258822	422.591117258822	414.6088405994887	417.8956604003906	61933190	0.0	0.0
2022-11-15 00:00:00+08:00	436.6774549484253	457.3374635696411	433.8601810455322	450.7638244628906	113379796	0.0	0.0
2022-11-16 00:00:00+08:00	461.5633742314834	463.91110248291517	452.17246122575636	457.33746337890625	85726375	0.0	0.0
2022-11-17 00:00:00+08:00	453.1115916143987	455.4593200683594	446.0684062525169	455.4593200683594	45144984	0.0	0.0
2022-11-18 00:00:00+08:00	461.5633742314834	463.91110248291517	456.3983720783335	457.33746337890625	35859717	0.0	0.0
2022-11-21 00:00:00+08:00	457.8070312120113	459.6852139041631	451.23339178947987	452.64202880859375	29710180	0.0	0.0
2022-11-22 00:00:00+08:00	447.0075012331339	461.0938720703125	447.0075012331339	461.0938720703125	37343127	0.0	0.0
2022-11-23 00:00:00+08:00	464.3806874344989	465.7893245045732	458.7461391542016	462.032958984375	33475337	0.0	0.0
2022-11-24 00:00:00+08:00	463.9110935580346	465.7892761230469	462.0329109930223	465.7892761230469	27396552	0.0	0.0
2022-11-25 00:00:00+08:00	463.9110848913231	467.6674499511719	463.9110848913231	467.6674499511719	39949969	0.0	0.0
2022-11-28 00:00:00+08:00	456.3983700501187	460.1547352357164	451.2333679199219	451.2333679199219	38926919	0.0	0.0
2022-11-29 00:00:00+08:00	444.6597308211747	458.2765546794789	444.1901851708884	457.33746337890625	38182197	0.0	0.0
2022-11-30 00:00:00+08:00	453.5811152866909	460.1547546386719	453.1115696186922	460.1547546386719	57111603	0.0	0.0
2022-12-01 00:00:00+08:00	475.1801778626896	477.058360383886	468.1369934082031	468.1369934082031	41746878	0.0	0.0
2022-12-02 00:00:00+08:00	460.1547436399508	466.72838283480723	460.1547436399508	462.5024719238281	28319679	0.0	0.0
2022-12-05 00:00:00+08:00	461.56336541361117	467.197913109403	459.21563720703125	459.21563720703125	28360444	0.0	0.0
2022-12-06 00:00:00+08:00	458.2765326719404	459.21562392741566	448.8856201171875	448.8856201171875	40561068	0.0	0.0
2022-12-07 00:00:00+08:00	447.94657258686266	455.9288490375719	446.0683898925781	446.0683898925781	36563503	0.0	0.0
2022-12-08 00:00:00+08:00	446.06843626764646	446.06843626764646	438.5557047094545	442.7816162109375	27238567	0.0	0.0
2022-12-09 00:00:00+08:00	448.88566562418873	454.9897594035972	447.0074829228323	452.1724853515625	25915337	0.0	0.0
2022-12-12 00:00:00+08:00	447.4770269132915	448.8856639340049	444.6597528718647	446.0683898925781	20973334	0.0	0.0
2022-12-13 00:00:00+08:00	444.1902533780985	447.0075277124204	442.3120704885505	442.7816162109375	33272826	0.0	0.0
2022-12-14 00:00:00+08:00	443.2510919005268	451.2333679199219	443.2510919005268	451.2333679199219	30636639	0.0	0.0
2022-12-15 00:00:00+08:00	449.5804833323849	454.77521580786413	448.16373811179966	453.8307189941406	24222008	2.75	0.0
2022-12-16 00:00:00+08:00	440.6077962498756	444.8580322265625	439.6632993661674	444.8580322265625	47601400	0.0	0.0
2022-12-19 00:00:00+08:00	440.6078186035156	443.44130939839357	439.1910732060767	440.6078186035156	21075559	0.0	0.0
2022-12-20 00:00:00+08:00	439.19102603099384	441.0800196913422	429.746057729252	432.1072998046875	31139235	0.0	0.0
2022-12-21 00:00:00+08:00	434.4685446878404	437.3020351966741	431.63505417900666	433.5240478515625	36182644	0.0	0.0
2022-12-22 00:00:00+08:00	440.60776040492914	442.96900242210455	438.2465183877537	442.0245056152344	14047382	0.0	0.0
2022-12-23 00:00:00+08:00	432.10724396758025	433.0517406757061	429.7460021972656	429.7460021972656	24927413	0.0	0.0
2022-12-26 00:00:00+08:00	428.8016298592809	431.6351208054876	428.32938136824646	431.1628723144531	8793306	0.0	0.0
2022-12-27 00:00:00+08:00	432.5795370890745	436.8297727154955	431.6350402832031	431.6350402832031	10264001	0.0	0.0
2022-12-28 00:00:00+08:00	425.96807861328125	426.91257546164775	421.2455943714489	425.96807861328125	32578949	0.0	0.0
2022-12-29 00:00:00+08:00	419.3566117222534	424.55134452511913	417.9398664123809	421.24560546875	23020759	0.0	0.0
2022-12-30 00:00:00+08:00	429.7461025956748	431.1628479888474	423.60687255859375	423.60687255859375	21683478	0.0	0.0
2023-01-03 00:00:00+08:00	421.2455779827194	428.32930406987276	418.41208754785805	427.8570556640625	14885824	0.0	0.0
2023-01-04 00:00:00+08:00	424.55133056640625	429.7460631984757	423.6068337242118	424.55133056640625	19188422	0.0	0.0
2023-01-05 00:00:00+08:00	433.5240061852508	433.9962545580016	429.74601920324426	433.0517578125	23549581	0.0	0.0
2023-01-06 00:00:00+08:00	429.74601920324426	433.9962545580016	429.74601920324426	433.0517578125	20886011	0.0	0.0
2023-01-09 00:00:00+08:00	442.024549329603	454.3030090332031	441.55230087946455	454.3030090332031	46666263	0.0	0.0
2023-01-10 00:00:00+08:00	459.02545166015625	459.9699484742718	456.1919612178096	459.02545166015625	32646014	0.0	0.0
2023-01-11 00:00:00+08:00	459.9700376591323	460.914534656379	455.2475526728989	457.6087951660156	21051115	0.0	0.0
2023-01-12 00:00:00+08:00	460.44220801860183	460.91445643708244	457.1364690892375	459.4977111816406	20963689	0.0	0.0
2023-01-13 00:00:00+08:00	478.85989086914066	480.7488845214844	471.30391625976563	472.2484130859375	77606949	0.0	0.0
2023-01-16 00:00:00+08:00	477.91544419090343	479.80443804146034	475.081953415068	476.970947265625	34373918	0.0	0.0
2023-01-17 00:00:00+08:00	476.0264365952721	476.0264365952721	471.7762005542429	475.0819396972656	27770329	0.0	0.0
2023-01-30 00:00:00+08:00	511.917319506791	512.86181640625	504.3613443111188	512.86181640625	124428936	0.0	0.0
2023-01-31 00:00:00+08:00	507.19485894564923	508.13935588968207	492.08290784112336	493.02740478515625	72530854	0.0	0.0
2023-02-01 00:00:00+08:00	502.4723066221993	503.4168034391583	493.02733845260906	500.58331298828125	33710990	0.0	0.0
2023-02-02 00:00:00+08:00	508.13923531991463	511.9172221996166	507.19473859998914	510.0282287597656	43077053	0.0	0.0
2023-02-03 00:00:00+08:00	510.02839486097497	511.9173889160156	506.2504067508937	511.9173889160156	31635865	0.0	0.0
2023-02-06 00:00:00+08:00	502.4722475697332	503.41674427569137	496.8052673339844	496.8052673339844	30870136	0.0	0.0
2023-02-07 00:00:00+08:00	494.9163596625538	498.6943471408939	493.02736592338374	493.97186279296875	23481767	0.0	0.0
2023-02-08 00:00:00+08:00	508.13923531991463	510.0282287597656	504.36124844021265	510.0282287597656	35096191	0.0	0.0
2023-02-09 00:00:00+08:00	510.0282287597656	510.0282287597656	506.25024188006364	510.0282287597656	18861972	0.0	0.0
2023-02-10 00:00:00+08:00	513.8061138188074	515.6951068843176	510.97262422054183	514.7506103515625	28495684	0.0	0.0
2023-02-13 00:00:00+08:00	513.8062380862985	513.8062380862985	508.1392575191702	510.9727478027344	22768977	0.0	0.0
2023-02-14 00:00:00+08:00	513.8061138188074	515.6951068843176	512.8616172860521	514.7506103515625	21883297	0.0	0.0
2023-02-15 00:00:00+08:00	496.80530610584077	502.47228678385414	493.0273189871652	495.8608093261719	61796793	0.0	0.0
2023-02-16 00:00:00+08:00	498.6943054199219	501.527795791626	494.9163182576497	498.6943054199219	29975138	0.0	0.0
2023-02-17 00:00:00+08:00	494.91627838252595	494.91627838252595	487.3603046667622	489.2492980957031	28121975	0.0	0.0
2023-02-20 00:00:00+08:00	485.4713497198758	490.1938336665672	482.6378593518609	488.3048400878906	20065156	0.0	0.0
2023-02-21 00:00:00+08:00	486.41585475714635	488.3048483678537	484.526861146439	487.3603515625	13504100	0.0	0.0
2023-02-22 00:00:00+08:00	477.9153969668777	480.7488874627288	476.9709001349274	478.8598937988281	24575245	0.0	0.0
2023-02-23 00:00:00+08:00	483.5823178088803	492.0827882391145	481.6933243799394	489.2492980957031	25376835	0.0	0.0
2023-02-24 00:00:00+08:00	494.91633716441413	495.86083399106377	482.63787841796875	482.63787841796875	41692491	0.0	0.0
2023-03-01 00:00:00+08:00	476.02645979256465	493.02740478515625	476.02645979256465	493.02740478515625	39560848	0.0	0.0
2023-03-02 00:00:00+08:00	490.19384765625	491.13834447254334	486.4158603910766	490.19384765625	16558784	0.0	0.0
2023-03-03 00:00:00+08:00	494.9163260053295	495.86082281068315	487.3603515625	487.3603515625	23253895	0.0	0.0
2023-03-06 00:00:00+08:00	491.1383583815679	494.9163457537338	488.30486785244346	492.0828552246094	21922085	0.0	0.0
2023-03-07 00:00:00+08:00	492.08292144309473	496.80540629379624	490.1939275028141	494.9164123535156	24861078	0.0	0.0
2023-03-08 00:00:00+08:00	492.0828552246094	493.97184891069236	489.2493646954849	492.0828552246094	24512408	0.0	0.0
2023-03-09 00:00:00+08:00	495.8608956172548	496.8053925612877	493.02740478515625	493.02740478515625	21557577	0.0	0.0
2023-03-10 00:00:00+08:00	486.41584905732213	487.3603458516082	482.63786188017787	484.52685546875	24045605	0.0	0.0
2023-03-13 00:00:00+08:00	484.526861146439	489.24934517320736	480.7488739250242	487.3603515625	21466947	0.0	0.0
2023-03-14 00:00:00+08:00	482.6378867355047	485.47137726428457	481.6933898925781	481.6933898925781	20474770	0.0	0.0
2023-03-15 00:00:00+08:00	486.4158657245673	487.36036255121695	481.6933815913191	482.63787841796875	23208597	0.0	0.0
2023-03-16 00:00:00+08:00	479.5514831542969	484.2995176409731	478.6018762569616	479.5514831542969	21965994	2.749821	0.0
2023-03-17 00:00:00+08:00	489.99711815086573	491.8963317871094	487.1482976965002	491.8963317871094	33118483	0.0	0.0
2023-03-20 00:00:00+08:00	490.94679576158524	491.89640271663666	484.2995470762253	486.1987609863281	11837312	0.0	0.0
2023-03-21 00:00:00+08:00	489.0475331053743	490.9467468261719	486.19871252417795	490.9467468261719	18284799	0.0	0.0
2023-03-22 00:00:00+08:00	497.59401040139835	506.1404724121094	497.59401040139835	506.1404724121094	42385987	0.0	0.0
2023-03-23 00:00:00+08:00	501.39239025470494	511.838065051678	501.39239025470494	510.8884582519531	26728246	0.0	0.0
2023-03-24 00:00:00+08:00	508.98931397843234	511.838134765625	508.0397070493681	511.838134765625	21926240	0.0	0.0
2023-03-27 00:00:00+08:00	506.1405470681056	508.98936815854523	504.2413330078125	504.2413330078125	16111177	0.0	0.0
2023-03-28 00:00:00+08:00	498.5435791015625	503.291613188244	497.59397228422614	498.5435791015625	17234120	0.0	0.0
2023-03-29 00:00:00+08:00	506.14044650095815	506.14044650095815	498.5435917692364	503.2916259765625	17280749	0.0	0.0
2023-03-30 00:00:00+08:00	508.98934086594625	509.9389478451738	504.2413059698087	508.03973388671875	19201564	0.0	0.0
2023-03-31 00:00:00+08:00	510.8885068625044	510.8885068625044	505.1908655220304	506.1404724121094	23558838	0.0	0.0
2023-04-06 00:00:00+08:00	503.2916259765625	504.2412328180277	499.49319861070165	503.2916259765625	25423363	0.0	0.0
2023-04-07 00:00:00+08:00	508.03976112839865	508.03976112839865	502.34211894751945	504.2413330078125	8557482	0.0	0.0
2023-04-10 00:00:00+08:00	506.1405300436038	506.1405300436038	501.3924950525756	502.34210205078125	7435151	0.0	0.0
2023-04-11 00:00:00+08:00	495.6948716258275	500.44290679465723	495.6948716258275	497.5940856933594	22675697	0.0	0.0
2023-04-12 00:00:00+08:00	496.6444446857159	497.5940516545222	490.9468028728778	493.7956237792969	23816473	0.0	0.0
2023-04-13 00:00:00+08:00	489.04756463742723	490.94677848067937	484.2995300292969	484.2995300292969	25536889	0.0	0.0
2023-04-14 00:00:00+08:00	489.99713134765625	493.79555872244424	487.1483108165652	489.99713134765625	18072504	0.0	0.0
2023-04-17 00:00:00+08:00	492.84601681049054	493.7956237792969	488.0979819664588	493.7956237792969	14634287	0.0	0.0
2023-04-18 00:00:00+08:00	491.89636704528215	493.79558081765776	488.09793950053097	489.04754638671875	15168888	0.0	0.0
2023-04-19 00:00:00+08:00	490.94677848067937	491.89638540230544	483.3499231076708	484.2995300292969	21123233	0.0	0.0
2023-04-20 00:00:00+08:00	486.19870857699806	489.9971359877559	484.2994948716192	487.1483154296875	17221961	0.0	0.0
2023-04-21 00:00:00+08:00	493.7956079531556	493.7956079531556	484.29953856944104	485.2491455078125	25016683	0.0	0.0
2023-04-24 00:00:00+08:00	479.5514698517628	484.2995042067308	478.6018629807692	481.45068359375	16886512	0.0	0.0
2023-04-25 00:00:00+08:00	478.6018463502447	479.5514531882413	472.9042053222656	472.9042053222656	36898412	0.0	0.0
2023-04-26 00:00:00+08:00	472.9042566402276	473.3790601107499	466.2570080529152	466.7318115234375	31269245	0.0	0.0
2023-04-27 00:00:00+08:00	466.25696431539706	470.0553917232618	464.35775061146467	468.6309814453125	29537148	0.0	0.0
2023-04-28 00:00:00+08:00	473.37904306236965	476.7026672363281	472.904239608947	476.7026672363281	24824100	0.0	0.0
2023-05-02 00:00:00+08:00	474.8034448680763	476.7026586475487	471.47982075399983	475.7530517578125	15325791	0.0	0.0
2023-05-03 00:00:00+08:00	471.0050048828125	472.9042186121787	470.05539801812944	471.0050048828125	11369311	0.0	0.0
2023-05-04 00:00:00+08:00	471.9545984842691	474.32861557926043	471.00499164627263	472.9042053222656	13140291	0.0	0.0
2023-05-05 00:00:00+08:00	474.80340576171875	476.7026193847656	473.3789955444336	474.80340576171875	7488897	0.0	0.0
2023-05-08 00:00:00+08:00	483.3499637179905	483.3499637179905	476.70271470811633	478.6019287109375	11243634	0.0	0.0
2023-05-09 00:00:00+08:00	481.45070926441866	484.2995300292969	479.5514954211665	484.2995300292969	16197743	0.0	0.0
2023-05-10 00:00:00+08:00	482.4003173342756	482.4003173342756	474.80346194318463	477.65228271484375	18859212	0.0	0.0
2023-05-11 00:00:00+08:00	480.5010687879666	480.5010687879666	473.3790173731252	473.85382080078125	13382927	0.0	0.0
2023-05-12 00:00:00+08:00	471.0050048828125	474.80343234154486	470.05539801812944	471.0050048828125	18465362	0.0	0.0
2023-05-15 00:00:00+08:00	471.9546227325224	474.3286399494868	469.580605515558	470.53021240234375	13315766	0.0	0.0
2023-05-16 00:00:00+08:00	477.65226935962636	482.40030384630256	474.8034486676206	479.5514831542969	21140315	0.0	0.0
2023-05-17 00:00:00+08:00	482.4003019535013	494.74519157042164	480.5010881662828	492.8459777832031	41406763	0.0	0.0
2023-05-18 00:00:00+08:00	506.14044650095815	508.98926702535374	499.49319861070165	503.2916259765625	43096277	0.0	0.0
2023-05-19 00:00:00+08:00	508.03964686573	508.03964686573	502.34200596630126	505.1908264160156	32099068	0.0	0.0
2023-05-22 00:00:00+08:00	505.1909400379591	506.1405470681056	502.34211894751945	504.2413330078125	17208135	0.0	0.0
2023-05-23 00:00:00+08:00	503.2916259765625	504.2412328180277	498.5435917692364	503.2916259765625	19588873	0.0	0.0
2023-05-24 00:00:00+08:00	500.4427927362351	501.3923995535714	497.59397228422614	498.5435791015625	19086681	0.0	0.0
2023-05-25 00:00:00+08:00	514.6869896876439	517.5358106637748	509.93895472742577	515.6365966796875	63827245	0.0	0.0
2023-05-26 00:00:00+08:00	539.3766917306206	539.3766917306206	534.6286574724285	537.4774780273438	95808471	0.0	0.0
2023-05-29 00:00:00+08:00	545.0744119563573	545.0744119563573	535.5783420616473	539.3767700195312	54657853	0.0	0.0
2023-05-30 00:00:00+08:00	537.4774780273438	539.3766917306206	534.6286574724285	537.4774780273438	40136130	0.0	0.0
2023-05-31 00:00:00+08:00	531.7798901629704	533.6791040564095	523.2334276424941	529.8806762695312	81176782	0.0	0.0
2023-06-01 00:00:00+08:00	522.2839133925534	526.08234185359	522.2839133925534	523.2335205078125	24477529	0.0	0.0
2023-06-02 00:00:00+08:00	530.8302564519156	535.5782909461187	528.9310426542343	533.6790771484375	30206141	0.0	0.0
2023-06-05 00:00:00+08:00	531.7799567145271	531.7799567145271	527.0319213867188	527.0319213867188	16827391	0.0	0.0
2023-06-06 00:00:00+08:00	526.0822653634208	533.6791211809431	525.1326583862304	531.7799072265625	20228086	0.0	0.0
2023-06-07 00:00:00+08:00	532.7295210932342	539.3767700195312	531.7799141037632	539.3767700195312	27604813	0.0	0.0
2023-06-08 00:00:00+08:00	533.6791433153511	539.3767854148032	527.0318941993236	530.830322265625	23080195	0.0	0.0
2023-06-09 00:00:00+08:00	532.7294655048742	537.4774999567893	532.7294655048742	536.5278930664062	19091713	0.0	0.0
2023-06-12 00:00:00+08:00	545.0742797851562	545.0742797851562	542.2254595075335	545.0742797851562	26392389	0.0	0.0
2023-06-13 00:00:00+08:00	563.116943359375	564.0665503464903	559.3185154109138	563.116943359375	56174363	0.0	0.0
2023-06-14 00:00:00+08:00	560.2681274414062	561.2177344370697	557.4193064544161	560.2681274414062	23583314	0.0	0.0
2023-06-15 00:00:00+08:00	562.8915276180467	565.7536879279689	560.0293673081244	563.8455810546875	27392154	2.749821	0.0
2023-06-16 00:00:00+08:00	562.891675758038	562.891675758038	557.167353631685	561.9376220703125	38128802	0.0	0.0
2023-06-19 00:00:00+08:00	556.2130737304688	558.1211803298871	555.2590204307595	556.2130737304688	14346885	0.0	0.0
2023-06-20 00:00:00+08:00	552.3968605316319	558.1211803298871	552.3968605316319	556.2130737304688	16221413	0.0	0.0
2023-06-21 00:00:00+08:00	555.2590460194573	558.1212060504854	551.4428326447531	554.3049926757812	21703937	0.0	0.0
2023-06-26 00:00:00+08:00	549.5347547364983	551.4428615237778	547.6266479492188	547.6266479492188	27142262	0.0	0.0
2023-06-27 00:00:00+08:00	543.8104600172777	548.5807272104116	542.8564065786509	545.7185668945312	21501718	0.0	0.0
2023-06-28 00:00:00+08:00	552.3969149174176	552.3969149174176	544.7644877682995	547.6266479492188	18175426	0.0	0.0
2023-06-29 00:00:00+08:00	551.4429360700943	553.3510431153196	543.8105078891934	546.6726684570312	16937929	0.0	0.0
2023-06-30 00:00:00+08:00	543.8104089101156	549.5347290039062	541.9023022121853	549.5347290039062	22654976	0.0	0.0
2023-07-03 00:00:00+08:00	551.4429191628886	553.3510261496115	549.5348121761658	552.39697265625	14785585	0.0	0.0
2023-07-04 00:00:00+08:00	558.1212768554688	558.1212768554688	553.3510095319177	558.1212768554688	17219541	0.0	0.0
2023-07-05 00:00:00+08:00	561.9374064547089	561.9374064547089	552.3968732381604	555.259033203125	14913592	0.0	0.0
2023-07-06 00:00:00+08:00	546.6726500924709	547.6267035830338	539.0402221679688	539.0402221679688	28564891	0.0	0.0
2023-07-07 00:00:00+08:00	539.0402221679688	545.7185966019082	537.1321151868432	539.0402221679688	18796190	0.0	0.0
2023-07-10 00:00:00+08:00	540.9483291490943	546.6726500924709	539.0402221679688	539.0402221679688	18454982	0.0	0.0
2023-07-11 00:00:00+08:00	547.6266095510182	550.48876953125	543.8103962440425	550.48876953125	17850636	0.0	0.0
2023-07-12 00:00:00+08:00	547.6267786784981	551.4429931640625	545.7186714357158	551.4429931640625	15588228	0.0	0.0
2023-07-13 00:00:00+08:00	560.0293837848892	562.8915441790198	558.1212768554688	558.1212768554688	25442137	0.0	0.0
2023-07-14 00:00:00+08:00	561.937474181406	563.8455810546875	560.0293673081244	563.8455810546875	23121873	0.0	0.0
2023-07-17 00:00:00+08:00	560.9834207447652	563.8455810546875	560.0293673081244	563.8455810546875	13807834	0.0	0.0
2023-07-18 00:00:00+08:00	560.0293127378375	560.9833660815135	553.3509393321052	554.3049926757812	20932006	0.0	0.0
2023-07-19 00:00:00+08:00	557.1671527068094	560.0293127378375	552.3968859884292	554.3049926757812	22499123	0.0	0.0
2023-07-20 00:00:00+08:00	553.3510261496115	557.167240123057	551.4429191628886	552.39697265625	15108109	0.0	0.0
2023-07-21 00:00:00+08:00	534.2698974609375	537.1320576259068	531.4077372959682	534.2698974609375	46711021	0.0	0.0
2023-07-24 00:00:00+08:00	531.4077629718302	537.132083578349	531.4077629718302	532.36181640625	25268835	0.0	0.0
2023-07-25 00:00:00+08:00	535.2240172588972	542.8564453125	535.2240172588972	542.8564453125	19590349	0.0	0.0
2023-07-26 00:00:00+08:00	542.8565458156195	544.7646531822825	537.1322237156305	539.994384765625	13314305	0.0	0.0
2023-07-27 00:00:00+08:00	543.8104988192003	543.8104988192003	539.994284792399	542.8564453125	12200358	0.0	0.0
2023-07-28 00:00:00+08:00	542.8564101123305	546.6726238916791	539.040196332982	540.9483032226562	18540078	0.0	0.0
2023-07-31 00:00:00+08:00	548.5807570735965	548.5807570735965	534.2699547151549	539.0402221679688	24208467	0.0	0.0
2023-08-01 00:00:00+08:00	539.040196332982	541.9023566674935	538.0861428881449	540.9483032226562	16259643	0.0	0.0
2023-08-02 00:00:00+08:00	540.9484432444854	542.8565506280637	532.3619600183824	535.22412109375	25583234	0.0	0.0
2023-08-04 00:00:00+08:00	530.4537000965986	534.2699137663583	526.6374864268389	528.5455932617188	26279173	0.0	0.0
2023-08-07 00:00:00+08:00	532.36181640625	535.2239767095094	530.4537095374104	532.36181640625	14369551	0.0	0.0
2023-08-08 00:00:00+08:00	532.3617095947266	532.3617095947266	525.6833368937175	526.6373901367188	19010690	0.0	0.0
2023-08-09 00:00:00+08:00	524.7293795919591	531.4077535140385	524.7293795919591	528.5455932617188	14389090	0.0	0.0
2023-08-10 00:00:00+08:00	526.6374640213816	528.5455707750823	524.7293572676809	525.6834106445312	17892615	0.0	0.0
2023-08-11 00:00:00+08:00	530.4538051060268	532.3619123186384	520.9132690429688	520.9132690429688	17608427	0.0	0.0
2023-08-14 00:00:00+08:00	515.1888908343923	518.0510513390278	512.3267303297569	516.1429443359375	20939030	0.0	0.0
2023-08-15 00:00:00+08:00	518.0510383408888	519.9591452961039	515.1888779080662	517.0969848632812	14066307	0.0	0.0
2023-08-16 00:00:00+08:00	516.1429313856737	518.0510383408888	511.3726639976361	517.0969848632812	28269840	0.0	0.0
2023-08-17 00:00:00+08:00	515.188912784352	520.9132340375114	512.3267521577723	519.005126953125	22843138	0.0	0.0
2023-08-18 00:00:00+08:00	515.1888556825429	519.0050694283395	514.2348022460938	514.2348022460938	17592345	0.0	0.0
2023-08-21 00:00:00+08:00	519.0050955831006	519.0050955831006	509.464560737823	512.3267211914062	16633821	0.0	0.0
2023-08-22 00:00:00+08:00	519.005104840573	519.005104840573	513.280783831302	516.1429443359375	14594304	0.0	0.0
2023-08-23 00:00:00+08:00	520.9130706787109	526.6373901367188	519.0049641927084	526.6373901367188	20636332	0.0	0.0
2023-08-24 00:00:00+08:00	537.1321281270777	538.086181640625	532.3618605593417	538.086181640625	23280827	0.0	0.0
2023-08-25 00:00:00+08:00	523.7754298618862	525.6835370744977	520.9132690429688	520.9132690429688	24144537	0.0	0.0
2023-08-28 00:00:00+08:00	521.8672835553278	527.5916047643443	521.8672835553278	523.775390625	8991985	0.0	0.0
2023-08-29 00:00:00+08:00	525.6833368937175	527.5914433797201	520.9130706787109	526.6373901367188	10516678	0.0	0.0
2023-08-30 00:00:00+08:00	532.3617939717061	534.2699007601351	528.545580394848	529.4996337890625	15117416	0.0	0.0
2023-08-31 00:00:00+08:00	527.5916047643443	530.4537653688525	522.821337090164	523.775390625	40431378	0.0	0.0
2023-09-01 00:00:00+08:00	518.0510823047944	527.591617890518	518.0510823047944	522.8213500976562	13669766	0.0	0.0
2023-09-04 00:00:00+08:00	523.7752880596387	531.40771484375	523.7752880596387	531.40771484375	9531157	0.0	0.0
2023-09-05 00:00:00+08:00	527.5914433797201	529.4995498657227	524.7292836507162	526.6373901367188	12220686	0.0	0.0
2023-09-06 00:00:00+08:00	530.4536905184659	530.4536905184659	524.7293701171875	524.7293701171875	14067008	0.0	0.0
2023-09-07 00:00:00+08:00	520.9131987737114	522.8213057289264	517.0969848632812	517.0969848632812	20717005	0.0	0.0
2023-09-08 00:00:00+08:00	510.4185885002971	515.1888556825429	510.4185885002971	514.2348022460938	15283568	0.0	0.0
2023-09-11 00:00:00+08:00	514.2348718785528	515.1889254441902	511.3727111816406	511.3727111816406	14631968	0.0	0.0
2023-09-12 00:00:00+08:00	511.37269861557905	519.9591804953183	511.37269861557905	519.005126953125	16028336	0.0	0.0
2023-09-13 00:00:00+08:00	519.9591583421181	522.8213188467537	516.1429443359375	516.1429443359375	16191392	0.0	0.0
2023-09-14 00:00:00+08:00	521.8991548295455	527.6553955078125	520.9397813831677	527.6553955078125	17144287	3.0	0.0
2023-09-15 00:00:00+08:00	526.6960222798009	535.3303833007812	524.7772753862497	535.3303833007812	42517441	0.0	0.0
2023-09-18 00:00:00+08:00	525.7366947880498	526.6960683186849	518.0617065429688	518.0617065429688	36684692	0.0	0.0
2023-09-19 00:00:00+08:00	517.1023178384206	520.9398118483533	516.1429443359375	516.1429443359375	18901683	0.0	0.0
2023-09-20 00:00:00+08:00	514.2242050598715	516.142952093677	513.2648315429688	513.2648315429688	24635567	0.0	0.0
2023-09-21 00:00:00+08:00	508.46808706786646	509.4274608170511	504.6305920711278	505.5899658203125	32012694	0.0	0.0
2023-09-22 00:00:00+08:00	501.75237282939344	503.671119953024	500.7929992675781	500.7929992675781	29049309	0.0	0.0
2023-09-25 00:00:00+08:00	500.792930733817	507.5085447474888	500.792930733817	503.6710510253906	17116402	0.0	0.0
2023-09-26 00:00:00+08:00	499.83357235829493	502.71169273655767	497.9148254394531	497.9148254394531	26392692	0.0	0.0
2023-09-27 00:00:00+08:00	495.99613145850174	501.75237282939344	495.0367578966864	500.7929992675781	16846401	0.0	0.0
2023-09-28 00:00:00+08:00	501.75225830078125	503.6710049864439	498.87413827228727	501.75225830078125	19733331	0.0	0.0
2023-10-02 00:00:00+08:00	508.46794887063203	512.3054428243727	506.54920189376173	511.3460693359375	25427911	0.0	0.0
2023-10-03 00:00:00+08:00	506.5492019509097	511.3460693936267	506.5492019509097	507.5085754394531	14490129	0.0	0.0
2023-10-04 00:00:00+08:00	499.8336411696214	501.75238835261416	497.9148939866286	498.874267578125	28358964	0.0	0.0
2023-10-05 00:00:00+08:00	501.75235719391793	507.5085983854351	501.75235719391793	506.5492248535156	24945684	0.0	0.0
2023-10-06 00:00:00+08:00	508.4679412841797	511.34606170654297	507.5085678100586	510.3866882324219	15336587	0.0	0.0
2023-10-11 00:00:00+08:00	519.9804229736328	521.899169921875	518.0616760253906	521.899169921875	46639969	0.0	0.0
2023-10-12 00:00:00+08:00	522.8585282759233	527.6553955078125	521.8991548295455	527.6553955078125	34161176	0.0	0.0
2023-10-13 00:00:00+08:00	527.6553880025853	531.4928817335132	525.7366411371214	530.5335083007812	31123496	0.0	0.0
2023-10-16 00:00:00+08:00	523.8178939399369	524.7772673720614	519.9804002114392	522.8585205078125	19875676	0.0	0.0
2023-10-17 00:00:00+08:00	527.6553117644766	529.574058352711	525.736565176242	528.6146850585938	18364998	0.0	0.0
2023-10-18 00:00:00+08:00	526.6960683186849	526.6960683186849	518.0617065429688	518.0617065429688	26418940	0.0	0.0
2023-10-19 00:00:00+08:00	518.061751480941	525.7367403917697	518.061751480941	523.8179931640625	22881262	0.0	0.0
2023-10-20 00:00:00+08:00	526.6960071591164	533.41162109375	523.8178869014164	533.41162109375	45984177	0.0	0.0
2023-10-23 00:00:00+08:00	529.5741577148438	530.5335311889648	520.9397964477539	521.899169921875	22747367	0.0	0.0
2023-10-24 00:00:00+08:00	520.9397964477539	523.8179168701172	518.0616760253906	521.899169921875	15007814	0.0	0.0
2023-10-25 00:00:00+08:00	521.899169921875	528.6147842407227	521.899169921875	521.899169921875	16526355	0.0	0.0
2023-10-26 00:00:00+08:00	508.46799458936556	513.2648624628501	508.46799458936556	509.4273681640625	28188348	0.0	0.0
2023-10-27 00:00:00+08:00	512.3054428243727	514.224189801243	510.3866958475023	511.3460693359375	15679643	0.0	0.0
2023-10-30 00:00:00+08:00	509.4273147583008	512.3054351806641	506.5491943359375	510.3866882324219	21404842	0.0	0.0
2023-10-31 00:00:00+08:00	513.2648163707134	513.2648163707134	505.58982846236637	507.5085754394531	25667058	0.0	0.0
2023-11-01 00:00:00+08:00	511.34609251311326	511.34609251311326	505.5898513215961	506.5492248535156	13603347	0.0	0.0
2023-11-02 00:00:00+08:00	514.2242344606947	524.77734375	513.2648608889397	524.77734375	29401438	0.0	0.0
2023-11-03 00:00:00+08:00	524.777297945839	526.696044921875	522.8585509698031	526.696044921875	15426176	0.0	0.0
2023-11-06 00:00:00+08:00	530.533515846946	533.4116361860796	527.6553955078125	527.6553955078125	29215201	0.0	0.0
2023-11-07 00:00:00+08:00	529.5740894214528	532.4522094726562	527.6553427206503	532.4522094726562	14777790	0.0	0.0
2023-11-08 00:00:00+08:00	527.6553805783498	534.3709945129833	527.6553805783498	533.41162109375	15314834	0.0	0.0
2023-11-09 00:00:00+08:00	528.6147917879334	534.3710327148438	528.6147917879334	534.3710327148438	13165684	0.0	0.0
2023-11-10 00:00:00+08:00	532.452285739207	534.3710327148438	531.4929122513886	534.3710327148438	12994933	0.0	0.0
2023-11-13 00:00:00+08:00	555.4772337798271	556.4366072405867	547.80224609375	547.80224609375	43866014	0.0	0.0
2023-11-14 00:00:00+08:00	552.5990289007867	552.5990289007867	547.8021623304674	548.7615356445312	21568576	0.0	0.0
2023-11-15 00:00:00+08:00	559.3146818229951	559.3146818229951	551.6396947653897	557.3959350585938	50305088	0.0	0.0
2023-11-16 00:00:00+08:00	557.395889622474	559.3146362304688	554.5177697104818	559.3146362304688	28291435	0.0	0.0
2023-11-17 00:00:00+08:00	555.4773329109981	559.3148274388807	555.4773329109981	556.4367065429688	22031704	0.0	0.0
2023-11-20 00:00:00+08:00	552.5990373158579	555.4771573018779	551.6396639871845	553.5584106445312	22010114	0.0	0.0
2023-11-21 00:00:00+08:00	558.3552784455128	561.2333984375	557.3959051148504	561.2333984375	35921706	0.0	0.0
2023-11-22 00:00:00+08:00	552.5990373158579	555.4771573018779	550.6802906585111	553.5584106445312	21969125	0.0	0.0
2023-11-23 00:00:00+08:00	550.6803892986998	554.5178833007812	550.6803892986998	554.5178833007812	14486134	0.0	0.0
2023-11-24 00:00:00+08:00	553.5585175356657	554.5178910495923	550.6803969938859	551.6397705078125	10058969	0.0	0.0
2023-11-27 00:00:00+08:00	549.7210622438242	553.5585565701336	544.9241943359375	544.9241943359375	18528520	0.0	0.0
2023-11-28 00:00:00+08:00	542.0460353685462	552.5991440217391	542.0460353685462	551.6397705078125	26343906	0.0	0.0
2023-11-29 00:00:00+08:00	554.5177912163817	555.4771645575865	546.8428044867433	550.6802978515625	24868842	0.0	0.0
2023-11-30 00:00:00+08:00	552.5990373158579	553.5584106445312	546.8427973438177	553.5584106445312	47192647	0.0	0.0
2023-12-01 00:00:00+08:00	549.7210535237208	555.477294921875	549.7210535237208	555.477294921875	28051165	0.0	0.0
2023-12-04 00:00:00+08:00	558.355284581201	558.355284581201	547.8021778279481	550.6802978515625	26847171	0.0	0.0
2023-12-05 00:00:00+08:00	547.8023301509388	548.761703758909	543.9648357190584	546.8429565429688	22229723	0.0	0.0
2023-12-06 00:00:00+08:00	544.9242093270285	551.6398245828193	544.9242093270285	546.8429565429688	21518089	0.0	0.0
2023-12-07 00:00:00+08:00	546.8429263488985	549.7210470138926	543.0054321289062	543.0054321289062	20840397	0.0	0.0
2023-12-08 00:00:00+08:00	550.6804509748492	553.5585717987595	546.8429565429688	546.8429565429688	33507214	0.0	0.0
2023-12-11 00:00:00+08:00	548.7615511691529	551.6396711927673	546.8428044867433	550.6802978515625	27378610	0.0	0.0
2023-12-12 00:00:00+08:00	556.436630301822	557.3960038023424	551.6397627992201	554.5178833007812	29403010	0.0	0.0
2023-12-13 00:00:00+08:00	552.5990373158579	555.4771573018779	552.5990373158579	553.5584106445312	22977731	0.0	0.0
2023-12-14 00:00:00+08:00	560.3091720109134	561.2735595703125	558.380396892115	561.2735595703125	39409958	3.0	0.0
2023-12-15 00:00:00+08:00	564.166748046875	565.131135650374	559.3448100293804	564.166748046875	54323262	0.0	0.0
2023-12-18 00:00:00+08:00	558.3804224258814	564.166748046875	556.4516472188835	564.166748046875	26122277	0.0	0.0
2023-12-19 00:00:00+08:00	567.0599108573717	567.0599108573717	559.3448100293804	564.166748046875	28254292	0.0	0.0
2023-12-20 00:00:00+08:00	566.0955232538729	566.0955232538729	562.2379728398771	564.166748046875	38121456	0.0	0.0
2023-12-21 00:00:00+08:00	556.4517211914062	558.380496654808	554.5229457280045	556.4517211914062	24923414	0.0	0.0
2023-12-22 00:00:00+08:00	561.2735595703125	561.2735595703125	558.380396892115	561.2735595703125	18690214	0.0	0.0
2023-12-25 00:00:00+08:00	561.2735917161951	564.1667545600931	559.3448164869299	560.3092041015625	9548143	0.0	0.0
2023-12-26 00:00:00+08:00	562.2380015923302	565.1311645507812	561.2736139395131	565.1311645507812	16094308	0.0	0.0
2023-12-27 00:00:00+08:00	566.0954817694587	570.9174194335938	565.1310942366317	570.9174194335938	33401336	0.0	0.0
2023-12-28 00:00:00+08:00	570.9174483558179	571.8818359375	568.0242856107715	571.8818359375	25514849	0.0	0.0
2023-12-29 00:00:00+08:00	568.0242856107715	571.8818359375	568.0242856107715	571.8818359375	18416318	0.0	0.0
2024-01-02 00:00:00+08:00	568.9886731924536	571.8818359375	568.0242856107715	571.8818359375	26059058	0.0	0.0
2024-01-03 00:00:00+08:00	563.202402715452	564.1667903913346	555.487301308391	557.4160766601562	37106763	0.0	0.0
2024-01-04 00:00:00+08:00	559.3448486328125	560.3092363028691	556.4516856226428	559.3448486328125	15309129	0.0	0.0
2024-01-05 00:00:00+08:00	557.4160188039143	559.344793955485	553.5584685007731	555.4872436523438	18158971	0.0	0.0
2024-01-08 00:00:00+08:00	561.2735275347073	564.1666900477728	558.3803650216419	562.2379150390625	17761275	0.0	0.0
2024-01-09 00:00:00+08:00	567.0599398564153	568.0243275092323	562.2380015923302	565.1311645507812	22501510	0.0	0.0
2024-01-10 00:00:00+08:00	560.3091688809329	565.1311066509926	559.344781326921	563.2023315429688	13037716	0.0	0.0
2024-01-11 00:00:00+08:00	565.1311645507812	568.0243275092323	562.2380015923302	565.1311645507812	23997409	0.0	0.0
2024-01-12 00:00:00+08:00	560.3091688809329	567.0598817590164	560.3091688809329	563.2023315429688	16496053	0.0	0.0
2024-01-15 00:00:00+08:00	568.9887151620494	568.9887151620494	564.1667768979643	565.1311645507812	21143076	0.0	0.0
2024-01-16 00:00:00+08:00	560.3092363028691	567.059949993265	558.3804609627559	559.3448486328125	27223860	0.0	0.0
2024-01-17 00:00:00+08:00	562.2379793308278	563.2023669454604	557.4160412576646	560.3092041015625	42592335	0.0	0.0
2024-01-18 00:00:00+08:00	565.1312220566938	568.0243853095437	564.1668343057438	567.0599975585938	27209996	0.0	0.0
2024-01-19 00:00:00+08:00	602.7422773952301	604.6710526828948	592.1340133130741	603.7066650390625	161106401	0.0	0.0
2024-01-22 00:00:00+08:00	610.457378545889	610.457378545889	600.8135021075653	603.7066650390625	65168775	0.0	0.0
2024-01-23 00:00:00+08:00	606.5998857826185	606.5998857826185	599.8491716324144	605.635498046875	41072439	0.0	0.0
2024-01-24 00:00:00+08:00	605.6354692328299	607.5642446125523	601.7779184733852	604.6710815429688	26635005	0.0	0.0
2024-01-25 00:00:00+08:00	612.3861276026455	619.1368408203125	610.4573523975978	619.1368408203125	52243347	0.0	0.0
2024-01-26 00:00:00+08:00	621.065673828125	622.9944492126845	616.2437353667266	621.065673828125	41153025	0.0	0.0
2024-01-29 00:00:00+08:00	622.9943815631631	624.9231567382812	621.065606388045	624.9231567382812	27825490	0.0	0.0
2024-01-30 00:00:00+08:00	619.1368408203125	623.9587788329318	619.1368408203125	619.1368408203125	36161825	0.0	0.0
2024-01-31 00:00:00+08:00	611.4218244613356	614.3149876685659	603.7067225753881	605.635498046875	41277950	0.0	0.0
2024-02-01 00:00:00+08:00	602.7423348396447	605.635498046875	596.9560084251841	605.635498046875	44946369	0.0	0.0
2024-02-02 00:00:00+08:00	610.4573332538755	612.3861083984375	605.6353953924705	612.3861083984375	26334815	0.0	0.0
2024-02-05 00:00:00+08:00	622.0299971731085	623.9587723581415	615.2792840254934	622.994384765625	44017740	0.0	0.0
2024-02-15 00:00:00+08:00	683.7508128972102	683.7508128972102	668.3206111957217	672.1781616210938	112945296	0.0	0.0
2024-02-16 00:00:00+08:00	672.1781847661969	674.1069600452964	658.6767578125	658.6767578125	44232811	0.0	0.0
2024-02-19 00:00:00+08:00	649.9972469363593	657.7123477902032	649.9972469363593	653.8547973632812	34408673	0.0	0.0
2024-02-20 00:00:00+08:00	650.9616501987241	663.4986893877366	650.9616501987241	662.5343017578125	30166461	0.0	0.0
2024-02-21 00:00:00+08:00	653.8547621403497	658.6766999142461	653.8547621403497	656.7479248046875	30564485	0.0	0.0
2024-02-22 00:00:00+08:00	670.2493638937184	670.2493638937184	660.6054881542404	667.356201171875	33145643	0.0	0.0
2024-02-23 00:00:00+08:00	676.0357120464658	677.964487259152	671.2137740147507	672.1781616210938	46448923	0.0	0.0
2024-02-26 00:00:00+08:00	675.0713534204871	675.0713534204871	670.2494151817693	673.142578125	28798079	0.0	0.0
2024-02-27 00:00:00+08:00	675.0713534204871	676.0357410682307	666.3918645907951	673.142578125	33006829	0.0	0.0
2024-02-29 00:00:00+08:00	666.3918167777683	673.1425298276155	663.4986540421195	665.4274291992188	54368302	0.0	0.0
2024-03-01 00:00:00+08:00	672.1781747316933	672.1781747316933	663.4986861053156	664.4630737304688	23390635	0.0	0.0
2024-03-04 00:00:00+08:00	688.5727062567349	699.1809692382812	685.6795436254041	699.1809692382812	88861397	0.0	0.0
2024-03-05 00:00:00+08:00	708.8249290152771	711.7180919908498	702.0742154056079	704.0029907226562	64403889	0.0	0.0
2024-03-06 00:00:00+08:00	692.4303604644982	711.7181142378827	691.4659727758291	708.824951171875	43687122	0.0	0.0
2024-03-07 00:00:00+08:00	728.1126323499177	741.614058645148	727.1482447574012	732.9345703125	71817344	0.0	0.0
2024-03-08 00:00:00+08:00	766.6880969611966	767.652484504544	744.5071834642059	756.079833984375	87139744	0.0	0.0
2024-03-11 00:00:00+08:00	740.6496613903394	750.2935371896928	733.898948330792	738.7208862304688	64759810	0.0	0.0
2024-03-12 00:00:00+08:00	730.0415717583198	743.5430010907062	727.1484083299513	742.57861328125	58110339	0.0	0.0
2024-03-13 00:00:00+08:00	757.0443216306713	757.0443216306713	749.3292202637346	751.2579956054688	36754557	0.0	0.0
2024-03-14 00:00:00+08:00	751.2578962676379	757.0442215277224	742.5784083775111	756.079833984375	42010806	0.0	0.0
2024-03-15 00:00:00+08:00	743.5428765893457	749.3292024772006	726.1838989257812	726.1838989257812	73316437	0.0	0.0
2024-03-18 00:00:00+08:00	730.5436363020492	741.2014347096389	730.5436363020492	740.2325439453125	43589856	3.49979	0.0
2024-03-19 00:00:00+08:00	734.4192365511196	741.2014722448635	731.5125641109437	738.2947998046875	30152375	0.0	0.0
2024-03-20 00:00:00+08:00	740.2325954789536	745.0770496378473	728.6059054976088	734.4192504882812	41280325	0.0	0.0
2024-03-21 00:00:00+08:00	748.952553262516	759.6103515625	747.9836625079719	759.6103515625	46026103	0.0	0.0
2024-03-22 00:00:00+08:00	763.4858958250397	764.4547865557822	750.8903163253881	760.5792236328125	30660820	0.0	0.0
2024-03-25 00:00:00+08:00	758.641413292518	763.4858667618189	754.7658505170773	755.7347412109375	19877101	0.0	0.0
2024-03-26 00:00:00+08:00	763.4859522358536	767.3615154451726	751.8592626078964	757.672607421875	40990702	0.0	0.0
2024-03-27 00:00:00+08:00	760.5793364577484	760.5793364577484	754.7659912109375	754.7659912109375	18794479	0.0	0.0
2024-03-28 00:00:00+08:00	749.9215418067804	751.8593235685549	744.1081965214564	745.0770874023438	27190918	0.0	0.0
2024-03-29 00:00:00+08:00	745.0770174006826	752.8281437195453	744.1081266108247	751.8592529296875	9802000	0.0	0.0
2024-04-01 00:00:00+08:00	758.6416026722302	758.6416026722302	745.0771295720881	746.0460205078125	21041261	0.0	0.0
2024-04-02 00:00:00+08:00	759.6104220233386	765.4237670898438	758.641531178921	765.4237670898438	37974481	0.0	0.0
2024-04-03 00:00:00+08:00	758.641413292518	760.5791946802383	753.7969598232171	755.7347412109375	30890544	0.0	0.0
2024-04-08 00:00:00+08:00	764.4548241626258	767.3614964978448	758.6414794921875	758.6414794921875	32202226	0.0	0.0
2024-04-09 00:00:00+08:00	770.2681667900783	794.4904361859927	767.3614944625687	793.5215454101562	56857731	0.0	0.0
2024-04-10 00:00:00+08:00	789.6460571289062	793.5216205994775	784.8016027906921	789.6460571289062	27480849	0.0	0.0
2024-04-11 00:00:00+08:00	785.7704610685023	794.490478515625	785.7704610685023	794.490478515625	25200651	0.0	0.0
2024-04-12 00:00:00+08:00	797.3971273333635	800.3037997294755	791.5837825411397	792.5526733398438	31508936	0.0	0.0
2024-04-15 00:00:00+08:00	778.9881828061996	786.7393090032762	778.019292031565	780.9259643554688	38913470	0.0	0.0
2024-04-16 00:00:00+08:00	777.050433318627	778.0193241332388	760.5792894702272	763.4859619140625	49508969	0.0	0.0
2024-04-17 00:00:00+08:00	773.1748752878673	782.8637834994947	768.3304211820536	778.9882202148438	34472074	0.0	0.0
2024-04-18 00:00:00+08:00	771.2370936455418	784.8015651418202	767.3615303608908	778.9882202148438	43598591	0.0	0.0
2024-04-19 00:00:00+08:00	745.0770783691406	746.0459692382813	722.7925883789063	726.6681518554688	130968654	0.0	0.0
2024-04-22 00:00:00+08:00	716.9792105373989	733.4503545632581	716.9792105373989	718.9169921875	46540798	0.0	0.0
2024-04-23 00:00:00+08:00	737.3259987261947	737.3259987261947	728.6059803444132	730.5437622070312	30423647	0.0	0.0
2024-04-24 00:00:00+08:00	746.0458993729047	760.5792610490003	745.0770085944984	758.6414794921875	39457128	0.0	0.0
2024-04-25 00:00:00+08:00	746.0459123018827	749.9214754826718	741.2014583258965	742.1703491210938	28534926	0.0	0.0
2024-04-26 00:00:00+08:00	763.4859522358536	764.4548430381833	757.672607421875	757.672607421875	32571247	0.0	0.0
2024-04-29 00:00:00+08:00	765.423795112274	770.2682495117188	762.5171224726071	770.2682495117188	26765837	0.0	0.0
2024-04-30 00:00:00+08:00	772.2060030007664	777.050457222854	765.4237670898438	765.4237670898438	39051972	0.0	0.0
2024-05-02 00:00:00+08:00	764.4549097248928	764.4549097248928	747.9837646484375	747.9837646484375	40527228	0.0	0.0
2024-05-03 00:00:00+08:00	763.4858667618189	763.4858667618189	748.9525063539162	755.7347412109375	29901556	0.0	0.0
2024-05-06 00:00:00+08:00	766.3926720849734	768.3304538095877	761.5482177734375	761.5482177734375	32599878	0.0	0.0
2024-05-07 00:00:00+08:00	772.2059375762939	775.1126098632812	767.3614837646484	775.1126098632812	33890214	0.0	0.0
2024-05-08 00:00:00+08:00	769.2992887045083	777.0504150390625	767.3615071208698	777.0504150390625	21757193	0.0	0.0
2024-05-09 00:00:00+08:00	773.1749032945489	777.0504667195843	771.2371215820312	771.2371215820312	21923999	0.0	0.0
2024-05-10 00:00:00+08:00	778.0193058308818	781.8948689981589	773.1748518717854	777.0504150390625	25101318	0.0	0.0
2024-05-13 00:00:00+08:00	797.3971085135025	799.3348900651756	792.5526546343197	793.5215454101562	34812619	0.0	0.0
2024-05-14 00:00:00+08:00	790.6149431818181	799.3349609375	785.770488873106	799.3349609375	28691846	0.0	0.0
2024-05-15 00:00:00+08:00	811.93058418574	817.743929657237	810.9616932738239	812.8994750976562	39467772	0.0	0.0
2024-05-16 00:00:00+08:00	825.4949569429994	829.3705201211355	810.9615950249888	814.837158203125	43927195	0.0	0.0
2024-05-17 00:00:00+08:00	821.6194458738772	821.6194458738772	808.0549738901104	809.0238647460938	26207289	0.0	0.0
2024-05-20 00:00:00+08:00	808.0549738901104	811.9305373140438	796.4282836183103	809.0238647460938	28808661	0.0	0.0
2024-05-21 00:00:00+08:00	804.1793594632505	814.837158203125	804.1793594632505	814.837158203125	19705349	0.0	0.0
2024-05-22 00:00:00+08:00	818.71271804527	838.0905338569924	816.7749364640978	837.1216430664062	36628342	0.0	0.0
2024-05-23 00:00:00+08:00	847.7794799804688	849.7172616489955	840.0283533063616	847.7794799804688	37266618	0.0	0.0
2024-05-24 00:00:00+08:00	831.3083635481995	844.8728356806877	831.3083635481995	840.0283813476562	34136382	0.0	0.0
2024-05-27 00:00:00+08:00	844.8727367124569	850.6860812311205	839.0593921937932	841.966064453125	26726954	0.0	0.0
2024-05-28 00:00:00+08:00	840.0282966746072	845.8416412882723	838.0905151367188	838.0905151367188	25329216	0.0	0.0
2024-05-29 00:00:00+08:00	834.2149797081253	840.9972153155084	829.3705257028515	830.3394165039062	33436835	0.0	0.0
2024-05-30 00:00:00+08:00	814.8372145768851	821.6194506078461	811.9305419921875	811.9305419921875	38065102	0.0	0.0
2024-05-31 00:00:00+08:00	811.9304942643308	819.6816207012218	795.4593505859375	795.4593505859375	77438401	0.0	0.0
2024-06-03 00:00:00+08:00	812.8993442977292	826.4638148819583	810.9615627856965	819.6815795898438	28345488	0.0	0.0
2024-06-04 00:00:00+08:00	817.743929657237	824.5261660406501	810.9616932738239	812.8994750976562	28223635	0.0	0.0
2024-06-05 00:00:00+08:00	814.8372190238721	830.3394728935295	809.0238738227505	827.4328002929688	31975446	0.0	0.0
2024-06-06 00:00:00+08:00	865.2194637153506	871.0328083763719	857.4683375006554	866.1883544921875	62925136	0.0	0.0
2024-06-07 00:00:00+08:00	857.4684356585298	860.3751083217791	851.6550903320312	851.6550903320312	41075399	0.0	0.0
2024-06-11 00:00:00+08:00	864.2505958358402	867.1572682433598	855.5305786132812	855.5305786132812	48228488	0.0	0.0
2024-06-12 00:00:00+08:00	860.3750338412748	885.5661947420328	860.3750338412748	880.7217407226562	48106925	0.0	0.0
2024-06-13 00:00:00+08:00	897.7426541964559	909.4142813366049	886.071027056307	893.8521118164062	55857091	3.49979	0.0
2024-06-14 00:00:00+08:00	890.9343272310534	896.7701416015625	880.2353342184534	896.7701416015625	38408123	0.0	0.0
2024-06-17 00:00:00+08:00	888.0163391974797	899.6879668758695	888.0163391974797	895.7974243164062	26292426	0.0	0.0
2024-06-18 00:00:00+08:00	918.1680702379374	924.003884243687	914.2775275674377	917.1954345703125	37876013	0.0	0.0
2024-06-19 00:00:00+08:00	926.9218395361477	957.0735468033256	926.9218395361477	954.1556396484375	72228052	0.0	0.0
2024-06-20 00:00:00+08:00	944.4292824654768	954.1556396484375	944.4292824654768	954.1556396484375	48225374	0.0	0.0
2024-06-21 00:00:00+08:00	934.7027619981275	951.237566320675	933.7301264497423	943.4564819335938	88376132	0.0	0.0
2024-06-24 00:00:00+08:00	931.7849688590841	933.7302401928191	914.2775268554688	914.2775268554688	66391994	0.0	0.0
2024-06-25 00:00:00+08:00	899.6879133597884	919.140625	897.7426421957672	919.140625	57368432	0.0	0.0
2024-06-26 00:00:00+08:00	924.9765642166137	933.7302856445312	924.9765642166137	933.7302856445312	44967166	0.0	0.0
2024-06-27 00:00:00+08:00	924.9765642166137	934.7029213587443	923.0312927881877	933.7302856445312	39729446	0.0	0.0
2024-06-28 00:00:00+08:00	929.8396231135966	944.429156949061	928.8669875245656	939.5659790039062	39138210	0.0	0.0
2024-07-01 00:00:00+08:00	941.5112915039062	950.2650121893764	938.5933846087495	941.5112915039062	19935737	0.0	0.0
2024-07-02 00:00:00+08:00	940.5387356440226	944.4292785008748	932.7576499303182	933.7302856445312	25427569	0.0	0.0
2024-07-03 00:00:00+08:00	949.292359271259	952.2102661132812	940.5386387451921	952.2102661132812	24070411	0.0	0.0
2024-07-04 00:00:00+08:00	972.6356012904229	982.3619573033271	969.7176944865516	977.498779296875	41893299	0.0	0.0
2024-07-05 00:00:00+08:00	977.498779296875	982.3619573033271	972.6356012904229	977.498779296875	19998094	0.0	0.0
2024-07-08 00:00:00+08:00	977.4989066745925	1021.2675144361414	972.6357280344204	1006.677978515625	40146763	0.0	0.0
2024-07-09 00:00:00+08:00	1001.8148410503682	1026.1307352506199	996.9516622103177	1011.5411987304688	46373121	0.0	0.0
2024-07-10 00:00:00+08:00	992.0882854552931	1021.2673526745664	987.2251075854142	1016.4041748046875	46206302	0.0	0.0
2024-07-11 00:00:00+08:00	1035.8569980197483	1050.446533203125	1026.1306412308304	1050.446533203125	41724336	0.0	0.0
2024-07-12 00:00:00+08:00	1001.8148410503682	1016.404377570519	996.9516622103177	1011.5411987304688	68983062	0.0	0.0
2024-07-15 00:00:00+08:00	1011.5411987304688	1016.404377570519	996.9516622103177	1011.5411987304688	38393309	0.0	0.0
2024-07-16 00:00:00+08:00	1011.5410804206161	1040.720150048134	1006.6779021493631	1026.130615234375	32125609	0.0	0.0
2024-07-17 00:00:00+08:00	1006.6779367391346	1016.4042936158412	992.0884014240746	1001.8147583007812	54022399	0.0	0.0
2024-07-18 00:00:00+08:00	960.9639740749378	977.498779296875	959.018702872357	977.498779296875	81990095	0.0	0.0
2024-07-19 00:00:00+08:00	960.9639218045264	967.7723706432224	943.4564819335938	943.4564819335938	92507621	0.0	0.0
2024-07-22 00:00:00+08:00	937.6208243893104	938.5934600992579	912.3322959306776	913.304931640625	83062356	0.0	0.0
2024-07-23 00:00:00+08:00	936.6480962891623	952.2102661132812	929.8396469911103	952.2102661132812	47213266	0.0	0.0
2024-07-26 00:00:00+08:00	889.9615508240539	904.5510844441204	889.9615508240539	898.7152709960938	82081735	0.0	0.0
2024-07-29 00:00:00+08:00	916.2226976297669	922.0585109904661	910.3868842690678	918.16796875	40809258	0.0	0.0
2024-07-30 00:00:00+08:00	904.5511701867935	923.0312478572764	900.6606275193234	914.2775268554688	41761392	0.0	0.0
2024-07-31 00:00:00+08:00	903.5785330990908	914.2775254178098	902.6058974337526	908.4417114257812	39894991	0.0	0.0
2024-08-01 00:00:00+08:00	942.4840070724488	942.4840070724488	922.0586570739746	933.7302856445312	47382270	0.0	0.0
2024-08-02 00:00:00+08:00	892.8794504970411	902.6058061669436	878.2899169921875	878.2899169921875	76144485	0.0	0.0
2024-08-05 00:00:00+08:00	828.6855783287001	833.548756605277	790.7527877714004	792.6980590820312	144057989	0.0	0.0
2024-08-06 00:00:00+08:00	844.2477447509766	870.5089073181152	817.0139465332031	855.9193725585938	102930842	0.0	0.0
2024-08-07 00:00:00+08:00	876.3447511092476	894.8248291015625	868.5636656387992	894.8248291015625	59158704	0.0	0.0
2024-08-08 00:00:00+08:00	876.3446843964713	880.2352268355233	862.7277858597892	871.4815063476562	38236391	0.0	0.0
2024-08-09 00:00:00+08:00	901.6332617684145	908.4417114257812	896.7700834417241	908.4417114257812	49494621	0.0	0.0
2024-08-12 00:00:00+08:00	916.2227981892038	922.0586121904089	905.523805853661	914.2775268554688	38331663	0.0	0.0
2024-08-13 00:00:00+08:00	919.1406645658292	919.1406645658292	911.3595795747957	915.2501220703125	25764381	0.0	0.0
2024-08-14 00:00:00+08:00	924.9764394639413	928.8669817960715	919.1406259657462	922.0585327148438	36780856	0.0	0.0
2024-08-15 00:00:00+08:00	919.1407059055623	924.003884243687	915.2501632350626	917.1954345703125	19476402	0.0	0.0
2024-08-16 00:00:00+08:00	936.6480731786958	942.48388671875	931.7848952286506	942.48388671875	44062316	0.0	0.0
2024-08-19 00:00:00+08:00	942.4839082347403	948.3197219080204	937.6207301736736	946.3744506835938	21348863	0.0	0.0
2024-08-20 00:00:00+08:00	950.2649931324471	950.2649931324471	941.5112726225269	946.3744506835938	24039959	0.0	0.0
2024-08-21 00:00:00+08:00	934.7028189322646	937.620725755154	929.8396408941154	931.784912109375	29758188	0.0	0.0
2024-08-22 00:00:00+08:00	931.785012486856	937.6208267613039	922.0586553627761	924.9765625	24349754	0.0	0.0
2024-08-23 00:00:00+08:00	918.1679502272128	925.9490345511723	913.3047725247382	923.0311279296875	27592153	0.0	0.0
2024-08-26 00:00:00+08:00	930.8122946006373	934.7028371068051	919.1406670821341	924.0038452148438	25057581	0.0	0.0
2024-08-27 00:00:00+08:00	919.1406240281026	920.1132596090847	914.2774461231919	916.2227172851562	18693037	0.0	0.0
2024-08-28 00:00:00+08:00	919.1407706232982	937.620849609375	917.1954991510795	937.620849609375	31059233	0.0	0.0
2024-08-29 00:00:00+08:00	916.2227989026875	921.0859772408122	911.3596205645629	917.1954345703125	43530708	0.0	0.0
2024-08-30 00:00:00+08:00	918.16796875	925.9490532309322	915.2500620696504	918.16796875	63834981	0.0	0.0
2024-09-02 00:00:00+08:00	924.0038038809088	928.8669817960715	917.1953547996811	922.0585327148438	18646835	0.0	0.0
2024-09-03 00:00:00+08:00	922.0586121904089	925.949154857879	913.3048911886012	914.2775268554688	19547575	0.0	0.0
2024-09-04 00:00:00+08:00	869.5361512122996	880.2351418871714	863.7003381169151	864.6729736328125	79709021	0.0	0.0
2024-09-05 00:00:00+08:00	882.1804998359765	889.9615847297889	875.3720505538907	877.3173217773438	30512026	0.0	0.0
2024-09-06 00:00:00+08:00	884.1257958505668	892.8795166015625	878.2899820165696	892.8795166015625	24458336	0.0	0.0
2024-09-09 00:00:00+08:00	867.5909647872636	875.3720496732481	866.6183291765155	874.3994140625	35885268	0.0	0.0
2024-09-10 00:00:00+08:00	882.1804800117966	886.0710223712753	876.3446664725785	879.2625732421875	33498628	0.0	0.0
2024-09-11 00:00:00+08:00	881.2079048453107	881.2079048453107	875.3720909059379	876.3447265625	18029342	0.0	0.0
2024-09-12 00:00:00+08:00	914.4467830576796	922.262567528258	906.6309985871011	918.3546752929688	39454846	4.000138	0.0
2024-09-13 00:00:00+08:00	933.0092043206961	933.0092043206961	917.3776364996164	925.1934204101562	25347586	0.0	0.0
2024-09-16 00:00:00+08:00	930.0782853542437	930.0782853542437	921.2855284548863	925.1934204101562	13626239	0.0	0.0
2024-09-18 00:00:00+08:00	923.2395573452859	926.1704765749535	911.5158804266156	919.3316650390625	28424324	0.0	0.0
2024-09-19 00:00:00+08:00	918.3547630310059	937.8942260742188	914.4468704223633	937.8942260742188	32739630	0.0	0.0
2024-09-20 00:00:00+08:00	958.4105720794458	959.3875451396694	948.6408414772088	950.5947875976562	60133709	0.0	0.0
2024-09-23 00:00:00+08:00	948.6408471504766	954.502685546875	948.6408471504766	954.502685546875	14497067	0.0	0.0
2024-09-24 00:00:00+08:00	953.5256360024063	964.2723388671875	948.6407710638694	964.2723388671875	26785975	0.0	0.0
2024-09-25 00:00:00+08:00	976.9730449315921	981.85791015625	975.0190988417289	981.85791015625	39405222	0.0	0.0
2024-09-26 00:00:00+08:00	986.7426986318504	991.6275634765625	981.8578337871382	991.6275634765625	38321585	0.0	0.0
2024-09-27 00:00:00+08:00	996.5124829101563	1001.397348022461	976.9730224609375	976.9730224609375	35783779	0.0	0.0
2024-09-30 00:00:00+08:00	955.4795671899491	967.2032428609914	934.963134765625	934.963134765625	61603217	0.0	0.0
2024-10-01 00:00:00+08:00	944.7329326362767	954.5026630668483	944.7329326362767	949.6177978515625	26760355	0.0	0.0
2024-10-04 00:00:00+08:00	963.2954431414726	963.2954431414726	944.7329548862109	954.502685546875	40934818	0.0	0.0
2024-10-07 00:00:00+08:00	970.134233617071	986.742775380908	966.2263414373446	981.85791015625	39667071	0.0	0.0
2024-10-08 00:00:00+08:00	976.9730671797648	986.7427978515625	974.0421479782256	986.7427978515625	30845902	0.0	0.0
2024-10-09 00:00:00+08:00	1006.2822427188648	1011.1671079747817	996.5125122070312	996.5125122070312	46975717	0.0	0.0
2024-10-11 00:00:00+08:00	1001.397307911558	1025.8216324947666	996.5124429949162	1020.936767578125	43058754	0.0	0.0
2024-10-14 00:00:00+08:00	1020.936767578125	1030.7064974114085	1011.1670377448414	1020.936767578125	36858874	0.0	0.0
2024-10-15 00:00:00+08:00	1025.8217442592727	1050.246071503541	1025.8217442592727	1045.3612060546875	42850176	0.0	0.0
2024-10-16 00:00:00+08:00	1016.0519026614833	1045.3610921613338	1011.1670377448414	1020.936767578125	52652149	0.0	0.0
2024-10-17 00:00:00+08:00	1025.8218339560688	1030.7066998320502	1006.2823704521437	1011.167236328125	54173771	0.0	0.0
2024-10-18 00:00:00+08:00	1069.7856006534419	1074.6704664098502	1050.2461376278081	1060.015869140625	85011961	0.0	0.0
2024-10-21 00:00:00+08:00	1064.9007348970335	1069.7856006534419	1055.1310033842167	1060.015869140625	36491060	0.0	0.0
2024-10-22 00:00:00+08:00	1040.4762417105742	1050.2459716796875	1035.5913767260174	1050.2459716796875	41197877	0.0	0.0
2024-10-23 00:00:00+08:00	1035.5914306640625	1045.3611611420254	1030.706565425081	1035.5914306640625	31423466	0.0	0.0
2024-10-24 00:00:00+08:00	1045.3611611420254	1050.2460263810067	1030.706565425081	1035.5914306640625	38236996	0.0	0.0
2024-10-25 00:00:00+08:00	1040.4761962890625	1045.3610610603728	1035.5913315177525	1040.4761962890625	22009575	0.0	0.0
2024-10-28 00:00:00+08:00	1050.2459803989955	1055.130845424107	1025.8216552734375	1025.8216552734375	40142324	0.0	0.0
2024-10-29 00:00:00+08:00	1011.1672580425557	1016.0521240234375	996.5126600999099	1016.0521240234375	45415773	0.0	0.0
2024-10-30 00:00:00+08:00	1016.0520185452062	1030.7066149665313	1006.2822875976562	1006.2822875976562	38201984	0.0	0.0
2024-11-01 00:00:00+08:00	973.0651807831555	1006.2822652677211	973.0651807831555	1001.3973999023438	54480255	0.0	0.0
2024-11-04 00:00:00+08:00	1006.2823920616737	1020.9369900043195	1001.3975260807917	1016.0521240234375	26747978	0.0	0.0
2024-11-05 00:00:00+08:00	1006.2821951729911	1030.706520298549	1006.2821951729911	1025.8216552734375	32385622	0.0	0.0
2024-11-06 00:00:00+08:00	1025.8217001860996	1055.1308916199882	1016.0519697081368	1035.5914306640625	55349259	0.0	0.0
2024-11-07 00:00:00+08:00	1025.8216019751321	1050.2459258316828	1025.8216019751321	1040.4761962890625	43975446	0.0	0.0
2024-11-08 00:00:00+08:00	1060.015647958178	1064.9005126953125	1055.1307832210437	1064.9005126953125	37099479	0.0	0.0
2024-11-11 00:00:00+08:00	1055.1310033842167	1064.9007348970335	1045.3612718713998	1060.015869140625	34690205	0.0	0.0
2024-11-12 00:00:00+08:00	1035.5913853236607	1040.4762503487723	1025.8216552734375	1025.8216552734375	51099848	0.0	0.0
2024-11-13 00:00:00+08:00	1020.9369680800876	1025.8218339560688	1011.167236328125	1011.167236328125	42331232	0.0	0.0
2024-11-14 00:00:00+08:00	1006.2823704521437	1016.0521022041063	1001.3975045761624	1011.167236328125	44627940	0.0	0.0
2024-11-15 00:00:00+08:00	1016.0521022041063	1020.9369680800876	1006.2823704521437	1011.167236328125	34791611	0.0	0.0
2024-11-18 00:00:00+08:00	1006.2822652677211	1011.1671306330984	996.5125345369664	1001.3973999023438	31815076	0.0	0.0
2024-11-19 00:00:00+08:00	1006.2823920616737	1020.9369900043195	1001.3975260807917	1016.0521240234375	24349599	0.0	0.0
2024-11-20 00:00:00+08:00	1001.3973999023438	1001.3973999023438	1001.3973999023438	1001.3973999023438	40203197	0.0	0.0
2024-11-21 00:00:00+08:00	996.5125285233602	1001.397393859259	986.7427978515625	986.7427978515625	41429227	0.0	0.0
2024-11-22 00:00:00+08:00	1011.1672580425557	1025.8218559852014	1011.1672580425557	1016.0521240234375	25187973	0.0	0.0
2024-11-25 00:00:00+08:00	1020.9368840189813	1025.8217494927565	1006.2822875976562	1006.2822875976562	49566674	0.0	0.0
2024-11-26 00:00:00+08:00	991.6276631874613	996.5125285233602	986.7427978515625	986.7427978515625	27312402	0.0	0.0
2024-11-27 00:00:00+08:00	986.7427526855469	996.5124829101563	976.9730224609375	976.9730224609375	31276090	0.0	0.0
2024-11-28 00:00:00+08:00	981.85791015625	981.85791015625	969.1572605721393	981.85791015625	33689956	0.0	0.0
2024-11-29 00:00:00+08:00	972.0881514951408	986.7427467438113	971.1111784785627	973.0651245117188	40094983	0.0	0.0
2024-12-02 00:00:00+08:00	996.5126387001811	1016.0521022041063	991.6277728241998	1011.167236328125	31168404	0.0	0.0
2024-12-03 00:00:00+08:00	1035.5914081013034	1040.4762732338568	1030.70654296875	1030.70654296875	43414538	0.0	0.0
2024-12-04 00:00:00+08:00	1040.4763406058337	1045.3612060546875	1030.7066097081265	1045.3612060546875	33466290	0.0	0.0
2024-12-05 00:00:00+08:00	1045.3611066951307	1055.1308366642443	1045.3611066951307	1050.2459716796875	31425359	0.0	0.0
2024-12-06 00:00:00+08:00	1050.2459258316828	1055.130790602993	1035.5913315177525	1040.4761962890625	30765288	0.0	0.0
2024-12-09 00:00:00+08:00	1045.3611066951307	1050.2459716796875	1040.4762417105742	1050.2459716796875	22247131	0.0	0.0
2024-12-10 00:00:00+08:00	1045.3610610603728	1050.2459258316828	1035.5913315177525	1040.4761962890625	28506584	0.0	0.0
2024-12-11 00:00:00+08:00	1020.936767578125	1035.5913623280503	1020.936767578125	1020.936767578125	25264194	0.0	0.0
2024-12-12 00:00:00+08:00	1039.5703125	1044.4739460495282	1034.6666789504716	1039.5703125	22791260	3.999637	0.0
2024-12-13 00:00:00+08:00	1039.570243727993	1049.3775101782571	1034.666610502861	1044.473876953125	20423659	0.0	0.0
2024-12-16 00:00:00+08:00	1064.0885009765625	1064.0885009765625	1054.281233686456	1064.0885009765625	39722392	0.0	0.0
2024-12-17 00:00:00+08:00	1068.9920273891714	1073.8956605423327	1054.2811279296875	1054.2811279296875	37880707	0.0	0.0
2024-12-18 00:00:00+08:00	1054.281233686456	1068.9921346216158	1049.3776000414027	1064.0885009765625	41863190	0.0	0.0
2024-12-19 00:00:00+08:00	1044.4738085024826	1049.37744140625	1034.6665426949476	1049.37744140625	42702851	0.0	0.0
2024-12-20 00:00:00+08:00	1039.5704162892512	1039.5704162892512	1015.05224609375	1015.05224609375	52030520	0.0	0.0
2024-12-23 00:00:00+08:00	1044.4740346272786	1059.1849365234375	1039.5704006618923	1059.1849365234375	30728473	0.0	0.0
2024-12-24 00:00:00+08:00	1073.8958384195964	1073.8958384195964	1059.1849365234375	1059.1849365234375	26461906	0.0	0.0
2024-12-25 00:00:00+08:00	1068.9921346216158	1068.9921346216158	1059.1848673315092	1064.0885009765625	15481622	0.0	0.0
2024-12-26 00:00:00+08:00	1064.0885009765625	1068.9921346216158	1064.0885009765625	1064.0885009765625	14374900	0.0	0.0
2024-12-27 00:00:00+08:00	1059.1846778239678	1073.8955761270786	1059.1846778239678	1068.991943359375	24948385	0.0	0.0
2024-12-30 00:00:00+08:00	1068.991943359375	1073.8955761270786	1064.0883105916714	1068.991943359375	23954634	0.0	0.0
2024-12-31 00:00:00+08:00	1059.1847610828488	1064.0883942360101	1054.2811279296875	1054.2811279296875	28397820	0.0	0.0
2025-01-02 00:00:00+08:00	1049.3775101782571	1054.281143403389	1034.666610502861	1044.473876953125	43177098	0.0	0.0
2025-01-03 00:00:00+08:00	1059.1847610828488	1064.0883942360101	1054.2811279296875	1054.2811279296875	30415096	0.0	0.0
2025-01-06 00:00:00+08:00	1078.7994574652778	1103.317626953125	1073.8958235677082	1103.317626953125	69289786	0.0	0.0
2025-01-07 00:00:00+08:00	1127.8354773057247	1137.6427423257744	1108.220947265625	1108.220947265625	48758688	0.0	0.0
2025-01-08 00:00:00+08:00	1088.6067590497737	1108.2212952488687	1083.703125	1083.703125	45211419	0.0	0.0
2025-01-09 00:00:00+08:00	1078.7994384765625	1093.5103399103339	1078.7994384765625	1078.7994384765625	27263215	0.0	0.0
2025-01-10 00:00:00+08:00	1078.7994384765625	1088.6067060990767	1078.7994384765625	1078.7994384765625	22021522	0.0	0.0
2025-01-13 00:00:00+08:00	1088.606560001817	1093.5101931549782	1049.3774947765262	1054.2811279296875	56690300	0.0	0.0
2025-01-14 00:00:00+08:00	1064.0883105916714	1068.991943359375	1054.2810450562642	1068.991943359375	28695247	0.0	0.0
2025-01-15 00:00:00+08:00	1064.0884098536533	1064.0884098536533	1044.473876953125	1044.473876953125	35489482	0.0	0.0
2025-01-16 00:00:00+08:00	1073.8958569004526	1093.5103930995476	1068.9922228506787	1083.703125	47542962	0.0	0.0
2025-01-17 00:00:00+08:00	1103.31757409232	1103.31757409232	1073.8957721165248	1098.4139404296875	59214050	0.0	0.0
2025-01-20 00:00:00+08:00	1103.31757409232	1113.124841417585	1098.4139404296875	1098.4139404296875	29834528	0.0	0.0
2025-01-21 00:00:00+08:00	1093.510306767055	1103.31757409232	1088.6066731044225	1098.4139404296875	21904213	0.0	0.0
2025-01-22 00:00:00+08:00	1118.028266537032	1127.8355320329708	1113.1246337890625	1113.1246337890625	42960405	0.0	0.0
2025-02-03 00:00:00+08:00	1044.4738085024826	1054.2810743100176	1039.570175598715	1049.37744140625	97946226	0.0	0.0
2025-02-04 00:00:00+08:00	1064.0883638564856	1078.799262895976	1059.1847308433219	1073.8956298828125	53308108	0.0	0.0
2025-02-05 00:00:00+08:00	1088.6064453125	1098.4137105855857	1083.7028126759571	1088.6064453125	40385340	0.0	0.0
2025-02-06 00:00:00+08:00	1098.4137647141256	1098.4137647141256	1083.7028660795613	1093.5101318359375	29971252	0.0	0.0
2025-02-07 00:00:00+08:00	1088.6067252604166	1103.317626953125	1083.703091362847	1103.317626953125	27883220	0.0	0.0
2025-02-10 00:00:00+08:00	1103.317661199095	1103.317661199095	1073.8958569004526	1083.703125	28527108	0.0	0.0
2025-02-11 00:00:00+08:00	1088.6064453125	1093.5100779490429	1078.7991800394145	1088.6064453125	18898928	0.0	0.0
2025-02-12 00:00:00+08:00	1088.6067060990767	1093.5103399103339	1078.7994384765625	1078.7994384765625	24172954	0.0	0.0
2025-02-13 00:00:00+08:00	1068.991943359375	1073.8955761270786	1059.1846778239678	1068.991943359375	33210403	0.0	0.0
2025-02-14 00:00:00+08:00	1044.4739460495282	1049.3775795990566	1039.5703125	1039.5703125	64486940	0.0	0.0
2025-02-17 00:00:00+08:00	1044.4739663963494	1064.0885009765625	1044.4739663963494	1064.0885009765625	35491271	0.0	0.0
2025-02-18 00:00:00+08:00	1064.0885370427911	1078.7994384765625	1059.184903231534	1078.7994384765625	21616188	0.0	0.0
2025-02-19 00:00:00+08:00	1068.991943359375	1073.8955761270786	1064.0883105916714	1068.991943359375	26400293	0.0	0.0
2025-02-20 00:00:00+08:00	1059.1849365234375	1064.0885704888237	1049.377668592665	1059.1849365234375	29643124	0.0	0.0
2025-02-21 00:00:00+08:00	1064.0883638564856	1073.8956298828125	1059.1847308433219	1073.8956298828125	28972910	0.0	0.0
2025-02-24 00:00:00+08:00	1059.1847610828488	1064.0883942360101	1054.2811279296875	1054.2811279296875	30822970	0.0	0.0
2025-02-25 00:00:00+08:00	1034.6666259765625	1039.5702592750297	1029.7629926780953	1034.6666259765625	45158522	0.0	0.0
2025-02-26 00:00:00+08:00	1024.859411851415	1039.5703125	1024.859411851415	1039.5703125	36768449	0.0	0.0
2025-02-27 00:00:00+08:00	1044.474041571984	1044.474041571984	1019.9558715820312	1019.9558715820312	55283596	0.0	0.0
2025-03-03 00:00:00+08:00	980.726713292739	1000.3412475585938	980.726713292739	1000.3412475585938	65621663	0.0	0.0
2025-03-04 00:00:00+08:00	976.8037778320313	990.5339514160156	976.8037778320313	980.7266845703125	64569262	0.0	0.0
2025-03-05 00:00:00+08:00	1000.3412475585938	1010.1485146915211	995.4376139921301	1000.3412475585938	41994320	0.0	0.0
2025-03-06 00:00:00+08:00	1000.3411482625933	1005.2447813423119	985.6302490234375	985.6302490234375	45187017	0.0	0.0
2025-03-07 00:00:00+08:00	985.6302490234375	990.5338821031561	980.7266159437189	985.6302490234375	40822280	0.0	0.0
2025-03-10 00:00:00+08:00	985.6302843112984	985.6302843112984	972.8808378475702	978.7651977539062	46849886	0.0	0.0
2025-03-11 00:00:00+08:00	950.3241910924627	960.1314582863993	944.4398307761006	952.28564453125	50204233	0.0	0.0
2025-03-12 00:00:00+08:00	961.1121334431143	975.8230334447945	957.1892267759995	968.9579467773438	34184887	0.0	0.0
2025-03-13 00:00:00+08:00	980.726615629048	985.6302487071932	946.4011840820312	946.4011840820312	37035693	0.0	0.0
2025-03-14 00:00:00+08:00	946.4012055302561	950.3241120816768	936.5939391517043	940.516845703125	34333748	0.0	0.0
2025-03-17 00:00:00+08:00	958.1698958249436	966.0157086873792	949.3433563547036	951.3048095703125	31491061	0.0	0.0
2025-03-18 00:00:00+08:00	961.6505485243949	963.6211439107154	953.7681669791131	956.7240600585938	21575327	4.50002	0.0
2025-03-19 00:00:00+08:00	950.8122881721048	952.7828835880055	936.0328225528492	938.00341796875	35245036	0.0	0.0
2025-03-20 00:00:00+08:00	963.6211049036326	970.5181884765625	956.7240213307027	970.5181884765625	28715956	0.0	0.0
2025-03-21 00:00:00+08:00	970.5182205011815	972.4888158727575	955.7387552143615	957.7093505859375	39214916	0.0	0.0
2025-03-24 00:00:00+08:00	971.5035181869696	972.4888158727575	957.7093505859375	957.7093505859375	16121506	0.0	0.0
2025-03-25 00:00:00+08:00	974.4594654430042	980.3712518865411	970.5182744806463	975.4447631835938	26167428	0.0	0.0
2025-03-26 00:00:00+08:00	980.3712011843312	980.3712011843312	965.5917358398438	965.5917358398438	21735917	0.0	0.0
2025-03-27 00:00:00+08:00	946.871054121746	949.8269471106797	943.9151611328125	943.9151611328125	34563256	0.0	0.0
2025-03-28 00:00:00+08:00	932.0916317210477	940.9593110926011	932.0916317210477	938.00341796875	33101234	0.0	0.0
2025-03-31 00:00:00+08:00	906.4738259787088	910.4150165264423	896.620849609375	896.620849609375	51064611	0.0	0.0
2025-04-01 00:00:00+08:00	915.3415671526376	932.091628123138	911.4003763360492	930.1210327148438	32197752	0.0	0.0
2025-04-02 00:00:00+08:00	935.0474742071391	938.003367170913	924.2092000066349	928.150390625	24849656	0.0	0.0
2025-04-07 00:00:00+08:00	835.532470703125	835.532470703125	835.532470703125	835.532470703125	23820773	0.0	0.0
2025-04-08 00:00:00+08:00	785.282273236443	830.60596780216	785.282273236443	804.0029296875	116648736	0.0	0.0
2025-04-09 00:00:00+08:00	797.1057606302248	813.85581987709	768.5321301502786	773.4586181640625	107582838	0.0	0.0
2025-04-10 00:00:00+08:00	850.3118286132812	850.3118286132812	850.3118286132812	850.3118286132812	19416428	0.0	0.0
2025-04-11 00:00:00+08:00	835.5323638744376	875.9295654296875	823.7087926875352	875.9295654296875	76103586	0.0	0.0
2025-04-14 00:00:00+08:00	881.8414003228866	889.723781554823	852.282470703125	852.282470703125	66326054	0.0	0.0
2025-04-15 00:00:00+08:00	861.1501251881859	866.0766133185531	852.282446553525	864.1060180664062	30562095	0.0	0.0
2025-04-16 00:00:00+08:00	854.2530763860334	856.2236717179505	839.4736113966557	842.4295043945312	42128082	0.0	0.0
2025-04-17 00:00:00+08:00	836.5177144632711	843.4147980925325	829.6206308340097	834.547119140625	33684502	0.0	0.0
2025-04-18 00:00:00+08:00	840.4588836310892	845.3853718118106	837.5029907226562	837.5029907226562	20101219	0.0	0.0
2025-04-21 00:00:00+08:00	831.5912509941055	834.5471440663595	819.7676787050898	822.7235717773438	18415705	0.0	0.0
2025-04-22 00:00:00+08:00	813.8559067670037	816.8117998908548	804.0029296875	804.0029296875	28888527	0.0	0.0
2025-04-23 00:00:00+08:00	840.4589027850488	860.1648559570312	835.5324144920532	860.1648559570312	37863656	0.0	0.0
2025-04-24 00:00:00+08:00	872.973728745072	872.973728745072	846.3706918645788	851.2971801757812	32238198	0.0	0.0
2025-04-25 00:00:00+08:00	886.7679080447635	887.7532057203688	872.9737405862894	874.9443359375	34640282	0.0	0.0
2025-04-28 00:00:00+08:00	884.7972482874774	884.7972482874774	879.8707602680594	883.8119506835938	21830091	0.0	0.0
2025-04-29 00:00:00+08:00	883.8120368906771	888.738525390625	879.8708460907186	888.738525390625	24362874	0.0	0.0
2025-04-30 00:00:00+08:00	887.7531849865346	894.6502685546875	885.7825896813481	894.6502685546875	35405654	0.0	0.0
2025-05-02 00:00:00+08:00	924.2092039730674	936.0327758789062	918.297418020148	936.0327758789062	43873135	0.0	0.0
2025-05-05 00:00:00+08:00	941.9445868453491	942.9298845303339	909.4297632408549	924.209228515625	52770209	0.0	0.0
2025-05-06 00:00:00+08:00	902.5326861837635	916.3268538765285	902.5326861837635	906.473876953125	37538894	0.0	0.0
2025-05-07 00:00:00+08:00	911.4003082801555	918.2973916941676	897.6061414521315	914.356201171875	36907620	0.0	0.0
2025-05-08 00:00:00+08:00	919.2826994852303	925.19448533401	904.5032348632812	904.5032348632812	27985917	0.0	0.0
2025-05-09 00:00:00+08:00	924.2091506941929	935.0474243164062	920.2679602861153	935.0474243164062	36383573	0.0	0.0
2025-05-12 00:00:00+08:00	939.9739167503428	947.8562976035952	938.0033215370297	942.9298095703125	23402547	0.0	0.0
2025-05-13 00:00:00+08:00	975.4446685129644	975.4446685129644	954.75341796875	954.75341796875	38047856	0.0	0.0
2025-05-14 00:00:00+08:00	975.4446988492399	984.3123779296875	973.4741034980293	984.3123779296875	40475123	0.0	0.0
2025-05-15 00:00:00+08:00	985.2975958663772	985.2975958663772	978.4005126953125	978.4005126953125	24662270	0.0	0.0
2025-05-16 00:00:00+08:00	976.4300036229687	983.3270874023438	974.4594082574329	983.3270874023438	16878650	0.0	0.0
2025-05-19 00:00:00+08:00	978.4005768938762	979.3858745543937	965.5917073071487	969.5328979492188	19906139	0.0	0.0
2025-05-20 00:00:00+08:00	976.4300249407871	979.385918053625	963.6211547851562	963.6211547851562	20897857	0.0	0.0
2025-05-21 00:00:00+08:00	971.5035722212358	984.3124428488991	968.5476789994673	975.4447631835938	26248757	0.0	0.0
2025-05-22 00:00:00+08:00	973.4741029448033	973.4741029448033	964.6064238693951	967.5623168945312	18747545	0.0	0.0
2025-05-23 00:00:00+08:00	978.4005768938762	978.4005768938762	960.6652190045612	969.5328979492188	22213030	0.0	0.0
2025-05-26 00:00:00+08:00	960.6652150388624	969.5328939469134	960.6652150388624	961.6505126953125	19329052	0.0	0.0
2025-05-27 00:00:00+08:00	956.7239804915197	960.6651709363869	946.8710043793516	950.8121948242188	26355315	0.0	0.0
2025-05-28 00:00:00+08:00	969.5328971286841	970.5181947883677	952.7828369140625	952.7828369140625	26471533	0.0	0.0
2025-05-29 00:00:00+08:00	971.5034924480514	971.5034924480514	952.7828369140625	952.7828369140625	48602590	0.0	0.0
2025-06-02 00:00:00+08:00	943.9151860372209	946.8710791041433	932.0916137695312	932.0916137695312	33676511	0.0	0.0
2025-06-03 00:00:00+08:00	945.8857524671052	950.8122407612047	936.0327758789062	936.0327758789062	26020787	0.0	0.0
2025-06-04 00:00:00+08:00	959.679999334162	975.4447631835938	955.738808371804	975.4447631835938	37233567	0.0	0.0
2025-06-05 00:00:00+08:00	985.2976827678796	985.2976827678796	976.4300036229687	983.3270874023438	24414444	0.0	0.0
2025-06-06 00:00:00+08:00	982.3417500711565	982.3417500711565	976.4299642131556	980.3711547851562	13670307	0.0	0.0
2025-06-09 00:00:00+08:00	990.22412109375	995.1506092583954	985.2976329291045	990.22412109375	21674308	0.0	0.0
2025-06-10 00:00:00+08:00	1009.9300344366776	1034.5624743009869	1005.0035464638158	1029.635986328125	44877640	0.0	0.0
2025-06-11 00:00:00+08:00	1049.342041015625	1054.2685294710975	1039.4890641046802	1049.342041015625	37178498	0.0	0.0
2025-06-12 00:00:00+08:00	1043.8997896185333	1048.8471819863935	1034.0050048828125	1034.0050048828125	25221606	4.50002	0.0
2025-06-13 00:00:00+08:00	1029.057811551881	1029.057811551881	1014.2156315775751	1019.1630249023438	28393455	0.0	0.0
2025-06-16 00:00:00+08:00	1019.162969226372	1019.162969226372	1004.3207900628811	1014.215576171875	28580673	0.0	0.0
2025-06-17 00:00:00+08:00	1029.057612514952	1038.952397250673	1024.110220147092	1034.0050048828125	26517379	0.0	0.0
2025-06-18 00:00:00+08:00	1029.0577236374406	1043.89990234375	1019.1629378332345	1043.89990234375	37931721	0.0	0.0
2025-06-19 00:00:00+08:00	1034.0052608176707	1034.0052608176707	1019.1630800403834	1024.1104736328125	24002557	0.0	0.0
2025-06-20 00:00:00+08:00	1019.1629378332345	1043.89990234375	1014.2155449311315	1043.89990234375	57831332	0.0	0.0
2025-06-23 00:00:00+08:00	1014.21558155733	1019.1629746380975	1004.320795395795	1009.2681884765625	32143872	0.0	0.0
2025-06-24 00:00:00+08:00	1034.005000232515	1038.952392578125	1029.0576078869049	1038.952392578125	28163537	0.0	0.0
2025-06-25 00:00:00+08:00	1048.8472797714662	1058.7420654296875	1043.8998869423556	1058.7420654296875	38783736	0.0	0.0
2025-06-26 00:00:00+08:00	1063.689453125	1068.6368459302325	1053.794667514535	1063.689453125	36056692	0.0	0.0
2025-06-27 00:00:00+08:00	1058.7421761971932	1068.636962890625	1048.8473895037616	1068.636962890625	32549027	0.0	0.0
2025-06-30 00:00:00+08:00	1063.6894686716907	1068.6368615492336	1048.8472900390625	1048.8472900390625	32413717	0.0	0.0
2025-07-01 00:00:00+08:00	1068.636957265265	1083.4791372272825	1063.6895639445925	1073.5843505859375	44299887	0.0	0.0
2025-07-02 00:00:00+08:00	1063.6895639445925	1073.5843505859375	1058.74217062392	1073.5843505859375	23822731	0.0	0.0
2025-07-03 00:00:00+08:00	1093.373794415675	1093.373794415675	1078.5316162109375	1078.5316162109375	36973556	0.0	0.0
2025-07-04 00:00:00+08:00	1083.4791372272825	1088.426530547955	1068.636957265265	1073.5843505859375	20363322	0.0	0.0
2025-07-07 00:00:00+08:00	1068.636962890625	1073.584356237341	1058.7421761971932	1068.636962890625	18829372	0.0	0.0
2025-07-08 00:00:00+08:00	1058.7421761971932	1068.636962890625	1053.7947828504775	1068.636962890625	27461252	0.0	0.0
2025-07-09 00:00:00+08:00	1058.7420452712872	1078.5316162109375	1053.7946525363748	1078.5316162109375	23618216	0.0	0.0
2025-07-10 00:00:00+08:00	1083.479120427912	1088.426513671875	1078.5317271839488	1088.426513671875	22350503	0.0	0.0
2025-07-11 00:00:00+08:00	1083.479120427912	1088.426513671875	1078.5317271839488	1088.426513671875	28249780	0.0	0.0
2025-07-14 00:00:00+08:00	1088.4263966181506	1088.4263966181506	1073.5842184824487	1083.47900390625	25760632	0.0	0.0
2025-07-15 00:00:00+08:00	1083.4789890598606	1103.2685596362965	1078.5315964157517	1098.3211669921875	45416390	0.0	0.0
2025-07-16 00:00:00+08:00	1108.2159326603983	1118.1107177734375	1108.2159326603983	1118.1107177734375	31013743	0.0	0.0
2025-07-17 00:00:00+08:00	1118.1107177734375	1123.0581103299571	1103.2685401038786	1118.1107177734375	30648595	0.0	0.0
2025-07-18 00:00:00+08:00	1142.8477783203125	1147.795171300054	1132.9529923608293	1142.8477783203125	46645034	0.0	0.0
2025-07-21 00:00:00+08:00	1132.9529976222825	1137.900390625	1123.0582116168478	1137.900390625	26749324	0.0	0.0
2025-07-22 00:00:00+08:00	1132.9528954429964	1147.7950731125552	1118.1107177734375	1118.1107177734375	50457506	0.0	0.0
2025-07-23 00:00:00+08:00	1128.0056099037938	1132.9530029296875	1123.0582168779	1132.9530029296875	29747757	0.0	0.0
2025-07-24 00:00:00+08:00	1137.9003959555814	1142.847788981475	1132.9530029296875	1132.9530029296875	15055463	0.0	0.0
2025-07-25 00:00:00+08:00	1137.9003959555814	1142.847788981475	1128.0056099037938	1132.9530029296875	22476546	0.0	0.0
2025-07-28 00:00:00+08:00	1142.847788981475	1147.795182007369	1132.9530029296875	1132.9530029296875	20606376	0.0	0.0
2025-07-29 00:00:00+08:00	1132.9528905389593	1132.9528905389593	1113.1633203985407	1123.05810546875	31763255	0.0	0.0
2025-07-30 00:00:00+08:00	1137.900385340571	1147.795171300054	1132.9529923608293	1142.8477783203125	34182363	0.0	0.0
2025-07-31 00:00:00+08:00	1147.7952880859375	1152.7426815690667	1142.8478946028085	1147.7952880859375	33230751	0.0	0.0
2025-08-04 00:00:00+08:00	1118.1107129336453	1123.05810546875	1113.1633203985407	1123.05810546875	23939021	0.0	0.0
2025-08-05 00:00:00+08:00	1132.9529976222825	1137.900390625	1128.0056046195652	1137.900390625	17012960	0.0	0.0
2025-08-06 00:00:00+08:00	1118.1108452690971	1123.058238389757	1113.1634521484375	1113.1634521484375	22023406	0.0	0.0
2025-08-07 00:00:00+08:00	1147.7951453257415	1167.584716796875	1142.847752457958	1167.584716796875	61370031	0.0	0.0
2025-08-08 00:00:00+08:00	1167.5845994015956	1172.5319917719414	1157.6898146609042	1162.63720703125	25958258	0.0	0.0
2025-08-11 00:00:00+08:00	1157.6899310613082	1182.426895400225	1152.7425381935248	1167.584716796875	35579367	0.0	0.0
2025-08-12 00:00:00+08:00	1167.584716796875	1177.4795025324418	1157.6899310613082	1167.584716796875	28917167	0.0	0.0
2025-08-13 00:00:00+08:00	1172.5320892333984	1187.374267578125	1172.5320892333984	1187.374267578125	37809952	0.0	0.0
2025-08-14 00:00:00+08:00	1172.5319917719414	1177.4793841422872	1162.63720703125	1162.63720703125	32991791	0.0	0.0
2025-08-15 00:00:00+08:00	1162.6373239290915	1172.5321096646583	1157.6899310613082	1167.584716796875	22231552	0.0	0.0
2025-08-18 00:00:00+08:00	1157.6899310613082	1172.5321096646583	1157.6899310613082	1167.584716796875	18219895	0.0	0.0
2025-08-19 00:00:00+08:00	1167.584711646229	1172.5321044921875	1162.6373188002704	1172.5321044921875	17867547	0.0	0.0
2025-08-20 00:00:00+08:00	1152.7424606793777	1152.7424606793777	1123.05810546875	1123.05810546875	66982023	0.0	0.0
2025-08-21 00:00:00+08:00	1128.0056046195652	1142.8477836277175	1128.0056046195652	1137.900390625	23424804	0.0	0.0
2025-08-22 00:00:00+08:00	1142.8476756091684	1142.8476756091684	1123.05810546875	1123.05810546875	19205763	0.0	0.0
2025-08-25 00:00:00+08:00	1152.7425484942576	1167.584727230235	1147.795155582265	1157.68994140625	25103514	0.0	0.0
2025-08-26 00:00:00+08:00	1152.7424222905586	1172.5319917719414	1147.7950299202128	1162.63720703125	35508897	0.0	0.0
2025-08-27 00:00:00+08:00	1177.4794921875	1177.4794921875	1167.5847065388657	1177.4794921875	21952558	0.0	0.0
2025-08-28 00:00:00+08:00	1172.5322555015828	1172.5322555015828	1147.7952880859375	1147.7952880859375	19975237	0.0	0.0
2025-08-29 00:00:00+08:00	1167.5848620184538	1172.5322555015828	1147.7952880859375	1147.7952880859375	19522740	0.0	0.0
2025-09-01 00:00:00+08:00	1137.9004954063842	1152.74267578125	1132.9531019480955	1152.74267578125	22018940	0.0	0.0
2025-09-02 00:00:00+08:00	1157.6900750521957	1162.6374685353246	1142.8478946028085	1147.7952880859375	14037411	0.0	0.0
2025-09-03 00:00:00+08:00	1142.8478946028085	1147.7952880859375	1132.9531076365504	1147.7952880859375	19511981	0.0	0.0
2025-09-04 00:00:00+08:00	1157.6900750521957	1162.6374685353246	1147.7952880859375	1147.7952880859375	24333323	0.0	0.0
2025-09-05 00:00:00+08:00	1162.6373239290915	1167.584716796875	1157.6899310613082	1167.584716796875	27133819	0.0	0.0
2025-09-08 00:00:00+08:00	1182.426895400225	1182.426895400225	1167.584716796875	1167.584716796875	27281959	0.0	0.0
2025-09-09 00:00:00+08:00	1182.4268747965496	1187.374267578125	1177.4794820149739	1187.374267578125	31329096	0.0	0.0
2025-09-10 00:00:00+08:00	1207.1639349489797	1217.0587213010203	1202.216541772959	1212.111328125	39665156	0.0	0.0
2025-09-11 00:00:00+08:00	1241.7955469931326	1246.7429396106352	1222.0059765231224	1226.953369140625	30345708	0.0	0.0
2025-09-12 00:00:00+08:00	1241.7955273825025	1246.742919921875	1236.84813484313	1246.742919921875	26492972	0.0	0.0
2025-09-15 00:00:00+08:00	1246.7430473418824	1246.7430473418824	1236.8482612518674	1241.795654296875	24589707	0.0	0.0
2025-09-16 00:00:00+08:00	1256.6972069740295	1276.5659375190735	1251.7300243377686	1271.5987548828125	40130070	5.000018	0.0
2025-09-17 00:00:00+08:00	1261.664448493083	1266.631631361166	1256.697265625	1256.697265625	29283972	0.0	0.0
2025-09-18 00:00:00+08:00	1266.6316739687197	1276.5660400390625	1256.6973078983767	1276.5660400390625	24191307	0.0	0.0
2025-09-19 00:00:00+08:00	1276.565997097332	1281.533179965415	1256.697265625	1256.697265625	44913316	0.0	0.0
2025-09-22 00:00:00+08:00	1261.664451805321	1286.5003662109375	1261.664451805321	1286.5003662109375	28859955	0.0	0.0
2025-09-23 00:00:00+08:00	1311.3362253673042	1331.2049560546875	1306.3690426954583	1331.2049560546875	33953781	0.0	0.0
2025-09-24 00:00:00+08:00	1341.1393213983793	1346.1065040702251	1316.3034080391499	1331.2049560546875	44737182	0.0	0.0
2025-09-25 00:00:00+08:00	1311.336181640625	1321.270546653054	1311.336181640625	1311.336181640625	25861812	0.0	0.0
2025-09-26 00:00:00+08:00	1301.401771897536	1306.3689542330228	1286.5002248910757	1291.4674072265625	25793295	0.0	0.0
2025-09-30 00:00:00+08:00	1301.4017525742338	1311.3361170977012	1296.4345703125	1296.4345703125	36642789	0.0	0.0
2025-10-01 00:00:00+08:00	1316.3033447265625	1341.1392568912145	1316.3033447265625	1316.3033447265625	33837323	0.0	0.0
2025-10-02 00:00:00+08:00	1351.0735891712454	1361.0079537975046	1346.1064068581159	1356.040771484375	29593487	0.0	0.0
2025-10-03 00:00:00+08:00	1356.0408782958984	1390.8111572265625	1356.0408782958984	1390.8111572265625	31032341	0.0	0.0
2025-10-07 00:00:00+08:00	1410.6798729447953	1435.5157862008657	1410.6798729447953	1425.5814208984375	38395572	0.0	0.0
2025-10-08 00:00:00+08:00	1400.7455856269323	1410.6799514824424	1395.7784026991774	1405.7127685546875	23064494	0.0	0.0
2025-10-09 00:00:00+08:00	1430.548583984375	1445.4501317342124	1420.614218817817	1430.548583984375	39052134	0.0	0.0
2025-10-13 00:00:00+08:00	1380.876853915912	1410.6799514824424	1380.876853915912	1405.7127685546875	53850992	0.0	0.0
2025-10-14 00:00:00+08:00	1445.4500668174342	1450.4172491776317	1410.6797902960527	1415.64697265625	39889256	0.0	0.0
2025-10-15 00:00:00+08:00	1425.581425481282	1455.384521484375	1415.6470601469177	1455.384521484375	41056405	0.0	0.0
2025-10-16 00:00:00+08:00	1455.3845646405462	1485.1876615273832	1455.3845646405462	1475.2532958984375	37737678	0.0	0.0
2025-10-17 00:00:00+08:00	1445.4500926050648	1455.384457502694	1440.48291015625	1440.48291015625	38077331	0.0	0.0
2025-10-20 00:00:00+08:00	1450.4174012880069	1485.18768145587	1445.4502184068836	1470.2861328125	33015553	0.0	0.0
2025-10-21 00:00:00+08:00	1475.2533156936233	1490.1548643369933	1470.2861328125	1470.2861328125	34601251	0.0	0.0
2025-10-22 00:00:00+08:00	1450.4173583984375	1460.3517238669199	1445.4501756641964	1450.4173583984375	27360948	0.0	0.0
2025-10-23 00:00:00+08:00	1430.5485452586208	1445.4500926050648	1425.581362809806	1440.48291015625	23570046	0.0	0.0
2025-10-27 00:00:00+08:00	1490.1548643369933	1490.1548643369933	1470.2861328125	1470.2861328125	32851952	0.0	0.0
2025-10-28 00:00:00+08:00	1470.2861526747881	1480.2205185712394	1460.3517867783369	1465.3189697265625	28381919	0.0	0.0
2025-10-29 00:00:00+08:00	1485.1875831375883	1505.0563133467867	1480.2204005852886	1495.1219482421875	30631103	0.0	0.0
2025-10-30 00:00:00+08:00	1505.0563133467867	1510.0234958990864	1490.1547656898879	1495.1219482421875	27867757	0.0	0.0
2025-10-31 00:00:00+08:00	1505.0563330078126	1514.9906982421876	1490.15478515625	1490.15478515625	31928423	0.0	0.0
2025-11-03 00:00:00+08:00	1500.089111328125	1510.023476303808	1480.220381376759	1500.089111328125	29118770	0.0	0.0
2025-11-04 00:00:00+08:00	1510.0234958990864	1514.990678451386	1485.1875831375883	1495.1219482421875	33925673	0.0	0.0
2025-11-05 00:00:00+08:00	1470.2860893354025	1475.2532720696436	1445.4501756641964	1450.4173583984375	56305422	0.0	0.0
2025-11-06 00:00:00+08:00	1460.3517041515572	1470.2860694859214	1455.384521484375	1455.384521484375	27411394	0.0	0.0
2025-11-07 00:00:00+08:00	1450.4173583984375	1455.3845411326788	1445.4501756641964	1450.4173583984375	20329390	0.0	0.0
2025-11-10 00:00:00+08:00	1460.3517867783369	1475.2533356230138	1455.3846038301112	1465.3189697265625	25281744	0.0	0.0
2025-11-11 00:00:00+08:00	1480.2204348202858	1485.187617487468	1455.384521484375	1455.384521484375	22444166	0.0	0.0
2025-11-12 00:00:00+08:00	1460.3517867783369	1475.2533356230138	1450.4174208818856	1465.3189697265625	23642502	0.0	0.0
2025-11-13 00:00:00+08:00	1450.4173583984375	1460.3517238669199	1450.4173583984375	1450.4173583984375	21255597	0.0	0.0
2025-11-14 00:00:00+08:00	1415.6469534493826	1430.5485003277972	1415.6469534493826	1420.6141357421875	26861702	0.0	0.0
2025-11-17 00:00:00+08:00	1440.4829295861268	1450.4172946177553	1435.5157470703125	1435.5157470703125	26602730	0.0	0.0
2025-11-18 00:00:00+08:00	1425.5814161198844	1425.5814161198844	1395.7783203125	1395.7783203125	42198432	0.0	0.0
2025-11-19 00:00:00+08:00	1390.8111769153224	1405.7127252394152	1385.843994140625	1385.843994140625	35591948	0.0	0.0
2025-11-20 00:00:00+08:00	1440.483012510739	1450.4173781142613	1430.5486469072166	1445.4501953125	25964403	0.0	0.0
2025-11-21 00:00:00+08:00	1385.8439108507728	1395.778275803108	1375.9095458984375	1375.9095458984375	54518246	0.0	0.0
2025-11-24 00:00:00+08:00	1390.8111328125	1395.7783154296874	1365.9752197265625	1365.9752197265625	79134658	0.0	0.0
2025-11-25 00:00:00+08:00	1415.6471344101976	1415.6471344101976	1395.7784026991774	1405.7127685546875	27427405	0.0	0.0
2025-11-26 00:00:00+08:00	1420.614218817817	1430.548583984375	1415.6470362345378	1430.548583984375	29213211	0.0	0.0
2025-11-27 00:00:00+08:00	1440.4829688520797	1445.450151503294	1420.6142382472235	1425.5814208984375	22039774	0.0	0.0
2025-11-28 00:00:00+08:00	1430.548583984375	1445.4501317342124	1425.581401401096	1430.548583984375	23152513	0.0	0.0
2025-12-01 00:00:00+08:00	1435.5158864555628	1435.5158864555628	1400.74560546875	1400.74560546875	30559208	0.0	0.0
2025-12-02 00:00:00+08:00	1420.6141357421875	1430.5485003277972	1410.6797711565778	1420.6141357421875	23544477	0.0	0.0
2025-12-03 00:00:00+08:00	1430.5485452586208	1440.48291015625	1425.581362809806	1440.48291015625	20301540	0.0	0.0
2025-12-04 00:00:00+08:00	1435.5157470703125	1440.4829295861268	1420.6141995228697	1435.5157470703125	20696944	0.0	0.0
2025-12-05 00:00:00+08:00	1435.5158101957138	1450.4173583984375	1430.5486274614727	1450.4173583984375	21072604	0.0	0.0
2025-12-08 00:00:00+08:00	1455.384525975256	1485.1876220703125	1450.4173432927466	1485.1876220703125	24257260	0.0	0.0
2025-12-09 00:00:00+08:00	1485.18768145587	1490.1548643369933	1470.2861328125	1470.2861328125	24235825	0.0	0.0
2025-12-10 00:00:00+08:00	1480.2204005852886	1495.1219482421875	1475.253218032989	1495.1219482421875	23319221	0.0	0.0
2025-12-11 00:00:00+08:00	1505.0894003109056	1510.0731400470345	1460.2357426857461	1465.219482421875	28924982	5.000011	0.0
2025-12-12 00:00:00+08:00	1470.2032718142948	1480.1707516232052	1465.2195319098396	1475.18701171875	22107664	0.0	0.0
2025-12-15 00:00:00+08:00	1445.2845458984375	1450.2682857118803	1440.3008060849945	1445.2845458984375	25889058	0.0	0.0
2025-12-16 00:00:00+08:00	1430.3333740234375	1440.300853981789	1420.365894065086	1430.3333740234375	32168064	0.0	0.0
2025-12-17 00:00:00+08:00	1430.3333492679196	1440.3008290537587	1420.3658694820804	1425.349609375	30535812	0.0	0.0
2025-12-18 00:00:00+08:00	1415.3821295891607	1430.3333492679196	1410.3983896962413	1425.349609375	30534136	0.0	0.0
2025-12-19 00:00:00+08:00	1450.268308839598	1450.268308839598	1425.349609375	1425.349609375	38763280	0.0	0.0
2025-12-22 00:00:00+08:00	1460.2357177734375	1465.2194574245414	1450.2682384712298	1460.2357177734375	22661665	0.0	0.0
2025-12-23 00:00:00+08:00	1470.2031999626415	1485.1544189453125	1465.2194603017513	1485.1544189453125	20739075	0.0	0.0
2025-12-24 00:00:00+08:00	1490.13818359375	1495.1219233382108	1480.1707041048287	1490.13818359375	12987261	0.0	0.0
2025-12-26 00:00:00+08:00	1500.1057375472112	1505.0894775390625	1490.138257563509	1505.0894775390625	18823612	0.0	0.0
2025-12-29 00:00:00+08:00	1510.0731943167893	1525.0244140625	1505.0894544015523	1525.0244140625	21124648	0.0	0.0
2025-12-30 00:00:00+08:00	1510.0731450131066	1525.024364270662	1505.0894052605881	1515.056884765625	20325400	0.0	0.0
2025-12-31 00:00:00+08:00	1515.0569115423386	1544.9593505859375	1510.0731717017388	1544.9593505859375	29695967	0.0	0.0
2026-01-02 00:00:00+08:00	1549.943141034725	1579.8455810546875	1539.9756610280708	1579.8455810546875	37512761	0.0	0.0
2026-01-05 00:00:00+08:00	1624.699173430483	1689.48779077587	1619.7154336346837	1664.569091796875	66871820	0.0	0.0
2026-01-06 00:00:00+08:00	1639.6504428897085	1699.455322265625	1639.6504428897085	1699.455322265625	46751692	0.0	0.0
2026-01-07 00:00:00+08:00	1659.5853767053404	1679.5203361852846	1659.5853767053404	1669.5528564453125	49857449	0.0	0.0
2026-01-08 00:00:00+08:00	1654.6016856569918	1694.471605793305	1649.6179456399527	1679.5203857421875	29215618	0.0	0.0
2026-01-09 00:00:00+08:00	1659.585401262556	1694.4715808686756	1649.6179213750931	1674.53662109375	37387656	0.0	0.0
2026-01-12 00:00:00+08:00	1694.4715077778292	1699.4552475065875	1684.5040283203125	1684.5040283203125	29987449	0.0	0.0
2026-01-13 00:00:00+08:00	1714.4065669544957	1714.4065669544957	1694.4716068736295	1704.4390869140625	30171800	0.0	0.0
2026-01-14 00:00:00+08:00	1699.455346893846	1709.422826934279	1694.4716068736295	1704.4390869140625	29100816	0.0	0.0
2026-01-15 00:00:00+08:00	1679.5202885915542	1694.4715077778292	1674.536548862796	1684.5040283203125	36391886	0.0	0.0
2026-01-16 00:00:00+08:00	1729.357690920775	1744.3089101506375	1704.4389922043372	1734.3414306640625	53551629	0.0	0.0
2026-01-19 00:00:00+08:00	1719.3901894309304	1774.2113259055398	1719.3901894309304	1754.2763671875	29580038	0.0	0.0
2026-01-20 00:00:00+08:00	1734.3414818992078	1769.2276611328125	1734.3414818992078	1769.2276611328125	29401234	0.0	0.0
2026-01-21 00:00:00+08:00	1739.32517040735	1759.2601293805	1734.3414306640625	1734.3414306640625	45192749	0.0	0.0
2026-01-22 00:00:00+08:00	1759.2601068670099	1764.2438465465198	1744.30888782848	1754.2763671875	32069478	0.0	0.0
2026-01-23 00:00:00+08:00	1764.243896484375	1769.2276363049523	1744.3089372020656	1764.243896484375	27601167	0.0	0.0
2026-01-26 00:00:00+08:00	1759.2602045216793	1779.1951643462874	1749.292724609375	1749.292724609375	22960198	0.0	0.0
2026-01-27 00:00:00+08:00	1754.2764659410113	1779.1951657413097	1749.2927259809514	1774.21142578125	28985200	0.0	0.0
2026-01-28 00:00:00+08:00	1784.1788598364526	1814.081298828125	1784.1788598364526	1814.081298828125	29301156	0.0	0.0
2026-01-29 00:00:00+08:00	1824.0488267724202	1829.0325667362793	1794.146386989266	1799.130126953125	32224002	0.0	0.0
2026-01-30 00:00:00+08:00	1784.1788808043575	1794.1463605853874	1769.2276611328125	1769.2276611328125	40825139	0.0	0.0
2026-02-02 00:00:00+08:00	1744.308912585207	1759.2601318359375	1739.3251728349637	1759.2601318359375	28251381	0.0	0.0
2026-02-03 00:00:00+08:00	1804.113842095269	1804.113842095269	1779.195142618815	1794.1463623046875	26744162	0.0	0.0
2026-02-04 00:00:00+08:00	1779.195068359375	1799.1300271084997	1769.2275889848127	1779.195068359375	26952301	0.0	0.0
2026-02-05 00:00:00+08:00	1759.2601318359375	1774.2113510866677	1754.276392085694	1759.2601318359375	26299986	0.0	0.0
2026-02-06 00:00:00+08:00	1739.3252460608321	1774.21142578125	1734.3415061007724	1774.21142578125	33263592	0.0	0.0
2026-02-09 00:00:00+08:00	1824.0487534704287	1829.0324932340093	1809.0975341796875	1809.0975341796875	36529289	0.0	0.0
2026-02-10 00:00:00+08:00	1839.0000506461936	1873.88623046875	1834.0163106715427	1873.88623046875	41859169	0.0	0.0
2026-02-11 00:00:00+08:00	1873.8861603500327	1918.7398184435174	1868.9024205618675	1908.7723388671875	40488310	0.0	0.0
2026-02-23 00:00:00+08:00	1893.8211669921875	1928.7073463841489	1893.8211669921875	1893.8211669921875	69816209	0.0	0.0
2026-02-24 00:00:00+08:00	1908.7723432157482	1968.5772208099752	1908.7723432157482	1958.6097412109375	40961679	0.0	0.0
2026-02-25 00:00:00+08:00	1988.51218431345	2018.4146231753064	1988.51218431345	2008.4471435546875	40832607	0.0	0.0
2026-02-26 00:00:00+08:00	1993.4959468984962	2003.4634266329888	1988.51220703125	1988.51220703125	58561388	0.0	0.0
2026-03-02 00:00:00+08:00	1933.691091030459	1988.5122302091575	1933.691091030459	1968.5772705078125	48884884	0.0	0.0
2026-03-03 00:00:00+08:00	1963.5934534984658	1973.5609329578488	1928.707275390625	1928.707275390625	43090471	0.0	0.0
2026-03-04 00:00:00+08:00	1888.837375180651	1903.7885945092576	1858.9349365234375	1858.9349365234375	68160943	0.0	0.0
2026-03-05 00:00:00+08:00	1933.6910862972861	1953.6260459498355	1888.8374270790503	1893.8211669921875	48120463	0.0	0.0
2026-03-06 00:00:00+08:00	1873.8861581307872	1893.821117259838	1873.8861581307872	1883.8536376953125	30082724	0.0	0.0
2026-03-09 00:00:00+08:00	1769.2275916673862	1804.11376953125	1764.2438519725483	1804.11376953125	76459172	0.0	0.0
2026-03-10 00:00:00+08:00	1863.9187242662586	1883.8536838840794	1824.0488050306167	1843.9837646484375	41375691	0.0	0.0
2026-03-11 00:00:00+08:00	1878.8699023059962	1943.6585196268927	1868.902422718166	1933.6910400390625	36167313	0.0	0.0
2026-03-12 00:00:00+08:00	1893.821092195789	1908.7723113447032	1878.869873046875	1878.869873046875	34040589	0.0	0.0
2026-03-13 00:00:00+08:00	1834.0162376424262	1878.8698956282465	1834.0162376424262	1858.9349365234375	31214304	0.0	0.0
2026-03-16 00:00:00+08:00	1868.90243902439	1873.8861788617885	1839.0	1839.0	31249086	0.0	0.0
2026-03-17 00:00:00+08:00	1875.0	1880.0	1860.0	1870.0	23812211	6.000036	0.0
2026-03-18 00:00:00+08:00	1900.0	1910.0	1890.0	1905.0	23068156	0.0	0.0
2026-03-19 00:00:00+08:00	1875.0	1880.0	1850.0	1850.0	31040569	0.0	0.0
2026-03-20 00:00:00+08:00	1860.0	1870.0	1840.0	1840.0	46312322	0.0	0.0
2026-03-23 00:00:00+08:00	1790.0	1815.0	1785.0	1810.0	34902948	0.0	0.0
2026-03-24 00:00:00+08:00	1850.0	1850.0	1800.0	1810.0	27001025	0.0	0.0
2026-03-25 00:00:00+08:00	1865.0	1875.0	1845.0	1845.0	40964040	0.0	0.0
2026-03-26 00:00:00+08:00	1850.0	1865.0	1840.0	1840.0	20958470	0.0	0.0
2026-03-27 00:00:00+08:00	1805.0	1825.0	1800.0	1820.0	28974140	0.0	0.0
2026-03-30 00:00:00+08:00	1780.0	1800.0	1780.0	1780.0	39889700	0.0	0.0
2026-03-31 00:00:00+08:00	1775.0	1790.0	1760.0	1760.0	49221091	0.0	0.0
2026-04-01 00:00:00+08:00	1840.0	1855.0	1830.0	1855.0	35537379	0.0	0.0
2026-04-02 00:00:00+08:00	1865.0	1865.0	1805.0	1810.0	25132417	0.0	0.0
2026-04-07 00:00:00+08:00	1850.0	1860.0	1835.0	1860.0	17953562	0.0	0.0
2026-04-08 00:00:00+08:00	1935.0	1950.0	1925.0	1950.0	46515921	0.0	0.0
2026-04-09 00:00:00+08:00	1945.0	1955.0	1930.0	1955.0	31835073	0.0	0.0
2026-04-10 00:00:00+08:00	1975.0	2000.0	1970.0	2000.0	28637625	0.0	0.0
2026-04-13 00:00:00+08:00	1985.0	1995.0	1975.0	1990.0	28968757	0.0	0.0
2026-04-14 00:00:00+08:00	2015.0	2055.0	2010.0	2055.0	39113405	0.0	0.0
2026-04-15 00:00:00+08:00	2065.0	2100.0	2060.0	2080.0	40343568	0.0	0.0
2026-04-16 00:00:00+08:00	2080.0	2090.0	2055.0	2085.0	32038524	0.0	0.0
2026-04-17 00:00:00+08:00	2055.0	2060.0	2030.0	2030.0	39260244	0.0	0.0
2026-04-20 00:00:00+08:00	2030.0	2055.0	2025.0	2025.0	25407621	0.0	0.0
2026-04-21 00:00:00+08:00	2050.0	2075.0	2045.0	2050.0	25783476	0.0	0.0
2026-04-22 00:00:00+08:00	2045.0	2070.0	2040.0	2050.0	24762881	0.0	0.0
2026-04-23 00:00:00+08:00	2090.0	2135.0	2055.0	2080.0	48682193	0.0	0.0
2026-04-24 00:00:00+08:00	2110.0	2190.0	2105.0	2185.0	45088050	0.0	0.0
2026-04-27 00:00:00+08:00	2280.0	2330.0	2265.0	2265.0	68696037	0.0	0.0
2026-04-28 00:00:00+08:00					52509163	0.0	0.0
